poi_id,name,lat,lon,poi_group,poi_category,amenity,tourism,historic,leisure,geometry
5103810805,1453 Cafe,41.01777,28.929053,food,amenity:cafe,cafe,,,,POINT (28.929053 41.01777)
5115937988,7 Gün Kahve Cafe,41.010153,28.929154,food,amenity:cafe,cafe,,,,POINT (28.929154 41.010153)
5113480876,Abu abdo,41.020302,28.948558,food,amenity:cafe,cafe,,,,POINT (28.948558 41.020302)
5106133718,Afrikano Cafe,41.011579,28.938206,food,amenity:cafe,cafe,,,,POINT (28.938206 41.011579)
5081265962,Akasya Cafe ve Kebap,41.013444,28.944685,food,amenity:cafe,cafe,,,,POINT (28.944685 41.013444)
6354022385,Akin Büfe,41.009567,28.966295,food,amenity:cafe,cafe,,,,POINT (28.966295 41.009567)
5113620718,Ala turcs coffe point,41.012501,28.978648,food,amenity:cafe,cafe,,,,POINT (28.978648 41.012501)
5107245415,Albayrak Kafe,41.00661,28.924246,food,amenity:cafe,cafe,,,,POINT (28.924246 41.00661)
11107630706,AlengiR Cafe,41.023298,28.960653,food,amenity:cafe,cafe,,,,POINT (28.960653 41.023298)
5581334622,Ali Baba Kanaat Lokantası,41.015246,28.963464,food,amenity:cafe,cafe,,,,POINT (28.963464 41.015246)
5115937365,Ali Paşa Konağı,41.006899,28.934957,food,amenity:cafe,cafe,,,,POINT (28.934957 41.006899)
5111215141,Altay Büfe,41.006018,28.938578,food,amenity:cafe,cafe,,,,POINT (28.938578 41.006018)
5244801919,Altonita Marmara Cafe,41.003143,28.975018,food,amenity:cafe,cafe,,,,POINT (28.975018 41.003143)
5113615116,Altın marpuç cafe,41.030552,28.938668,food,amenity:cafe,cafe,,,,POINT (28.938668 41.030552)
5081442494,Ammoti Nargile Cafe,41.02341,28.960555,food,amenity:cafe,cafe,,,,POINT (28.960555 41.02341)
5108843722,Anatolian House Cafe,41.008467,28.973879,food,amenity:cafe,cafe,,,,POINT (28.973879 41.008467)
5112750832,Anemas Cafe,41.038212,28.941596,food,amenity:cafe,cafe,,,,POINT (28.941596 41.038212)
5110342145,Anit kafe,41.014798,28.960412,food,amenity:cafe,cafe,,,,POINT (28.960412 41.014798)
5243949941,Antik cafe,41.021062,28.94588,food,amenity:cafe,cafe,,,,POINT (28.94588 41.021062)
5113465232,Araf coffe,41.01832,28.952749,food,amenity:cafe,cafe,,,,POINT (28.952749 41.01832)
5113465241,Araf coffe lab,41.018507,28.9531,food,amenity:cafe,cafe,,,,POINT (28.9531 41.018507)
5113612625,Arap Gıda,41.029022,28.944438,food,amenity:cafe,cafe,,,,POINT (28.944438 41.029022)
5113128235,Aras Baklava Pasta ve Cafe,41.008098,28.953728,food,amenity:cafe,cafe,,,,POINT (28.953728 41.008098)
5244802012,Arch Bistro,41.004636,28.971313,food,amenity:cafe,cafe,,,,POINT (28.971313 41.004636)
5680098121,Archive Cafe & Winehouse,41.003506,28.980613,food,amenity:cafe,cafe,,,,POINT (28.980613 41.003506)
5088192755,Arkadaşım Cafe,41.001951,28.936157,food,amenity:cafe,cafe,,,,POINT (28.936157 41.001951)
5075962032,Arslan cafe,41.012256,28.949235,food,amenity:cafe,cafe,,,,POINT (28.949235 41.012256)
12319472060,Art,41.003796,28.98048,food,amenity:cafe,cafe,,,,POINT (28.98048 41.003796)
13208436902,Artlocalist,41.0301,28.950518,food,amenity:cafe,cafe,,,,POINT (28.950518 41.0301)
5112966977,Arzum cafe nargile,41.003185,28.953224,food,amenity:cafe,cafe,,,,POINT (28.953224 41.003185)
5099062160,As bilardo cafe,41.007513,28.947463,food,amenity:cafe,cafe,,,,POINT (28.947463 41.007513)
5244810628,Aslı Cafe Express,41.00663,28.966913,food,amenity:cafe,cafe,,,,POINT (28.966913 41.00663)
5115938122,Asmalı Cafe,41.007272,28.928666,food,amenity:cafe,cafe,,,,POINT (28.928666 41.007272)
5113465268,Asrı sani cay evi,41.018169,28.951437,food,amenity:cafe,cafe,,,,POINT (28.951437 41.018169)
5113465000,Asude,41.017506,28.951581,food,amenity:cafe,cafe,,,,POINT (28.951581 41.017506)
5115940980,Atabarı,41.00225,28.932896,food,amenity:cafe,cafe,,,,POINT (28.932896 41.00225)
6466135286,Atölye Kafasi,41.027931,28.956161,food,amenity:cafe,cafe,,,,POINT (28.956161 41.027931)
7055231785,Aura Balat,41.026765,28.957717,food,amenity:cafe,cafe,,,,POINT (28.957717 41.026765)
5088197342,Avunç Çay Evi,40.999671,28.928034,food,amenity:cafe,cafe,,,,POINT (28.928034 40.999671)
5243951428,Aylishie cafe,41.021578,28.944237,food,amenity:cafe,cafe,,,,POINT (28.944237 41.021578)
5110344556,Ağa kapısı,41.017405,28.96451,food,amenity:cafe,cafe,,,,POINT (28.96451 41.017405)
5107245391,Aşikar Cafe,41.007098,28.930566,food,amenity:cafe,cafe,,,,POINT (28.930566 41.007098)
5112749119,Aşk-ı Rüba kafe,41.032847,28.945931,food,amenity:cafe,cafe,,,,POINT (28.945931 41.032847)
5088190913,Bab-ı Ali Kafe,41.003859,28.936322,food,amenity:cafe,cafe,,,,POINT (28.936322 41.003859)
5111214101,Baba Ali cafe,41.003954,28.936433,food,amenity:cafe,cafe,,,,POINT (28.936433 41.003954)
5110344581,Babi ali kahvasi,41.016749,28.965647,food,amenity:cafe,cafe,,,,POINT (28.965647 41.016749)
5113465230,Babi yaren,41.018168,28.952713,food,amenity:cafe,cafe,,,,POINT (28.952713 41.018168)
5113465222,Babüsselam,41.017857,28.95216,food,amenity:cafe,cafe,,,,POINT (28.95216 41.017857)
5115933161,Bahar Büfe,40.999986,28.930768,food,amenity:cafe,cafe,,,,POINT (28.930768 40.999986)
5099058122,Bahar Cafe,41.006734,28.942064,food,amenity:cafe,cafe,,,,POINT (28.942064 41.006734)
9688042817,Balat,41.031642,28.946479,food,amenity:cafe,cafe,,,,POINT (28.946479 41.031642)
5112749758,Balat - Ali Denizci,41.033554,28.944282,food,amenity:cafe,cafe,,,,POINT (28.944282 41.033554)
12346458362,Balat Atik Cafe,41.03174,28.948465,food,amenity:cafe,cafe,,,,POINT (28.948465 41.03174)
5081445117,Balat Kahvesi,41.026074,28.958353,food,amenity:cafe,cafe,,,,POINT (28.958353 41.026074)
5112749734,Balat Nargile Cafe,41.032179,28.945548,food,amenity:cafe,cafe,,,,POINT (28.945548 41.032179)
5112749094,Balat Çay Evi,41.033224,28.946259,food,amenity:cafe,cafe,,,,POINT (28.946259 41.033224)
5106127795,Baltepe,41.026189,28.948073,food,amenity:cafe,cafe,,,,POINT (28.948073 41.026189)
10599304205,Balıkçı Murat Abi - Balık ekmek,41.004879,28.969634,food,amenity:cafe,cafe,,,,POINT (28.969634 41.004879)
5111215142,Bambam,41.006083,28.938707,food,amenity:cafe,cafe,,,,POINT (28.938707 41.006083)
6324422485,Bamli cafe,41.015998,28.973434,food,amenity:cafe,cafe,,,,POINT (28.973434 41.015998)
13452482601,Baraka Balat Café,41.028784,28.949624,food,amenity:cafe,cafe,,,,POINT (28.949624 41.028784)
5106132748,Barısta Cafe,41.013993,28.935348,food,amenity:cafe,cafe,,,,POINT (28.935348 41.013993)
5113481328,Başak çay evi,41.021914,28.948982,food,amenity:cafe,cafe,,,,POINT (28.948982 41.021914)
5113500232,Bellis Cafe,41.006837,28.971697,food,amenity:cafe,cafe,,,,POINT (28.971697 41.006837)
3499179015,Beltaş Cafe and Restaurant,41.014048,28.980612,food,amenity:cafe,cafe,,,,POINT (28.980612 41.014048)
9783089118,Beltur,41.012518,28.978838,food,amenity:cafe,cafe,,,,POINT (28.978838 41.012518)
5073094762,Best Kahve,41.012726,28.947826,food,amenity:cafe,cafe,,,,POINT (28.947826 41.012726)
5075962029,Best house cafe,41.013025,28.948493,food,amenity:cafe,cafe,,,,POINT (28.948493 41.013025)
5113465231,Beyrut,41.018253,28.952635,food,amenity:cafe,cafe,,,,POINT (28.952635 41.018253)
4462010814,Beyza Sebzeli Doner,41.017041,28.967876,food,amenity:cafe,cafe,,,,POINT (28.967876 41.017041)
5110344584,Beyzadem kafe,41.017249,28.964372,food,amenity:cafe,cafe,,,,POINT (28.964372 41.017249)
5113465239,Bezmi safa,41.018457,28.952445,food,amenity:cafe,cafe,,,,POINT (28.952445 41.018457)
10066765417,Big Point Cafe & Restaurant,41.010179,28.961331,food,amenity:cafe,cafe,,,,POINT (28.961331 41.010179)
6942719485,BirBen,41.016218,28.973157,food,amenity:cafe,cafe,,,,POINT (28.973157 41.016218)
5711463022,Black Bird Cafe,41.012255,28.955855,food,amenity:cafe,cafe,,,,POINT (28.955855 41.012255)
5110345636,Blue moon cafe,41.011702,28.975052,food,amenity:cafe,cafe,,,,POINT (28.975052 41.011702)
5106132762,Bolulu Hasan Usta,41.014833,28.933541,food,amenity:cafe,cafe,,,,POINT (28.933541 41.014833)
5680020322,Brew Coffe Works,41.015657,28.973896,food,amenity:cafe,cafe,,,,POINT (28.973896 41.015657)
5144584531,Brew Coffeeworks,41.015844,28.973703,food,amenity:cafe,cafe,,,,POINT (28.973703 41.015844)
5113590294,Brio Cafe,41.007757,28.94396,food,amenity:cafe,cafe,,,,POINT (28.94396 41.007757)
5113465011,Bumara,41.019191,28.95101,food,amenity:cafe,cafe,,,,POINT (28.95101 41.019191)
5088192726,CAFE KAMELYA,41.000947,28.933897,food,amenity:cafe,cafe,,,,POINT (28.933897 41.000947)
5099040206,Cadde 14 Çay Evi,41.004565,28.943722,food,amenity:cafe,cafe,,,,POINT (28.943722 41.004565)
3499102997,Cafe 1453,41.017761,28.928928,food,amenity:cafe,cafe,,,,POINT (28.928928 41.017761)
5113465226,Cafe 1453,41.017986,28.952535,food,amenity:cafe,cafe,,,,POINT (28.952535 41.017986)
5113598508,Cafe 56,41.011019,28.938885,food,amenity:cafe,cafe,,,,POINT (28.938885 41.011019)
5110344555,Cafe 90lar,41.017382,28.964496,food,amenity:cafe,cafe,,,,POINT (28.964496 41.017382)
5113495699,Cafe Alkan,41.026002,28.938614,food,amenity:cafe,cafe,,,,POINT (28.938614 41.026002)
5107305859,Cafe Bistmal,41.008007,28.94939,food,amenity:cafe,cafe,,,,POINT (28.94939 41.008007)
5115939288,Cafe Cengiz,41.010525,28.93196,food,amenity:cafe,cafe,,,,POINT (28.93196 41.010525)
10178438641,Cafe Damak,41.00394,28.96519,food,amenity:cafe,cafe,,,,POINT (28.96519 41.00394)
5113590313,Cafe De Keyf,41.008878,28.947394,food,amenity:cafe,cafe,,,,POINT (28.947394 41.008878)
5108828638,Cafe De More,41.014214,28.977404,food,amenity:cafe,cafe,,,,POINT (28.977404 41.014214)
9621298717,Cafe Dora,41.031544,28.94866,food,amenity:cafe,cafe,,,,POINT (28.94866 41.031544)
5113472203,Cafe Dostlar,41.0065,28.923122,food,amenity:cafe,cafe,,,,POINT (28.923122 41.0065)
5110347235,Cafe Erdoğmuş,41.016305,28.974048,food,amenity:cafe,cafe,,,,POINT (28.974048 41.016305)
5107245414,Cafe Esnaf,41.006636,28.924427,food,amenity:cafe,cafe,,,,POINT (28.924427 41.006636)
5115939265,Cafe Flu,41.009534,28.936752,food,amenity:cafe,cafe,,,,POINT (28.936752 41.009534)
5113465229,Cafe Fırat,41.018081,28.952752,food,amenity:cafe,cafe,,,,POINT (28.952752 41.018081)
5108843755,Cafe Grande,41.008219,28.974988,food,amenity:cafe,cafe,,,,POINT (28.974988 41.008219)
5113599425,Cafe Gündoğdu,41.010046,28.938663,food,amenity:cafe,cafe,,,,POINT (28.938663 41.010046)
5088194868,Cafe Harput,41.000022,28.931679,food,amenity:cafe,cafe,,,,POINT (28.931679 41.000022)
5088197345,Cafe Köşk,40.999817,28.930705,food,amenity:cafe,cafe,,,,POINT (28.930705 40.999817)
5244801976,Cafe La Galera,41.004164,28.969241,food,amenity:cafe,cafe,,,,POINT (28.969241 41.004164)
3660214031,Cafe Lindo,41.010403,28.977144,food,amenity:cafe,cafe,,,,POINT (28.977144 41.010403)
12423303001,Cafe Ma,41.037732,28.941281,food,amenity:cafe,cafe,,,,POINT (28.941281 41.037732)
5107305847,Cafe Mari,41.007422,28.949361,food,amenity:cafe,cafe,,,,POINT (28.949361 41.007422)
5244806747,Cafe Mola,41.00897,28.970391,food,amenity:cafe,cafe,,,,POINT (28.970391 41.00897)
5106132755,Cafe Mor,41.014499,28.934328,food,amenity:cafe,cafe,,,,POINT (28.934328 41.014499)
3660215264,Cafe Park,41.010754,28.948092,food,amenity:cafe,cafe,,,,POINT (28.948092 41.010754)
5113126701,Cafe Patika,41.005256,28.93082,food,amenity:cafe,cafe,,,,POINT (28.93082 41.005256)
3090798088,Cafe Rumist,41.006155,28.981168,food,amenity:cafe,cafe,,,,POINT (28.981168 41.006155)
5117628584,Cafe Society,41.017394,28.969548,food,amenity:cafe,cafe,,,,POINT (28.969548 41.017394)
5026474513,Cafe Vatan,41.012256,28.946271,food,amenity:cafe,cafe,,,,POINT (28.946271 41.012256)
5113462481,Cafe dem,41.016853,28.951378,food,amenity:cafe,cafe,,,,POINT (28.951378 41.016853)
5111215197,Cafe deniz,41.006318,28.938171,food,amenity:cafe,cafe,,,,POINT (28.938171 41.006318)
5113611512,Cafe draman,41.029307,28.943044,food,amenity:cafe,cafe,,,,POINT (28.943044 41.029307)
5113612629,Cafe draman,41.028874,28.944788,food,amenity:cafe,cafe,,,,POINT (28.944788 41.028874)
5113599442,Cafe erdoğan,41.008564,28.940313,food,amenity:cafe,cafe,,,,POINT (28.940313 41.008564)
5113471037,Cafe klas,41.016687,28.951509,food,amenity:cafe,cafe,,,,POINT (28.951509 41.016687)
5103810813,Cafe limosa,41.017144,28.930246,food,amenity:cafe,cafe,,,,POINT (28.930246 41.017144)
5113598491,Cafe murat,41.010366,28.941058,food,amenity:cafe,cafe,,,,POINT (28.941058 41.010366)
5243951422,Cafein,41.021314,28.944898,food,amenity:cafe,cafe,,,,POINT (28.944898 41.021314)
5110347236,Caffein dünyası,41.016424,28.973826,food,amenity:cafe,cafe,,,,POINT (28.973826 41.016424)
5485919621,Caffè Nero,41.002794,28.956662,food,amenity:cafe,cafe,,,,POINT (28.956662 41.002794)
12325453048,Caffè Nero,41.030266,28.950088,food,amenity:cafe,cafe,,,,POINT (28.950088 41.030266)
3107414918,Café Sultan,41.017206,28.96435,food,amenity:cafe,cafe,,,,POINT (28.96435 41.017206)
5108843379,Cagaloglu Hamam Cafeterya,41.010518,28.975867,food,amenity:cafe,cafe,,,,POINT (28.975867 41.010518)
5243951969,Cake & K,41.01966,28.94391,food,amenity:cafe,cafe,,,,POINT (28.94391 41.01966)
5113125301,Can Can Cafe,41.00379,28.931253,food,amenity:cafe,cafe,,,,POINT (28.931253 41.00379)
5108828626,Can Restaurant ve Cafe,41.01392,28.977935,food,amenity:cafe,cafe,,,,POINT (28.977935 41.01392)
4747734124,Caribou Coffee,41.010174,28.972885,food,amenity:cafe,cafe,,,,POINT (28.972885 41.010174)
5111215156,Carrahpasa park cafe,41.006536,28.940145,food,amenity:cafe,cafe,,,,POINT (28.940145 41.006536)
5115940988,Catsaray Cafe,41.002934,28.933956,food,amenity:cafe,cafe,,,,POINT (28.933956 41.002934)
5075961009,Cengiz cafe,41.015495,28.949285,food,amenity:cafe,cafe,,,,POINT (28.949285 41.015495)
5244809852,Ceylan Cafeterya,41.007604,28.967252,food,amenity:cafe,cafe,,,,POINT (28.967252 41.007604)
5113486786,Chay,41.016365,28.965836,food,amenity:cafe,cafe,,,,POINT (28.965836 41.016365)
5113500752,Chefkat1,41.021082,28.946342,food,amenity:cafe,cafe,,,,POINT (28.946342 41.021082)
12348591901,Coffee 4,41.009125,28.975234,food,amenity:cafe,cafe,,,,POINT (28.975234 41.009125)
4145039607,Coffee Department,41.032912,28.945798,food,amenity:cafe,cafe,,,,POINT (28.945798 41.032912)
5112749114,Coffee Department,41.03292,28.945779,food,amenity:cafe,cafe,,,,POINT (28.945779 41.03292)
6968663232,Coffee Factory,41.01195,28.97828,food,amenity:cafe,cafe,,,,POINT (28.97828 41.01195)
5113486804,Coffee Gutta,41.014588,28.962591,food,amenity:cafe,cafe,,,,POINT (28.962591 41.014588)
6325038686,Coffee Me,41.013414,28.974951,food,amenity:cafe,cafe,,,,POINT (28.974951 41.013414)
4587702691,Coffetopia,41.016492,28.973394,food,amenity:cafe,cafe,,,,POINT (28.973394 41.016492)
10312923111,Cofte Budur,41.032231,28.947576,food,amenity:cafe,cafe,,,,POINT (28.947576 41.032231)
5106132743,Cucina Cafe,41.012916,28.937555,food,amenity:cafe,cafe,,,,POINT (28.937555 41.012916)
5112749116,Cumbalı Kahve,41.03303,28.945848,food,amenity:cafe,cafe,,,,POINT (28.945848 41.03303)
5113592148,DEEP LOUNGE,41.009633,28.938023,food,amenity:cafe,cafe,,,,POINT (28.938023 41.009633)
5113465240,Dayılar Çay Ocağı,41.01861,28.952442,food,amenity:cafe,cafe,,,,POINT (28.952442 41.01861)
5081265966,Dergah cafe,41.014574,28.942912,food,amenity:cafe,cafe,,,,POINT (28.942912 41.014574)
5112750850,Derin Cafe,41.038688,28.944457,food,amenity:cafe,cafe,,,,POINT (28.944457 41.038688)
5113465237,Dersaadet,41.018417,28.952483,food,amenity:cafe,cafe,,,,POINT (28.952483 41.018417)
5112749757,Derviş Baba Kahvehanesi,41.033659,28.944255,food,amenity:cafe,cafe,,,,POINT (28.944255 41.033659)
5111215176,Dess cafe,41.007216,28.942269,food,amenity:cafe,cafe,,,,POINT (28.942269 41.007216)
9410434417,Değirmencioğlu,41.011497,28.969874,food,amenity:cafe,cafe,,,,POINT (28.969874 41.011497)
5081274094,Dilek Pastanesi,41.015057,28.951407,food,amenity:cafe,cafe,,,,POINT (28.951407 41.015057)
5243951429,Dirilish cafe,41.021641,28.944151,food,amenity:cafe,cafe,,,,POINT (28.944151 41.021641)
5113465013,Divan,41.018785,28.951254,food,amenity:cafe,cafe,,,,POINT (28.951254 41.018785)
5113465019,Diyar Cafe,41.018217,28.951823,food,amenity:cafe,cafe,,,,POINT (28.951823 41.018217)
5100825054,Dondurmacı Maraş,41.01892,28.93296,food,amenity:cafe,cafe,,,,POINT (28.93296 41.01892)
5107305897,Dostlar Çay Evi,41.008203,28.949104,food,amenity:cafe,cafe,,,,POINT (28.949104 41.008203)
5108843757,Dostlar Çay Evi,41.008392,28.974864,food,amenity:cafe,cafe,,,,POINT (28.974864 41.008392)
5088197324,Dostlar çay evi,41.000889,28.932438,food,amenity:cafe,cafe,,,,POINT (28.932438 41.000889)
5113598503,Doğan cafe,41.011287,28.939816,food,amenity:cafe,cafe,,,,POINT (28.939816 41.011287)
5107305903,Dua Cafe,41.008369,28.948222,food,amenity:cafe,cafe,,,,POINT (28.948222 41.008369)
5112834038,Dubai cafe,41.008016,28.951661,food,amenity:cafe,cafe,,,,POINT (28.951661 41.008016)
5112834036,Dubai cafe mini,41.007639,28.951643,food,amenity:cafe,cafe,,,,POINT (28.951643 41.007639)
5026474507,Durak Pub,41.01055,28.947516,food,amenity:cafe,cafe,,,,POINT (28.947516 41.01055)
5112834092,Durak cafe ve börek,41.008953,28.95258,food,amenity:cafe,cafe,,,,POINT (28.95258 41.008953)
5108836418,Duran Nargile Cafe,41.014071,28.975355,food,amenity:cafe,cafe,,,,POINT (28.975355 41.014071)
5113465014,Duvardibi,41.018501,28.951481,food,amenity:cafe,cafe,,,,POINT (28.951481 41.018501)
9322091018,Dürümcü Mustafa,41.010671,28.971015,food,amenity:cafe,cafe,,,,POINT (28.971015 41.010671)
5088192813,Efecan Cafe,40.997597,28.929535,food,amenity:cafe,cafe,,,,POINT (28.929535 40.997597)
10178438668,Elif Cafe,41.005374,28.978414,food,amenity:cafe,cafe,,,,POINT (28.978414 41.005374)
5087168317,Elit Cafe,40.995453,28.926099,food,amenity:cafe,cafe,,,,POINT (28.926099 40.995453)
5081442493,Elma Nane Cafe ve Nargile,41.023251,28.960723,food,amenity:cafe,cafe,,,,POINT (28.960723 41.023251)
10087576617,Elmalar Cafe & Restaurant,41.015888,28.97271,food,amenity:cafe,cafe,,,,POINT (28.97271 41.015888)
5099065465,Emek Cafe,41.008473,28.946723,food,amenity:cafe,cafe,,,,POINT (28.946723 41.008473)
5107247577,Emek Kıraathanesi,41.005386,28.929241,food,amenity:cafe,cafe,,,,POINT (28.929241 41.005386)
5026474511,Emri Cafe,41.011554,28.947391,food,amenity:cafe,cafe,,,,POINT (28.947391 41.011554)
5113623091,En la luna terace cafe & bar,41.005949,28.979203,food,amenity:cafe,cafe,,,,POINT (28.979203 41.005949)
5115939275,English Spoken Cafe Fındıkzade,41.010813,28.93778,food,amenity:cafe,cafe,,,,POINT (28.93778 41.010813)
3802274673,Erenler Nargile,41.009061,28.968577,food,amenity:cafe,cafe,,,,POINT (28.968577 41.009061)
5113465235,Eski kafa,41.018327,28.95257,food,amenity:cafe,cafe,,,,POINT (28.95257 41.018327)
5113481409,Esnaf çay evi,41.022586,28.950777,food,amenity:cafe,cafe,,,,POINT (28.950777 41.022586)
13396860931,Espresso Lab,41.010654,28.967479,food,amenity:cafe,cafe,,,,POINT (28.967479 41.010654)
5243945215,Espressolab,41.017327,28.949616,food,amenity:cafe,cafe,,,,POINT (28.949616 41.017327)
11377439063,Espressolab,41.013224,28.975046,food,amenity:cafe,cafe,,,,POINT (28.975046 41.013224)
3498778674,Eylül Cafe,41.015553,28.952402,food,amenity:cafe,cafe,,,,POINT (28.952402 41.015553)
5106132778,Faruk Güllüoğlu,41.01594,28.931379,food,amenity:cafe,cafe,,,,POINT (28.931379 41.01594)
11790117569,Fatih Belediyesi Sosyal Tesisleri Sultanahmet,41.006946,28.97544,food,amenity:cafe,cafe,,,,POINT (28.97544 41.006946)
5103810797,Fatih Belediyesi Topkapı Sosyal Tesisleri,41.020583,28.925575,food,amenity:cafe,cafe,,,,POINT (28.925575 41.020583)
5113471039,Fatih cafe,41.016745,28.951546,food,amenity:cafe,cafe,,,,POINT (28.951546 41.016745)
5243950931,Fatih chy evi,41.019579,28.945321,food,amenity:cafe,cafe,,,,POINT (28.945321 41.019579)
5243950959,Fatih tea & cafe,41.020991,28.944082,food,amenity:cafe,cafe,,,,POINT (28.944082 41.020991)
5106122993,Fatih Çay Evi,41.016597,28.952206,food,amenity:cafe,cafe,,,,POINT (28.952206 41.016597)
5244806741,Fehmi Soydan Çay Ocağı,41.009416,28.969649,food,amenity:cafe,cafe,,,,POINT (28.969649 41.009416)
3658723809,Fes Cafe,41.009974,28.971677,food,amenity:cafe,cafe,,,,POINT (28.971677 41.009974)
5115933181,Fetih 1453 Aile Çay Evi,41.000684,28.929559,food,amenity:cafe,cafe,,,,POINT (28.929559 41.000684)
9988065417,Fida Cafe,41.029905,28.950709,food,amenity:cafe,cafe,,,,POINT (28.950709 41.029905)
5111215124,Focaccia Cafe,41.005095,28.935703,food,amenity:cafe,cafe,,,,POINT (28.935703 41.005095)
10792720605,Forno Fırın İşletmeciliği,41.029682,28.950474,food,amenity:cafe,cafe,,,,POINT (28.950474 41.029682)
5110342162,Furkan cafe,41.01605,28.959004,food,amenity:cafe,cafe,,,,POINT (28.959004 41.01605)
4940583961,Fırat,41.011369,28.933614,food,amenity:cafe,cafe,,,,POINT (28.933614 41.011369)
5111205418,Ganyan,41.019431,28.960843,food,amenity:cafe,cafe,,,,POINT (28.960843 41.019431)
5113599479,Ganyan,41.00861,28.940822,food,amenity:cafe,cafe,,,,POINT (28.940822 41.00861)
5113127744,Ganyan Cafe,41.00386,28.931244,food,amenity:cafe,cafe,,,,POINT (28.931244 41.00386)
5113609934,Ganyan cafe,41.030251,28.937248,food,amenity:cafe,cafe,,,,POINT (28.937248 41.030251)
5113620703,Ganyan cafe,41.013767,28.979075,food,amenity:cafe,cafe,,,,POINT (28.979075 41.013767)
5108827983,Gar Börekcisi,41.014532,28.97638,food,amenity:cafe,cafe,,,,POINT (28.97638 41.014532)
9407672371,Gardenia Bistro Restaurant,41.003165,28.971362,food,amenity:cafe,cafe,,,,POINT (28.971362 41.003165)
5244796175,Gaziantep Sweets,41.016745,28.969902,food,amenity:cafe,cafe,,,,POINT (28.969902 41.016745)
6367428588,Gaziantep kozde kunafe kebap salonu,41.01548,28.972917,food,amenity:cafe,cafe,,,,POINT (28.972917 41.01548)
5106132744,Gazoz Kapaa Cafe,41.012975,28.937429,food,amenity:cafe,cafe,,,,POINT (28.937429 41.012975)
5112749101,Gizemli Kahve Balat,41.033165,28.945,food,amenity:cafe,cafe,,,,POINT (28.945 41.033165)
5108827984,Glamour Nargile ve Cafe,41.014522,28.976407,food,amenity:cafe,cafe,,,,POINT (28.976407 41.014522)
11257731337,Gloria Jeans,41.004566,28.967095,food,amenity:cafe,cafe,,,,POINT (28.967095 41.004566)
4674290489,Godiva,41.010836,28.968465,food,amenity:cafe,cafe,,,,POINT (28.968465 41.010836)
5243950783,Golden mix,41.020167,28.941481,food,amenity:cafe,cafe,,,,POINT (28.941481 41.020167)
3090853855,Green Corner,41.00883,28.978769,food,amenity:cafe,cafe,,,,POINT (28.978769 41.00883)
5107245393,Guest Net Cafe,41.007098,28.930348,food,amenity:cafe,cafe,,,,POINT (28.930348 41.007098)
5244796184,Gurmania,41.016289,28.970332,food,amenity:cafe,cafe,,,,POINT (28.970332 41.016289)
5113557361,Görgülü,41.01,28.945534,food,amenity:cafe,cafe,,,,POINT (28.945534 41.01)
5106132761,Görgülü Cafe,41.014772,28.933754,food,amenity:cafe,cafe,,,,POINT (28.933754 41.014772)
4293748389,Gül Çay Evi,41.01347,28.961237,food,amenity:cafe,cafe,,,,POINT (28.961237 41.01347)
5115939235,Gül Çay Evi,41.009019,28.93151,food,amenity:cafe,cafe,,,,POINT (28.93151 41.009019)
5113487036,Gül çay evi,41.013489,28.961262,food,amenity:cafe,cafe,,,,POINT (28.961262 41.013489)
5110342195,Gülsoy cafe,41.014243,28.958915,food,amenity:cafe,cafe,,,,POINT (28.958915 41.014243)
6157229585,Habb Cafe,41.026481,28.958234,food,amenity:cafe,cafe,,,,POINT (28.958234 41.026481)
3104180391,Hafiz Mustafa 1864,41.014612,28.975651,food,amenity:cafe,cafe,,,,POINT (28.975651 41.014612)
6324428785,Hafiz Mustafa 1864,41.016011,28.97336,food,amenity:cafe,cafe,,,,POINT (28.97336 41.016011)
5108843097,Hafız Mustafa Edebiyat Kıraathanesi,41.008045,28.976584,food,amenity:cafe,cafe,,,,POINT (28.976584 41.008045)
5113611496,Hakan cafe,41.029916,28.940968,food,amenity:cafe,cafe,,,,POINT (28.940968 41.029916)
5111215722,Hakimoglu cafe,41.00601,28.935467,food,amenity:cafe,cafe,,,,POINT (28.935467 41.00601)
5244807636,Hakkı Zade,41.010309,28.97295,food,amenity:cafe,cafe,,,,POINT (28.97295 41.010309)
5110344557,Haliç kafe,41.01895,28.963239,food,amenity:cafe,cafe,,,,POINT (28.963239 41.01895)
5244812071,Han Çay Ocağı,41.019038,28.9647,food,amenity:cafe,cafe,,,,POINT (28.9647 41.019038)
5250313321,Hanegah,41.018212,28.952818,food,amenity:cafe,cafe,,,,POINT (28.952818 41.018212)
5113465016,Hanifi dayı,41.018381,28.951584,food,amenity:cafe,cafe,,,,POINT (28.951584 41.018381)
9777721634,Hanimeli Cafe,41.031942,28.948326,food,amenity:cafe,cafe,,,,POINT (28.948326 41.031942)
5115938009,Hanımelleri,41.008536,28.930275,food,amenity:cafe,cafe,,,,POINT (28.930275 41.008536)
9992681458,Happie Balat,41.03306,28.94664,food,amenity:cafe,cafe,,,,POINT (28.94664 41.03306)
5108843058,Harabbe Cafe,41.008438,28.976192,food,amenity:cafe,cafe,,,,POINT (28.976192 41.008438)
5099060713,Hasan keyf nargile cafe,41.008182,28.951029,food,amenity:cafe,cafe,,,,POINT (28.951029 41.008182)
5113590284,Haseki Cafe,41.008913,28.942408,food,amenity:cafe,cafe,,,,POINT (28.942408 41.008913)
5113590308,Haseki Cafe,41.008429,28.946182,food,amenity:cafe,cafe,,,,POINT (28.946182 41.008429)
5244801890,Havuzbaşı,41.004336,28.974708,food,amenity:cafe,cafe,,,,POINT (28.974708 41.004336)
5110342212,Hayal Cafe,41.01327,28.961154,food,amenity:cafe,cafe,,,,POINT (28.961154 41.01327)
5113620626,Hayat cafe,41.003584,28.979313,food,amenity:cafe,cafe,,,,POINT (28.979313 41.003584)
5113471045,Hayhay kahve,41.017453,28.951356,food,amenity:cafe,cafe,,,,POINT (28.951356 41.017453)
5110342193,Hermes cafe,41.014398,28.959041,food,amenity:cafe,cafe,,,,POINT (28.959041 41.014398)
5243951416,Hezurfen,41.021249,28.945607,food,amenity:cafe,cafe,,,,POINT (28.945607 41.021249)
5110344546,Hilal büfe,41.017777,28.967085,food,amenity:cafe,cafe,,,,POINT (28.967085 41.017777)
4528496190,Hira Lokantası,41.004714,28.965758,food,amenity:cafe,cafe,,,,POINT (28.965758 41.004714)
5108836363,Hotel Yasmak,41.012542,28.977705,food,amenity:cafe,cafe,,,,POINT (28.977705 41.012542)
2508662415,Husnu Ala Cafe,41.017923,28.965111,food,amenity:cafe,cafe,,,,POINT (28.965111 41.017923)
5075961002,Huzur Cafe,41.013573,28.946688,food,amenity:cafe,cafe,,,,POINT (28.946688 41.013573)
5110344554,Hüsnü ala cafe,41.01785,28.965068,food,amenity:cafe,cafe,,,,POINT (28.965068 41.01785)
5110342169,Imperial Cafe,41.015988,28.957944,food,amenity:cafe,cafe,,,,POINT (28.957944 41.015988)
5115937371,Irmak Çay Evi,41.007544,28.93669,food,amenity:cafe,cafe,,,,POINT (28.93669 41.007544)
5106528627,Isiyaman čig koftecisi,41.004879,28.965341,food,amenity:cafe,cafe,,,,POINT (28.965341 41.004879)
11377536296,Istanbul kitchen,41.010319,28.975517,food,amenity:cafe,cafe,,,,POINT (28.975517 41.010319)
3785353693,Istanyol Cafe,41.031836,28.93739,food,amenity:cafe,cafe,,,,POINT (28.93739 41.031836)
5076115927,Istasyon kahvesi,40.993928,28.926972,food,amenity:cafe,cafe,,,,POINT (28.926972 40.993928)
463142937,Java Studio Istanbul,41.005597,28.979318,food,amenity:cafe,cafe,,,,POINT (28.979318 41.005597)
5106122303,Joury Cafe,41.025058,28.940408,food,amenity:cafe,cafe,,,,POINT (28.940408 41.025058)
5113620620,Joy Cafe Restaurant & Shisha Lounge,41.003615,28.979266,food,amenity:cafe,cafe,,,,POINT (28.979266 41.003615)
12855224101,K. Ayasofya Art Cafe,41.002736,28.972978,food,amenity:cafe,cafe,,,,POINT (28.972978 41.002736)
5113592166,KAHVE KÖŞEM,41.010874,28.938596,food,amenity:cafe,cafe,,,,POINT (28.938596 41.010874)
5115937984,Kaan Çay Evi,41.010605,28.928869,food,amenity:cafe,cafe,,,,POINT (28.928869 41.010605)
5112749115,Kadraj Cafe,41.033004,28.945913,food,amenity:cafe,cafe,,,,POINT (28.945913 41.033004)
5244802020,Kadırga Çay Evi,41.005031,28.970506,food,amenity:cafe,cafe,,,,POINT (28.970506 41.005031)
5111206122,Kahve 1,41.019833,28.961592,food,amenity:cafe,cafe,,,,POINT (28.961592 41.019833)
5243945195,Kahve Durağı,41.017773,28.949189,food,amenity:cafe,cafe,,,,POINT (28.949189 41.017773)
5116617721,Kahve Dünyası,41.010114,28.972035,food,amenity:cafe,cafe,,,,POINT (28.972035 41.010114)
5111215725,Kahve cikolata,41.006642,28.935553,food,amenity:cafe,cafe,,,,POINT (28.935553 41.006642)
6918936586,Kahve deposu,41.015659,28.974869,food,amenity:cafe,cafe,,,,POINT (28.974869 41.015659)
6918936587,Kahve deposu,41.015307,28.974869,food,amenity:cafe,cafe,,,,POINT (28.974869 41.015307)
5076114613,Kahvealti,40.99545,28.926482,food,amenity:cafe,cafe,,,,POINT (28.926482 40.99545)
5106132751,Kahverengi Cafe,41.014151,28.935006,food,amenity:cafe,cafe,,,,POINT (28.935006 41.014151)
5680097921,Kahvesi Ethem Tezcakar,41.010609,28.968223,food,amenity:cafe,cafe,,,,POINT (28.968223 41.010609)
5113599445,Karadeniz cafe,41.00824,28.939994,food,amenity:cafe,cafe,,,,POINT (28.939994 41.00824)
5243951418,Karadeniz kardeşler,41.021295,28.945309,food,amenity:cafe,cafe,,,,POINT (28.945309 41.021295)
2696278000,Karafırın,41.005002,28.979491,food,amenity:cafe,cafe,,,,POINT (28.979491 41.005002)
5113464991,Kardesler cafe,41.017102,28.951702,food,amenity:cafe,cafe,,,,POINT (28.951702 41.017102)
5113615740,Kariye Cafe,41.030926,28.937906,food,amenity:cafe,cafe,,,,POINT (28.937906 41.030926)
5113615119,Kariye Pembe Köşk Aile Çay Bahçesi Cafe,41.031278,28.938562,food,amenity:cafe,cafe,,,,POINT (28.938562 41.031278)
6324489285,Kasap Döner,41.008253,28.974562,food,amenity:cafe,cafe,,,,POINT (28.974562 41.008253)
5088194865,Kebab ve Pide Dünyası,40.999688,28.931215,food,amenity:cafe,cafe,,,,POINT (28.931215 40.999688)
5081265939,Kent Cafe,41.011754,28.941178,food,amenity:cafe,cafe,,,,POINT (28.941178 41.011754)
9480325262,Kent Cafe,41.0126,28.939474,food,amenity:cafe,cafe,,,,POINT (28.939474 41.0126)
11949902569,Kiraz Coffee,41.037653,28.943709,food,amenity:cafe,cafe,,,,POINT (28.943709 41.037653)
5113590259,Kivi cafe,41.010751,28.941083,food,amenity:cafe,cafe,,,,POINT (28.941083 41.010751)
5088197321,Konak Internet cafe,41.00011,28.931309,food,amenity:cafe,cafe,,,,POINT (28.931309 41.00011)
5113125964,Konak Kafe,41.003712,28.923179,food,amenity:cafe,cafe,,,,POINT (28.923179 41.003712)
5113483388,Konak çay evi,41.022552,28.947099,food,amenity:cafe,cafe,,,,POINT (28.947099 41.022552)
5088194873,Korkmaz Cafe,41.003911,28.932425,food,amenity:cafe,cafe,,,,POINT (28.932425 41.003911)
5244803052,Kosk Cafe,41.003312,28.972137,food,amenity:cafe,cafe,,,,POINT (28.972137 41.003312)
5088194900,Kosk Nargile Cafe,41.003268,28.93065,food,amenity:cafe,cafe,,,,POINT (28.93065 41.003268)
5110347239,Koska,41.016456,28.973419,food,amenity:cafe,cafe,,,,POINT (28.973419 41.016456)
9782808310,Kovboy'un Yeri Coffee Station,41.01462,28.976973,food,amenity:cafe,cafe,,,,POINT (28.976973 41.01462)
6359661486,Kumkapi cafe Nargile,41.004523,28.964564,food,amenity:cafe,cafe,,,,POINT (28.964564 41.004523)
5244796179,Kurukahveci Mehmet Efendi,41.016553,28.970274,food,amenity:cafe,cafe,,,,POINT (28.970274 41.016553)
5244796173,Kurukahveci Nuri Toplar,41.016771,28.969856,food,amenity:cafe,cafe,,,,POINT (28.969856 41.016771)
5112750916,Kuytu Balat,41.03387,28.946495,food,amenity:cafe,cafe,,,,POINT (28.946495 41.03387)
4883625123,Kuşu Çai,41.01239,28.925925,food,amenity:cafe,cafe,,,,POINT (28.925925 41.01239)
6929789085,Kyanus Gemi Cafe,41.035773,28.94854,food,amenity:cafe,cafe,,,,POINT (28.94854 41.035773)
8829968818,Köfteci Arnavut,41.032618,28.948064,food,amenity:cafe,cafe,,,,POINT (28.948064 41.032618)
5110344571,Kösem Büfe,41.018603,28.965669,food,amenity:cafe,cafe,,,,POINT (28.965669 41.018603)
5113557371,Köşem Aile Çay Bahçesi,41.009671,28.946753,food,amenity:cafe,cafe,,,,POINT (28.946753 41.009671)
5113599441,Köşem Cafe,41.008777,28.94073,food,amenity:cafe,cafe,,,,POINT (28.94073 41.008777)
5107305900,Köşem Çay Evi,41.008198,28.948648,food,amenity:cafe,cafe,,,,POINT (28.948648 41.008198)
3090853852,Küçük Ev,41.00826,28.976797,food,amenity:cafe,cafe,,,,POINT (28.976797 41.00826)
5100823709,Kılıç kıraathanesi,41.01729,28.931615,food,amenity:cafe,cafe,,,,POINT (28.931615 41.01729)
9833781817,Kıztaşı Muhamlebicisi,41.016173,28.949255,food,amenity:cafe,cafe,,,,POINT (28.949255 41.016173)
6899820885,La Galera,41.004142,28.969399,food,amenity:cafe,cafe,,,,POINT (28.969399 41.004142)
13396860945,La Perla Coffee,41.013467,28.976497,food,amenity:cafe,cafe,,,,POINT (28.976497 41.013467)
5270794516,Lalezar Çay Bahçesi,41.01654,28.962168,food,amenity:cafe,cafe,,,,POINT (28.962168 41.01654)
5081610954,Lavinia cafe ve börek,40.998051,28.924038,food,amenity:cafe,cafe,,,,POINT (28.924038 40.998051)
5106124129,Laviola,41.020068,28.940998,food,amenity:cafe,cafe,,,,POINT (28.940998 41.020068)
9777700653,Le Cafe Da palation,41.03203,28.948302,food,amenity:cafe,cafe,,,,POINT (28.948302 41.03203)
5243951411,Lemonada,41.021138,28.945339,food,amenity:cafe,cafe,,,,POINT (28.945339 41.021138)
5113465233,Lena,41.018283,28.952602,food,amenity:cafe,cafe,,,,POINT (28.952602 41.018283)
8844311517,Levent Börek,41.015916,28.973611,food,amenity:cafe,cafe,,,,POINT (28.973611 41.015916)
5108843539,Limon Cafe,41.009746,28.97655,food,amenity:cafe,cafe,,,,POINT (28.97655 41.009746)
5111215775,Lomga,41.003905,28.944179,food,amenity:cafe,cafe,,,,POINT (28.944179 41.003905)
5104610627,Loor,41.004827,28.965591,food,amenity:cafe,cafe,,,,POINT (28.965591 41.004827)
6325275992,Luna Istanbul,41.005157,28.969981,food,amenity:cafe,cafe,,,,POINT (28.969981 41.005157)
5081442490,Mabed Kafe,41.023139,28.960866,food,amenity:cafe,cafe,,,,POINT (28.960866 41.023139)
3498778692,Mado,41.01757,28.949326,food,amenity:cafe,cafe,,,,POINT (28.949326 41.01757)
4286623821,Mado,41.00935,28.954362,food,amenity:cafe,cafe,,,,POINT (28.954362 41.00935)
5108843047,Mado,41.008109,28.976025,food,amenity:cafe,cafe,,,,POINT (28.976025 41.008109)
5110347259,Mado,41.015158,28.975705,food,amenity:cafe,cafe,,,,POINT (28.975705 41.015158)
5113128103,Mado,41.009363,28.954476,food,amenity:cafe,cafe,,,,POINT (28.954476 41.009363)
5113500762,Mado,41.020521,28.946893,food,amenity:cafe,cafe,,,,POINT (28.946893 41.020521)
5113592184,Mado,41.01189,28.939101,food,amenity:cafe,cafe,,,,POINT (28.939101 41.01189)
5243945211,Mado,41.017611,28.949359,food,amenity:cafe,cafe,,,,POINT (28.949359 41.017611)
6394219985,Mado,41.008148,28.975783,food,amenity:cafe,cafe,,,,POINT (28.975783 41.008148)
7878317494,Mado,41.008316,28.97546,food,amenity:cafe,cafe,,,,POINT (28.97546 41.008316)
5113483632,Mahzen cafe,41.020704,28.949005,food,amenity:cafe,cafe,,,,POINT (28.949005 41.020704)
10296542409,Maison Balat,41.03083,28.94964,food,amenity:cafe,cafe,,,,POINT (28.94964 41.03083)
6325038685,Mam coffe,41.008275,28.974167,food,amenity:cafe,cafe,,,,POINT (28.974167 41.008275)
5112834090,Maranda cafe,41.008992,28.95193,food,amenity:cafe,cafe,,,,POINT (28.95193 41.008992)
5112750838,Maria Kafe,41.038969,28.943101,food,amenity:cafe,cafe,,,,POINT (28.943101 41.038969)
5112736056,Markopaşa,41.014941,28.968898,food,amenity:cafe,cafe,,,,POINT (28.968898 41.014941)
6139118085,Marmara Cafe,41.01503,28.974951,food,amenity:cafe,cafe,,,,POINT (28.974951 41.01503)
5115940978,Marmara Kafe,41.002162,28.932791,food,amenity:cafe,cafe,,,,POINT (28.932791 41.002162)
5081265972,Marmara cafe,41.015471,28.941749,food,amenity:cafe,cafe,,,,POINT (28.941749 41.015471)
5112966976,Marmara türkü evi ve cafe,41.003127,28.953155,food,amenity:cafe,cafe,,,,POINT (28.953155 41.003127)
5099060705,Marmaray cafe nargile,41.00645,28.951538,food,amenity:cafe,cafe,,,,POINT (28.951538 41.00645)
5112967006,Marmaray gargom cafe,41.00645,28.951747,food,amenity:cafe,cafe,,,,POINT (28.951747 41.00645)
5112971838,Marmaray çay evi,41.006852,28.9517,food,amenity:cafe,cafe,,,,POINT (28.9517 41.006852)
5113500303,Marmaris bufe,41.006132,28.973233,food,amenity:cafe,cafe,,,,POINT (28.973233 41.006132)
5107247590,Masal Büfe ve Cafe,41.006806,28.930653,food,amenity:cafe,cafe,,,,POINT (28.930653 41.006806)
5088190879,Matya Kafe,40.99955,28.931921,food,amenity:cafe,cafe,,,,POINT (28.931921 40.99955)
5081264691,Mawal Cafe,41.01118,28.944002,food,amenity:cafe,cafe,,,,POINT (28.944002 41.01118)
5108843532,Mayas Corner Cafe,41.009418,28.976742,food,amenity:cafe,cafe,,,,POINT (28.976742 41.009418)
5243950778,Mazaj cafe,41.019923,28.941109,food,amenity:cafe,cafe,,,,POINT (28.941109 41.019923)
5244809876,Medusa Cafe,41.008197,28.968215,food,amenity:cafe,cafe,,,,POINT (28.968215 41.008197)
11834882670,Mehmet Erkoyuncu Sakatat ve Et Pazari,41.017855,28.955527,food,amenity:cafe,cafe,,,,POINT (28.955527 41.017855)
5081442491,Mekan Cafe,41.023122,28.960894,food,amenity:cafe,cafe,,,,POINT (28.960894 41.023122)
5107247534,Melis Çay Evi,41.005592,28.930277,food,amenity:cafe,cafe,,,,POINT (28.930277 41.005592)
5106124132,Merdane Cafe,41.019815,28.94059,food,amenity:cafe,cafe,,,,POINT (28.94059 41.019815)
5113615732,Merdane hamur cafe,41.030406,28.937383,food,amenity:cafe,cafe,,,,POINT (28.937383 41.030406)
5106124379,Merhaba Pastaneleri,41.016132,28.952196,food,amenity:cafe,cafe,,,,POINT (28.952196 41.016132)
5081442451,Merkez Cafe,41.022538,28.959871,food,amenity:cafe,cafe,,,,POINT (28.959871 41.022538)
8829972417,Meshur Dönerci,41.012722,28.966077,food,amenity:cafe,cafe,,,,POINT (28.966077 41.012722)
5112728873,Metro pasta cafe,41.011304,28.959233,food,amenity:cafe,cafe,,,,POINT (28.959233 41.011304)
5103810782,Meva Cafe,41.019837,28.927879,food,amenity:cafe,cafe,,,,POINT (28.927879 41.019837)
4587211490,Mezopotamya Nergile Cafe and Resturant,41.013907,28.977663,food,amenity:cafe,cafe,,,,POINT (28.977663 41.013907)
4577117092,Meşale Cafe,41.00559,28.978647,food,amenity:cafe,cafe,,,,POINT (28.978647 41.00559)
5113620681,Mihri Cafe,41.007115,28.979295,food,amenity:cafe,cafe,,,,POINT (28.979295 41.007115)
5113487027,Mihri şah cafe,41.017134,28.964476,food,amenity:cafe,cafe,,,,POINT (28.964476 41.017134)
5110344573,Mim Kafe,41.017534,28.9673,food,amenity:cafe,cafe,,,,POINT (28.9673 41.017534)
4472516794,Mimar Sinan Teras Kafe,41.01742,28.96395,food,amenity:cafe,cafe,,,,POINT (28.96395 41.01742)
5110344586,Mimar sinan kafe,41.017291,28.964248,food,amenity:cafe,cafe,,,,POINT (28.964248 41.017291)
5113465238,Minder nargile,41.01849,28.952407,food,amenity:cafe,cafe,,,,POINT (28.952407 41.01849)
5107305831,Mini cafe,41.00876,28.948502,food,amenity:cafe,cafe,,,,POINT (28.948502 41.00876)
5113465228,Miraç Çay Evi,41.018057,28.952478,food,amenity:cafe,cafe,,,,POINT (28.952478 41.018057)
5107305878,Mirkelami Menemenci,41.009019,28.949739,food,amenity:cafe,cafe,,,,POINT (28.949739 41.009019)
5743237121,Mivan,41.006271,28.96943,food,amenity:cafe,cafe,,,,POINT (28.96943 41.006271)
5112749755,Molla Aşkı Teras Cafe,41.033683,28.942947,food,amenity:cafe,cafe,,,,POINT (28.942947 41.033683)
5710046243,Moma's Cafe Restaurant,41.015812,28.976004,food,amenity:cafe,cafe,,,,POINT (28.976004 41.015812)
9777670114,More Cafe,41.031554,28.948785,food,amenity:cafe,cafe,,,,POINT (28.948785 41.031554)
5115937364,Mue Cafe,41.00689,28.934892,food,amenity:cafe,cafe,,,,POINT (28.934892 41.00689)
5113462477,Muhabbeteyn,41.017155,28.950925,food,amenity:cafe,cafe,,,,POINT (28.950925 41.017155)
5106123807,Muhtar Cafe,41.021812,28.943954,food,amenity:cafe,cafe,,,,POINT (28.943954 41.021812)
10033646139,Muzenin kahvesı,41.011452,28.982278,food,amenity:cafe,cafe,,,,POINT (28.982278 41.011452)
5112750836,My Blue House,41.038299,28.943653,food,amenity:cafe,cafe,,,,POINT (28.943653 41.038299)
5113620696,My seka cafe,41.014565,28.979635,food,amenity:cafe,cafe,,,,POINT (28.979635 41.014565)
12732718360,Müzenin Kahvesi,41.01161,28.98073,food,amenity:cafe,cafe,,,,POINT (28.98073 41.01161)
5081265968,Nargila cafe,41.014931,28.942587,food,amenity:cafe,cafe,,,,POINT (28.942587 41.014931)
5113125320,Neco Kornet Dondurma,41.003508,28.930016,food,amenity:cafe,cafe,,,,POINT (28.930016 41.003508)
5088192818,Nergiz Market,40.998038,28.930038,food,amenity:cafe,cafe,,,,POINT (28.930038 40.998038)
974678810,Nev-i,41.027703,28.956579,food,amenity:cafe,cafe,,,,POINT (28.956579 41.027703)
5243952764,Nevada Coffee,41.01681,28.941464,food,amenity:cafe,cafe,,,,POINT (28.941464 41.01681)
5081445074,Nevi Cafe,41.027929,28.956468,food,amenity:cafe,cafe,,,,POINT (28.956468 41.027929)
5081442518,Nice Kafe ve Ev yemekleri,41.024528,28.958649,food,amenity:cafe,cafe,,,,POINT (28.958649 41.024528)
12347693536,No 15,41.012998,28.977023,food,amenity:cafe,cafe,,,,POINT (28.977023 41.012998)
5111215754,Nokta,41.004642,28.934394,food,amenity:cafe,cafe,,,,POINT (28.934394 41.004642)
5088190901,Nokta internet cafe,41.004702,28.934358,food,amenity:cafe,cafe,,,,POINT (28.934358 41.004702)
5243952785,Nus nus,41.014648,28.944474,food,amenity:cafe,cafe,,,,POINT (28.944474 41.014648)
5482975826,Okyanus,41.017281,28.969719,food,amenity:cafe,cafe,,,,POINT (28.969719 41.017281)
5113486768,Okçular,41.027014,28.938743,food,amenity:cafe,cafe,,,,POINT (28.938743 41.027014)
5086061064,Onur Cafe,41.026153,28.955656,food,amenity:cafe,cafe,,,,POINT (28.955656 41.026153)
5113500318,Optimist cafe,41.005619,28.974622,food,amenity:cafe,cafe,,,,POINT (28.974622 41.005619)
5081264693,Orta Kahve,41.015009,28.941486,food,amenity:cafe,cafe,,,,POINT (28.941486 41.015009)
5026474508,Osman Oğlu Cafe,41.010744,28.947781,food,amenity:cafe,cafe,,,,POINT (28.947781 41.010744)
5113481362,Osmanli çay evi,41.022916,28.948606,food,amenity:cafe,cafe,,,,POINT (28.948606 41.022916)
5243953079,Osmanlı cafe,41.032321,28.948128,food,amenity:cafe,cafe,,,,POINT (28.948128 41.032321)
3499195653,Ottoman Haimam Cafe,41.007073,28.981424,food,amenity:cafe,cafe,,,,POINT (28.981424 41.007073)
5111215126,Oz antep tatlici,41.005419,28.936583,food,amenity:cafe,cafe,,,,POINT (28.936583 41.005419)
5112749776,Pages Bookstore Cafe,41.031582,28.93865,food,amenity:cafe,cafe,,,,POINT (28.93865 41.031582)
5111215184,Pala cahve,41.007459,28.942891,food,amenity:cafe,cafe,,,,POINT (28.942891 41.007459)
5108843112,Palmiye Cafe,41.008484,28.977518,food,amenity:cafe,cafe,,,,POINT (28.977518 41.008484)
9988046618,Pan-Cake House,41.029856,28.950783,food,amenity:cafe,cafe,,,,POINT (28.950783 41.029856)
5109654676,Papeti Cafe,41.013181,28.932321,food,amenity:cafe,cafe,,,,POINT (28.932321 41.013181)
5086061077,Pasha Hamam Cafe,41.025859,28.956253,food,amenity:cafe,cafe,,,,POINT (28.956253 41.025859)
5113126712,Pasta Sanatı,41.004605,28.931112,food,amenity:cafe,cafe,,,,POINT (28.931112 41.004605)
5111215168,Pasta cafe,41.006682,28.941089,food,amenity:cafe,cafe,,,,POINT (28.941089 41.006682)
5244801829,Patio Cafe,41.002751,28.971074,food,amenity:cafe,cafe,,,,POINT (28.971074 41.002751)
5113599454,Paşa,41.007295,28.93836,food,amenity:cafe,cafe,,,,POINT (28.93836 41.007295)
5088194898,Paşa Sarayı Nargile Cafe,41.003264,28.930719,food,amenity:cafe,cafe,,,,POINT (28.930719 41.003264)
5088194880,Paşa Çay,41.003726,28.931724,food,amenity:cafe,cafe,,,,POINT (28.931724 41.003726)
5243952769,Pera Cafe,41.015786,28.942774,food,amenity:cafe,cafe,,,,POINT (28.942774 41.015786)
5113465236,Peron,41.018377,28.952522,food,amenity:cafe,cafe,,,,POINT (28.952522 41.018377)
10178438619,Peyk Away Coffee,41.00701,28.972181,food,amenity:cafe,cafe,,,,POINT (28.972181 41.00701)
5081265931,Pikinik Büfe,41.012733,28.94181,food,amenity:cafe,cafe,,,,POINT (28.94181 41.012733)
5111215742,Playstation,41.004286,28.93242,food,amenity:cafe,cafe,,,,POINT (28.93242 41.004286)
6329932085,Poika Coffee,41.00834,28.975021,food,amenity:cafe,cafe,,,,POINT (28.975021 41.00834)
9688152917,Popstel,41.030185,28.950564,food,amenity:cafe,cafe,,,,POINT (28.950564 41.030185)
9782808314,Prepeed Cafe,41.01414,28.979121,food,amenity:cafe,cafe,,,,POINT (28.979121 41.01414)
5112749091,Reverence Balat,41.033231,28.946577,food,amenity:cafe,cafe,,,,POINT (28.946577 41.033231)
5112751033,Reverence Balat,41.033246,28.946579,food,amenity:cafe,cafe,,,,POINT (28.946579 41.033246)
5088192753,Reçete Cafe,41.001969,28.935995,food,amenity:cafe,cafe,,,,POINT (28.935995 41.001969)
12254566936,Root'inn,41.015001,28.974344,food,amenity:cafe,cafe,,,,POINT (28.974344 41.015001)
5243945184,Rumeli Cafe & Restaurant,41.017684,28.949264,food,amenity:cafe,cafe,,,,POINT (28.949264 41.017684)
4589956100,Rumeli Çikolatacısı,41.017687,28.949267,food,amenity:cafe,cafe,,,,POINT (28.949267 41.017687)
5108828654,Sagalasos Cafe İstanbul,41.014505,28.977278,food,amenity:cafe,cafe,,,,POINT (28.977278 41.014505)
7234964285,Saklı Bahçe,41.012141,28.934238,food,amenity:cafe,cafe,,,,POINT (28.934238 41.012141)
5100825072,Saklıbahçe Nargile Cafe,41.021481,28.926959,food,amenity:cafe,cafe,,,,POINT (28.926959 41.021481)
5088194829,Samatya Büfe,40.999624,28.931399,food,amenity:cafe,cafe,,,,POINT (28.931399 40.999624)
5088190905,Samatya Cafe ve Van Kahvaltı Salonu,40.999307,28.932854,food,amenity:cafe,cafe,,,,POINT (28.932854 40.999307)
5108828690,Sarayburnu Aile Çay Bahçesi,41.017568,28.985708,food,amenity:cafe,cafe,,,,POINT (28.985708 41.017568)
3746916685,Sark Kahvesi,41.010567,28.967536,food,amenity:cafe,cafe,,,,POINT (28.967536 41.010567)
5244809859,Sarnıç Nargile Cafe,41.008305,28.967066,food,amenity:cafe,cafe,,,,POINT (28.967066 41.008305)
5113465008,Satli kahve,41.019639,28.951807,food,amenity:cafe,cafe,,,,POINT (28.951807 41.019639)
4288291390,Sea front,41.017552,28.964466,food,amenity:cafe,cafe,,,,POINT (28.964466 41.017552)
5113620683,Sebil Cafe,41.007498,28.979634,food,amenity:cafe,cafe,,,,POINT (28.979634 41.007498)
5108874525,Sedef Büfe,41.008126,28.973825,food,amenity:cafe,cafe,,,,POINT (28.973825 41.008126)
5086061116,Sedosh cafe,41.028702,28.952598,food,amenity:cafe,cafe,,,,POINT (28.952598 41.028702)
5113127752,Sefa Cafe,41.005748,28.932444,food,amenity:cafe,cafe,,,,POINT (28.932444 41.005748)
5482975827,Sefa-i Hürrem Kafe,41.016617,28.966383,food,amenity:cafe,cafe,,,,POINT (28.966383 41.016617)
5244812085,Sehrin Teras,41.018564,28.966154,food,amenity:cafe,cafe,,,,POINT (28.966154 41.018564)
5112834074,Sekiz kardşler patisseie cafe restaurant,41.00831,28.952908,food,amenity:cafe,cafe,,,,POINT (28.952908 41.00831)
5113483411,Selora,41.021088,28.948288,food,amenity:cafe,cafe,,,,POINT (28.948288 41.021088)
12496720445,Semaver,41.002296,28.978252,food,amenity:cafe,cafe,,,,POINT (28.978252 41.002296)
11281508269,Sevda Gazozcusu,41.033449,28.946533,food,amenity:cafe,cafe,,,,POINT (28.946533 41.033449)
5244795905,Sevil Çay Ocağı,41.017046,28.968729,food,amenity:cafe,cafe,,,,POINT (28.968729 41.017046)
5113599489,Seylan Çay Evi,41.009491,28.946264,food,amenity:cafe,cafe,,,,POINT (28.946264 41.009491)
5106132786,Seyran,41.016348,28.930568,food,amenity:cafe,cafe,,,,POINT (28.930568 41.016348)
5243950770,Seyran,41.018016,28.944359,food,amenity:cafe,cafe,,,,POINT (28.944359 41.018016)
5109654672,Sezen Cafe,41.012843,28.93172,food,amenity:cafe,cafe,,,,POINT (28.93172 41.012843)
5087179463,Sezercan cafe,40.996217,28.927425,food,amenity:cafe,cafe,,,,POINT (28.927425 40.996217)
5110342189,Simgur kafe,41.013406,28.960926,food,amenity:cafe,cafe,,,,POINT (28.960926 41.013406)
5113487676,Simit Cafe,41.008123,28.973899,food,amenity:cafe,cafe,,,,POINT (28.973899 41.008123)
5243950721,Simit Cafe,41.016748,28.942191,food,amenity:cafe,cafe,,,,POINT (28.942191 41.016748)
5075929029,Simit Salonu,41.012235,28.940292,food,amenity:cafe,cafe,,,,POINT (28.940292 41.012235)
5075929061,Simit Salonu,41.010119,28.947953,food,amenity:cafe,cafe,,,,POINT (28.947953 41.010119)
5243949950,Simit Saray,41.021454,28.945509,food,amenity:cafe,cafe,,,,POINT (28.945509 41.021454)
5106132781,Simit Sarayı,41.016084,28.931084,food,amenity:cafe,cafe,,,,POINT (28.931084 41.016084)
5110347260,Simit Sarayı,41.015282,28.975777,food,amenity:cafe,cafe,,,,POINT (28.975777 41.015282)
5081274330,Simit salonu,41.009962,28.951631,food,amenity:cafe,cafe,,,,POINT (28.951631 41.009962)
5106132768,Simitçi Kahvesi,41.015116,28.933005,food,amenity:cafe,cafe,,,,POINT (28.933005 41.015116)
5053701524,Simurg,41.013444,28.961055,food,amenity:cafe,cafe,,,,POINT (28.961055 41.013444)
5099040173,Sinekli Bakkal Çay Bahçesi,41.008262,28.947359,food,amenity:cafe,cafe,,,,POINT (28.947359 41.008262)
5107245371,Sipahi Oğlu Cafe,41.004895,28.924692,food,amenity:cafe,cafe,,,,POINT (28.924692 41.004895)
5106132747,Sniper Coffee,41.013894,28.93555,food,amenity:cafe,cafe,,,,POINT (28.93555 41.013894)
5194805323,Sofya kebab house,41.004745,28.970999,food,amenity:cafe,cafe,,,,POINT (28.970999 41.004745)
5113471043,Sohbet Çay Evi,41.016891,28.951667,food,amenity:cafe,cafe,,,,POINT (28.951667 41.016891)
5243951382,Sola cafe,41.020202,28.945633,food,amenity:cafe,cafe,,,,POINT (28.945633 41.020202)
5113465012,Somuncu baba,41.019002,28.951097,food,amenity:cafe,cafe,,,,POINT (28.951097 41.019002)
3499249056,Son Osmanlı Nargile Cafe,41.015406,28.941901,food,amenity:cafe,cafe,,,,POINT (28.941901 41.015406)
5243950766,Special Cafe,41.018262,28.945281,food,amenity:cafe,cafe,,,,POINT (28.945281 41.018262)
2113030155,Starbucks,41.014481,28.945086,food,amenity:cafe,cafe,,,,POINT (28.945086 41.014481)
5081442497,Starbucks,41.024549,28.959158,food,amenity:cafe,cafe,,,,POINT (28.959158 41.024549)
5108843728,Starbucks,41.008334,28.973752,food,amenity:cafe,cafe,,,,POINT (28.973752 41.008334)
5243952762,Starbucks,41.017167,28.940939,food,amenity:cafe,cafe,,,,POINT (28.940939 41.017167)
9162042117,Starbucks,41.008474,28.969477,food,amenity:cafe,cafe,,,,POINT (28.969477 41.008474)
5113592128,Sultan Cafe,41.008451,28.937445,food,amenity:cafe,cafe,,,,POINT (28.937445 41.008451)
6274260488,Sultanahmet Kahvesi,41.008336,28.975348,food,amenity:cafe,cafe,,,,POINT (28.975348 41.008336)
5113126642,Sunya Cafe,41.004038,28.931682,food,amenity:cafe,cafe,,,,POINT (28.931682 41.004038)
5113620685,Sur Cafe,41.010311,28.979179,food,amenity:cafe,cafe,,,,POINT (28.979179 41.010311)
5113615750,Sur cafe,41.031181,28.936368,food,amenity:cafe,cafe,,,,POINT (28.936368 41.031181)
6939653172,Süleymaniye Coffee House,41.01575,28.961976,food,amenity:cafe,cafe,,,,POINT (28.961976 41.01575)
12945229563,Süleymaniye Çikolatacısı,41.013031,28.960732,food,amenity:cafe,cafe,,,,POINT (28.960732 41.013031)
7021236414,Sütlü Kahve,41.011379,28.959187,food,amenity:cafe,cafe,,,,POINT (28.959187 41.011379)
5243945203,Sütlükahve,41.01904,28.947934,food,amenity:cafe,cafe,,,,POINT (28.947934 41.01904)
5107247588,Sılam Cafe,41.006957,28.930552,food,amenity:cafe,cafe,,,,POINT (28.930552 41.006957)
5115937998,Sıt-ar Cafe,41.009321,28.930793,food,amenity:cafe,cafe,,,,POINT (28.930793 41.009321)
5113500285,T cafe,41.008111,28.971527,food,amenity:cafe,cafe,,,,POINT (28.971527 41.008111)
5113592168,TADIM,41.011063,28.938705,food,amenity:cafe,cafe,,,,POINT (28.938705 41.011063)
5108837427,Tan Vakti,41.013759,28.97515,food,amenity:cafe,cafe,,,,POINT (28.97515 41.013759)
5113599723,Tarbuş Cafe,41.009813,28.945434,food,amenity:cafe,cafe,,,,POINT (28.945434 41.009813)
5113465234,Tarihi At Pazarı,41.018498,28.952562,food,amenity:cafe,cafe,,,,POINT (28.952562 41.018498)
5113465269,Tarihi merkez çay evi,41.018136,28.951372,food,amenity:cafe,cafe,,,,POINT (28.951372 41.018136)
5113487043,Tarihi vezneciler külhan cafe,41.011464,28.961285,food,amenity:cafe,cafe,,,,POINT (28.961285 41.011464)
8842876518,Tarini Eminönü kahvecisi,41.01641,28.973791,food,amenity:cafe,cafe,,,,POINT (28.973791 41.01641)
5110347256,Tatlıcı Safa Sirkeci,41.014976,28.975606,food,amenity:cafe,cafe,,,,POINT (28.975606 41.014976)
5115937376,Taç Cafe,41.008057,28.93695,food,amenity:cafe,cafe,,,,POINT (28.93695 41.008057)
5107305881,Tea House,41.008529,28.949775,food,amenity:cafe,cafe,,,,POINT (28.949775 41.008529)
5111206131,Teknik Internet cafe,41.020028,28.962236,food,amenity:cafe,cafe,,,,POINT (28.962236 41.020028)
5088190863,Telis Cafe,40.999454,28.932295,food,amenity:cafe,cafe,,,,POINT (28.932295 40.999454)
5113487026,Teras cafe,41.01694,28.964609,food,amenity:cafe,cafe,,,,POINT (28.964609 41.01694)
5110344587,Teras kafe,41.017194,28.964388,food,amenity:cafe,cafe,,,,POINT (28.964388 41.017194)
5081443125,Terzioğlu cafe,41.024622,28.957229,food,amenity:cafe,cafe,,,,POINT (28.957229 41.024622)
7108569085,Teteria Narguile,41.008548,28.970712,food,amenity:cafe,cafe,,,,POINT (28.970712 41.008548)
12347693544,The Coff's,41.013922,28.977041,food,amenity:cafe,cafe,,,,POINT (28.977041 41.013922)
5244801972,The Corner Cafe,41.003699,28.969698,food,amenity:cafe,cafe,,,,POINT (28.969698 41.003699)
5081445066,The House Cafe,41.026414,28.958401,food,amenity:cafe,cafe,,,,POINT (28.958401 41.026414)
5113500242,Timeks cafe,41.004944,28.973621,food,amenity:cafe,cafe,,,,POINT (28.973621 41.004944)
5113620619,Topdeck,41.006231,28.980986,food,amenity:cafe,cafe,,,,POINT (28.980986 41.006231)
5103810798,Topkapi Cafe,41.019746,28.92573,food,amenity:cafe,cafe,,,,POINT (28.92573 41.019746)
11968450324,Topkapu,41.008801,28.981162,food,amenity:cafe,cafe,,,,POINT (28.981162 41.008801)
5111212306,Truva,41.016213,28.973028,food,amenity:cafe,cafe,,,,POINT (28.973028 41.016213)
5244801896,Turkish Street Cafe,41.003449,28.974962,food,amenity:cafe,cafe,,,,POINT (28.974962 41.003449)
5107247603,Tuğra Pastanesi,41.006309,28.929118,food,amenity:cafe,cafe,,,,POINT (28.929118 41.006309)
5244807622,Türk Ocağı İstanbul Şubesi,41.008763,28.972495,food,amenity:cafe,cafe,,,,POINT (28.972495 41.008763)
5489388021,Türk ocagi,41.008781,28.973342,food,amenity:cafe,cafe,,,,POINT (28.973342 41.008781)
5115933203,Türkiș Kafe,41.003469,28.930834,food,amenity:cafe,cafe,,,,POINT (28.930834 41.003469)
5244795903,Ugur Büfe ve Çayocağı,41.016918,28.968711,food,amenity:cafe,cafe,,,,POINT (28.968711 41.016918)
5113127741,Unkap Pastanesi,41.003935,28.931266,food,amenity:cafe,cafe,,,,POINT (28.931266 41.003935)
5244810297,Ureni Cafe,41.005049,28.965167,food,amenity:cafe,cafe,,,,POINT (28.965167 41.005049)
5113126700,Uğur Çay Evi,41.005503,28.930986,food,amenity:cafe,cafe,,,,POINT (28.930986 41.005503)
5110342211,Vabens Cafe & Bistro,41.013074,28.960779,food,amenity:cafe,cafe,,,,POINT (28.960779 41.013074)
5110347242,Valide,41.016024,28.973013,food,amenity:cafe,cafe,,,,POINT (28.973013 41.016024)
9988069817,Vanilla Balat,41.029952,28.950802,food,amenity:cafe,cafe,,,,POINT (28.950802 41.029952)
5081265960,Vatan Cafe,41.012107,28.946381,food,amenity:cafe,cafe,,,,POINT (28.946381 41.012107)
5110342187,Vefa Bozacısı 1876,41.015324,28.958418,food,amenity:cafe,cafe,,,,POINT (28.958418 41.015324)
5053701523,Vefakar,41.013518,28.960538,food,amenity:cafe,cafe,,,,POINT (28.960538 41.013518)
10196872217,Velvet,41.031105,28.9487,food,amenity:cafe,cafe,,,,POINT (28.9487 41.031105)
10296535709,Velvet Cafe Balat,41.031132,28.948745,food,amenity:cafe,cafe,,,,POINT (28.948745 41.031132)
5081265932,Venezia Cafe,41.0125,28.941409,food,amenity:cafe,cafe,,,,POINT (28.941409 41.0125)
5107305862,Vera Cafe,41.00835,28.949383,food,amenity:cafe,cafe,,,,POINT (28.949383 41.00835)
5113481347,Waterpipe,41.020889,28.949057,food,amenity:cafe,cafe,,,,POINT (28.949057 41.020889)
5106121842,Yale Cafe,41.016824,28.954338,food,amenity:cafe,cafe,,,,POINT (28.954338 41.016824)
5113470994,Yaren Çay Ocağı,41.014897,28.927532,food,amenity:cafe,cafe,,,,POINT (28.927532 41.014897)
5081442489,Yarım Elma Kafe,41.02308,28.960943,food,amenity:cafe,cafe,,,,POINT (28.960943 41.02308)
5086061063,Yazicioglu Cafe,41.026028,28.955686,food,amenity:cafe,cafe,,,,POINT (28.955686 41.026028)
4225526502,Yaşar Çay Cafe,41.016564,28.950485,food,amenity:cafe,cafe,,,,POINT (28.950485 41.016564)
11020844512,Yaşayan Mutfak,41.0097,28.976672,food,amenity:cafe,cafe,,,,POINT (28.976672 41.0097)
5113483662,Yedi emirler çay evi,41.020863,28.947167,food,amenity:cafe,cafe,,,,POINT (28.947167 41.020863)
5110344552,Yeditepe cafe,41.017122,28.966355,food,amenity:cafe,cafe,,,,POINT (28.966355 41.017122)
5113470974,Yeraltı Cafe,41.013482,28.923816,food,amenity:cafe,cafe,,,,POINT (28.923816 41.013482)
5113610076,Yeşil karadeniz kıraathanesi,41.031055,28.94472,food,amenity:cafe,cafe,,,,POINT (28.94472 41.031055)
6132533387,Yolsanat,40.99441,28.927367,food,amenity:cafe,cafe,,,,POINT (28.927367 40.99441)
5108843072,Yücer Han Çay Ocağı,41.00914,28.975704,food,amenity:cafe,cafe,,,,POINT (28.975704 41.00914)
5113481391,Yıldırım çay evi,41.024172,28.948316,food,amenity:cafe,cafe,,,,POINT (28.948316 41.024172)
5075929028,Zaitoune Oglu tatlasi,41.012294,28.940187,food,amenity:cafe,cafe,,,,POINT (28.940187 41.012294)
5106123816,Zaitouneh Oğlu,41.020918,28.942452,food,amenity:cafe,cafe,,,,POINT (28.942452 41.020918)
11729934270,Zeyrekhane,41.019915,28.957708,food,amenity:cafe,cafe,,,,POINT (28.957708 41.019915)
5110345634,Zirve büfe,41.011908,28.974807,food,amenity:cafe,cafe,,,,POINT (28.974807 41.011908)
5113465252,Zuhal pastanesi,41.018732,28.952465,food,amenity:cafe,cafe,,,,POINT (28.952465 41.018732)
8829972517,balik ekmek,41.00892,28.96755,food,amenity:cafe,cafe,,,,POINT (28.96755 41.00892)
5040021621,bi kahve,41.014439,28.974736,food,amenity:cafe,cafe,,,,POINT (28.974736 41.014439)
9410434317,degirmencioglu,41.011655,28.97003,food,amenity:cafe,cafe,,,,POINT (28.97003 41.011655)
5088192745,güçlü büfe,41.002167,28.936886,food,amenity:cafe,cafe,,,,POINT (28.936886 41.002167)
5243951400,joman's cafe,41.021194,28.944604,food,amenity:cafe,cafe,,,,POINT (28.944604 41.021194)
5113609519,karagümrük spor lokali cafe,41.026416,28.939977,food,amenity:cafe,cafe,,,,POINT (28.939977 41.026416)
11019981807,mare mosso caffè e vendite,41.034077,28.946383,food,amenity:cafe,cafe,,,,POINT (28.946383 41.034077)
6390543885,peşrevzade,41.014328,28.974861,food,amenity:cafe,cafe,,,,POINT (28.974861 41.014328)
5110342153,pide cafe bestro,41.013541,28.961135,food,amenity:cafe,cafe,,,,POINT (28.961135 41.013541)
5110342151,pipo kafe,41.013302,28.96103,food,amenity:cafe,cafe,,,,POINT (28.96103 41.013302)
9585484817,quedada,41.010972,28.968723,food,amenity:cafe,cafe,,,,POINT (28.968723 41.010972)
5110342148,sahra kafe,41.013422,28.960766,food,amenity:cafe,cafe,,,,POINT (28.960766 41.013422)
5244795904,salep kadem salepçilik,41.016992,28.968815,food,amenity:cafe,cafe,,,,POINT (28.968815 41.016992)
5243951420,sultan jepe,41.021312,28.944977,food,amenity:cafe,cafe,,,,POINT (28.944977 41.021312)
5110342147,tebessüm kafe,41.013444,28.961068,food,amenity:cafe,cafe,,,,POINT (28.961068 41.013444)
5243951378,trend cafe,41.020361,28.945913,food,amenity:cafe,cafe,,,,POINT (28.945913 41.020361)
5113481381,uğur pastanesi,41.023752,28.947679,food,amenity:cafe,cafe,,,,POINT (28.947679 41.023752)
5026474509,vay cafe,41.01091,28.947647,food,amenity:cafe,cafe,,,,POINT (28.947647 41.01091)
5026474514,vay cafe,41.012867,28.945195,food,amenity:cafe,cafe,,,,POINT (28.945195 41.012867)
5110342171,vefa internet cafe,41.016838,28.958609,food,amenity:cafe,cafe,,,,POINT (28.958609 41.016838)
5075962035,yeni kahve,41.012565,28.949086,food,amenity:cafe,cafe,,,,POINT (28.949086 41.012565)
5112749747,Çakırağa Çay Evi,41.032931,28.939584,food,amenity:cafe,cafe,,,,POINT (28.939584 41.032931)
5243951992,Çarkicioglu kunefe,41.01867,28.943997,food,amenity:cafe,cafe,,,,POINT (28.943997 41.01867)
5113483379,Çay,41.021632,28.948058,food,amenity:cafe,cafe,,,,POINT (28.948058 41.021632)
5243951387,Çay,41.020679,28.945095,food,amenity:cafe,cafe,,,,POINT (28.945095 41.020679)
5107245402,Çay Evi,41.006941,28.927568,food,amenity:cafe,cafe,,,,POINT (28.927568 41.006941)
5113125938,Çay Evi,41.004171,28.928847,food,amenity:cafe,cafe,,,,POINT (28.928847 41.004171)
5113127748,Çay Evi,41.005187,28.931549,food,amenity:cafe,cafe,,,,POINT (28.931549 41.005187)
5088194825,Çay Evı,40.999931,28.931674,food,amenity:cafe,cafe,,,,POINT (28.931674 40.999931)
5112749104,Çay Ocağı,41.033243,28.94458,food,amenity:cafe,cafe,,,,POINT (28.94458 41.033243)
5081445083,Çaykur Özel Çaylar Satış Bayii,41.028746,28.952806,food,amenity:cafe,cafe,,,,POINT (28.952806 41.028746)
4940583962,Çi Börek,41.011134,28.934419,food,amenity:cafe,cafe,,,,POINT (28.934419 41.011134)
5113462476,Çikolata hane,41.017253,28.950878,food,amenity:cafe,cafe,,,,POINT (28.950878 41.017253)
8839753117,Çinaralti Cafe,41.01535,28.974288,food,amenity:cafe,cafe,,,,POINT (28.974288 41.01535)
5075929041,Çobanoğlu,41.011112,28.94362,food,amenity:cafe,cafe,,,,POINT (28.94362 41.011112)
5113462472,Çobanoğlu Baklavacı,41.017466,28.950302,food,amenity:cafe,cafe,,,,POINT (28.950302 41.017466)
5115940962,Çınar Cafe,41.000324,28.930751,food,amenity:cafe,cafe,,,,POINT (28.930751 41.000324)
5113495951,Öz cafe,41.026749,28.936149,food,amenity:cafe,cafe,,,,POINT (28.936149 41.026749)
5081442514,Özge Cafe,41.025361,28.958008,food,amenity:cafe,cafe,,,,POINT (28.958008 41.025361)
5108843389,Özgün Çay Evi,41.010664,28.977166,food,amenity:cafe,cafe,,,,POINT (28.977166 41.010664)
5107247558,Özgür Büfe,41.00418,28.929485,food,amenity:cafe,cafe,,,,POINT (28.929485 41.00418)
5243952002,çay evi,41.019238,28.943419,food,amenity:cafe,cafe,,,,POINT (28.943419 41.019238)
5130480321,çikolata cafe,41.021239,28.945613,food,amenity:cafe,cafe,,,,POINT (28.945613 41.021239)
5110342161,özlem kafe,41.016014,28.959137,food,amenity:cafe,cafe,,,,POINT (28.959137 41.016014)
5113481400,İlkerim cafe,41.023624,28.95145,food,amenity:cafe,cafe,,,,POINT (28.95145 41.023624)
5113594821,İnternet Cafe,41.009346,28.947908,food,amenity:cafe,cafe,,,,POINT (28.947908 41.009346)
5113620673,İstanbul Kahvehanesi,41.006212,28.978663,food,amenity:cafe,cafe,,,,POINT (28.978663 41.006212)
5110344548,Şafak Büfe,41.017826,28.966956,food,amenity:cafe,cafe,,,,POINT (28.966956 41.017826)
5113465223,Şam kahvesi,41.017839,28.952099,food,amenity:cafe,cafe,,,,POINT (28.952099 41.017839)
5081442501,Şantiye,41.026041,28.958819,food,amenity:cafe,cafe,,,,POINT (28.958819 41.026041)
5106122985,Şefikoğluları Künefe,41.017159,28.954395,food,amenity:cafe,cafe,,,,POINT (28.954395 41.017159)
5100823715,Şehri destan Cafe,41.01693,28.931141,food,amenity:cafe,cafe,,,,POINT (28.931141 41.01693)
4944079421,Şehzade Nargile Cafe Restaurant,41.005846,28.933919,food,amenity:cafe,cafe,,,,POINT (28.933919 41.005846)
5113465020,Şelale çay evi,41.01796,28.952025,food,amenity:cafe,cafe,,,,POINT (28.952025 41.01796)
5113480886,şam şerif,41.020086,28.948156,food,amenity:cafe,cafe,,,,POINT (28.948156 41.020086)
10781264705,Изил,41.003369,28.968932,food,amenity:cafe,cafe,,,,POINT (28.968932 41.003369)
5108828629,Кафе Стамбул,41.013405,28.978358,food,amenity:cafe,cafe,,,,POINT (28.978358 41.013405)
4299010989,Панорама Стамбула,41.016976,28.966256,food,amenity:cafe,cafe,,,,POINT (28.966256 41.016976)
4318400191,محمد أفندي,41.016553,28.970383,food,amenity:cafe,cafe,,,,POINT (28.970383 41.016553)
5230181122,مطعم طربوش,41.010468,28.946386,food,amenity:cafe,cafe,,,,POINT (28.946386 41.010468)
5106132752,2 Lokma,41.014232,28.934838,food,amenity:restaurant,restaurant,,,,POINT (28.934838 41.014232)
5016287521,2017,41.010174,28.947996,food,amenity:restaurant,restaurant,,,,POINT (28.947996 41.010174)
5188756121,2K Chicken,41.016813,28.970432,food,amenity:restaurant,restaurant,,,,POINT (28.970432 41.016813)
5108843556,360 Panorama Cihannuma Restaurant,41.009146,28.977554,food,amenity:restaurant,restaurant,,,,POINT (28.977554 41.009146)
5112834045,37 sultan restaurant,41.008685,28.951606,food,amenity:restaurant,restaurant,,,,POINT (28.951606 41.008685)
5113620686,3B resturant,41.009867,28.978836,food,amenity:restaurant,restaurant,,,,POINT (28.978836 41.009867)
5081274323,63 Metro Pide,41.010516,28.951441,food,amenity:restaurant,restaurant,,,,POINT (28.951441 41.010516)
4145039606,AGORA Meyhanesi 1890,41.033537,28.946766,food,amenity:restaurant,restaurant,,,,POINT (28.946766 41.033537)
2771801936,ANTEB Kebab & Pizza,41.008581,28.974044,food,amenity:restaurant,restaurant,,,,POINT (28.974044 41.008581)
5100823691,ASRIN PASTANESi,41.019415,28.931988,food,amenity:restaurant,restaurant,,,,POINT (28.931988 41.019415)
5113470996,Abalı Quesillas Mexican Restaurant,41.015183,28.927596,food,amenity:restaurant,restaurant,,,,POINT (28.927596 41.015183)
5113598487,Abo şemso,41.009994,28.941061,food,amenity:restaurant,restaurant,,,,POINT (28.941061 41.009994)
9584848878,Acar Büfe - Hocapaşa Menemencisi,41.014042,28.975426,food,amenity:restaurant,restaurant,,,,POINT (28.975426 41.014042)
5110347273,Acemoğlu Baklavaları,41.016058,28.976222,food,amenity:restaurant,restaurant,,,,POINT (28.976222 41.016058)
5244796162,Acemoğlu Beklavaları,41.017297,28.968848,food,amenity:restaurant,restaurant,,,,POINT (28.968848 41.017297)
5113473738,Acıktım Kardeşler Pide Lahmacun Şehremini,41.012006,28.92475,food,amenity:restaurant,restaurant,,,,POINT (28.92475 41.012006)
5075962044,Acıktım dürüm evi,41.011591,28.950018,food,amenity:restaurant,restaurant,,,,POINT (28.950018 41.011591)
5115937383,Ada Balık Evim,41.00936,28.937601,food,amenity:restaurant,restaurant,,,,POINT (28.937601 41.00936)
9480329226,Adana Güneş Kebap,41.016953,28.956147,food,amenity:restaurant,restaurant,,,,POINT (28.956147 41.016953)
5113599517,Adıvar Cafeteria,41.009511,28.945354,food,amenity:restaurant,restaurant,,,,POINT (28.945354 41.009511)
5110342166,Afacan büfe,41.015608,28.958845,food,amenity:restaurant,restaurant,,,,POINT (28.958845 41.015608)
5243950219,Affouri,41.017049,28.942568,food,amenity:restaurant,restaurant,,,,POINT (28.942568 41.017049)
10183104124,Afghan Faryab restaurant,41.005036,28.958007,food,amenity:restaurant,restaurant,,,,POINT (28.958007 41.005036)
5110342163,Ahmet usta dürüm,41.015527,28.958824,food,amenity:restaurant,restaurant,,,,POINT (28.958824 41.015527)
5243952776,Ahsen hatay sofrasi,41.015241,28.943519,food,amenity:restaurant,restaurant,,,,POINT (28.943519 41.015241)
5111214093,Ahtim,41.004318,28.943793,food,amenity:restaurant,restaurant,,,,POINT (28.943793 41.004318)
5099040204,Ahtım Köfte ve Ev Yemekleri,41.004392,28.943862,food,amenity:restaurant,restaurant,,,,POINT (28.943862 41.004392)
6434110785,Ahır Kapı Fish House,41.003308,28.97985,food,amenity:restaurant,restaurant,,,,POINT (28.97985 41.003308)
5112749785,Ak Çiçek Mangal,41.030439,28.940378,food,amenity:restaurant,restaurant,,,,POINT (28.940378 41.030439)
9383576823,Akar,41.014917,28.963049,food,amenity:restaurant,restaurant,,,,POINT (28.963049 41.014917)
5113620669,Akbıyık Balık Evi,41.004842,28.979573,food,amenity:restaurant,restaurant,,,,POINT (28.979573 41.004842)
5599608787,Akdamar Lokantasi,41.013943,28.976027,food,amenity:restaurant,restaurant,,,,POINT (28.976027 41.013943)
5243950212,Akdeniz Büfe,41.018872,28.946289,food,amenity:restaurant,restaurant,,,,POINT (28.946289 41.018872)
3658729750,Akdeniz Hatay Sofrasi,41.013908,28.945783,food,amenity:restaurant,restaurant,,,,POINT (28.945783 41.013908)
5075994624,Akdeniz Hatay Sofrası,41.01383,28.945738,food,amenity:restaurant,restaurant,,,,POINT (28.945738 41.01383)
5108843969,Akraba Köfteci,41.009757,28.974789,food,amenity:restaurant,restaurant,,,,POINT (28.974789 41.009757)
5081274321,Aksaray Börek,41.010631,28.951424,food,amenity:restaurant,restaurant,,,,POINT (28.951424 41.010631)
5099065446,Aksaray Mangal,41.009076,28.948434,food,amenity:restaurant,restaurant,,,,POINT (28.948434 41.009076)
5026474515,Aksaray Restaurant,41.013466,28.94472,food,amenity:restaurant,restaurant,,,,POINT (28.94472 41.013466)
5130434313,Aksu Restaurant,41.007893,28.954231,food,amenity:restaurant,restaurant,,,,POINT (28.954231 41.007893)
10178438648,Akvaryum Restaurant,41.003659,28.96522,food,amenity:restaurant,restaurant,,,,POINT (28.96522 41.003659)
5113481348,Akçaabat köfte,41.020974,28.949043,food,amenity:restaurant,restaurant,,,,POINT (28.949043 41.020974)
5113611488,Akçiçek doner,41.030199,28.940095,food,amenity:restaurant,restaurant,,,,POINT (28.940095 41.030199)
5106123814,Akşemsettin Balık Lokantası,41.02105,28.942674,food,amenity:restaurant,restaurant,,,,POINT (28.942674 41.02105)
5115939230,Al Baron Restaurant,41.008402,28.936749,food,amenity:restaurant,restaurant,,,,POINT (28.936749 41.008402)
5244807978,Al Rayan Restoran,41.009146,28.967503,food,amenity:restaurant,restaurant,,,,POINT (28.967503 41.009146)
5113480889,Al jenani,41.019902,28.947811,food,amenity:restaurant,restaurant,,,,POINT (28.947811 41.019902)
5243950807,Alamin,41.01985,28.945563,food,amenity:restaurant,restaurant,,,,POINT (28.945563 41.01985)
5108843763,Alaturka Cuisine Cafe and Restaurant,41.008304,28.975406,food,amenity:restaurant,restaurant,,,,POINT (28.975406 41.008304)
5113620641,Albura kathisma resturant & cafe,41.005829,28.980486,food,amenity:restaurant,restaurant,,,,POINT (28.980486 41.005829)
9609786052,Alemdar Restaurant,41.00953,28.978528,food,amenity:restaurant,restaurant,,,,POINT (28.978528 41.00953)
5108843565,Alemdar Restaurant and Cafe,41.009462,28.978236,food,amenity:restaurant,restaurant,,,,POINT (28.978236 41.009462)
5088190876,Ali Haydar İkinci Bahar,40.999974,28.931946,food,amenity:restaurant,restaurant,,,,POINT (28.931946 40.999974)
5107245367,Ali Usta,41.006558,28.924925,food,amenity:restaurant,restaurant,,,,POINT (28.924925 41.006558)
5108843730,Ali Usta,41.008288,28.97412,food,amenity:restaurant,restaurant,,,,POINT (28.97412 41.008288)
5243951532,Ali baba,41.018603,28.946528,food,amenity:restaurant,restaurant,,,,POINT (28.946528 41.018603)
5113500751,Ali usta,41.021127,28.946311,food,amenity:restaurant,restaurant,,,,POINT (28.946311 41.021127)
5112834055,Ali usta baklava,41.008167,28.951906,food,amenity:restaurant,restaurant,,,,POINT (28.951906 41.008167)
5244801993,Alice,41.003624,28.972819,food,amenity:restaurant,restaurant,,,,POINT (28.972819 41.003624)
5075929039,Allüş cafe,41.011017,28.943999,food,amenity:restaurant,restaurant,,,,POINT (28.943999 41.011017)
5110344542,Allı börek,41.017065,28.966763,food,amenity:restaurant,restaurant,,,,POINT (28.966763 41.017065)
5113471040,Almahaba restaurant,41.016651,28.951281,food,amenity:restaurant,restaurant,,,,POINT (28.951281 41.016651)
5243950176,Almanar,41.01715,28.942937,food,amenity:restaurant,restaurant,,,,POINT (28.942937 41.01715)
5075929044,Alnabelsi resturant,41.010888,28.94504,food,amenity:restaurant,restaurant,,,,POINT (28.94504 41.010888)
5113495717,Alnur,41.026738,28.937666,food,amenity:restaurant,restaurant,,,,POINT (28.937666 41.026738)
5075929046,Alqubtan resturants,41.010845,28.944917,food,amenity:restaurant,restaurant,,,,POINT (28.944917 41.010845)
5113483405,Alraii,41.021316,28.947998,food,amenity:restaurant,restaurant,,,,POINT (28.947998 41.021316)
5244807965,Alrayan Restaurant,41.009692,28.969123,food,amenity:restaurant,restaurant,,,,POINT (28.969123 41.009692)
5244803050,Altin Cafe ve Restaurant,41.003249,28.97211,food,amenity:restaurant,restaurant,,,,POINT (28.97211 41.003249)
5108843115,Altin Kupa Restaurant,41.008587,28.977736,food,amenity:restaurant,restaurant,,,,POINT (28.977736 41.008587)
5244810636,Altın Şiş Kebap Salonu,41.006695,28.967831,food,amenity:restaurant,restaurant,,,,POINT (28.967831 41.006695)
5112834068,Altın şiş kebap,41.0082,28.952516,food,amenity:restaurant,restaurant,,,,POINT (28.952516 41.0082)
5112749779,Altınay Kebap Ve Lahmacun,41.031138,28.940861,food,amenity:restaurant,restaurant,,,,POINT (28.940861 41.031138)
5112749742,Altınay Yufkacısı,41.03227,28.940741,food,amenity:restaurant,restaurant,,,,POINT (28.940741 41.03227)
5106132774,Altınkapı Restaurant,41.015405,28.932471,food,amenity:restaurant,restaurant,,,,POINT (28.932471 41.015405)
5244809870,Amcabey Dürüm Kebap Salonu,41.007999,28.967829,food,amenity:restaurant,restaurant,,,,POINT (28.967829 41.007999)
5108843725,Amedros Cafe and Restaurant,41.008349,28.973886,food,amenity:restaurant,restaurant,,,,POINT (28.973886 41.008349)
5108828014,Ana Sofrası,41.013712,28.977509,food,amenity:restaurant,restaurant,,,,POINT (28.977509 41.013712)
5107305890,Ana yurt lokantası,41.008216,28.949498,food,amenity:restaurant,restaurant,,,,POINT (28.949498 41.008216)
12651875858,Anadolu,41.009849,28.976191,food,amenity:restaurant,restaurant,,,,POINT (28.976191 41.009849)
5075993810,Anadolu Büfe,41.014361,28.946091,food,amenity:restaurant,restaurant,,,,POINT (28.946091 41.014361)
5244809916,Anar Kardeşler Köftecisi,41.008497,28.967157,food,amenity:restaurant,restaurant,,,,POINT (28.967157 41.008497)
9480332225,Anas Chicken,41.010079,28.948163,food,amenity:restaurant,restaurant,,,,POINT (28.948163 41.010079)
5075929058,Anas chicken,41.01021,28.947541,food,amenity:restaurant,restaurant,,,,POINT (28.947541 41.01021)
5244809878,Anatolia Restaurant,41.008419,28.968122,food,amenity:restaurant,restaurant,,,,POINT (28.968122 41.008419)
5112834073,Android restaurant,41.00831,28.952796,food,amenity:restaurant,restaurant,,,,POINT (28.952796 41.00831)
5088190867,Annemin Yeri,40.99955,28.932186,food,amenity:restaurant,restaurant,,,,POINT (28.932186 40.99955)
5244809877,Antakya Restaurant,41.008429,28.968318,food,amenity:restaurant,restaurant,,,,POINT (28.968318 41.008429)
3499179004,Antep Kebab,41.008657,28.973555,food,amenity:restaurant,restaurant,,,,POINT (28.973555 41.008657)
12347693559,Antep Kebap Lahmacun,41.014373,28.976568,food,amenity:restaurant,restaurant,,,,POINT (28.976568 41.014373)
5112725594,Antep Sofrası,41.002956,28.925677,food,amenity:restaurant,restaurant,,,,POINT (28.925677 41.002956)
5243950803,Antep sofrasi,41.021235,28.943302,food,amenity:restaurant,restaurant,,,,POINT (28.943302 41.021235)
5112749092,Anteplioğlu Baklavacı,41.03326,28.946447,food,amenity:restaurant,restaurant,,,,POINT (28.946447 41.03326)
13396860950,Antik,41.0104,28.978511,food,amenity:restaurant,restaurant,,,,POINT (28.978511 41.0104)
5088190866,Antik Et Balık,40.999521,28.932187,food,amenity:restaurant,restaurant,,,,POINT (28.932187 40.999521)
5111206141,Antipliogulu,41.019574,28.963222,food,amenity:restaurant,restaurant,,,,POINT (28.963222 41.019574)
10178438663,Apollon Restaurant,41.005883,28.973511,food,amenity:restaurant,restaurant,,,,POINT (28.973511 41.005883)
9043424918,Arapça Kafe,41.004521,28.979734,food,amenity:restaurant,restaurant,,,,POINT (28.979734 41.004521)
5130434317,Ararat Restoran,41.007568,28.954174,food,amenity:restaurant,restaurant,,,,POINT (28.954174 41.007568)
4425687570,Aras (scam place),41.008284,28.97553,food,amenity:restaurant,restaurant,,,,POINT (28.97553 41.008284)
5108843747,Aras Cafe Restaurant,41.008469,28.974493,food,amenity:restaurant,restaurant,,,,POINT (28.974493 41.008469)
4195127490,Arch Bistro,41.004627,28.971265,food,amenity:restaurant,restaurant,,,,POINT (28.971265 41.004627)
5108843369,Arden Teras,41.009899,28.976423,food,amenity:restaurant,restaurant,,,,POINT (28.976423 41.009899)
5575606021,Armada Teras,41.003866,28.981637,food,amenity:restaurant,restaurant,,,,POINT (28.981637 41.003866)
5108843033,Arsenal Cafe and Restaurant,41.008448,28.975426,food,amenity:restaurant,restaurant,,,,POINT (28.975426 41.008448)
5110344580,Arya longue,41.01679,28.965754,food,amenity:restaurant,restaurant,,,,POINT (28.965754 41.01679)
11977690669,As You Sea Seafood & Kepab,41.004011,28.978975,food,amenity:restaurant,restaurant,,,,POINT (28.978975 41.004011)
5113615118,Asitane,41.03087,28.938996,food,amenity:restaurant,restaurant,,,,POINT (28.938996 41.03087)
5244806791,Aslan,41.009813,28.971292,food,amenity:restaurant,restaurant,,,,POINT (28.971292 41.009813)
5244809862,Aslı Börek,41.008278,28.967329,food,amenity:restaurant,restaurant,,,,POINT (28.967329 41.008278)
5081264670,Asmaaltı Dürümc,41.015705,28.939834,food,amenity:restaurant,restaurant,,,,POINT (28.939834 41.015705)
5113592203,Asmalı konağı,41.01101,28.941661,food,amenity:restaurant,restaurant,,,,POINT (28.941661 41.01101)
6960247785,Asur Hotel,41.013215,28.976715,food,amenity:restaurant,restaurant,,,,POINT (28.976715 41.013215)
5108843971,Ateş Büfe,41.009741,28.974652,food,amenity:restaurant,restaurant,,,,POINT (28.974652 41.009741)
5115937214,Avcı Kebap,41.010011,28.931561,food,amenity:restaurant,restaurant,,,,POINT (28.931561 41.010011)
5115939284,Avcı Kebap,41.01004,28.931623,food,amenity:restaurant,restaurant,,,,POINT (28.931623 41.01004)
5088194907,Ay Büfe,41.001806,28.930028,food,amenity:restaurant,restaurant,,,,POINT (28.930028 41.001806)
5108844004,Ayasofya Kebap House,41.00969,28.9761,food,amenity:restaurant,restaurant,,,,POINT (28.9761 41.00969)
5244802006,Ayasofya Liman Restorant,41.004343,28.971454,food,amenity:restaurant,restaurant,,,,POINT (28.971454 41.004343)
5087179445,Aydın kardeşler börekçi,40.995358,28.926284,food,amenity:restaurant,restaurant,,,,POINT (28.926284 40.995358)
5087179443,Aydın kardeşler köfte salonu,40.995258,28.926161,food,amenity:restaurant,restaurant,,,,POINT (28.926161 40.995258)
5111206143,Azimet Et Lokantasi,41.019757,28.963284,food,amenity:restaurant,restaurant,,,,POINT (28.963284 41.019757)
5088194899,Aziz Urfa Kebap ve Lahmacun Salonu,41.003223,28.930735,food,amenity:restaurant,restaurant,,,,POINT (28.930735 41.003223)
5244809903,Aziz Usta,41.007799,28.966756,food,amenity:restaurant,restaurant,,,,POINT (28.966756 41.007799)
5113557342,Aziz oğulları börek salonu,41.010793,28.94286,food,amenity:restaurant,restaurant,,,,POINT (28.94286 41.010793)
5106123770,Ağa Türk Mutfağı,41.025289,28.940343,food,amenity:restaurant,restaurant,,,,POINT (28.940343 41.025289)
5112725608,Aşkla Pasta Cafe,41.002702,28.925063,food,amenity:restaurant,restaurant,,,,POINT (28.925063 41.002702)
5086061067,Aşkın Restoran,41.026018,28.955441,food,amenity:restaurant,restaurant,,,,POINT (28.955441 41.026018)
8553081917,BEHZADEM KEBAB & FİSH HOUSE,41.011597,28.959271,food,amenity:restaurant,restaurant,,,,POINT (28.959271 41.011597)
5113481333,Bab alhara,41.020946,28.949327,food,amenity:restaurant,restaurant,,,,POINT (28.949327 41.020946)
3079823143,Bab-ı Hayat,41.015774,28.971745,food,amenity:restaurant,restaurant,,,,POINT (28.971745 41.015774)
5113609489,Babacan,41.028427,28.93821,food,amenity:restaurant,restaurant,,,,POINT (28.93821 41.028427)
5113620649,Babylonia resturant & pub,41.005805,28.980737,food,amenity:restaurant,restaurant,,,,POINT (28.980737 41.005805)
5110345644,Babı ali restaurant,41.012348,28.975416,food,amenity:restaurant,restaurant,,,,POINT (28.975416 41.012348)
5081445111,Bahçivan Fırını,41.023798,28.95466,food,amenity:restaurant,restaurant,,,,POINT (28.95466 41.023798)
5106122981,Bahçıvan 2 Pide Lavaş Fırını,41.016967,28.95543,food,amenity:restaurant,restaurant,,,,POINT (28.95543 41.016967)
5112736103,Bakırcılar Lokantası,41.012875,28.966196,food,amenity:restaurant,restaurant,,,,POINT (28.966196 41.012875)
10822872909,Balat Pide Lahmacun,41.032631,28.94598,food,amenity:restaurant,restaurant,,,,POINT (28.94598 41.032631)
5081442515,Balaturca,41.026141,28.958565,food,amenity:restaurant,restaurant,,,,POINT (28.958565 41.026141)
5081445068,Balcafe ve Restaurant,41.02658,28.958052,food,amenity:restaurant,restaurant,,,,POINT (28.958052 41.02658)
5243951435,Balik evi,41.021996,28.944631,food,amenity:restaurant,restaurant,,,,POINT (28.944631 41.021996)
5113620630,Balikci Sabahattin,41.004506,28.980606,food,amenity:restaurant,restaurant,,,,POINT (28.980606 41.004506)
5115939266,Balkan Dondurma,41.009534,28.936694,food,amenity:restaurant,restaurant,,,,POINT (28.936694 41.009534)
9998872717,Balkan Lokantasi,41.013875,28.975963,food,amenity:restaurant,restaurant,,,,POINT (28.975963 41.013875)
5108836406,Balkan Lokantası,41.013836,28.975932,food,amenity:restaurant,restaurant,,,,POINT (28.975932 41.013836)
7864511585,Balkan Lokantası,41.013632,28.974779,food,amenity:restaurant,restaurant,,,,POINT (28.974779 41.013632)
5112834048,Balkan lokantası,41.008452,28.951616,food,amenity:restaurant,restaurant,,,,POINT (28.951616 41.008452)
5115937374,Baloon,41.008152,28.936999,food,amenity:restaurant,restaurant,,,,POINT (28.936999 41.008152)
4159236194,Balıkçı Sabahattin,41.004701,28.980572,food,amenity:restaurant,restaurant,,,,POINT (28.980572 41.004701)
5113500245,Baran,41.008082,28.974393,food,amenity:restaurant,restaurant,,,,POINT (28.974393 41.008082)
5108843754,Baran 2 Restoran,41.008226,28.974863,food,amenity:restaurant,restaurant,,,,POINT (28.974863 41.008226)
6255814286,Baran ET & Mangal,41.017461,28.954851,food,amenity:restaurant,restaurant,,,,POINT (28.954851 41.017461)
3100037835,Barbecue House,41.00927,28.97686,food,amenity:restaurant,restaurant,,,,POINT (28.97686 41.00927)
5108843562,Barbeku House,41.008607,28.977714,food,amenity:restaurant,restaurant,,,,POINT (28.977714 41.008607)
5115505469,Barbeku Restoran,41.008194,28.953817,food,amenity:restaurant,restaurant,,,,POINT (28.953817 41.008194)
5113471038,Bayrut oğlu lokantasi,41.016913,28.951554,food,amenity:restaurant,restaurant,,,,POINT (28.951554 41.016913)
5113126702,Bağdatlım,41.00518,28.930981,food,amenity:restaurant,restaurant,,,,POINT (28.930981 41.00518)
5115937321,Başaran Yufka Ve Manti,41.007138,28.928965,food,amenity:restaurant,restaurant,,,,POINT (28.928965 41.007138)
5088194918,Başlangıç Lokantası,41.000213,28.931188,food,amenity:restaurant,restaurant,,,,POINT (28.931188 41.000213)
6594722585,Behzadem Cafe Restaurant,41.011577,28.959217,food,amenity:restaurant,restaurant,,,,POINT (28.959217 41.011577)
5113557370,Beit alezz,41.009707,28.946724,food,amenity:restaurant,restaurant,,,,POINT (28.946724 41.009707)
5244801900,Belli Resturant,41.002862,28.975288,food,amenity:restaurant,restaurant,,,,POINT (28.975288 41.002862)
5099060694,Berat döner,41.006938,28.948956,food,amenity:restaurant,restaurant,,,,POINT (28.948956 41.006938)
5081274098,Bereket Döner,41.015638,28.952258,food,amenity:restaurant,restaurant,,,,POINT (28.952258 41.015638)
5103810785,Bereket Döner Topkapı Kaleiçi,41.019768,28.92825,food,amenity:restaurant,restaurant,,,,POINT (28.92825 41.019768)
5440995527,Beso Restaurant Bistro,41.008684,28.97408,food,amenity:restaurant,restaurant,,,,POINT (28.97408 41.008684)
5115937340,Beyaz Saray Dondurma Ve Boza,41.007022,28.931378,food,amenity:restaurant,restaurant,,,,POINT (28.931378 41.007022)
5112834026,Beyaz geceler restaurant,41.007578,28.952017,food,amenity:restaurant,restaurant,,,,POINT (28.952017 41.007578)
5244807950,Beyazit Sarayi Restorant,41.009391,28.967473,food,amenity:restaurant,restaurant,,,,POINT (28.967473 41.009391)
6939659398,Beydagi,41.015726,28.962887,food,amenity:restaurant,restaurant,,,,POINT (28.962887 41.015726)
5244807922,Beydağı,41.011274,28.97078,food,amenity:restaurant,restaurant,,,,POINT (28.97078 41.011274)
5113128237,Beyoğlu Halk Döner,41.008,28.953722,food,amenity:restaurant,restaurant,,,,POINT (28.953722 41.008)
9113079217,Beyt Halep Cafe & Restaurant,41.010108,28.948054,food,amenity:restaurant,restaurant,,,,POINT (28.948054 41.010108)
5113620702,Big Family,41.013816,28.979108,food,amenity:restaurant,restaurant,,,,POINT (28.979108 41.013816)
5113127734,Big Mammas,41.004258,28.931078,food,amenity:restaurant,restaurant,,,,POINT (28.931078 41.004258)
5099062151,Bilican saray,41.007647,28.948799,food,amenity:restaurant,restaurant,,,,POINT (28.948799 41.007647)
5115933204,Birbey Lahmacun,41.00353,28.930976,food,amenity:restaurant,restaurant,,,,POINT (28.930976 41.00353)
13396860930,Biryani Palace,41.01611,28.976168,food,amenity:restaurant,restaurant,,,,POINT (28.976168 41.01611)
5108836379,Bistro Chef,41.012596,28.97743,food,amenity:restaurant,restaurant,,,,POINT (28.97743 41.012596)
7896553385,Bitlisli,41.01371,28.975576,food,amenity:restaurant,restaurant,,,,POINT (28.975576 41.01371)
5081265935,Bizim Durum kebap Salonu,41.012221,28.941455,food,amenity:restaurant,restaurant,,,,POINT (28.941455 41.012221)
5113471049,Bizim köfte,41.017154,28.950691,food,amenity:restaurant,restaurant,,,,POINT (28.950691 41.017154)
5108827997,Blu Kitchen,41.012614,28.978131,food,amenity:restaurant,restaurant,,,,POINT (28.978131 41.012614)
5108843088,Bodrum Cafe and Restaurant,41.008222,28.977313,food,amenity:restaurant,restaurant,,,,POINT (28.977313 41.008222)
12353422803,Bogenville,41.004194,28.969345,food,amenity:restaurant,restaurant,,,,POINT (28.969345 41.004194)
5244807960,Bolca Köfte Ve Piliç Çevirme,41.009668,28.968252,food,amenity:restaurant,restaurant,,,,POINT (28.968252 41.009668)
5112971839,Bolu tat lokantası,41.006665,28.951675,food,amenity:restaurant,restaurant,,,,POINT (28.951675 41.006665)
5110347262,Bolulu Hasan Usta,41.015488,28.97588,food,amenity:restaurant,restaurant,,,,POINT (28.97588 41.015488)
8247183034,Bombay Masala Indian Restaurant,41.008116,28.971662,food,amenity:restaurant,restaurant,,,,POINT (28.971662 41.008116)
5108827985,Bonos Cafe Restoran,41.014507,28.976361,food,amenity:restaurant,restaurant,,,,POINT (28.976361 41.014507)
5113599484,Borek&pide&doner&cafe,41.009443,28.94553,food,amenity:restaurant,restaurant,,,,POINT (28.94553 41.009443)
5244807989,Bosna,41.008804,28.968532,food,amenity:restaurant,restaurant,,,,POINT (28.968532 41.008804)
5112736082,Bosnak Börekçi,41.014883,28.966183,food,amenity:restaurant,restaurant,,,,POINT (28.966183 41.014883)
5108843560,Boterra,41.008905,28.977397,food,amenity:restaurant,restaurant,,,,POINT (28.977397 41.008905)
1762082631,Boukoleon Fish Restaurant,41.00293,28.975586,food,amenity:restaurant,restaurant,,,,POINT (28.975586 41.00293)
5112750903,Bozkurtlu Lokantası,41.033714,28.946324,food,amenity:restaurant,restaurant,,,,POINT (28.946324 41.033714)
5243951419,Buhara,41.021298,28.945258,food,amenity:restaurant,restaurant,,,,POINT (28.945258 41.021298)
10178410611,Buhara 93 Restaurant,41.004452,28.975175,food,amenity:restaurant,restaurant,,,,POINT (28.975175 41.004452)
9846134917,Buhara Ocakbası,41.010252,28.975331,food,amenity:restaurant,restaurant,,,,POINT (28.975331 41.010252)
5108843989,Buhara Ocakbaşı Restaurant,41.01031,28.975093,food,amenity:restaurant,restaurant,,,,POINT (28.975093 41.01031)
5111212299,Burgerillas,41.017487,28.969406,food,amenity:restaurant,restaurant,,,,POINT (28.969406 41.017487)
5244806787,Bursa Gül Lokantası,41.009529,28.971238,food,amenity:restaurant,restaurant,,,,POINT (28.971238 41.009529)
5076115938,Buryan Kebap Ve Izgara Salonu,40.996348,28.92779,food,amenity:restaurant,restaurant,,,,POINT (28.92779 40.996348)
5106123818,Buuzecedi,41.020833,28.942282,food,amenity:restaurant,restaurant,,,,POINT (28.942282 41.020833)
5111215216,Buylu Mutfak,41.005484,28.936368,food,amenity:restaurant,restaurant,,,,POINT (28.936368 41.005484)
13396860948,Buyruk Esnaf Lokantasi,41.013902,28.976145,food,amenity:restaurant,restaurant,,,,POINT (28.976145 41.013902)
3282470278,By Ferro,41.005169,28.969873,food,amenity:restaurant,restaurant,,,,POINT (28.969873 41.005169)
6521591285,Byzantion Bistro & Restaurant,41.010177,28.954433,food,amenity:restaurant,restaurant,,,,POINT (28.954433 41.010177)
4874834121,Büfe,40.994138,28.922629,food,amenity:restaurant,restaurant,,,,POINT (28.922629 40.994138)
5099040210,Büfe köfte,41.004985,28.943417,food,amenity:restaurant,restaurant,,,,POINT (28.943417 41.004985)
5107305848,Büyük Günaydın Kelle Paça Salonu,41.007422,28.949225,food,amenity:restaurant,restaurant,,,,POINT (28.949225 41.007422)
5244809868,Bıçakçılar,41.007938,28.96748,food,amenity:restaurant,restaurant,,,,POINT (28.96748 41.007938)
10596351605,Cabra Loca Coffee,41.014988,28.973716,food,amenity:restaurant,restaurant,,,,POINT (28.973716 41.014988)
5113611457,Cadde Kebap,41.029037,28.93887,food,amenity:restaurant,restaurant,,,,POINT (28.93887 41.029037)
5113611490,Cadde döner,41.030331,28.940276,food,amenity:restaurant,restaurant,,,,POINT (28.940276 41.030331)
5244796154,Cafe Truva,41.017082,28.968017,food,amenity:restaurant,restaurant,,,,POINT (28.968017 41.017082)
5108836407,Can Oba Restaurant,41.013817,28.975767,food,amenity:restaurant,restaurant,,,,POINT (28.975767 41.013817)
5088192721,Can Pide Börek,41.002746,28.936724,food,amenity:restaurant,restaurant,,,,POINT (28.936724 41.002746)
5099056174,Can Pide Ve Lahmacun Fırını,41.004691,28.944975,food,amenity:restaurant,restaurant,,,,POINT (28.944975 41.004691)
5108843101,Can Restoran,41.008009,28.976892,food,amenity:restaurant,restaurant,,,,POINT (28.976892 41.008009)
5099060696,Can ocakbaşı,41.006969,28.949656,food,amenity:restaurant,restaurant,,,,POINT (28.949656 41.006969)
5103810780,Canip Ustanın Yeri,41.020093,28.927885,food,amenity:restaurant,restaurant,,,,POINT (28.927885 41.020093)
1900626451,Cankurtaran Öğretmenevi,41.004149,28.982151,food,amenity:restaurant,restaurant,,,,POINT (28.982151 41.004149)
5108828005,Capadocia Restaurant,41.012965,28.977916,food,amenity:restaurant,restaurant,,,,POINT (28.977916 41.012965)
5099062130,Casablanca resataurant,41.007269,28.951554,food,amenity:restaurant,restaurant,,,,POINT (28.951554 41.007269)
5111215130,Catkapi ev yemek,41.005581,28.937012,food,amenity:restaurant,restaurant,,,,POINT (28.937012 41.005581)
5244805889,Cemiyet Lokali,41.011038,28.974393,food,amenity:restaurant,restaurant,,,,POINT (28.974393 41.011038)
5244807964,Cennet Ev Yemekleri,41.009725,28.968934,food,amenity:restaurant,restaurant,,,,POINT (28.968934 41.009725)
5111214085,Cesme cihan,41.005346,28.94302,food,amenity:restaurant,restaurant,,,,POINT (28.94302 41.005346)
1762077465,Cheers Soul Kitchen,41.002697,28.974265,food,amenity:restaurant,restaurant,,,,POINT (28.974265 41.002697)
5244803040,Chungiwa,41.003413,28.97421,food,amenity:restaurant,restaurant,,,,POINT (28.97421 41.003413)
974678786,Cibali,41.026682,28.957759,food,amenity:restaurant,restaurant,,,,POINT (28.957759 41.026682)
5081445070,Cibali Vasilis Balıkçısı,41.027277,28.956994,food,amenity:restaurant,restaurant,,,,POINT (28.956994 41.027277)
5081442500,Cibalikapı Balıkçısı Haliç,41.025843,28.958921,food,amenity:restaurant,restaurant,,,,POINT (28.958921 41.025843)
2460942679,Cigeristan,41.01178,28.949324,food,amenity:restaurant,restaurant,,,,POINT (28.949324 41.01178)
5088192732,Cihan Derya Balık,40.999659,28.932172,food,amenity:restaurant,restaurant,,,,POINT (28.932172 40.999659)
5106133706,Cihan Derya Balık,41.012318,28.931671,food,amenity:restaurant,restaurant,,,,POINT (28.931671 41.012318)
5115929120,Cihan Derya Balık,41.009584,28.967201,food,amenity:restaurant,restaurant,,,,POINT (28.967201 41.009584)
5112750901,Cihan Tulumba Baklava,41.033763,28.946156,food,amenity:restaurant,restaurant,,,,POINT (28.946156 41.033763)
4816553622,Cihannuma,41.008555,28.977766,food,amenity:restaurant,restaurant,,,,POINT (28.977766 41.008555)
1914160119,Cistern Restaurant,41.009997,28.979476,food,amenity:restaurant,restaurant,,,,POINT (28.979476 41.009997)
5075962047,Ciğer sarayı,41.011675,28.949556,food,amenity:restaurant,restaurant,,,,POINT (28.949556 41.011675)
5099056170,Ciğerci Kemal Ustanin Yeri,41.004302,28.944833,food,amenity:restaurant,restaurant,,,,POINT (28.944833 41.004302)
5244807970,Ciğerci Üçleri,41.009515,28.968572,food,amenity:restaurant,restaurant,,,,POINT (28.968572 41.009515)
5108827990,Class Rest ve Pide Salonu,41.014281,28.976333,food,amenity:restaurant,restaurant,,,,POINT (28.976333 41.014281)
4195110891,Constantine's Ark,41.012963,28.977057,food,amenity:restaurant,restaurant,,,,POINT (28.977057 41.012963)
5111212300,Cookland,41.01547,28.971612,food,amenity:restaurant,restaurant,,,,POINT (28.971612 41.01547)
11375123135,Cozy Garden Restaurant Cafe,41.013861,28.977145,food,amenity:restaurant,restaurant,,,,POINT (28.977145 41.013861)
5372736551,Cozy Pub & Restaurant,41.00826,28.974363,food,amenity:restaurant,restaurant,,,,POINT (28.974363 41.00826)
5115937341,Crazy Chicken,41.006931,28.931417,food,amenity:restaurant,restaurant,,,,POINT (28.931417 41.006931)
5099040213,Damak Kebap Döner Yemek Salonu,41.005123,28.943296,food,amenity:restaurant,restaurant,,,,POINT (28.943296 41.005123)
5111214088,Damak kebap,41.005063,28.943192,food,amenity:restaurant,restaurant,,,,POINT (28.943192 41.005063)
5103810772,Damak lokantası,41.020202,28.928309,food,amenity:restaurant,restaurant,,,,POINT (28.928309 41.020202)
5103810773,Damak lokantası,41.020221,28.928315,food,amenity:restaurant,restaurant,,,,POINT (28.928315 41.020221)
5106118231,Daphne restaurant,41.012024,28.958001,food,amenity:restaurant,restaurant,,,,POINT (28.958001 41.012024)
1769514222,Daruzziyafe,41.016694,28.962545,food,amenity:restaurant,restaurant,,,,POINT (28.962545 41.016694)
5111205405,Daruzziyafe turkish resturant,41.016377,28.962321,food,amenity:restaurant,restaurant,,,,POINT (28.962321 41.016377)
5243950793,Debs ve Remman,41.020679,28.942344,food,amenity:restaurant,restaurant,,,,POINT (28.942344 41.020679)
5113483630,Dede sultan,41.020788,28.948932,food,amenity:restaurant,restaurant,,,,POINT (28.948932 41.020788)
5244806783,Dehliz Restaurant,41.009241,28.971288,food,amenity:restaurant,restaurant,,,,POINT (28.971288 41.009241)
5108836366,Dejavu Restaurant and Bar,41.012803,28.977686,food,amenity:restaurant,restaurant,,,,POINT (28.977686 41.012803)
5244810316,Delil Döner,41.006256,28.9653,food,amenity:restaurant,restaurant,,,,POINT (28.9653 41.006256)
5112834052,Demet lahmacun kebap,41.008276,28.952062,food,amenity:restaurant,restaurant,,,,POINT (28.952062 41.008276)
5088192731,Deniz Balık Restaurant,40.999777,28.932343,food,amenity:restaurant,restaurant,,,,POINT (28.932343 40.999777)
5081265959,Deniz Ürünleri restoranı,41.011686,28.94697,food,amenity:restaurant,restaurant,,,,POINT (28.94697 41.011686)
5108843074,Deraliye Ottoman Cuisine Restaurant,41.008843,28.97591,food,amenity:restaurant,restaurant,,,,POINT (28.97591 41.008843)
5112725522,Destina Çiğ Köfte,41.002412,28.9301,food,amenity:restaurant,restaurant,,,,POINT (28.9301 41.002412)
5088190875,Develi,40.999983,28.931844,food,amenity:restaurant,restaurant,,,,POINT (28.931844 40.999983)
5244810638,Develi Pide Salonu,41.006652,28.967322,food,amenity:restaurant,restaurant,,,,POINT (28.967322 41.006652)
5107247583,Develi Pidecisi,41.004743,28.928382,food,amenity:restaurant,restaurant,,,,POINT (28.928382 41.004743)
11793844469,Develi1912 Samatya,40.999992,28.931937,food,amenity:restaurant,restaurant,,,,POINT (28.931937 40.999992)
5108844423,Değirmencioğlu,41.0095,28.974363,food,amenity:restaurant,restaurant,,,,POINT (28.974363 41.0095)
5106118237,Diana Restaurant,41.011648,28.957126,food,amenity:restaurant,restaurant,,,,POINT (28.957126 41.011648)
5113125308,Dilek Pastanesi,41.003669,28.93101,food,amenity:restaurant,restaurant,,,,POINT (28.93101 41.003669)
5244796180,Dilek Züccaciye Eminönü,41.01643,28.97018,food,amenity:restaurant,restaurant,,,,POINT (28.97018 41.01643)
5110342204,Direklerarası Kebap Salonu,41.012406,28.959338,food,amenity:restaurant,restaurant,,,,POINT (28.959338 41.012406)
5112728863,Direklerarası Sofrası,41.011873,28.959195,food,amenity:restaurant,restaurant,,,,POINT (28.959195 41.011873)
12954682801,Diva fish kebab restaurant,41.00364,28.979274,food,amenity:restaurant,restaurant,,,,POINT (28.979274 41.00364)
5107305887,Divan Antep,41.00822,28.949612,food,amenity:restaurant,restaurant,,,,POINT (28.949612 41.00822)
5244807903,Divan Kebap Döner Salonu,41.006975,28.965368,food,amenity:restaurant,restaurant,,,,POINT (28.965368 41.006975)
7014934107,Divella Bistro Restaurant,41.006432,28.980818,food,amenity:restaurant,restaurant,,,,POINT (28.980818 41.006432)
5243950211,Diver,41.019521,28.94699,food,amenity:restaurant,restaurant,,,,POINT (28.94699 41.019521)
5115929109,Doce Kebap,41.009562,28.966486,food,amenity:restaurant,restaurant,,,,POINT (28.966486 41.009562)
5106123768,Dodo,41.02534,28.9403,food,amenity:restaurant,restaurant,,,,POINT (28.9403 41.02534)
5040810722,Domino Cafe,41.031776,28.947774,food,amenity:restaurant,restaurant,,,,POINT (28.947774 41.031776)
5112749105,Dondurma,41.033233,28.944643,food,amenity:restaurant,restaurant,,,,POINT (28.944643 41.033233)
5088192754,Dostlar Büfe ve Köfte,41.001948,28.935964,food,amenity:restaurant,restaurant,,,,POINT (28.935964 41.001948)
4936342125,DoyDoy Restaurant,41.004073,28.975458,food,amenity:restaurant,restaurant,,,,POINT (28.975458 41.004073)
5244807948,Doydukmu,41.009438,28.967874,food,amenity:restaurant,restaurant,,,,POINT (28.967874 41.009438)
5088192762,Doyum Kebap Ve Dürüm Salonu,41.001284,28.934508,food,amenity:restaurant,restaurant,,,,POINT (28.934508 41.001284)
5099065456,Doyum Lokantası,41.008821,28.947629,food,amenity:restaurant,restaurant,,,,POINT (28.947629 41.008821)
11980521869,Doyuran Ev Yemekleri,41.004111,28.964435,food,amenity:restaurant,restaurant,,,,POINT (28.964435 41.004111)
5107243193,Doğan Kardeşler Börek Salonu,41.004993,28.926779,food,amenity:restaurant,restaurant,,,,POINT (28.926779 41.004993)
5108843089,Dubb Indian Restaurant,41.008186,28.977124,food,amenity:restaurant,restaurant,,,,POINT (28.977124 41.008186)
5106124378,Dunya Dürüm,41.016245,28.952327,food,amenity:restaurant,restaurant,,,,POINT (28.952327 41.016245)
5113127739,Durak Pide ve Börek,41.004087,28.931174,food,amenity:restaurant,restaurant,,,,POINT (28.931174 41.004087)
5113486738,Durak rumeli köfte,41.029506,28.936122,food,amenity:restaurant,restaurant,,,,POINT (28.936122 41.029506)
5108838375,Duran,41.012481,28.97702,food,amenity:restaurant,restaurant,,,,POINT (28.97702 41.012481)
5111215774,Durmce,41.003856,28.94405,food,amenity:restaurant,restaurant,,,,POINT (28.94405 41.003856)
5113590293,Duru,41.007725,28.943867,food,amenity:restaurant,restaurant,,,,POINT (28.943867 41.007725)
5113620644,Duvares cafe & resturant,41.005434,28.979963,food,amenity:restaurant,restaurant,,,,POINT (28.979963 41.005434)
9833781418,Duygu Aile Salonu,41.017521,28.953863,food,amenity:restaurant,restaurant,,,,POINT (28.953863 41.017521)
5094385428,Duygu Ocakbaşı,41.018029,28.951191,food,amenity:restaurant,restaurant,,,,POINT (28.951191 41.018029)
5113594823,Döner Sadık Usta,41.009056,28.947964,food,amenity:restaurant,restaurant,,,,POINT (28.947964 41.009056)
5113500732,Döner istanbul,41.022201,28.945229,food,amenity:restaurant,restaurant,,,,POINT (28.945229 41.022201)
5244807405,Dönerci Şahin Usta,41.010689,28.97001,food,amenity:restaurant,restaurant,,,,POINT (28.97001 41.010689)
5112749120,Dönerim,41.032827,28.94597,food,amenity:restaurant,restaurant,,,,POINT (28.94597 41.032827)
10087576517,Dürüm Yiyelim,41.01586,28.97278,food,amenity:restaurant,restaurant,,,,POINT (28.97278 41.01586)
5113557345,Dürümcü,41.010733,28.943158,food,amenity:restaurant,restaurant,,,,POINT (28.943158 41.010733)
5081265952,Dürümcü Haşim Usta,41.012823,28.944467,food,amenity:restaurant,restaurant,,,,POINT (28.944467 41.012823)
5112725536,Dürümcü Kerem,41.003712,28.928064,food,amenity:restaurant,restaurant,,,,POINT (28.928064 41.003712)
5244807932,Dürümcü Raif Usta,41.010962,28.970945,food,amenity:restaurant,restaurant,,,,POINT (28.970945 41.010962)
5112971844,Dürümcü mehmetin yeri,41.007115,28.95165,food,amenity:restaurant,restaurant,,,,POINT (28.95165 41.007115)
5244807923,Dürümcü Ömer Usta,41.011193,28.970799,food,amenity:restaurant,restaurant,,,,POINT (28.970799 41.011193)
5244806752,EHLI KEBAP,41.009447,28.970314,food,amenity:restaurant,restaurant,,,,POINT (28.970314 41.009447)
5113592170,EMİRHAN,41.011125,28.93874,food,amenity:restaurant,restaurant,,,,POINT (28.93874 41.011125)
5100823688,ETNA EV YEMEKLERI,41.01952,28.93197,food,amenity:restaurant,restaurant,,,,POINT (28.93197 41.01952)
5113592163,EVRIM EXTRA BUFE,41.010695,28.938526,food,amenity:restaurant,restaurant,,,,POINT (28.938526 41.010695)
5113590304,Eda Büfe,41.008615,28.943699,food,amenity:restaurant,restaurant,,,,POINT (28.943699 41.008615)
5111206136,Eda bufe,41.019769,28.962536,food,amenity:restaurant,restaurant,,,,POINT (28.962536 41.019769)
5108843582,Edun büfe,41.010436,28.977311,food,amenity:restaurant,restaurant,,,,POINT (28.977311 41.010436)
5108843572,Efezade Restaurant Cafe Turkish Delight,41.009588,28.978553,food,amenity:restaurant,restaurant,,,,POINT (28.978553 41.009588)
5113620689,Efezade resturant,41.009847,28.978836,food,amenity:restaurant,restaurant,,,,POINT (28.978836 41.009847)
5110345306,Ehlihan,41.015202,28.971958,food,amenity:restaurant,restaurant,,,,POINT (28.971958 41.015202)
5109654689,Ehlihan Restaurant,41.014691,28.93364,food,amenity:restaurant,restaurant,,,,POINT (28.93364 41.014691)
5108843990,El Amed Terrace Restaurant,41.010307,28.975225,food,amenity:restaurant,restaurant,,,,POINT (28.975225 41.010307)
5108843586,El Pescador RESTAURANT,41.010408,28.978304,food,amenity:restaurant,restaurant,,,,POINT (28.978304 41.010408)
5113620691,Ela Sofia Kebap,41.010248,28.97887,food,amenity:restaurant,restaurant,,,,POINT (28.97887 41.010248)
5075929053,Elefendi,41.010292,28.946984,food,amenity:restaurant,restaurant,,,,POINT (28.946984 41.010292)
5108837424,Elif Büfe,41.013728,28.975183,food,amenity:restaurant,restaurant,,,,POINT (28.975183 41.013728)
5115938128,Elif Büfe,41.008995,28.931252,food,amenity:restaurant,restaurant,,,,POINT (28.931252 41.008995)
5115939938,Elif Büfe,41.011706,28.96848,food,amenity:restaurant,restaurant,,,,POINT (28.96848 41.011706)
5244810310,Elif Köfte Salonu,41.005694,28.965933,food,amenity:restaurant,restaurant,,,,POINT (28.965933 41.005694)
5115935417,Elif Pastanesi,41.00709,28.927511,food,amenity:restaurant,restaurant,,,,POINT (28.927511 41.00709)
12098772701,Emek saray,41.0116,28.958285,food,amenity:restaurant,restaurant,,,,POINT (28.958285 41.0116)
5244812077,Eminönü Balikçisi ve Cafe,41.01903,28.965252,food,amenity:restaurant,restaurant,,,,POINT (28.965252 41.01903)
5115933151,Emir sultan,41.000275,28.930481,food,amenity:restaurant,restaurant,,,,POINT (28.930481 41.000275)
5108836392,Enes İbrahim,41.013404,28.976344,food,amenity:restaurant,restaurant,,,,POINT (28.976344 41.013404)
5081610940,Engin Pastanesi,40.996271,28.924147,food,amenity:restaurant,restaurant,,,,POINT (28.924147 40.996271)
5108836375,Enjoy Pub Restaurant,41.013263,28.977008,food,amenity:restaurant,restaurant,,,,POINT (28.977008 41.013263)
5108843065,Enjoyer cafe correcto Restaurant,41.008965,28.975571,food,amenity:restaurant,restaurant,,,,POINT (28.975571 41.008965)
5086061098,Ensar Aile Börek Salonu,41.024694,28.954862,food,amenity:restaurant,restaurant,,,,POINT (28.954862 41.024694)
5111206123,Ercanlar,41.019801,28.96172,food,amenity:restaurant,restaurant,,,,POINT (28.96172 41.019801)
10178410610,Erciyes Cafe & Restaurant,41.005019,28.969999,food,amenity:restaurant,restaurant,,,,POINT (28.969999 41.005019)
3100037836,Erol,41.00861,28.973857,food,amenity:restaurant,restaurant,,,,POINT (28.973857 41.00861)
5113624629,Erol Taş Cafe & Resturant,41.005278,28.981642,food,amenity:restaurant,restaurant,,,,POINT (28.981642 41.005278)
3090853858,Erzincanlı Ali Baba Restoran,41.015514,28.963271,food,amenity:restaurant,restaurant,,,,POINT (28.963271 41.015514)
5243952770,Erzurum Cağ Kebap,41.015725,28.942891,food,amenity:restaurant,restaurant,,,,POINT (28.942891 41.015725)
2984153151,Esmer Chef,41.015513,28.975896,food,amenity:restaurant,restaurant,,,,POINT (28.975896 41.015513)
6968692361,Esmer Chef Fish House,41.015816,28.976069,food,amenity:restaurant,restaurant,,,,POINT (28.976069 41.015816)
5113611475,Et ustası,41.029576,28.939479,food,amenity:restaurant,restaurant,,,,POINT (28.939479 41.029576)
5113126686,Etibeyaz,41.006451,28.931103,food,amenity:restaurant,restaurant,,,,POINT (28.931103 41.006451)
5113500731,Etibeyaz,41.022235,28.945175,food,amenity:restaurant,restaurant,,,,POINT (28.945175 41.022235)
5081264669,Evim Iskender Kebap,41.015834,28.939657,food,amenity:restaurant,restaurant,,,,POINT (28.939657 41.015834)
5115937391,Evrim Restoran,41.010889,28.938308,food,amenity:restaurant,restaurant,,,,POINT (28.938308 41.010889)
5026474506,Ewan Restaurant,41.010248,28.947407,food,amenity:restaurant,restaurant,,,,POINT (28.947407 41.010248)
5112728862,Express Restaurant and Pub,41.011927,28.959088,food,amenity:restaurant,restaurant,,,,POINT (28.959088 41.011927)
5099062148,Eyfel hotelium cafe and restaurant,41.007667,28.949252,food,amenity:restaurant,restaurant,,,,POINT (28.949252 41.007667)
5112729005,Eyfel restaurant,41.010408,28.9583,food,amenity:restaurant,restaurant,,,,POINT (28.9583 41.010408)
5087172338,Eyüp Sultan Sofrası,40.996938,28.928076,food,amenity:restaurant,restaurant,,,,POINT (28.928076 40.996938)
5244802005,Ezgi restaurant,41.00421,28.971572,food,amenity:restaurant,restaurant,,,,POINT (28.971572 41.00421)
5244811471,Fahri Usta,41.011186,28.96935,food,amenity:restaurant,restaurant,,,,POINT (28.96935 41.011186)
4429003940,Falafel & Humus,41.008645,28.971502,food,amenity:restaurant,restaurant,,,,POINT (28.971502 41.008645)
5243950785,Falafel alshalal,41.020238,28.941615,food,amenity:restaurant,restaurant,,,,POINT (28.941615 41.020238)
5108843727,Faros Restaurant Cafe,41.008354,28.973734,food,amenity:restaurant,restaurant,,,,POINT (28.973734 41.008354)
5087179431,Farrujna,40.994452,28.925253,food,amenity:restaurant,restaurant,,,,POINT (28.925253 40.994452)
5110347270,Faruk Güllüoğlu,41.015824,28.976106,food,amenity:restaurant,restaurant,,,,POINT (28.976106 41.015824)
5108837455,Fasuli,41.014493,28.975598,food,amenity:restaurant,restaurant,,,,POINT (28.975598 41.014493)
5111215770,Fasuli,41.003516,28.943556,food,amenity:restaurant,restaurant,,,,POINT (28.943556 41.003516)
5075929024,Fateh Alhayr resturant,41.012946,28.938687,food,amenity:restaurant,restaurant,,,,POINT (28.938687 41.012946)
4419254703,Fatih Belediyesi,41.031038,28.939442,food,amenity:restaurant,restaurant,,,,POINT (28.939442 41.031038)
6662592985,Fatih Belediyesi çatladikapi sosyal tesisi,41.001667,28.973533,food,amenity:restaurant,restaurant,,,,POINT (28.973533 41.001667)
5106121858,Fatih Damak Pide,41.016374,28.952488,food,amenity:restaurant,restaurant,,,,POINT (28.952488 41.016374)
5106122992,Fatih Karadeniz Pidecisi,41.016724,28.952406,food,amenity:restaurant,restaurant,,,,POINT (28.952406 41.016724)
5244809863,Fatih Köfte,41.008321,28.9675,food,amenity:restaurant,restaurant,,,,POINT (28.9675 41.008321)
5113465270,Fatih Köfte ve Yemek Salonu,41.018103,28.951285,food,amenity:restaurant,restaurant,,,,POINT (28.951285 41.018103)
4225492003,Fatih Sarmacısı,41.017662,28.950493,food,amenity:restaurant,restaurant,,,,POINT (28.950493 41.017662)
5106122982,Fatih Sur Börekçisi,41.016881,28.955539,food,amenity:restaurant,restaurant,,,,POINT (28.955539 41.016881)
5113480872,Fatih alhayr,41.020313,28.948778,food,amenity:restaurant,restaurant,,,,POINT (28.948778 41.020313)
5113465251,Fatih dekorasyon,41.018777,28.952342,food,amenity:restaurant,restaurant,,,,POINT (28.952342 41.018777)
5243951409,Fatih durum,41.021833,28.944644,food,amenity:restaurant,restaurant,,,,POINT (28.944644 41.021833)
5113483402,Fatih esnaflar lokantası,41.021362,28.947974,food,amenity:restaurant,restaurant,,,,POINT (28.947974 41.021362)
5108308875,Fatih Çitir Pide,41.01939,28.95508,food,amenity:restaurant,restaurant,,,,POINT (28.95508 41.01939)
5607713423,Fener Restaurant,41.004045,28.964013,food,amenity:restaurant,restaurant,,,,POINT (28.964013 41.004045)
5100823716,Ferda Börek Salonu,41.016899,28.931175,food,amenity:restaurant,restaurant,,,,POINT (28.931175 41.016899)
5113592158,Fetih Börek & Pide,41.010328,28.93837,food,amenity:restaurant,restaurant,,,,POINT (28.93837 41.010328)
11281508270,Fetih Iskembe,41.033512,28.946538,food,amenity:restaurant,restaurant,,,,POINT (28.946538 41.033512)
5115937824,Feyzi Usta Kadayıf ve Baklavaları,41.010275,28.931374,food,amenity:restaurant,restaurant,,,,POINT (28.931374 41.010275)
5244795911,Filibe Köfte,41.016666,28.969326,food,amenity:restaurant,restaurant,,,,POINT (28.969326 41.016666)
5108843048,Firuz Aga Restaurant,41.008121,28.976083,food,amenity:restaurant,restaurant,,,,POINT (28.976083 41.008121)
5081264682,Flavory Restaurant,41.010273,28.947322,food,amenity:restaurant,restaurant,,,,POINT (28.947322 41.010273)
5111215218,Fonyali,41.005783,28.936111,food,amenity:restaurant,restaurant,,,,POINT (28.936111 41.005783)
5088190871,Forsa Balık,40.999799,28.931984,food,amenity:restaurant,restaurant,,,,POINT (28.931984 40.999799)
5108843090,Fuego Restaurant,41.008211,28.976941,food,amenity:restaurant,restaurant,,,,POINT (28.976941 41.008211)
5113599507,Furkan Döner,41.008605,28.945284,food,amenity:restaurant,restaurant,,,,POINT (28.945284 41.008605)
11002665634,Fülâne,41.013974,28.977751,food,amenity:restaurant,restaurant,,,,POINT (28.977751 41.013974)
4124679394,Fındık Kabuğu Restoran,41.031826,28.948906,food,amenity:restaurant,restaurant,,,,POINT (28.948906 41.031826)
5243953074,Fındık Kabuğu Restoran,41.031844,28.948907,food,amenity:restaurant,restaurant,,,,POINT (28.948907 41.031844)
5111215200,Fırat Kepab,41.006998,28.937806,food,amenity:restaurant,restaurant,,,,POINT (28.937806 41.006998)
5244810644,Fırat Ocakbaşı,41.007007,28.965528,food,amenity:restaurant,restaurant,,,,POINT (28.965528 41.007007)
5108837444,GAR PUB Cafe & Restaurant,41.014283,28.976358,food,amenity:restaurant,restaurant,,,,POINT (28.976358 41.014283)
5113592154,GIRNE,41.010049,28.938229,food,amenity:restaurant,restaurant,,,,POINT (28.938229 41.010049)
5112728877,Gala Kokoreç,41.011108,28.959255,food,amenity:restaurant,restaurant,,,,POINT (28.959255 41.011108)
5108828645,Galata Fish & Kebab Restaurant,41.014329,28.976851,food,amenity:restaurant,restaurant,,,,POINT (28.976851 41.014329)
5244801877,Garden 1897 Restaurant,41.004117,28.972529,food,amenity:restaurant,restaurant,,,,POINT (28.972529 41.004117)
11341593119,Garden mezze,41.014521,28.977339,food,amenity:restaurant,restaurant,,,,POINT (28.977339 41.014521)
5113620655,Garden resturant,41.005686,28.980291,food,amenity:restaurant,restaurant,,,,POINT (28.980291 41.005686)
5075993808,Gaza Vattan Felafel,41.01301,28.947268,food,amenity:restaurant,restaurant,,,,POINT (28.947268 41.01301)
5107245412,Gaziantep Kilis Kebap ve Lahmacun,41.006686,28.924678,food,amenity:restaurant,restaurant,,,,POINT (28.924678 41.006686)
5100825078,Gaziantep Ocakbaşı Topkapı,41.021239,28.927476,food,amenity:restaurant,restaurant,,,,POINT (28.927476 41.021239)
5106118291,Gaziantep Restaurant,41.011795,28.953819,food,amenity:restaurant,restaurant,,,,POINT (28.953819 41.011795)
5115937378,Gaziantep Zahter Sofrası,41.008672,28.937265,food,amenity:restaurant,restaurant,,,,POINT (28.937265 41.008672)
5113465015,Gaziantep ünal,41.018463,28.951563,food,amenity:restaurant,restaurant,,,,POINT (28.951563 41.018463)
5115937213,Gaziantep'li Künefeci Ömer Usta,41.010287,28.931558,food,amenity:restaurant,restaurant,,,,POINT (28.931558 41.010287)
5107305896,Gaziantepli,41.008212,28.949243,food,amenity:restaurant,restaurant,,,,POINT (28.949243 41.008212)
5244809902,Gaziantepli Altınoğlu Baklava,41.007897,28.967092,food,amenity:restaurant,restaurant,,,,POINT (28.967092 41.007897)
5111215131,Gaziantepli Usta,41.005581,28.937098,food,amenity:restaurant,restaurant,,,,POINT (28.937098 41.005581)
5244807956,Gelgör Kebap Salonu,41.009815,28.968147,food,amenity:restaurant,restaurant,,,,POINT (28.968147 41.009815)
5113590319,General Sofrası,41.008983,28.947798,food,amenity:restaurant,restaurant,,,,POINT (28.947798 41.008983)
5111215777,Giger kepeb,41.004286,28.94478,food,amenity:restaurant,restaurant,,,,POINT (28.94478 41.004286)
2894123844,Giorgi,41.008008,28.949337,food,amenity:restaurant,restaurant,,,,POINT (28.949337 41.008008)
5099062155,Giorgi,41.007667,28.948558,food,amenity:restaurant,restaurant,,,,POINT (28.948558 41.007667)
1808533830,Giritli,41.003659,28.980732,food,amenity:restaurant,restaurant,,,,POINT (28.980732 41.003659)
5244812128,Golden Night,41.019346,28.96732,food,amenity:restaurant,restaurant,,,,POINT (28.96732 41.019346)
5115937389,Goralı 1945,41.010817,28.938322,food,amenity:restaurant,restaurant,,,,POINT (28.938322 41.010817)
8468053017,Grace Rooftop Restaurant,41.006259,28.973669,food,amenity:restaurant,restaurant,,,,POINT (28.973669 41.006259)
10178410586,Green,41.003968,28.965002,food,amenity:restaurant,restaurant,,,,POINT (28.965002 41.003968)
9782808313,Green Garden Cafe,41.014223,28.978588,food,amenity:restaurant,restaurant,,,,POINT (28.978588 41.014223)
12339920801,Green Hill,41.007067,28.973316,food,amenity:restaurant,restaurant,,,,POINT (28.973316 41.007067)
5236198780,Gulhane Sark Sofrasi,41.010723,28.977653,food,amenity:restaurant,restaurant,,,,POINT (28.977653 41.010723)
5110347237,Gungenci,41.016412,28.973737,food,amenity:restaurant,restaurant,,,,POINT (28.973737 41.016412)
5113599728,Gökhan Büfe,41.009008,28.943598,food,amenity:restaurant,restaurant,,,,POINT (28.943598 41.009008)
5086061041,Gökkuşağı Meze Ve Ev Yemekler,41.02691,28.955392,food,amenity:restaurant,restaurant,,,,POINT (28.955392 41.02691)
5106122989,Göktaş Branda,41.016746,28.955371,food,amenity:restaurant,restaurant,,,,POINT (28.955371 41.016746)
10178438617,Gölçek Restaurant,41.003734,28.964969,food,amenity:restaurant,restaurant,,,,POINT (28.964969 41.003734)
5244807884,Göçmen Börekçisi,41.008698,28.967437,food,amenity:restaurant,restaurant,,,,POINT (28.967437 41.008698)
5106123803,Gül Evi Restaurant,41.022003,28.944297,food,amenity:restaurant,restaurant,,,,POINT (28.944297 41.022003)
5244806804,Gül Tantik,41.009782,28.972084,food,amenity:restaurant,restaurant,,,,POINT (28.972084 41.009782)
5243950731,Gülbenoğlu,41.017657,28.943763,food,amenity:restaurant,restaurant,,,,POINT (28.943763 41.017657)
3498778647,Güler Restaurant,41.012583,28.958166,food,amenity:restaurant,restaurant,,,,POINT (28.958166 41.012583)
5113620697,Gülhane cafe & resturant,41.014156,28.979361,food,amenity:restaurant,restaurant,,,,POINT (28.979361 41.014156)
5244809855,Güloğlu Baklava ve Börek Salonu,41.00798,28.967226,food,amenity:restaurant,restaurant,,,,POINT (28.967226 41.00798)
5088192729,Günbilir Balık Restaurant,41.000058,28.932262,food,amenity:restaurant,restaurant,,,,POINT (28.932262 41.000058)
5081610907,Günbilir balık lokantası,40.993251,28.926857,food,amenity:restaurant,restaurant,,,,POINT (28.926857 40.993251)
4601423517,Güneydoğu Sofrası,41.017141,28.954654,food,amenity:restaurant,restaurant,,,,POINT (28.954654 41.017141)
5106122987,Güneydoğu Sofrası,41.017148,28.954742,food,amenity:restaurant,restaurant,,,,POINT (28.954742 41.017148)
5244810626,Gür Kebap,41.006617,28.966535,food,amenity:restaurant,restaurant,,,,POINT (28.966535 41.006617)
5106122968,Güven Ocakbaşı,41.017165,28.955764,food,amenity:restaurant,restaurant,,,,POINT (28.955764 41.017165)
5665463134,Güvenç Konyalı,41.014331,28.975486,food,amenity:restaurant,restaurant,,,,POINT (28.975486 41.014331)
5103810806,HATAY OCAKBAŞI RESTAURANT,41.017625,28.92926,food,amenity:restaurant,restaurant,,,,POINT (28.92926 41.017625)
5106121854,Hacielaziz Çiğköfte,41.017337,28.95339,food,amenity:restaurant,restaurant,,,,POINT (28.95339 41.017337)
5243952628,Hacilaziz,41.016553,28.94593,food,amenity:restaurant,restaurant,,,,POINT (28.94593 41.016553)
5111215215,Hacioglarri,41.005613,28.93639,food,amenity:restaurant,restaurant,,,,POINT (28.93639 41.005613)
5244805719,Hacı Ali Usta,41.010644,28.972756,food,amenity:restaurant,restaurant,,,,POINT (28.972756 41.010644)
12347693561,Hacı Beyaz Chef,41.014368,28.976857,food,amenity:restaurant,restaurant,,,,POINT (28.976857 41.014368)
5113128078,Hacı Bozan Oğulları,41.009362,28.95625,food,amenity:restaurant,restaurant,,,,POINT (28.95625 41.009362)
5099060706,Hacı kral mutfağı,41.006603,28.951514,food,amenity:restaurant,restaurant,,,,POINT (28.951514 41.006603)
5113500764,Hacıoğlu,41.020448,28.947,food,amenity:restaurant,restaurant,,,,POINT (28.947 41.020448)
5106123820,Hadramot Yemeni Restaurant,41.02053,28.9418,food,amenity:restaurant,restaurant,,,,POINT (28.9418 41.02053)
5108843102,Hafız Mustafa,41.007983,28.976908,food,amenity:restaurant,restaurant,,,,POINT (28.976908 41.007983)
5113127740,Hafızoğulları Lokantası,41.003911,28.931233,food,amenity:restaurant,restaurant,,,,POINT (28.931233 41.003911)
5112749787,Hakan Cafe Börek Salonu,41.030051,28.941009,food,amenity:restaurant,restaurant,,,,POINT (28.941009 41.030051)
5113599475,Hakiki hatay urunleri,41.008259,28.940363,food,amenity:restaurant,restaurant,,,,POINT (28.940363 41.008259)
5075993816,Halep restaurant,41.013061,28.947139,food,amenity:restaurant,restaurant,,,,POINT (28.947139 41.013061)
5075962026,Halil ibrahim şark sofrası,41.012727,28.948388,food,amenity:restaurant,restaurant,,,,POINT (28.948388 41.012727)
262402714,Hamdi,41.017163,28.969899,food,amenity:restaurant,restaurant,,,,POINT (28.969899 41.017163)
11212829440,Han Atlas Üzbek Restaurant,41.005789,28.962071,food,amenity:restaurant,restaurant,,,,POINT (28.962071 41.005789)
5110342181,Hanedan kebap,41.015964,28.957601,food,amenity:restaurant,restaurant,,,,POINT (28.957601 41.015964)
5113592131,Hanim eli,41.008777,28.937597,food,amenity:restaurant,restaurant,,,,POINT (28.937597 41.008777)
6961507386,Hanzade Terrace Restaurant,41.006445,28.970054,food,amenity:restaurant,restaurant,,,,POINT (28.970054 41.006445)
5113462480,Hanımeli kıztaşı,41.016929,28.951172,food,amenity:restaurant,restaurant,,,,POINT (28.951172 41.016929)
5106124123,Happy Chicken,41.020412,28.941585,food,amenity:restaurant,restaurant,,,,POINT (28.941585 41.020412)
5086061053,Hasan Usta,41.026468,28.955546,food,amenity:restaurant,restaurant,,,,POINT (28.955546 41.026468)
5088192722,Hasanoğlu Börek Pasta ve Cafe,41.002836,28.936713,food,amenity:restaurant,restaurant,,,,POINT (28.936713 41.002836)
11265105037,Hasanpaşa Konaği,41.009257,28.961273,food,amenity:restaurant,restaurant,,,,POINT (28.961273 41.009257)
5113599512,Haseki Ev Yemekleri,41.009186,28.944781,food,amenity:restaurant,restaurant,,,,POINT (28.944781 41.009186)
6731413485,Haskral Hatay Sofrasi,41.012586,28.949009,food,amenity:restaurant,restaurant,,,,POINT (28.949009 41.012586)
6732844986,Haskral Hatay Sofrasi,41.012592,28.948989,food,amenity:restaurant,restaurant,,,,POINT (28.948989 41.012592)
5244812103,Hasırcılar Kebap Salonu,41.01821,28.967499,food,amenity:restaurant,restaurant,,,,POINT (28.967499 41.01821)
5244796163,Hatay Asi Künefeleri,41.01726,28.968929,food,amenity:restaurant,restaurant,,,,POINT (28.968929 41.01726)
5075962045,Hatay medeniyetler sofrası,41.011688,28.950053,food,amenity:restaurant,restaurant,,,,POINT (28.950053 41.011688)
5099065509,Hatay İkizler Tatlıcısı,41.007028,28.94228,food,amenity:restaurant,restaurant,,,,POINT (28.94228 41.007028)
6449136888,Havuzbaşı Restoran Yenikapı,41.001744,28.960891,food,amenity:restaurant,restaurant,,,,POINT (28.960891 41.001744)
5243951555,Hayat lokantasi,41.016419,28.94872,food,amenity:restaurant,restaurant,,,,POINT (28.94872 41.016419)
5108843342,Hazal Börek Salonu,41.010417,28.974817,food,amenity:restaurant,restaurant,,,,POINT (28.974817 41.010417)
5113125300,Hazal Döner,41.003934,28.931798,food,amenity:restaurant,restaurant,,,,POINT (28.931798 41.003934)
5113125921,Hazal Pide Ve Börek Salonu,41.003542,28.929973,food,amenity:restaurant,restaurant,,,,POINT (28.929973 41.003542)
5088192735,Helena Çak Stone,41.000186,28.931873,food,amenity:restaurant,restaurant,,,,POINT (28.931873 41.000186)
5088192773,Hemşerim Durumcusu,40.999658,28.931432,food,amenity:restaurant,restaurant,,,,POINT (28.931432 40.999658)
5088194893,Her Telden Çılgın Kebapçı,41.003502,28.931261,food,amenity:restaurant,restaurant,,,,POINT (28.931261 41.003502)
9833780518,Hesap Dokumu,41.004637,28.971102,food,amenity:restaurant,restaurant,,,,POINT (28.971102 41.004637)
5244803035,Hippodrome Restaurant,41.00339,28.974778,food,amenity:restaurant,restaurant,,,,POINT (28.974778 41.00339)
5115938123,Hira Kebap ve Dürüm Evi,41.007206,28.928668,food,amenity:restaurant,restaurant,,,,POINT (28.928668 41.007206)
5244807847,Hira Lokantası,41.004832,28.965649,food,amenity:restaurant,restaurant,,,,POINT (28.965649 41.004832)
5243950801,Hirka-i sherif,41.021168,28.943216,food,amenity:restaurant,restaurant,,,,POINT (28.943216 41.021168)
12347693558,Hocapaşa Fish & Kebab,41.013879,28.976426,food,amenity:restaurant,restaurant,,,,POINT (28.976426 41.013879)
5108837440,Hocapaşa Pidecisi,41.013976,28.975606,food,amenity:restaurant,restaurant,,,,POINT (28.975606 41.013976)
5112732232,Hotel Kaya Restaurant,41.010957,28.958653,food,amenity:restaurant,restaurant,,,,POINT (28.958653 41.010957)
5108843525,House of Medusa,41.008764,28.977221,food,amenity:restaurant,restaurant,,,,POINT (28.977221 41.008764)
5107305840,Huzur Uygur Mufatğı,41.007843,28.948773,food,amenity:restaurant,restaurant,,,,POINT (28.948773 41.007843)
5087179433,Hükümran Sofrası,40.994685,28.925438,food,amenity:restaurant,restaurant,,,,POINT (28.925438 40.994685)
6763640185,Hüner Ev Yemekleri,41.016582,28.937327,food,amenity:restaurant,restaurant,,,,POINT (28.937327 41.016582)
5111215128,Ikizler pilavci,41.005468,28.936776,food,amenity:restaurant,restaurant,,,,POINT (28.936776 41.005468)
5111215129,Is doner,41.0055,28.936883,food,amenity:restaurant,restaurant,,,,POINT (28.936883 41.0055)
10589342905,Istanbul Anatolian cuisine,41.003401,28.972321,food,amenity:restaurant,restaurant,,,,POINT (28.972321 41.003401)
5244809858,Istanbul Restaurant,41.0082,28.967299,food,amenity:restaurant,restaurant,,,,POINT (28.967299 41.0082)
5026652711,Izgara Evi Restuarant,41.011029,28.942264,food,amenity:restaurant,restaurant,,,,POINT (28.942264 41.011029)
5111215179,Jalal,41.00733,28.942591,food,amenity:restaurant,restaurant,,,,POINT (28.942591 41.00733)
5106122966,Jing Ya Tang Restaurant,41.019102,28.957747,food,amenity:restaurant,restaurant,,,,POINT (28.957747 41.019102)
5081442470,Jing ya Tang Restaurant,41.019096,28.957813,food,amenity:restaurant,restaurant,,,,POINT (28.957813 41.019096)
5115937363,KEBAPCI CAHIT USTA,41.006968,28.93533,food,amenity:restaurant,restaurant,,,,POINT (28.93533 41.006968)
5244806784,KOSEM,41.009369,28.971288,food,amenity:restaurant,restaurant,,,,POINT (28.971288 41.009369)
5110342205,Kadeli büfe,41.012384,28.95944,food,amenity:restaurant,restaurant,,,,POINT (28.95944 41.012384)
9785338497,Kadioglu Et Lokantasi,41.019872,28.962465,food,amenity:restaurant,restaurant,,,,POINT (28.962465 41.019872)
5111206130,Kadioglu kofte salonu,41.019839,28.96227,food,amenity:restaurant,restaurant,,,,POINT (28.96227 41.019839)
10178438659,Kadırga Cafe & Restaurant,41.004781,28.968185,food,amenity:restaurant,restaurant,,,,POINT (28.968185 41.004781)
5244802008,Kadırga Resturant,41.004519,28.971446,food,amenity:restaurant,restaurant,,,,POINT (28.971446 41.004519)
10178438664,Kaki Umbrella Restaurant Terrace,41.004868,28.979593,food,amenity:restaurant,restaurant,,,,POINT (28.979593 41.004868)
5112834071,Kakule cafe ve restaurant,41.00831,28.95264,food,amenity:restaurant,restaurant,,,,POINT (28.95264 41.00831)
5110345311,Kakşioğlu kafeterya,41.015089,28.971659,food,amenity:restaurant,restaurant,,,,POINT (28.971659 41.015089)
5244801828,Kale Derya,41.002832,28.970797,food,amenity:restaurant,restaurant,,,,POINT (28.970797 41.002832)
10178438628,Kalem Restaurant,41.006172,28.973224,food,amenity:restaurant,restaurant,,,,POINT (28.973224 41.006172)
5115937987,Kalite Börek Salonu,41.010236,28.929063,food,amenity:restaurant,restaurant,,,,POINT (28.929063 41.010236)
4343584752,Kalyon,41.0032,28.980911,food,amenity:restaurant,restaurant,,,,POINT (28.980911 41.0032)
5244807839,Karacadağ Sofrası,41.005087,28.964575,food,amenity:restaurant,restaurant,,,,POINT (28.964575 41.005087)
4419254702,Karadeniz,41.008481,28.975056,food,amenity:restaurant,restaurant,,,,POINT (28.975056 41.008481)
5108843759,Karadeniz Aile Pide and Kebab Restaurant,41.008442,28.974963,food,amenity:restaurant,restaurant,,,,POINT (28.974963 41.008442)
5244807961,Karadeniz Köfte ve Yemek Salonu,41.009669,28.968455,food,amenity:restaurant,restaurant,,,,POINT (28.968455 41.009669)
5244806749,Karadeniz Pide Salonu,41.009157,28.970472,food,amenity:restaurant,restaurant,,,,POINT (28.970472 41.009157)
7090566391,Karadeniz Pide Vefa,41.017279,28.958318,food,amenity:restaurant,restaurant,,,,POINT (28.958318 41.017279)
5115937857,Karadeniz Pide-Börek Salonu,41.01159,28.92735,food,amenity:restaurant,restaurant,,,,POINT (28.92735 41.01159)
5108843032,Karadeniz Restaurant,41.008461,28.975276,food,amenity:restaurant,restaurant,,,,POINT (28.975276 41.008461)
5115937985,Karadeniz Yayla Lokantası,41.010486,28.928921,food,amenity:restaurant,restaurant,,,,POINT (28.928921 41.010486)
5108843746,Karadeniz kardeşler pide kebab salonu,41.008502,28.9746,food,amenity:restaurant,restaurant,,,,POINT (28.9746 41.008502)
5113481388,Karadeniz pide,41.024043,28.948146,food,amenity:restaurant,restaurant,,,,POINT (28.948146 41.024043)
5081445069,Karagöz Zorba,41.027285,28.957007,food,amenity:restaurant,restaurant,,,,POINT (28.957007 41.027285)
1784925344,Karakol Restaurant,41.009296,28.981083,food,amenity:restaurant,restaurant,,,,POINT (28.981083 41.009296)
5111214096,Kardes bufe,41.004124,28.943986,food,amenity:restaurant,restaurant,,,,POINT (28.943986 41.004124)
5088194826,Kardesler Koftecisi,40.999824,28.931546,food,amenity:restaurant,restaurant,,,,POINT (28.931546 40.999824)
5108843975,Kardesler Resteurant,41.009891,28.974401,food,amenity:restaurant,restaurant,,,,POINT (28.974401 41.009891)
5099040200,Kardeş büfe,41.004119,28.944058,food,amenity:restaurant,restaurant,,,,POINT (28.944058 41.004119)
5244806732,Kardeşler Köftecisi,41.00933,28.969465,food,amenity:restaurant,restaurant,,,,POINT (28.969465 41.00933)
5109654680,Kardeşler Yemek,41.013754,28.93253,food,amenity:restaurant,restaurant,,,,POINT (28.93253 41.013754)
5088194904,Kardeşler Yufkacısı,41.002162,28.930601,food,amenity:restaurant,restaurant,,,,POINT (28.930601 41.002162)
5075962046,Kardeşler lokantası,41.011615,28.949636,food,amenity:restaurant,restaurant,,,,POINT (28.949636 41.011615)
5244801918,Karina Fish House,41.002986,28.975268,food,amenity:restaurant,restaurant,,,,POINT (28.975268 41.002986)
10178410613,Kartallar Denizki Restaurant,41.004096,28.964907,food,amenity:restaurant,restaurant,,,,POINT (28.964907 41.004096)
5244806751,Kasap Kebap,41.00939,28.970438,food,amenity:restaurant,restaurant,,,,POINT (28.970438 41.00939)
4471394798,Kasap Osman,41.014928,28.957038,food,amenity:restaurant,restaurant,,,,POINT (28.957038 41.014928)
5108836417,Kasap Osman,41.013858,28.975358,food,amenity:restaurant,restaurant,,,,POINT (28.975358 41.013858)
12374422255,Kasap Osman,41.013897,28.975572,food,amenity:restaurant,restaurant,,,,POINT (28.975572 41.013897)
5081265953,Kasem Abu Alkas Lokantası,41.013023,28.944407,food,amenity:restaurant,restaurant,,,,POINT (28.944407 41.013023)
9785245256,Kayatas,41.019906,28.962346,food,amenity:restaurant,restaurant,,,,POINT (28.962346 41.019906)
5111206127,Kaytas,41.019922,28.961892,food,amenity:restaurant,restaurant,,,,POINT (28.961892 41.019922)
5113612622,Kaçar borek salonu,41.029183,28.944002,food,amenity:restaurant,restaurant,,,,POINT (28.944002 41.029183)
5244807843,Kaçkar Saray Büfe,41.004974,28.965028,food,amenity:restaurant,restaurant,,,,POINT (28.965028 41.004974)
13467823856,Kebab Dünyası Cafe&Restaurant,41.006429,28.953831,food,amenity:restaurant,restaurant,,,,POINT (28.953831 41.006429)
5113500286,Kebab and fish house,41.007901,28.971591,food,amenity:restaurant,restaurant,,,,POINT (28.971591 41.007901)
5243952773,Kebabçı Mahmut,41.015482,28.943151,food,amenity:restaurant,restaurant,,,,POINT (28.943151 41.015482)
5107305843,Kebabçım,41.007187,28.948695,food,amenity:restaurant,restaurant,,,,POINT (28.948695 41.007187)
5111206144,Kebap Evi,41.019696,28.963544,food,amenity:restaurant,restaurant,,,,POINT (28.963544 41.019696)
5112834049,Kebap dünyası,41.008352,28.951616,food,amenity:restaurant,restaurant,,,,POINT (28.951616 41.008352)
5113465267,Kebapçi salıh usta,41.018202,28.951524,food,amenity:restaurant,restaurant,,,,POINT (28.951524 41.018202)
5103810784,Kebapçı Murat,41.019776,28.927859,food,amenity:restaurant,restaurant,,,,POINT (28.927859 41.019776)
5244806746,Kebapçı Şahin Usta,41.009526,28.969959,food,amenity:restaurant,restaurant,,,,POINT (28.969959 41.009526)
5087179426,Kebapçıoğlu,40.994334,28.923869,food,amenity:restaurant,restaurant,,,,POINT (28.923869 40.994334)
5243950789,Keifine gore felafel,41.020431,28.94197,food,amenity:restaurant,restaurant,,,,POINT (28.94197 41.020431)
5115929118,Kelkit Döneri,41.009304,28.96707,food,amenity:restaurant,restaurant,,,,POINT (28.96707 41.009304)
5108843733,Kenger Home Made,41.008504,28.974365,food,amenity:restaurant,restaurant,,,,POINT (28.974365 41.008504)
5099065448,Kerim ustanın mutfağı,41.00896,28.948099,food,amenity:restaurant,restaurant,,,,POINT (28.948099 41.00896)
5113615747,Keskin gürme,41.03061,28.936895,food,amenity:restaurant,restaurant,,,,POINT (28.936895 41.03061)
3100037837,Keyf-i Mekan,41.012214,28.968072,food,amenity:restaurant,restaurant,,,,POINT (28.968072 41.012214)
5108843059,Khorasani Restaurant,41.008548,28.976074,food,amenity:restaurant,restaurant,,,,POINT (28.976074 41.008548)
5113500792,Kiler Et,41.017489,28.949956,food,amenity:restaurant,restaurant,,,,POINT (28.949956 41.017489)
5107243172,Kilis Sofrası,41.004195,28.927743,food,amenity:restaurant,restaurant,,,,POINT (28.927743 41.004195)
5113126687,Kirik Çatal Lokantasi,41.006116,28.931073,food,amenity:restaurant,restaurant,,,,POINT (28.931073 41.006116)
5112728853,Klas restaurant,41.011813,28.958571,food,amenity:restaurant,restaurant,,,,POINT (28.958571 41.011813)
12252425377,Kofte restaurant,41.011875,28.941256,food,amenity:restaurant,restaurant,,,,POINT (28.941256 41.011875)
5108843976,Kofteci Ramiz,41.009723,28.974314,food,amenity:restaurant,restaurant,,,,POINT (28.974314 41.009723)
5108844440,Kofteci Ramiz,41.0096,28.973932,food,amenity:restaurant,restaurant,,,,POINT (28.973932 41.0096)
5113612623,Konak Bufe,41.029141,28.944175,food,amenity:restaurant,restaurant,,,,POINT (28.944175 41.029141)
5103810774,Konak Lokantası,41.020275,28.928317,food,amenity:restaurant,restaurant,,,,POINT (28.928317 41.020275)
5244810621,Konya Etli Ekmek Salonu,41.006763,28.966248,food,amenity:restaurant,restaurant,,,,POINT (28.966248 41.006763)
5243951365,Konya Etli Pide,41.020556,28.94488,food,amenity:restaurant,restaurant,,,,POINT (28.94488 41.020556)
5110347267,Konyalı,41.01563,28.975962,food,amenity:restaurant,restaurant,,,,POINT (28.975962 41.01563)
5109654688,Konyalı Gurme,41.014559,28.93352,food,amenity:restaurant,restaurant,,,,POINT (28.93352 41.014559)
903438877,Konyalı Restaurant,41.013559,28.985881,food,amenity:restaurant,restaurant,,,,POINT (28.985881 41.013559)
5113620596,Konyalı topkapı,41.013713,28.985817,food,amenity:restaurant,restaurant,,,,POINT (28.985817 41.013713)
1914160124,Korean Chinese,41.003396,28.97426,food,amenity:restaurant,restaurant,,,,POINT (28.97426 41.003396)
5113624630,Korecan Restoran,41.00539,28.981899,food,amenity:restaurant,restaurant,,,,POINT (28.981899 41.00539)
5111215155,Kosek and cafe,41.00648,28.939823,food,amenity:restaurant,restaurant,,,,POINT (28.939823 41.00648)
5108843387,Kosk Kebap Durum Evi,41.010544,28.977158,food,amenity:restaurant,restaurant,,,,POINT (28.977158 41.010544)
5112732284,Koska,41.009734,28.957831,food,amenity:restaurant,restaurant,,,,POINT (28.957831 41.009734)
5244807891,Koska,41.008739,28.967277,food,amenity:restaurant,restaurant,,,,POINT (28.967277 41.008739)
5110347201,Koska Köftecisi,41.016702,28.958752,food,amenity:restaurant,restaurant,,,,POINT (28.958752 41.016702)
5243952733,Kozde kebap,41.017944,28.941933,food,amenity:restaurant,restaurant,,,,POINT (28.941933 41.017944)
6296619895,Kroren Restaurant,41.017486,28.929711,food,amenity:restaurant,restaurant,,,,POINT (28.929711 41.017486)
5088190868,Kucuk Ev,40.999691,28.932127,food,amenity:restaurant,restaurant,,,,POINT (28.932127 40.999691)
5108843081,Kucuk Ev Cafe and Restaurant,41.008268,28.976493,food,amenity:restaurant,restaurant,,,,POINT (28.976493 41.008268)
5108843590,Kucukoglu barbecue restaurant,41.010552,28.977476,food,amenity:restaurant,restaurant,,,,POINT (28.977476 41.010552)
7100274085,Kudus,41.011618,28.949657,food,amenity:restaurant,restaurant,,,,POINT (28.949657 41.011618)
5100825062,Kul Sofras,41.020715,28.932884,food,amenity:restaurant,restaurant,,,,POINT (28.932884 41.020715)
5076115923,Kule köfte,40.995951,28.927454,food,amenity:restaurant,restaurant,,,,POINT (28.927454 40.995951)
10178410598,Kumkapı Afrodit Restaurant,41.003451,28.965298,food,amenity:restaurant,restaurant,,,,POINT (28.965298 41.003451)
10178438646,Kumkapı Albatros,41.003578,28.96526,food,amenity:restaurant,restaurant,,,,POINT (28.96526 41.003578)
10178410614,Kumkapı Evren Restaurant,41.004021,28.964766,food,amenity:restaurant,restaurant,,,,POINT (28.964766 41.004021)
10178410606,Kumkapı Hoş,41.004202,28.964584,food,amenity:restaurant,restaurant,,,,POINT (28.964584 41.004202)
6359663185,Kumkapı Hünkar,41.003415,28.965081,food,amenity:restaurant,restaurant,,,,POINT (28.965081 41.003415)
10178410607,Kumkapı Saki,41.004096,28.964708,food,amenity:restaurant,restaurant,,,,POINT (28.964708 41.004096)
5081442495,Kumpir ve Waffle,41.023468,28.960473,food,amenity:restaurant,restaurant,,,,POINT (28.960473 41.023468)
6939657816,Kuru Fasulyeci Süleyman,41.015443,28.963249,food,amenity:restaurant,restaurant,,,,POINT (28.963249 41.015443)
5243950743,Kuzey Büfe,41.017112,28.942864,food,amenity:restaurant,restaurant,,,,POINT (28.942864 41.017112)
5108843530,Kybele Restaurant,41.009328,28.976827,food,amenity:restaurant,restaurant,,,,POINT (28.976827 41.009328)
5112737084,Köfte,41.012967,28.966856,food,amenity:restaurant,restaurant,,,,POINT (28.966856 41.012967)
4874840321,Köfteci,40.995053,28.925656,food,amenity:restaurant,restaurant,,,,POINT (28.925656 40.995053)
5244812119,Köfteci Yaşar,41.017985,28.968527,food,amenity:restaurant,restaurant,,,,POINT (28.968527 41.017985)
5108828683,Köfteci Yusuf,41.016539,28.979147,food,amenity:restaurant,restaurant,,,,POINT (28.979147 41.016539)
5086061083,Köfteci Ömer Usta,41.025873,28.95702,food,amenity:restaurant,restaurant,,,,POINT (28.95702 41.025873)
5086061076,Kömür Lokantası,41.026034,28.95613,food,amenity:restaurant,restaurant,,,,POINT (28.95613 41.026034)
5113500768,Kömür turk mutfağı,41.020233,28.947182,food,amenity:restaurant,restaurant,,,,POINT (28.947182 41.020233)
5106123811,Köroğlu Et Lokantası,41.021214,28.942964,food,amenity:restaurant,restaurant,,,,POINT (28.942964 41.021214)
5110344582,Kösem Sultan,41.016773,28.965583,food,amenity:restaurant,restaurant,,,,POINT (28.965583 41.016773)
5244811486,Közde Kanatçı Reco,41.012753,28.967622,food,amenity:restaurant,restaurant,,,,POINT (28.967622 41.012753)
5244810639,Köşem,41.006708,28.967141,food,amenity:restaurant,restaurant,,,,POINT (28.967141 41.006708)
5088194847,Köşem Büfe,40.998188,28.93003,food,amenity:restaurant,restaurant,,,,POINT (28.93003 40.998188)
5113623106,Köşk Cafe & Restaurant,41.006355,28.980921,food,amenity:restaurant,restaurant,,,,POINT (28.980921 41.006355)
5244812078,Küffette Köfte,41.018954,28.96538,food,amenity:restaurant,restaurant,,,,POINT (28.96538 41.018954)
5099065445,Kükrük,41.009156,28.948624,food,amenity:restaurant,restaurant,,,,POINT (28.948624 41.009156)
5100823682,Küçük Ev,41.019898,28.932254,food,amenity:restaurant,restaurant,,,,POINT (28.932254 41.019898)
5107247565,Kırık Çatal,41.006303,28.931052,food,amenity:restaurant,restaurant,,,,POINT (28.931052 41.006303)
5088194886,Kırımlı Çibörek,41.003481,28.931848,food,amenity:restaurant,restaurant,,,,POINT (28.931848 41.003481)
6288254684,Kırımlı Çibörek,41.015213,28.929371,food,amenity:restaurant,restaurant,,,,POINT (28.929371 41.015213)
5100823680,Kırımlı Çıbörek Bın Yıllık Lezzet,41.020058,28.932103,food,amenity:restaurant,restaurant,,,,POINT (28.932103 41.020058)
10178438618,Kırımızı Karides Balık Restaurant,41.003722,28.965182,food,amenity:restaurant,restaurant,,,,POINT (28.965182 41.003722)
10206749532,Lale Sultan,41.00445,28.971353,food,amenity:restaurant,restaurant,,,,POINT (28.971353 41.00445)
5112729013,Laleli Sultan Turkish Delight,41.011582,28.958316,food,amenity:restaurant,restaurant,,,,POINT (28.958316 41.011582)
5112732238,Lalen Restaurant,41.011063,28.958808,food,amenity:restaurant,restaurant,,,,POINT (28.958808 41.011063)
5075929048,Layale Şamiye,41.010536,28.946009,food,amenity:restaurant,restaurant,,,,POINT (28.946009 41.010536)
5243951508,Layali assalihya,41.016577,28.945598,food,amenity:restaurant,restaurant,,,,POINT (28.945598 41.016577)
974678738,Le Caïque,41.026546,28.958092,food,amenity:restaurant,restaurant,,,,POINT (28.958092 41.026546)
3457689622,Le Safran Restaurant,41.010508,28.978481,food,amenity:restaurant,restaurant,,,,POINT (28.978481 41.010508)
10142739775,Lebap Restaurant,41.011096,28.953818,food,amenity:restaurant,restaurant,,,,POINT (28.953818 41.011096)
5108844017,Lekker,41.009088,28.975371,food,amenity:restaurant,restaurant,,,,POINT (28.975371 41.009088)
5106121866,Lezzet Gurme,41.017216,28.952056,food,amenity:restaurant,restaurant,,,,POINT (28.952056 41.017216)
5113609496,Lezzet çiğ borek,41.026239,28.940277,food,amenity:restaurant,restaurant,,,,POINT (28.940277 41.026239)
7036816785,Lezzet-i Sark,41.017078,28.969287,food,amenity:restaurant,restaurant,,,,POINT (28.969287 41.017078)
3104170591,Little Havanna,41.003142,28.975006,food,amenity:restaurant,restaurant,,,,POINT (28.975006 41.003142)
5103810781,Lokanta 53,41.019963,28.927892,food,amenity:restaurant,restaurant,,,,POINT (28.927892 41.019963)
9580735017,Lokma rumeli,41.016486,28.979486,food,amenity:restaurant,restaurant,,,,POINT (28.979486 41.016486)
5113487668,Loti,41.008194,28.972971,food,amenity:restaurant,restaurant,,,,POINT (28.972971 41.008194)
12959659469,MANDI SEBAM,41.012678,28.94101,food,amenity:restaurant,restaurant,,,,POINT (28.94101 41.012678)
5113599502,MIX,41.008465,28.945652,food,amenity:restaurant,restaurant,,,,POINT (28.945652 41.008465)
5113620634,Magnaura Cafe & Restaurant,41.005618,28.980552,food,amenity:restaurant,restaurant,,,,POINT (28.980552 41.005618)
5625137021,Mahmiye,41.008555,28.976156,food,amenity:restaurant,restaurant,,,,POINT (28.976156 41.008555)
5075929051,Mahrusi resturant,41.01045,28.946367,food,amenity:restaurant,restaurant,,,,POINT (28.946367 41.01045)
5244806778,Makarna Sarayı,41.008685,28.971494,food,amenity:restaurant,restaurant,,,,POINT (28.971494 41.008685)
10067218317,Malaysta,41.009978,28.976281,food,amenity:restaurant,restaurant,,,,POINT (28.976281 41.009978)
5108828621,Mandy Resturant,41.014106,28.977012,food,amenity:restaurant,restaurant,,,,POINT (28.977012 41.014106)
5113557373,Mandy hadramut,41.009611,28.946923,food,amenity:restaurant,restaurant,,,,POINT (28.946923 41.009611)
5244801902,Marbella Cafe ve Restaurant,41.002698,28.974202,food,amenity:restaurant,restaurant,,,,POINT (28.974202 41.002698)
5244807957,Mardin Et Ve Kebap Salonu,41.009837,28.968607,food,amenity:restaurant,restaurant,,,,POINT (28.968607 41.009837)
913571125,Marmara 3 Döner&Kumru,41.013236,28.932247,food,amenity:restaurant,restaurant,,,,POINT (28.932247 41.013236)
5110345640,Marmara Pastanesi,41.01215,28.975219,food,amenity:restaurant,restaurant,,,,POINT (28.975219 41.01215)
5110345249,Marmara döner,41.014923,28.975153,food,amenity:restaurant,restaurant,,,,POINT (28.975153 41.014923)
6450592985,Marmarion,41.008844,28.962754,food,amenity:restaurant,restaurant,,,,POINT (28.962754 41.008844)
5115505473,Martini lokantası,41.008661,28.954097,food,amenity:restaurant,restaurant,,,,POINT (28.954097 41.008661)
5113599724,Martun 2,41.009892,28.945412,food,amenity:restaurant,restaurant,,,,POINT (28.945412 41.009892)
3090853854,Masal,41.00823,28.976567,food,amenity:restaurant,restaurant,,,,POINT (28.976567 41.00823)
5108843083,Masal Restaurant,41.008336,28.976902,food,amenity:restaurant,restaurant,,,,POINT (28.976902 41.008336)
4990485221,Massa Bistro Turkish Kitchen,41.008593,28.975164,food,amenity:restaurant,restaurant,,,,POINT (28.975164 41.008593)
5113620603,Matbah,41.009301,28.979203,food,amenity:restaurant,restaurant,,,,POINT (28.979203 41.009301)
5088190873,Matya Kömürde Balık,40.999897,28.931914,food,amenity:restaurant,restaurant,,,,POINT (28.931914 40.999897)
5113557369,Mavi Bufe,41.009744,28.946607,food,amenity:restaurant,restaurant,,,,POINT (28.946607 41.009744)
5244812108,Mavi Haliç Pide Salonu,41.01797,28.967589,food,amenity:restaurant,restaurant,,,,POINT (28.967589 41.01797)
5088190917,Maydanoz,41.003338,28.936419,food,amenity:restaurant,restaurant,,,,POINT (28.936419 41.003338)
5106124134,Mazaj Restaurant,41.019716,28.940421,food,amenity:restaurant,restaurant,,,,POINT (28.940421 41.019716)
3090816360,Med Cezir,41.006577,28.97956,food,amenity:restaurant,restaurant,,,,POINT (28.97956 41.006577)
8863187019,Melek Lokantasi,41.01612,28.931006,food,amenity:restaurant,restaurant,,,,POINT (28.931006 41.01612)
5115505472,Melodi Restaurant,41.008576,28.954289,food,amenity:restaurant,restaurant,,,,POINT (28.954289 41.008576)
5115933188,Merdane Börek,41.001999,28.930065,food,amenity:restaurant,restaurant,,,,POINT (28.930065 41.001999)
5113126672,Merve Pastaneleri,41.006289,28.931036,food,amenity:restaurant,restaurant,,,,POINT (28.931036 41.006289)
5244806785,Mescgur Sariyer Börekçisi,41.009412,28.971269,food,amenity:restaurant,restaurant,,,,POINT (28.971269 41.009412)
5099056175,Meshur Langa Borekcisi,41.004613,28.945104,food,amenity:restaurant,restaurant,,,,POINT (28.945104 41.004613)
5243950794,Meshur sariyer,41.020788,28.942537,food,amenity:restaurant,restaurant,,,,POINT (28.942537 41.020788)
5244806511,Meshur Üsküp Köftecisi,41.009042,28.968745,food,amenity:restaurant,restaurant,,,,POINT (28.968745 41.009042)
5088194861,Mesire kebap ve lahmacun salonu,40.999428,28.931056,food,amenity:restaurant,restaurant,,,,POINT (28.931056 40.999428)
5099065472,Metin Usta Baklava,41.008253,28.945993,food,amenity:restaurant,restaurant,,,,POINT (28.945993 41.008253)
10738474298,Mevlana,41.007384,28.972187,food,amenity:restaurant,restaurant,,,,POINT (28.972187 41.007384)
5244801973,Mevlana Kebap Salonu,41.003683,28.969376,food,amenity:restaurant,restaurant,,,,POINT (28.969376 41.003683)
5088192744,Mevlana Pide,41.001176,28.933751,food,amenity:restaurant,restaurant,,,,POINT (28.933751 41.001176)
5081610977,Mevlana kasap ızgara salonu,40.998215,28.929556,food,amenity:restaurant,restaurant,,,,POINT (28.929556 40.998215)
5113470975,Mevlanakapı Merkez Efendi Köftecisi,41.013531,28.924072,food,amenity:restaurant,restaurant,,,,POINT (28.924072 41.013531)
5112725572,Mevzubahis Çiğköfte,41.002247,28.926814,food,amenity:restaurant,restaurant,,,,POINT (28.926814 41.002247)
5113624627,Meydan Börek,41.005236,28.981694,food,amenity:restaurant,restaurant,,,,POINT (28.981694 41.005236)
5115937991,Meydan Kahvaltı,41.009495,28.93101,food,amenity:restaurant,restaurant,,,,POINT (28.93101 41.009495)
5100825077,Meydan Lokantası,41.021283,28.927441,food,amenity:restaurant,restaurant,,,,POINT (28.927441 41.021283)
5106123775,Meydan restaurant,41.024302,28.941679,food,amenity:restaurant,restaurant,,,,POINT (28.941679 41.024302)
5081445071,Meyhani,41.027386,28.95691,food,amenity:restaurant,restaurant,,,,POINT (28.95691 41.027386)
5088190872,Meze,40.999857,28.931947,food,amenity:restaurant,restaurant,,,,POINT (28.931947 40.999857)
5108837431,Meşhur Filibe Köftecisi,41.014099,28.97527,food,amenity:restaurant,restaurant,,,,POINT (28.97527 41.014099)
5244796165,Meşhur Hasırcılar Ocakbaşı Dürüm,41.017051,28.969303,food,amenity:restaurant,restaurant,,,,POINT (28.969303 41.017051)
5112749722,Meşhur Kır Pidesi,41.032756,28.945907,food,amenity:restaurant,restaurant,,,,POINT (28.945907 41.032756)
5244796186,Meşhur Miss Döner,41.016146,28.970226,food,amenity:restaurant,restaurant,,,,POINT (28.970226 41.016146)
5244811430,Meşhur Pilavcı,41.01229,28.969227,food,amenity:restaurant,restaurant,,,,POINT (28.969227 41.01229)
5107247575,Meşhur Pilavcı Celal Usta,41.005587,28.92963,food,amenity:restaurant,restaurant,,,,POINT (28.92963 41.005587)
5088192771,Meşhur Samatya Bilavcısı,41.000742,28.932864,food,amenity:restaurant,restaurant,,,,POINT (28.932864 41.000742)
5088192750,Meşhur Samatya pilavcısı,41.002097,28.936527,food,amenity:restaurant,restaurant,,,,POINT (28.936527 41.002097)
5088192802,Meşhur Sarıyer Börekçisi,41.002234,28.936746,food,amenity:restaurant,restaurant,,,,POINT (28.936746 41.002234)
5088194830,Meşhur Sarıyer Börekçisi,40.999542,28.931248,food,amenity:restaurant,restaurant,,,,POINT (28.931248 40.999542)
5107245381,Meşhur Sarıyer Börekçisi,41.006685,28.931776,food,amenity:restaurant,restaurant,,,,POINT (28.931776 41.006685)
9141687153,Meşhur Sarıyer Börekçisi,41.011619,28.953682,food,amenity:restaurant,restaurant,,,,POINT (28.953682 41.011619)
5081445031,Meşhur Sarıyer börekçisi,41.027794,28.955241,food,amenity:restaurant,restaurant,,,,POINT (28.955241 41.027794)
5108843104,Meşhur Sultanahmet Köftecisi,41.008008,28.977162,food,amenity:restaurant,restaurant,,,,POINT (28.977162 41.008008)
5244796193,Meşhur Tahtakale Pilavcısı,41.015577,28.969793,food,amenity:restaurant,restaurant,,,,POINT (28.969793 41.015577)
5088192760,Meşhur Tekirdağ Köftecisi,41.001454,28.93491,food,amenity:restaurant,restaurant,,,,POINT (28.93491 41.001454)
5081442459,Meşhur Unkapanı Pilavcısı,41.02194,28.95987,food,amenity:restaurant,restaurant,,,,POINT (28.95987 41.02194)
5081442474,Meşhur Unkapanı Pilavcısı,41.020288,28.95876,food,amenity:restaurant,restaurant,,,,POINT (28.95876 41.020288)
5244809917,Meşhur Unkapanı Pilavcısı,41.008406,28.967074,food,amenity:restaurant,restaurant,,,,POINT (28.967074 41.008406)
5113470986,Meşhur Çiğbörek,41.014573,28.92758,food,amenity:restaurant,restaurant,,,,POINT (28.92758 41.014573)
5112725580,Meşhur Çiğköfteci Hasan Usta,41.000212,28.924397,food,amenity:restaurant,restaurant,,,,POINT (28.924397 41.000212)
1908677120,Mihri,41.007266,28.979165,food,amenity:restaurant,restaurant,,,,POINT (28.979165 41.007266)
5108843078,Million Restaurant,41.008329,28.97629,food,amenity:restaurant,restaurant,,,,POINT (28.97629 41.008329)
5111206128,Mini market,41.01993,28.962064,food,amenity:restaurant,restaurant,,,,POINT (28.962064 41.01993)
5115937195,Mir Börek Cafe,41.0081,28.931367,food,amenity:restaurant,restaurant,,,,POINT (28.931367 41.0081)
6939603515,Mirar Sinan,41.015836,28.962776,food,amenity:restaurant,restaurant,,,,POINT (28.962776 41.015836)
5107305827,Mis Köfte,41.00877,28.948801,food,amenity:restaurant,restaurant,,,,POINT (28.948801 41.00877)
5113620658,Mitani Cafe,41.005886,28.980551,food,amenity:restaurant,restaurant,,,,POINT (28.980551 41.005886)
5244801990,Mitara Cafe,41.003625,28.973305,food,amenity:restaurant,restaurant,,,,POINT (28.973305 41.003625)
3100037838,Mivan Restaurant Cafe,41.006213,28.96908,food,amenity:restaurant,restaurant,,,,POINT (28.96908 41.006213)
5112834027,Molino pizza,41.007569,28.951919,food,amenity:restaurant,restaurant,,,,POINT (28.951919 41.007569)
5484108425,Mom's Garden,41.004629,28.975054,food,amenity:restaurant,restaurant,,,,POINT (28.975054 41.004629)
5244803038,Mosaic Terrace Restaurant,41.00345,28.974331,food,amenity:restaurant,restaurant,,,,POINT (28.974331 41.00345)
5108843079,Mozaik Cafe and Restaurant,41.008272,28.976392,food,amenity:restaurant,restaurant,,,,POINT (28.976392 41.008272)
3452205491,Mr Cook Cafe & Restaurant,41.010732,28.974828,food,amenity:restaurant,restaurant,,,,POINT (28.974828 41.010732)
5108843336,Mr cook Cafe Restaurant,41.010724,28.974852,food,amenity:restaurant,restaurant,,,,POINT (28.974852 41.010724)
13396860947,Mr. Dumpling,41.013948,28.975941,food,amenity:restaurant,restaurant,,,,POINT (28.975941 41.013948)
12954682301,Munhanie Restaurant,41.003623,28.972377,food,amenity:restaurant,restaurant,,,,POINT (28.972377 41.003623)
5243950787,Musilli,41.020329,28.941789,food,amenity:restaurant,restaurant,,,,POINT (28.941789 41.020329)
5075929060,Musul Mutfağı,41.010201,28.947784,food,amenity:restaurant,restaurant,,,,POINT (28.947784 41.010201)
5244801846,Myterrace Cafe & Restaurant,41.00485,28.973035,food,amenity:restaurant,restaurant,,,,POINT (28.973035 41.00485)
5099065503,Müslüm Usta Has Urfa 63,41.007206,28.942588,food,amenity:restaurant,restaurant,,,,POINT (28.942588 41.007206)
5115937217,Mırra Kahvaltı Salonu,41.009833,28.931584,food,amenity:restaurant,restaurant,,,,POINT (28.931584 41.009833)
5108843063,N Terrace Restaurant,41.008709,28.975889,food,amenity:restaurant,restaurant,,,,POINT (28.975889 41.008709)
5108843076,NAR restaurant,41.008591,28.976109,food,amenity:restaurant,restaurant,,,,POINT (28.976109 41.008591)
5243950819,Nam-i lezzet,41.019358,28.945782,food,amenity:restaurant,restaurant,,,,POINT (28.945782 41.019358)
5108837439,Namlı Rumeli Köftecisi,41.014025,28.975501,food,amenity:restaurant,restaurant,,,,POINT (28.975501 41.014025)
5108843057,Nar Steak ve Doner Kebab Restaurant,41.008453,28.976103,food,amenity:restaurant,restaurant,,,,POINT (28.976103 41.008453)
10235736710,Nasip-Et kebap,41.004906,28.967506,food,amenity:restaurant,restaurant,,,,POINT (28.967506 41.004906)
5115939234,Nazlı Urfa Kebap Salonu,41.009018,28.93143,food,amenity:restaurant,restaurant,,,,POINT (28.93143 41.009018)
5081274327,Nergis Saray,41.01029,28.951453,food,amenity:restaurant,restaurant,,,,POINT (28.951453 41.01029)
5112744269,Nevzat Usta,41.014572,28.96803,food,amenity:restaurant,restaurant,,,,POINT (28.96803 41.014572)
5108844452,New Asian Restaurant,41.008786,28.97368,food,amenity:restaurant,restaurant,,,,POINT (28.97368 41.008786)
13272149001,New Balat café restaurant,41.030568,28.949824,food,amenity:restaurant,restaurant,,,,POINT (28.949824 41.030568)
5108836365,New Hatay Restaurant,41.012747,28.977623,food,amenity:restaurant,restaurant,,,,POINT (28.977623 41.012747)
3102593664,New Season,41.003502,28.97598,food,amenity:restaurant,restaurant,,,,POINT (28.97598 41.003502)
5108828631,Ney Ocakbaşı,41.013778,28.978378,food,amenity:restaurant,restaurant,,,,POINT (28.978378 41.013778)
5108827994,Neyzade Restaurant,41.012798,28.978428,food,amenity:restaurant,restaurant,,,,POINT (28.978428 41.012798)
10178410616,Neyzen,41.003896,28.96487,food,amenity:restaurant,restaurant,,,,POINT (28.96487 41.003896)
5113483623,Nihavent,41.02081,28.948374,food,amenity:restaurant,restaurant,,,,POINT (28.948374 41.02081)
5243951369,Nishantashi bufe,41.020675,28.946099,food,amenity:restaurant,restaurant,,,,POINT (28.946099 41.020675)
5115933926,Nizam Usta,41.004138,28.93288,food,amenity:restaurant,restaurant,,,,POINT (28.93288 41.004138)
5088190870,Norjin Samatyon,40.999783,28.932027,food,amenity:restaurant,restaurant,,,,POINT (28.932027 40.999783)
1914160125,Nostra Casa,41.003127,28.974316,food,amenity:restaurant,restaurant,,,,POINT (28.974316 41.003127)
12347693549,Nova Roma Restaurant,41.014019,28.977084,food,amenity:restaurant,restaurant,,,,POINT (28.977084 41.014019)
5113557379,Nuri Usta,41.009565,28.947417,food,amenity:restaurant,restaurant,,,,POINT (28.947417 41.009565)
5099062123,Nuri usta baklava,41.007653,28.950284,food,amenity:restaurant,restaurant,,,,POINT (28.950284 41.007653)
5244807621,Nuruosmaniye Köftecisi,41.009104,28.972615,food,amenity:restaurant,restaurant,,,,POINT (28.972615 41.009104)
7154243585,Oba Restaurant,41.006209,28.964979,food,amenity:restaurant,restaurant,,,,POINT (28.964979 41.006209)
5111222063,Ocakpasi,41.008224,28.964853,food,amenity:restaurant,restaurant,,,,POINT (28.964853 41.008224)
5113620645,Ocean's 7 cafe & resturant,41.005137,28.979896,food,amenity:restaurant,restaurant,,,,POINT (28.979896 41.005137)
5108828662,Old City Garden Restaurant,41.014177,28.978425,food,amenity:restaurant,restaurant,,,,POINT (28.978425 41.014177)
12208997977,Old Hipodrom,41.003498,28.973678,food,amenity:restaurant,restaurant,,,,POINT (28.973678 41.003498)
5113623093,Old House Restaurant & Bar Cafe,41.006069,28.97934,food,amenity:restaurant,restaurant,,,,POINT (28.97934 41.006069)
13396860927,Old Instanbul Rooftop Terrace,41.013641,28.976304,food,amenity:restaurant,restaurant,,,,POINT (28.976304 41.013641)
5441010621,Old Istanbul Cuisine,41.01025,28.97563,food,amenity:restaurant,restaurant,,,,POINT (28.97563 41.01025)
4922661521,Old Ottoman Cafe & Restaurant,41.010728,28.975411,food,amenity:restaurant,restaurant,,,,POINT (28.975411 41.010728)
12301074673,Olden 1772,41.014928,28.974104,food,amenity:restaurant,restaurant,,,,POINT (28.974104 41.014928)
5108836359,Olive Anatolian Restaurant,41.012468,28.977799,food,amenity:restaurant,restaurant,,,,POINT (28.977799 41.012468)
10583738805,Olive Garden,41.004605,28.971156,food,amenity:restaurant,restaurant,,,,POINT (28.971156 41.004605)
5108843113,Omar Cafe and Restaurant,41.008451,28.977629,food,amenity:restaurant,restaurant,,,,POINT (28.977629 41.008451)
5108827988,Onbaşılar Dürümcü,41.014387,28.976453,food,amenity:restaurant,restaurant,,,,POINT (28.976453 41.014387)
5244807971,Orhan Usta Et Lokantası,41.009579,28.968468,food,amenity:restaurant,restaurant,,,,POINT (28.968468 41.009579)
5221028385,Orient Express Restaurant,41.01521,28.977424,food,amenity:restaurant,restaurant,,,,POINT (28.977424 41.01521)
5193225922,Ortaklar Kebab Lahmacun,41.007273,28.972204,food,amenity:restaurant,restaurant,,,,POINT (28.972204 41.007273)
5243951541,Oses,41.017405,28.946443,food,amenity:restaurant,restaurant,,,,POINT (28.946443 41.017405)
5243952757,Oses,41.016247,28.944683,food,amenity:restaurant,restaurant,,,,POINT (28.944683 41.016247)
5112725558,Oses Çiğköfte,41.003252,28.927092,food,amenity:restaurant,restaurant,,,,POINT (28.927092 41.003252)
13204905930,Oses Çiğköfte Vefa,41.013318,28.961086,food,amenity:restaurant,restaurant,,,,POINT (28.961086 41.013318)
5087179448,Oses çiğköfte,40.995553,28.926592,food,amenity:restaurant,restaurant,,,,POINT (28.926592 40.995553)
9230743217,Osi pizza & Pasta,41.004951,28.973158,food,amenity:restaurant,restaurant,,,,POINT (28.973158 41.004951)
5113500262,Osman,41.006231,28.973237,food,amenity:restaurant,restaurant,,,,POINT (28.973237 41.006231)
5081442496,Osman Oglu Kebap,41.023584,28.960491,food,amenity:restaurant,restaurant,,,,POINT (28.960491 41.023584)
5115939942,Osmanli Kanat Ve Balik,41.011868,28.968277,food,amenity:restaurant,restaurant,,,,POINT (28.968277 41.011868)
5026696826,Osmanli Konagi Restuarant,41.011094,28.941682,food,amenity:restaurant,restaurant,,,,POINT (28.941682 41.011094)
5717779824,Osmanlı Kebapçısı,41.017938,28.968709,food,amenity:restaurant,restaurant,,,,POINT (28.968709 41.017938)
5113126689,Osmanlı Tulumba Baklava,41.005996,28.930952,food,amenity:restaurant,restaurant,,,,POINT (28.930952 41.005996)
5115937823,Osmanlı Tulumba ve Baklava,41.010104,28.931373,food,amenity:restaurant,restaurant,,,,POINT (28.931373 41.010104)
5112725534,Osmanlı Tulumbacısı ve Baklava,41.00377,28.928172,food,amenity:restaurant,restaurant,,,,POINT (28.928172 41.00377)
5115929112,Osmanlızade,41.009296,28.96718,food,amenity:restaurant,restaurant,,,,POINT (28.96718 41.009296)
8091078318,Otantik,41.009721,28.97622,food,amenity:restaurant,restaurant,,,,POINT (28.97622 41.009721)
5244806819,Otantik Karaca Kardelen,41.009496,28.972592,food,amenity:restaurant,restaurant,,,,POINT (28.972592 41.009496)
5244807392,Ottoman et Mangal,41.009682,28.97015,food,amenity:restaurant,restaurant,,,,POINT (28.97015 41.009682)
5110347229,Ozbasak,41.016206,28.975588,food,amenity:restaurant,restaurant,,,,POINT (28.975588 41.016206)
5243951405,Ozgelis kabab salonu,41.021654,28.944642,food,amenity:restaurant,restaurant,,,,POINT (28.944642 41.021654)
6186457987,Ozgur Kasap,41.013941,28.975409,food,amenity:restaurant,restaurant,,,,POINT (28.975409 41.013941)
6045599785,Ozi Pizza and Pasta,41.00533,28.973358,food,amenity:restaurant,restaurant,,,,POINT (28.973358 41.00533)
5113592164,PIZZALINA,41.010765,28.938556,food,amenity:restaurant,restaurant,,,,POINT (28.938556 41.010765)
6896227885,Pak Pide,41.014592,28.967995,food,amenity:restaurant,restaurant,,,,POINT (28.967995 41.014592)
5113623111,Palatium Cafe & Restaurant,41.006022,28.980244,food,amenity:restaurant,restaurant,,,,POINT (28.980244 41.006022)
3090853857,Palmiye,41.008122,28.977509,food,amenity:restaurant,restaurant,,,,POINT (28.977509 41.008122)
5112728839,Palmyra Syrian Restaurant,41.011475,28.957555,food,amenity:restaurant,restaurant,,,,POINT (28.957555 41.011475)
5106135562,Palukçu Restaurant,41.016039,28.930221,food,amenity:restaurant,restaurant,,,,POINT (28.930221 41.016039)
3079823142,Pandeli,41.017145,28.971179,food,amenity:restaurant,restaurant,,,,POINT (28.971179 41.017145)
5111215743,Pasa doner,41.004156,28.932399,food,amenity:restaurant,restaurant,,,,POINT (28.932399 41.004156)
5111215733,Pasem kepeb,41.006708,28.933538,food,amenity:restaurant,restaurant,,,,POINT (28.933538 41.006708)
5372736553,Pasha Restaurant,41.008259,28.974427,food,amenity:restaurant,restaurant,,,,POINT (28.974427 41.008259)
5112725539,Pashaa Kokoreç,41.003634,28.927897,food,amenity:restaurant,restaurant,,,,POINT (28.927897 41.003634)
5243951430,Patii dunyasi,41.02169,28.9441,food,amenity:restaurant,restaurant,,,,POINT (28.9441 41.02169)
5081274326,Paçacı Hasan,41.010348,28.951465,food,amenity:restaurant,restaurant,,,,POINT (28.951465 41.010348)
5113126690,Paşa Balık,41.005952,28.930858,food,amenity:restaurant,restaurant,,,,POINT (28.930858 41.005952)
5106122984,Paşa Broasted,41.01747,28.953929,food,amenity:restaurant,restaurant,,,,POINT (28.953929 41.01747)
3499094105,Paşa Döner,41.02228,28.945109,food,amenity:restaurant,restaurant,,,,POINT (28.945109 41.02228)
5115929117,Paşa Döner,41.009396,28.966608,food,amenity:restaurant,restaurant,,,,POINT (28.966608 41.009396)
5115933200,Paşa Döner,41.003362,28.930515,food,amenity:restaurant,restaurant,,,,POINT (28.930515 41.003362)
5107247538,Paşa Pilavcısı,41.003655,28.930704,food,amenity:restaurant,restaurant,,,,POINT (28.930704 41.003655)
5113500728,Paşa döner,41.022296,28.945099,food,amenity:restaurant,restaurant,,,,POINT (28.945099 41.022296)
5243952647,Paşalar sofrasi,41.017838,28.944844,food,amenity:restaurant,restaurant,,,,POINT (28.944844 41.017838)
3090798091,Paşazade Restaurant,41.012726,28.977399,food,amenity:restaurant,restaurant,,,,POINT (28.977399 41.012726)
5113486781,Pehlivan,41.026084,28.939682,food,amenity:restaurant,restaurant,,,,POINT (28.939682 41.026084)
5081445080,Perispri,41.028653,28.953055,food,amenity:restaurant,restaurant,,,,POINT (28.953055 41.028653)
5243951547,Pesto restorant,41.017303,28.945515,food,amenity:restaurant,restaurant,,,,POINT (28.945515 41.017303)
5243952638,Pesto restorant,41.01726,28.945452,food,amenity:restaurant,restaurant,,,,POINT (28.945452 41.01726)
9492168110,Pidem,41.014175,28.945441,food,amenity:restaurant,restaurant,,,,POINT (28.945441 41.014175)
5081274106,Pihlivan Lokantası,41.016427,28.950839,food,amenity:restaurant,restaurant,,,,POINT (28.950839 41.016427)
5081265963,Pilavci Resat,41.013491,28.944638,food,amenity:restaurant,restaurant,,,,POINT (28.944638 41.013491)
5113592209,Pilavci ismail usta,41.011002,28.94208,food,amenity:restaurant,restaurant,,,,POINT (28.94208 41.011002)
5115937368,Pilavcı 1453,41.007412,28.936625,food,amenity:restaurant,restaurant,,,,POINT (28.936625 41.007412)
5107247587,Pilavcı Celal Usta,41.004097,28.928408,food,amenity:restaurant,restaurant,,,,POINT (28.928408 41.004097)
5372700481,Pilavcı Fevzi,41.007462,28.970958,food,amenity:restaurant,restaurant,,,,POINT (28.970958 41.007462)
5075994622,Pilavcı Kardeşler,41.013663,28.946035,food,amenity:restaurant,restaurant,,,,POINT (28.946035 41.013663)
5115937822,Pilavcı Nazmi,41.009869,28.931351,food,amenity:restaurant,restaurant,,,,POINT (28.931351 41.009869)
5111215188,Pilavcı Yegit,41.008415,28.940831,food,amenity:restaurant,restaurant,,,,POINT (28.940831 41.008415)
5130434266,Pirim Pub ve Restaurant,41.008975,28.954187,food,amenity:restaurant,restaurant,,,,POINT (28.954187 41.008975)
5112966996,Pluton restaurant,41.007891,28.95255,food,amenity:restaurant,restaurant,,,,POINT (28.95255 41.007891)
5111214104,Point manti,41.004553,28.936138,food,amenity:restaurant,restaurant,,,,POINT (28.936138 41.004553)
5108843103,Pudding Shop Lale Restaurant,41.008025,28.977039,food,amenity:restaurant,restaurant,,,,POINT (28.977039 41.008025)
9386536117,Queb Lounge,41.00552,28.980438,food,amenity:restaurant,restaurant,,,,POINT (28.980438 41.00552)
10178410602,Rasital,41.005364,28.979866,food,amenity:restaurant,restaurant,,,,POINT (28.979866 41.005364)
5108836385,Raymond Cafe and Restaurant,41.012922,28.977126,food,amenity:restaurant,restaurant,,,,POINT (28.977126 41.012922)
5081265967,Razzak resturan,41.01464,28.94285,food,amenity:restaurant,restaurant,,,,POINT (28.94285 41.01464)
4447856189,Raıf üsta,41.01098,28.971032,food,amenity:restaurant,restaurant,,,,POINT (28.971032 41.01098)
5108828013,Red River Pub,41.013484,28.977452,food,amenity:restaurant,restaurant,,,,POINT (28.977452 41.013484)
5244801999,Reggae BR Shot and Food,41.003813,28.971912,food,amenity:restaurant,restaurant,,,,POINT (28.971912 41.003813)
6328738686,Relax Mode Laleli,41.0089,28.959523,food,amenity:restaurant,restaurant,,,,POINT (28.959523 41.0089)
5113473736,Renk Kasabı Et Evi,41.012691,28.925707,food,amenity:restaurant,restaurant,,,,POINT (28.925707 41.012691)
5243950767,Renk büfe,41.017768,28.944396,food,amenity:restaurant,restaurant,,,,POINT (28.944396 41.017768)
11998999269,Restohan,41.013445,28.978543,food,amenity:restaurant,restaurant,,,,POINT (28.978543 41.013445)
5111212310,Resturant,41.016385,28.971612,food,amenity:restaurant,restaurant,,,,POINT (28.971612 41.016385)
5111222052,Resturant,41.008726,28.963652,food,amenity:restaurant,restaurant,,,,POINT (28.963652 41.008726)
5086061040,Rize Odun Ekmeği,41.026743,28.955885,food,amenity:restaurant,restaurant,,,,POINT (28.955885 41.026743)
12347693535,Rose Amida Restaurant,41.013012,28.976975,food,amenity:restaurant,restaurant,,,,POINT (28.976975 41.013012)
5108843080,Rumeli Cafe Restaurant,41.00831,28.976387,food,amenity:restaurant,restaurant,,,,POINT (28.976387 41.00831)
5106129531,Rumeli Dondurma,41.023514,28.943414,food,amenity:restaurant,restaurant,,,,POINT (28.943414 41.023514)
5113465264,Rumeli Dondurma & Tatlı,41.018325,28.951763,food,amenity:restaurant,restaurant,,,,POINT (28.951763 41.018325)
5113126710,Rumeli Köfte Ve Yemek Salonu,41.004562,28.931118,food,amenity:restaurant,restaurant,,,,POINT (28.931118 41.004562)
5087179467,Rumeli Tulumbacısı,40.996387,28.927576,food,amenity:restaurant,restaurant,,,,POINT (28.927576 40.996387)
9777725039,Rumeli Vatan Lokantasi,41.009259,28.975259,food,amenity:restaurant,restaurant,,,,POINT (28.975259 41.009259)
5110347271,Rumeli çikolata,41.015806,28.975947,food,amenity:restaurant,restaurant,,,,POINT (28.975947 41.015806)
5113592152,SARI HAN TIME,41.009849,28.938126,food,amenity:restaurant,restaurant,,,,POINT (28.938126 41.009849)
5244807955,Saaf-İ Kebap Salonu,41.009776,28.967799,food,amenity:restaurant,restaurant,,,,POINT (28.967799 41.009776)
5111206140,Sadikogullari,41.019831,28.963015,food,amenity:restaurant,restaurant,,,,POINT (28.963015 41.019831)
5112728872,Sadık Ev Yemekleri,41.011363,28.959236,food,amenity:restaurant,restaurant,,,,POINT (28.959236 41.011363)
5087179440,Safa meyhanesi,40.995032,28.925875,food,amenity:restaurant,restaurant,,,,POINT (28.925875 40.995032)
5087168298,Safir Köfte,40.9944,28.923538,food,amenity:restaurant,restaurant,,,,POINT (28.923538 40.9944)
12369747201,Safir restaurant,41.004934,28.979109,food,amenity:restaurant,restaurant,,,,POINT (28.979109 41.004934)
5110345297,Safranbolu pide,41.015089,28.973176,food,amenity:restaurant,restaurant,,,,POINT (28.973176 41.015089)
5113486732,Sahara saray,41.021578,28.948017,food,amenity:restaurant,restaurant,,,,POINT (28.948017 41.021578)
5108843526,Sahre Et Kebap Restaurant,41.008991,28.977271,food,amenity:restaurant,restaurant,,,,POINT (28.977271 41.008991)
5113557344,Sahtin,41.010758,28.943088,food,amenity:restaurant,restaurant,,,,POINT (28.943088 41.010758)
5115505422,Sait İskender,41.008918,28.956494,food,amenity:restaurant,restaurant,,,,POINT (28.956494 41.008918)
5243950741,Saitoğulları,41.017623,28.943692,food,amenity:restaurant,restaurant,,,,POINT (28.943692 41.017623)
5088194827,Saki Pub,40.999753,28.93142,food,amenity:restaurant,restaurant,,,,POINT (28.93142 40.999753)
5106122947,Salih Usta Çiğköfteci,41.020837,28.952251,food,amenity:restaurant,restaurant,,,,POINT (28.952251 41.020837)
5081442453,Salihpaşa Börek Fırını,41.022554,28.959687,food,amenity:restaurant,restaurant,,,,POINT (28.959687 41.022554)
5026474512,Sallora Restaurant,41.011683,28.947227,food,amenity:restaurant,restaurant,,,,POINT (28.947227 41.011683)
5075960988,Salloraoğlu tatlısı,41.012158,28.950056,food,amenity:restaurant,restaurant,,,,POINT (28.950056 41.012158)
5075929033,Sallouraoğlu halep sofrası,41.01152,28.942071,food,amenity:restaurant,restaurant,,,,POINT (28.942071 41.01152)
7896642785,Saltanat fish & kebab house,41.009165,28.975513,food,amenity:restaurant,restaurant,,,,POINT (28.975513 41.009165)
5108836389,Salute Pub and Restaurant,41.013053,28.976944,food,amenity:restaurant,restaurant,,,,POINT (28.976944 41.013053)
5088190874,Samatya Balık Evi,40.999937,28.931882,food,amenity:restaurant,restaurant,,,,POINT (28.931882 40.999937)
5088190864,Samatya Balıkçısı,40.999462,28.932219,food,amenity:restaurant,restaurant,,,,POINT (28.932219 40.999462)
5088190862,Samatya Mangalbaşı,40.99958,28.93244,food,amenity:restaurant,restaurant,,,,POINT (28.93244 40.99958)
5088192727,Samatya Ocakbasi,41.000255,28.932711,food,amenity:restaurant,restaurant,,,,POINT (28.932711 41.000255)
5088192772,Samatya börek ve pide,41.001947,28.935803,food,amenity:restaurant,restaurant,,,,POINT (28.935803 41.001947)
5111215769,Samatya coftecesi,41.003379,28.943084,food,amenity:restaurant,restaurant,,,,POINT (28.943084 41.003379)
5088190860,Samatya Çapana,40.999583,28.932179,food,amenity:restaurant,restaurant,,,,POINT (28.932179 40.999583)
5107305870,Sams arap yemekleri,41.008853,28.949334,food,amenity:restaurant,restaurant,,,,POINT (28.949334 41.008853)
5113470955,Samsat Cigkofte,41.017122,28.926388,food,amenity:restaurant,restaurant,,,,POINT (28.926388 41.017122)
5115939944,Samsun Bafra Pide ve Pizza,41.0121,28.968134,food,amenity:restaurant,restaurant,,,,POINT (28.968134 41.0121)
5081265956,Saniyora Tatlası,41.011621,28.947279,food,amenity:restaurant,restaurant,,,,POINT (28.947279 41.011621)
6815610086,Saray,41.00375,28.971801,food,amenity:restaurant,restaurant,,,,POINT (28.971801 41.00375)
5113500287,Saray Kebap,41.007844,28.971591,food,amenity:restaurant,restaurant,,,,POINT (28.971591 41.007844)
4720914919,Saray Muhallebicis,41.016973,28.973548,food,amenity:restaurant,restaurant,,,,POINT (28.973548 41.016973)
1784925350,Sarnic Restaurant,41.00987,28.979552,food,amenity:restaurant,restaurant,,,,POINT (28.979552 41.00987)
5243950791,Saruja Restaurant,41.020538,28.942147,food,amenity:restaurant,restaurant,,,,POINT (28.942147 41.020538)
5088190865,Sarya,40.999488,28.932203,food,amenity:restaurant,restaurant,,,,POINT (28.932203 40.999488)
5099060695,Sarıyer börekçisi,41.006948,28.949266,food,amenity:restaurant,restaurant,,,,POINT (28.949266 41.006948)
5110347223,Sarıyer börekçisi,41.016856,28.973194,food,amenity:restaurant,restaurant,,,,POINT (28.973194 41.016856)
5112736080,Satır Köfte,41.014922,28.966327,food,amenity:restaurant,restaurant,,,,POINT (28.966327 41.014922)
5113486740,Sebil lokantası,41.029409,28.936225,food,amenity:restaurant,restaurant,,,,POINT (28.936225 41.029409)
5243945193,Sedet İskender,41.018473,28.948494,food,amenity:restaurant,restaurant,,,,POINT (28.948494 41.018473)
5088192730,Sedir Et ve Balık,41.000005,28.93247,food,amenity:restaurant,restaurant,,,,POINT (28.93247 41.000005)
5113483624,Sefa,41.020753,28.948504,food,amenity:restaurant,restaurant,,,,POINT (28.948504 41.020753)
5108843986,Sefa Restaurant,41.010239,28.974796,food,amenity:restaurant,restaurant,,,,POINT (28.974796 41.010239)
5110344579,Sefa i han,41.016514,28.96627,food,amenity:restaurant,restaurant,,,,POINT (28.96627 41.016514)
5113611444,Sefa pide,41.027074,28.941198,food,amenity:restaurant,restaurant,,,,POINT (28.941198 41.027074)
5243945190,Selam Et Lokantası,41.01954,28.947367,food,amenity:restaurant,restaurant,,,,POINT (28.947367 41.01954)
5108843051,Semazen Cafe and Restaurant,41.00813,28.976276,food,amenity:restaurant,restaurant,,,,POINT (28.976276 41.00813)
5108843060,Semazen Restaurant,41.008662,28.975982,food,amenity:restaurant,restaurant,,,,POINT (28.975982 41.008662)
5107247563,Senl,41.006262,28.930992,food,amenity:restaurant,restaurant,,,,POINT (28.930992 41.006262)
5115929116,Seos Cafe Restaurant,41.009604,28.96653,food,amenity:restaurant,restaurant,,,,POINT (28.96653 41.009604)
1914160126,Seoul II Restaurant,41.005366,28.980089,food,amenity:restaurant,restaurant,,,,POINT (28.980089 41.005366)
3107720171,Serbethane Cafe & Restaurant,41.004334,28.976809,food,amenity:restaurant,restaurant,,,,POINT (28.976809 41.004334)
5075929059,Sercıya ıstasyonu,41.010173,28.947735,food,amenity:restaurant,restaurant,,,,POINT (28.947735 41.010173)
4687760602,Serggea resturant,41.01018,28.947738,food,amenity:restaurant,restaurant,,,,POINT (28.947738 41.01018)
5113480880,Sevecen ev yemekleri,41.020285,28.94832,food,amenity:restaurant,restaurant,,,,POINT (28.94832 41.020285)
3090853853,Seven Hills Restaurant,41.006372,28.979715,food,amenity:restaurant,restaurant,,,,POINT (28.979715 41.006372)
5112966986,Sevinç simit salonu,41.00723,28.952966,food,amenity:restaurant,restaurant,,,,POINT (28.952966 41.00723)
2509855436,Seyhmuz Kebap,41.008896,28.969638,food,amenity:restaurant,restaurant,,,,POINT (28.969638 41.008896)
5115933199,Seyran Pastaneleri,41.003283,28.930293,food,amenity:restaurant,restaurant,,,,POINT (28.930293 41.003283)
5113125306,Seyran Pastanesi,41.003774,28.931112,food,amenity:restaurant,restaurant,,,,POINT (28.931112 41.003774)
5110344585,Sezgin döner,41.017279,28.964279,food,amenity:restaurant,restaurant,,,,POINT (28.964279 41.017279)
5113620657,Shadow Cafe & Restaurant,41.006033,28.980739,food,amenity:restaurant,restaurant,,,,POINT (28.980739 41.006033)
13396860942,Sher Restaurant,41.013375,28.976632,food,amenity:restaurant,restaurant,,,,POINT (28.976632 41.013375)
5243951401,Shif,41.021211,28.94472,food,amenity:restaurant,restaurant,,,,POINT (28.94472 41.021211)
5107245394,Silivri Kapı Balıkçısı,41.007079,28.930204,food,amenity:restaurant,restaurant,,,,POINT (28.930204 41.007079)
13467814001,Simit Café Restaurant,41.005923,28.953982,food,amenity:restaurant,restaurant,,,,POINT (28.953982 41.005923)
5244796195,Simit Salonu,41.015513,28.969747,food,amenity:restaurant,restaurant,,,,POINT (28.969747 41.015513)
5113128255,Simit Sarayı,41.007356,28.953839,food,amenity:restaurant,restaurant,,,,POINT (28.953839 41.007356)
5108828653,Sirkeci Restaurant,41.014485,28.977122,food,amenity:restaurant,restaurant,,,,POINT (28.977122 41.014485)
12347693551,Sirkeci Sultan Restaurant,41.014153,28.977133,food,amenity:restaurant,restaurant,,,,POINT (28.977133 41.014153)
5112725535,Sirri Usta Çigköfte,41.00373,28.928099,food,amenity:restaurant,restaurant,,,,POINT (28.928099 41.00373)
5081265954,Sit Elşam Pasta,41.011135,28.947684,food,amenity:restaurant,restaurant,,,,POINT (28.947684 41.011135)
1784925351,Sofia,41.009789,28.979445,food,amenity:restaurant,restaurant,,,,POINT (28.979445 41.009789)
5244802014,Sofya Kebab House,41.004725,28.970972,food,amenity:restaurant,restaurant,,,,POINT (28.970972 41.004725)
5113500240,Sokullu,41.005249,28.973402,food,amenity:restaurant,restaurant,,,,POINT (28.973402 41.005249)
3499249055,Son Osmanli Restaurant,41.015489,28.941759,food,amenity:restaurant,restaurant,,,,POINT (28.941759 41.015489)
3499232972,Sorriso Restaurant,41.009728,28.954924,food,amenity:restaurant,restaurant,,,,POINT (28.954924 41.009728)
3100047495,Spectra Cafe,41.003848,28.972559,food,amenity:restaurant,restaurant,,,,POINT (28.972559 41.003848)
3184809998,Spectra Restaurant,41.005319,28.974202,food,amenity:restaurant,restaurant,,,,POINT (28.974202 41.005319)
5107305823,Star Ocakbaşı ve Pub,41.008512,28.948954,food,amenity:restaurant,restaurant,,,,POINT (28.948954 41.008512)
5099065427,Suffa Et Ve Kebap,41.008009,28.950054,food,amenity:restaurant,restaurant,,,,POINT (28.950054 41.008009)
5113620660,Suleyman,41.004896,28.979615,food,amenity:restaurant,restaurant,,,,POINT (28.979615 41.004896)
3499273566,Sultan Ahmet Fish House,41.009954,28.975945,food,amenity:restaurant,restaurant,,,,POINT (28.975945 41.009954)
5113599500,Sultan Balık,41.008309,28.945373,food,amenity:restaurant,restaurant,,,,POINT (28.945373 41.008309)
3090816363,Sultan Köşesi,41.004157,28.976353,food,amenity:restaurant,restaurant,,,,POINT (28.976353 41.004157)
1000022806,Sultan Mehmet Restaurant & Cafe,41.009905,28.978848,food,amenity:restaurant,restaurant,,,,POINT (28.978848 41.009905)
5113620688,Sultan Mehmet Restaurant & Cafe,41.009782,28.978832,food,amenity:restaurant,restaurant,,,,POINT (28.978832 41.009782)
5108843105,Sultan Restoran,41.007992,28.977228,food,amenity:restaurant,restaurant,,,,POINT (28.977228 41.007992)
5081274110,Sultan Resturant,41.010257,28.946764,food,amenity:restaurant,restaurant,,,,POINT (28.946764 41.010257)
3499040568,Sultan Saray,41.008508,28.975213,food,amenity:restaurant,restaurant,,,,POINT (28.975213 41.008508)
5108843519,Sultan Saray,41.008633,28.974259,food,amenity:restaurant,restaurant,,,,POINT (28.974259 41.008633)
5108843743,Sultan Saray Cafe Restaurant,41.008639,28.974588,food,amenity:restaurant,restaurant,,,,POINT (28.974588 41.008639)
4889905040,Sultan Sarniç Dügün & Davet Organizasyon,41.025031,28.950161,food,amenity:restaurant,restaurant,,,,POINT (28.950161 41.025031)
12347693556,Sultan Sofrası İkram,41.014347,28.976644,food,amenity:restaurant,restaurant,,,,POINT (28.976644 41.014347)
5108844010,Sultan ahmet köftecisi turşu depo,41.009407,28.975875,food,amenity:restaurant,restaurant,,,,POINT (28.975875 41.009407)
5110345274,Sultan hamam,41.015611,28.971981,food,amenity:restaurant,restaurant,,,,POINT (28.971981 41.015611)
5113481394,Sultan sarnıcı,41.024994,28.950336,food,amenity:restaurant,restaurant,,,,POINT (28.950336 41.024994)
2249787153,Sultan's Kitchen,41.006249,28.969526,food,amenity:restaurant,restaurant,,,,POINT (28.969526 41.006249)
6356489886,Sultanahamet Köftecisi,41.007964,28.97731,food,amenity:restaurant,restaurant,,,,POINT (28.97731 41.007964)
5108843361,Sultanahmet Fish House,41.010318,28.975821,food,amenity:restaurant,restaurant,,,,POINT (28.975821 41.010318)
5108843046,Sultanahmet Halkin Koftecisi,41.008152,28.975884,food,amenity:restaurant,restaurant,,,,POINT (28.975884 41.008152)
5112834091,Sultanahmet köftecisi,41.008995,28.951685,food,amenity:restaurant,restaurant,,,,POINT (28.951685 41.008995)
5108844011,Sultanahmet köftecisi depo,41.00935,28.975792,food,amenity:restaurant,restaurant,,,,POINT (28.975792 41.00935)
8513449417,Sultanhmet terrace restaurant,41.005116,28.979075,food,amenity:restaurant,restaurant,,,,POINT (28.979075 41.005116)
12347693531,Sultanıa Restaurant,41.012595,28.977623,food,amenity:restaurant,restaurant,,,,POINT (28.977623 41.012595)
5081442499,Sur Balık,41.025698,28.958953,food,amenity:restaurant,restaurant,,,,POINT (28.958953 41.025698)
3785353694,Sur Cafe,41.031157,28.93628,food,amenity:restaurant,restaurant,,,,POINT (28.93628 41.031157)
5106122977,Sur Ocakbaşı,41.01729,28.95486,food,amenity:restaurant,restaurant,,,,POINT (28.95486 41.01729)
5081610950,Sur Pide ve Lavaş Lahmacun Salonu,40.99743,28.924074,food,amenity:restaurant,restaurant,,,,POINT (28.924074 40.99743)
5108843062,Sura Restaurant,41.008721,28.975864,food,amenity:restaurant,restaurant,,,,POINT (28.975864 41.008721)
5115939937,Susamoğl Baklava,41.01165,28.96854,food,amenity:restaurant,restaurant,,,,POINT (28.96854 41.01165)
13396860943,Sushi Palace,41.006518,28.981897,food,amenity:restaurant,restaurant,,,,POINT (28.981897 41.006518)
5115937834,Sürpriz Büfe,41.011038,28.936762,food,amenity:restaurant,restaurant,,,,POINT (28.936762 41.011038)
5244807394,Sütiş Special,41.009954,28.970053,food,amenity:restaurant,restaurant,,,,POINT (28.970053 41.009954)
5817897755,Sırdaş Lokanta,41.016747,28.950346,food,amenity:restaurant,restaurant,,,,POINT (28.950346 41.016747)
5108843518,Sırevi Restaurant,41.008602,28.973983,food,amenity:restaurant,restaurant,,,,POINT (28.973983 41.008602)
5244805880,TAHTA KAŞIK RESTAURANT,41.010752,28.973661,food,amenity:restaurant,restaurant,,,,POINT (28.973661 41.010752)
5193319823,TRIA ELEGANCE TERRACE RESTAURANT,41.005681,28.98102,food,amenity:restaurant,restaurant,,,,POINT (28.98102 41.005681)
5106123806,Tabia Restaurant,41.021855,28.944053,food,amenity:restaurant,restaurant,,,,POINT (28.944053 41.021855)
5106135539,Tad Et & İzgara,41.013082,28.92775,food,amenity:restaurant,restaurant,,,,POINT (28.92775 41.013082)
5244807977,Tadım Köfte Salonu,41.009235,28.967687,food,amenity:restaurant,restaurant,,,,POINT (28.967687 41.009235)
5115938131,Tadım Unlu Mamulleri,41.008649,28.93123,food,amenity:restaurant,restaurant,,,,POINT (28.93123 41.008649)
5081265961,Taehan Uygur Restoranı,41.012727,28.945259,food,amenity:restaurant,restaurant,,,,POINT (28.945259 41.012727)
5244796156,Tahtekale Pılavcısı,41.017241,28.968136,food,amenity:restaurant,restaurant,,,,POINT (28.968136 41.017241)
4367577789,Tamara,41.003988,28.976021,food,amenity:restaurant,restaurant,,,,POINT (28.976021 41.003988)
5088194867,Tandır Taşfırın Pide Lahmacun Kebap Salonu,40.999966,28.931593,food,amenity:restaurant,restaurant,,,,POINT (28.931593 40.999966)
7075596686,Tanrıdağ Uygur Restaurant,41.013487,28.937653,food,amenity:restaurant,restaurant,,,,POINT (28.937653 41.013487)
5111215139,Tanton usta,41.005832,28.937892,food,amenity:restaurant,restaurant,,,,POINT (28.937892 41.005832)
5113557367,Tarbuş,41.009815,28.946332,food,amenity:restaurant,restaurant,,,,POINT (28.946332 41.009815)
5075929049,Tarbuş Mutfağı,41.010468,28.946286,food,amenity:restaurant,restaurant,,,,POINT (28.946286 41.010468)
5086061079,Tarihi Börek,41.025992,28.956244,food,amenity:restaurant,restaurant,,,,POINT (28.956244 41.025992)
7109062286,Tarihi Cemberlitas Muhallebicisi,41.007963,28.971486,food,amenity:restaurant,restaurant,,,,POINT (28.971486 41.007963)
5099065498,Tarihi Cerrahpaşa Köftecisi Mesut Usta,41.00732,28.94284,food,amenity:restaurant,restaurant,,,,POINT (28.94284 41.00732)
5244812076,Tarihi Eminönü Balıkçısı,41.019062,28.965164,food,amenity:restaurant,restaurant,,,,POINT (28.965164 41.019062)
5113557376,Tarihi Eyüp Sultan,41.009605,28.947146,food,amenity:restaurant,restaurant,,,,POINT (28.947146 41.009605)
5106122958,Tarihi Fatih Murat Pidecisi,41.019081,28.953216,food,amenity:restaurant,restaurant,,,,POINT (28.953216 41.019081)
12004758169,Tarihi Fener işkembecisi,41.029668,28.951862,food,amenity:restaurant,restaurant,,,,POINT (28.951862 41.029668)
5106122948,Tarihi Kismet Pidecisi,41.020394,28.951868,food,amenity:restaurant,restaurant,,,,POINT (28.951868 41.020394)
9090515189,Tarihi Leziz Pide Fırını,41.018639,28.96475,food,amenity:restaurant,restaurant,,,,POINT (28.96475 41.018639)
11893467169,Tarihi Pasahan Konagi,41.016838,28.954429,food,amenity:restaurant,restaurant,,,,POINT (28.954429 41.016838)
5099056215,Tarihi Sariyer Börekçisi,41.006326,28.95008,food,amenity:restaurant,restaurant,,,,POINT (28.95008 41.006326)
5244807393,Tarihi Sofçuhan Muhallebicisi,41.0098,28.969963,food,amenity:restaurant,restaurant,,,,POINT (28.969963 41.0098)
5244807403,Tarihi Subaşı Lokantası,41.010621,28.969966,food,amenity:restaurant,restaurant,,,,POINT (28.969966 41.010621)
4790800225,Tarihi Sultanahmet Köftecisi Selim Usta,41.008003,28.976967,food,amenity:restaurant,restaurant,,,,POINT (28.976967 41.008003)
5103810786,Tarihi ULUSOY PASTA BÖREKÇİSİ,41.019638,28.928218,food,amenity:restaurant,restaurant,,,,POINT (28.928218 41.019638)
5112732251,Tarihi Unkapanı Pilavcısı,41.011564,28.960195,food,amenity:restaurant,restaurant,,,,POINT (28.960195 41.011564)
5111215210,Tarihi dagkapi,41.006034,28.936411,food,amenity:restaurant,restaurant,,,,POINT (28.936411 41.006034)
9722432917,Tarihi kardeşler börek ve pideci,41.017269,28.968158,food,amenity:restaurant,restaurant,,,,POINT (28.968158 41.017269)
5244803048,Tarihi Çesme Restaurant,41.003512,28.972228,food,amenity:restaurant,restaurant,,,,POINT (28.972228 41.003512)
5244812097,Tarihi Özkan Koftecisi,41.017336,28.968077,food,amenity:restaurant,restaurant,,,,POINT (28.968077 41.017336)
5106123815,Tarihi Özkan Köftecisi,41.020975,28.942561,food,amenity:restaurant,restaurant,,,,POINT (28.942561 41.020975)
5099065447,Tat Köfte,41.00905,28.94834,food,amenity:restaurant,restaurant,,,,POINT (28.94834 41.00905)
5110345304,Tat Sarıoğlu,41.01513,28.972342,food,amenity:restaurant,restaurant,,,,POINT (28.972342 41.01513)
5112834056,Tat restaurant,41.008175,28.952062,food,amenity:restaurant,restaurant,,,,POINT (28.952062 41.008175)
5115937839,Tatlıbak,41.011082,28.931599,food,amenity:restaurant,restaurant,,,,POINT (28.931599 41.011082)
7021235690,Tatpita Boşnak Böreği,41.011164,28.959245,food,amenity:restaurant,restaurant,,,,POINT (28.959245 41.011164)
12768856301,Tayba Falafel Ve Pide,41.010913,28.944839,food,amenity:restaurant,restaurant,,,,POINT (28.944839 41.010913)
5110345329,Taş fırın,41.014631,28.972465,food,amenity:restaurant,restaurant,,,,POINT (28.972465 41.014631)
5106121849,Tekbir Pide Lahmacun Salonu,41.017723,28.954177,food,amenity:restaurant,restaurant,,,,POINT (28.954177 41.017723)
5108836350,Terrace Restaurant,41.011959,28.977975,food,amenity:restaurant,restaurant,,,,POINT (28.977975 41.011959)
5088197335,Teyzemin Mutfağı,41.003242,28.93504,food,amenity:restaurant,restaurant,,,,POINT (28.93504 41.003242)
5113620631,The Cozy Garden,41.004765,28.979686,food,amenity:restaurant,restaurant,,,,POINT (28.979686 41.004765)
11970900769,The First Ottoman Lounge,41.004468,28.964438,food,amenity:restaurant,restaurant,,,,POINT (28.964438 41.004468)
5480475146,The Han,41.01016,28.978858,food,amenity:restaurant,restaurant,,,,POINT (28.978858 41.01016)
1000023064,The Port Shield Pub & Restaurant,41.011978,28.978224,food,amenity:restaurant,restaurant,,,,POINT (28.978224 41.011978)
5108843091,The Terrace Restaurant,41.008144,28.976446,food,amenity:restaurant,restaurant,,,,POINT (28.976446 41.008144)
5113500243,The wox,41.005058,28.973682,food,amenity:restaurant,restaurant,,,,POINT (28.973682 41.005058)
7896553285,Three partners cafe & restaurant,41.003514,28.973502,food,amenity:restaurant,restaurant,,,,POINT (28.973502 41.003514)
12347693538,Ti Amo Bistro Cafe & Restarant,41.013261,28.977117,food,amenity:restaurant,restaurant,,,,POINT (28.977117 41.013261)
5106121848,Tostçu İbrahim,41.017846,28.954284,food,amenity:restaurant,restaurant,,,,POINT (28.954284 41.017846)
5108828624,Trabzon Lokantası,41.013959,28.977709,food,amenity:restaurant,restaurant,,,,POINT (28.977709 41.013959)
5087168314,Trakya Köfte Salonu,40.995109,28.925633,food,amenity:restaurant,restaurant,,,,POINT (28.925633 40.995109)
5113620639,Tria Elegance Restaurant,41.00597,28.980947,food,amenity:restaurant,restaurant,,,,POINT (28.980947 41.00597)
5112966978,Tuana restaurant,41.003409,28.953112,food,amenity:restaurant,restaurant,,,,POINT (28.953112 41.003409)
5112725544,Tubaz Odunlu Taş fırını,41.000651,28.926399,food,amenity:restaurant,restaurant,,,,POINT (28.926399 41.000651)
5088192752,Tunyalı Ocakbaşı ve Kababı,41.002036,28.936331,food,amenity:restaurant,restaurant,,,,POINT (28.936331 41.002036)
5108836414,Turgut,41.013611,28.975528,food,amenity:restaurant,restaurant,,,,POINT (28.975528 41.013611)
6510541085,Turgut Kebab Pide,41.004667,28.979142,food,amenity:restaurant,restaurant,,,,POINT (28.979142 41.004667)
5112738819,Turko Baba Turkish Delight,41.014453,28.967346,food,amenity:restaurant,restaurant,,,,POINT (28.967346 41.014453)
5100823689,Turkuaz Ev Yemekleri,41.019452,28.932201,food,amenity:restaurant,restaurant,,,,POINT (28.932201 41.019452)
5113620643,Turquoıse cafe resturant,41.005588,28.980146,food,amenity:restaurant,restaurant,,,,POINT (28.980146 41.005588)
5112728852,Tuğra turkish coffee turkish delight,41.011787,28.958494,food,amenity:restaurant,restaurant,,,,POINT (28.958494 41.011787)
5113599729,Tüğba Kafeterya,41.008955,28.9433,food,amenity:restaurant,restaurant,,,,POINT (28.9433 41.008955)
5115938008,URFA SOFRASI HASAN USTA,41.008512,28.930759,food,amenity:restaurant,restaurant,,,,POINT (28.930759 41.008512)
7010848886,URFALİMSAVAKUSTA,41.012901,28.94843,food,amenity:restaurant,restaurant,,,,POINT (28.94843 41.012901)
5113611463,Ulu kardeşler,41.029315,28.938904,food,amenity:restaurant,restaurant,,,,POINT (28.938904 41.029315)
11980554269,Ulusoy Cafe & Pastane,41.004031,28.964427,food,amenity:restaurant,restaurant,,,,POINT (28.964427 41.004031)
5099056202,Umut Börek,41.00684,28.946791,food,amenity:restaurant,restaurant,,,,POINT (28.946791 41.00684)
5081442510,Umut ev yemekleri,41.024629,28.958526,food,amenity:restaurant,restaurant,,,,POINT (28.958526 41.024629)
5111215147,Unkapanı Pilavcı,41.006164,28.939115,food,amenity:restaurant,restaurant,,,,POINT (28.939115 41.006164)
5110342190,Unkapanı pilavcısı,41.013438,28.960819,food,amenity:restaurant,restaurant,,,,POINT (28.960819 41.013438)
5244807972,Unsal Kebap,41.00959,28.968324,food,amenity:restaurant,restaurant,,,,POINT (28.968324 41.00959)
5099056201,Urfa Kebap Ve Lahmacun Salonu,41.006797,28.946688,food,amenity:restaurant,restaurant,,,,POINT (28.946688 41.006797)
5075962024,Urfa kebap sarayı,41.013286,28.948243,food,amenity:restaurant,restaurant,,,,POINT (28.948243 41.013286)
5075993817,Urfa zaman ciğer ve kebep,41.013319,28.946656,food,amenity:restaurant,restaurant,,,,POINT (28.946656 41.013319)
5075962049,Urfalı hacı usta,41.011771,28.949396,food,amenity:restaurant,restaurant,,,,POINT (28.949396 41.011771)
5088194897,Urfalı çıtır kadir lahmacun pide,41.003304,28.930708,food,amenity:restaurant,restaurant,,,,POINT (28.930708 41.003304)
5108827980,Urfalım Kebap,41.014509,28.976186,food,amenity:restaurant,restaurant,,,,POINT (28.976186 41.014509)
5112749095,Urfam Kebap Döner,41.033187,28.946219,food,amenity:restaurant,restaurant,,,,POINT (28.946219 41.033187)
5099065483,Ustam Kebap Dünyası,41.007691,28.9441,food,amenity:restaurant,restaurant,,,,POINT (28.9441 41.007691)
9833781517,Uğur Büryan,41.017095,28.955432,food,amenity:restaurant,restaurant,,,,POINT (28.955432 41.017095)
5081445110,Uğur Pastaneleri,41.023714,28.95463,food,amenity:restaurant,restaurant,,,,POINT (28.95463 41.023714)
5244809867,Vaha Cafe ve Restaurant,41.008007,28.967598,food,amenity:restaurant,restaurant,,,,POINT (28.967598 41.008007)
5088194885,Valide Kebap ve Lahmacun Salonu,41.003521,28.931819,food,amenity:restaurant,restaurant,,,,POINT (28.931819 41.003521)
5026474516,Van Restaurant,41.01318,28.944619,food,amenity:restaurant,restaurant,,,,POINT (28.944619 41.01318)
5111205419,Vanlioglu,41.019463,28.961055,food,amenity:restaurant,restaurant,,,,POINT (28.961055 41.019463)
5110347208,Vanlı oğlu kebap,41.019424,28.960955,food,amenity:restaurant,restaurant,,,,POINT (28.960955 41.019424)
5112834054,Vatan lokantası,41.008175,28.951817,food,amenity:restaurant,restaurant,,,,POINT (28.951817 41.008175)
5110342184,Vefa restaurant ve kafe,41.015705,28.9573,food,amenity:restaurant,restaurant,,,,POINT (28.9573 41.015705)
5244807402,Vejetaryen Mutfak,41.010775,28.97039,food,amenity:restaurant,restaurant,,,,POINT (28.97039 41.010775)
5106118232,Venezia restaurant,41.012094,28.957386,food,amenity:restaurant,restaurant,,,,POINT (28.957386 41.012094)
5110342721,Vezneciler pilavcısı,41.011188,28.961163,food,amenity:restaurant,restaurant,,,,POINT (28.961163 41.011188)
5115939943,Vitamin Et Lokantası,41.01204,28.968168,food,amenity:restaurant,restaurant,,,,POINT (28.968168 41.01204)
5112725537,Volkan Köfte ve Döner Salonu,41.003687,28.928013,food,amenity:restaurant,restaurant,,,,POINT (28.928013 41.003687)
5244801888,Warung Ibu Deden Restaurant,41.003725,28.97423,food,amenity:restaurant,restaurant,,,,POINT (28.97423 41.003725)
12783839101,Warung Nusantara Indonesian Restaurant,41.01581,28.931284,food,amenity:restaurant,restaurant,,,,POINT (28.931284 41.01581)
5113620665,West Town Cafe & Restaurant,41.005016,28.979172,food,amenity:restaurant,restaurant,,,,POINT (28.979172 41.005016)
8572555517,YONCA,41.00688,28.95841,food,amenity:restaurant,restaurant,,,,POINT (28.95841 41.00688)
6515323886,Yabaci,41.006108,28.97325,food,amenity:restaurant,restaurant,,,,POINT (28.97325 41.006108)
5112834047,Yakamoz restaurant,41.008511,28.951616,food,amenity:restaurant,restaurant,,,,POINT (28.951616 41.008511)
5115933923,Yaman Dondurma,41.00405,28.932567,food,amenity:restaurant,restaurant,,,,POINT (28.932567 41.00405)
5113611497,Yaprak pide,41.029976,28.941065,food,amenity:restaurant,restaurant,,,,POINT (28.941065 41.029976)
5113610091,Yaraligoz borek,41.031121,28.94482,food,amenity:restaurant,restaurant,,,,POINT (28.94482 41.031121)
5108844016,Yarenler Cafe and Restaurant,41.00911,28.97545,food,amenity:restaurant,restaurant,,,,POINT (28.97545 41.00911)
3499293120,Yarenler Restaurant,41.009064,28.975502,food,amenity:restaurant,restaurant,,,,POINT (28.975502 41.009064)
5087168296,Yedikule kebap pilavcı,40.9942,28.922607,food,amenity:restaurant,restaurant,,,,POINT (28.922607 40.9942)
5087179441,Yedikule kebapçısı,40.995066,28.925905,food,amenity:restaurant,restaurant,,,,POINT (28.925905 40.995066)
5110347225,Yemek odası restaurant,41.017028,28.973661,food,amenity:restaurant,restaurant,,,,POINT (28.973661 41.017028)
5111222070,Yemek salonu,41.008103,28.965218,food,amenity:restaurant,restaurant,,,,POINT (28.965218 41.008103)
4881623724,Yeni Köşem Restaurant,41.004386,28.964624,food,amenity:restaurant,restaurant,,,,POINT (28.964624 41.004386)
5076114618,Yesilkir pide bank,40.994142,28.925729,food,amenity:restaurant,restaurant,,,,POINT (28.925729 40.994142)
13467805192,Yeşilköy Tavuk&Tavuk,41.007307,28.953224,food,amenity:restaurant,restaurant,,,,POINT (28.953224 41.007307)
5099040197,Yeşimin Mutfağından Ev Yemekleri,41.004016,28.944198,food,amenity:restaurant,restaurant,,,,POINT (28.944198 41.004016)
5086061066,Yilmazlar Lokantasi,41.026056,28.955509,food,amenity:restaurant,restaurant,,,,POINT (28.955509 41.026056)
5088190907,Yunca Büfe,41.004167,28.934761,food,amenity:restaurant,restaurant,,,,POINT (28.934761 41.004167)
5111223236,Yunus,41.007383,28.957163,food,amenity:restaurant,restaurant,,,,POINT (28.957163 41.007383)
5106127817,Yuvam Restaurant,41.024532,28.941993,food,amenity:restaurant,restaurant,,,,POINT (28.941993 41.024532)
5244805883,Yörem Et ve İskender Salonu,41.010738,28.973781,food,amenity:restaurant,restaurant,,,,POINT (28.973781 41.010738)
5088194872,Yörem urfa taş fırnı,41.003396,28.932497,food,amenity:restaurant,restaurant,,,,POINT (28.932497 41.003396)
5081442452,Yücel Unlu Mamulleri,41.022529,28.959742,food,amenity:restaurant,restaurant,,,,POINT (28.959742 41.022529)
5113557362,Yüksel Uygur,41.009967,28.945709,food,amenity:restaurant,restaurant,,,,POINT (28.945709 41.009967)
5244807976,Yıldız Kebap,41.009265,28.96794,food,amenity:restaurant,restaurant,,,,POINT (28.96794 41.009265)
5113611443,Yıldız borek,41.027152,28.941309,food,amenity:restaurant,restaurant,,,,POINT (28.941309 41.027152)
5113486779,Yıldız saray,41.02635,28.939455,food,amenity:restaurant,restaurant,,,,POINT (28.939455 41.02635)
5244811437,Yılmaz Köfte,41.012479,28.968126,food,amenity:restaurant,restaurant,,,,POINT (28.968126 41.012479)
5100825074,Yılmaz Lokantası,41.021432,28.927219,food,amenity:restaurant,restaurant,,,,POINT (28.927219 41.021432)
5108843748,Zamos Cafe and Restaurant,41.008412,28.974453,food,amenity:restaurant,restaurant,,,,POINT (28.974453 41.008412)
5243953356,Zeman alkheir,41.028045,28.946382,food,amenity:restaurant,restaurant,,,,POINT (28.946382 41.028045)
7816100108,Zerina,41.023042,28.960955,food,amenity:restaurant,restaurant,,,,POINT (28.960955 41.023042)
5075929055,Zeyr ve Zater,41.010192,28.947226,food,amenity:restaurant,restaurant,,,,POINT (28.947226 41.010192)
5081442476,Zeyrek Cafe Restaurant,41.020547,28.958893,food,amenity:restaurant,restaurant,,,,POINT (28.958893 41.020547)
6344766185,Ziya,41.013935,28.975718,food,amenity:restaurant,restaurant,,,,POINT (28.975718 41.013935)
5244801998,Ziya Baba Slow Food,41.003675,28.97199,food,amenity:restaurant,restaurant,,,,POINT (28.97199 41.003675)
5108843351,Ziya Dürüm Evi,41.010717,28.974597,food,amenity:restaurant,restaurant,,,,POINT (28.974597 41.010717)
5108843593,Ziya Sark Sofrasi,41.010786,28.97753,food,amenity:restaurant,restaurant,,,,POINT (28.97753 41.010786)
5243945198,Ziya Şark Sofrası,41.01934,28.947618,food,amenity:restaurant,restaurant,,,,POINT (28.947618 41.01934)
5111215132,Ziyada ev yemek,41.005622,28.937184,food,amenity:restaurant,restaurant,,,,POINT (28.937184 41.005622)
12311485567,Ziyafet kuzu çevirme İstanbul,41.013691,28.977044,food,amenity:restaurant,restaurant,,,,POINT (28.977044 41.013691)
5112728850,Zurich Restaurant,41.01166,28.958099,food,amenity:restaurant,restaurant,,,,POINT (28.958099 41.01166)
5243951557,adiyaman çikoftecisi,41.01645,28.948803,food,amenity:restaurant,restaurant,,,,POINT (28.948803 41.01645)
5135902724,buhara börek,41.021276,28.945179,food,amenity:restaurant,restaurant,,,,POINT (28.945179 41.021276)
5075962048,ciğeristan,41.011726,28.949483,food,amenity:restaurant,restaurant,,,,POINT (28.949483 41.011726)
5108843732,cozy pizza pide,41.008377,28.974321,food,amenity:restaurant,restaurant,,,,POINT (28.974321 41.008377)
5243950782,hacielaziz chikoftaci,41.02015,28.941454,food,amenity:restaurant,restaurant,,,,POINT (28.941454 41.02015)
5244795860,ipar pasta evi,41.01584,28.969248,food,amenity:restaurant,restaurant,,,,POINT (28.969248 41.01584)
3090816364,istanbul enjoyer,41.008192,28.976864,food,amenity:restaurant,restaurant,,,,POINT (28.976864 41.008192)
5115939261,köşem büfe,41.009556,28.936154,food,amenity:restaurant,restaurant,,,,POINT (28.936154 41.009556)
13272149101,lotiz lounge hookah,41.011804,28.958389,food,amenity:restaurant,restaurant,,,,POINT (28.958389 41.011804)
5075962053,sanliurfa zaman ciger ve kebap salonu,41.012332,28.948377,food,amenity:restaurant,restaurant,,,,POINT (28.948377 41.012332)
5135309624,selam restaurant,41.019542,28.947369,food,amenity:restaurant,restaurant,,,,POINT (28.947369 41.019542)
3186628316,tacita,41.00505,28.973223,food,amenity:restaurant,restaurant,,,,POINT (28.973223 41.00505)
5108837423,tantunabi,41.013781,28.975111,food,amenity:restaurant,restaurant,,,,POINT (28.975111 41.013781)
5075962051,taç kebap,41.01193,28.949166,food,amenity:restaurant,restaurant,,,,POINT (28.949166 41.01193)
5075929032,yemen resturant,41.011647,28.941606,food,amenity:restaurant,restaurant,,,,POINT (28.941606 41.011647)
5075962034,zarzor iraqlı lokantası,41.012154,28.949334,food,amenity:restaurant,restaurant,,,,POINT (28.949334 41.012154)
5075929037,zirwe sultan resturant,41.011344,28.94273,food,amenity:restaurant,restaurant,,,,POINT (28.94273 41.011344)
5243952635,Çagdash lokanta,41.016952,28.945712,food,amenity:restaurant,restaurant,,,,POINT (28.945712 41.016952)
5109654681,Çapa Dürüm Kebab,41.013758,28.932804,food,amenity:restaurant,restaurant,,,,POINT (28.932804 41.013758)
5088190861,Çapana Et Balık,40.999516,28.932396,food,amenity:restaurant,restaurant,,,,POINT (28.932396 40.999516)
10178438647,Çapari,41.003616,28.965053,food,amenity:restaurant,restaurant,,,,POINT (28.965053 41.003616)
5113481370,Çarşamba kebap,41.024157,28.948459,food,amenity:restaurant,restaurant,,,,POINT (28.948459 41.024157)
5115939941,Çarşı Ocakbaşı,41.011827,28.968328,food,amenity:restaurant,restaurant,,,,POINT (28.968328 41.011827)
5115939926,Çarşıkapı Muhallebicisi 1984,41.009967,28.969965,food,amenity:restaurant,restaurant,,,,POINT (28.969965 41.009967)
5244801831,Çatladıkapı Sosyal Tesisleri,41.001796,28.973509,food,amenity:restaurant,restaurant,,,,POINT (28.973509 41.001796)
5111222102,Çavuşoğlu,41.009309,28.958266,food,amenity:restaurant,restaurant,,,,POINT (28.958266 41.009309)
5112751026,Çayada in balat,41.033851,28.946722,food,amenity:restaurant,restaurant,,,,POINT (28.946722 41.033851)
5110345282,Çağaloğlu,41.014258,28.974951,food,amenity:restaurant,restaurant,,,,POINT (28.974951 41.014258)
6356595586,Çağri restaurant,41.006919,28.954026,food,amenity:restaurant,restaurant,,,,POINT (28.954026 41.006919)
5100825059,Çağrı köfte ve döner,41.019311,28.932335,food,amenity:restaurant,restaurant,,,,POINT (28.932335 41.019311)
5113611483,Çelik et ve tavuk durumları,41.029813,28.939734,food,amenity:restaurant,restaurant,,,,POINT (28.939734 41.029813)
5244806770,Çemberlitaş Aksoy Dönercisi,41.008682,28.969528,food,amenity:restaurant,restaurant,,,,POINT (28.969528 41.008682)
5244806780,Çemberlitaş Köftecisi,41.008894,28.971405,food,amenity:restaurant,restaurant,,,,POINT (28.971405 41.008894)
5088194884,Çevre Kebap,41.00361,28.931883,food,amenity:restaurant,restaurant,,,,POINT (28.931883 41.00361)
5099040216,Çeşm-İ Cİhan Ev Yemeklerİ,41.005339,28.94314,food,amenity:restaurant,restaurant,,,,POINT (28.94314 41.005339)
5244805710,Çeşme Döner Büfe,41.011494,28.972058,food,amenity:restaurant,restaurant,,,,POINT (28.972058 41.011494)
5107245382,Çeşni Yöresel Gıdalar,41.006711,28.931733,food,amenity:restaurant,restaurant,,,,POINT (28.931733 41.006711)
5081265957,Çitir Lahmacun,41.011647,28.947244,food,amenity:restaurant,restaurant,,,,POINT (28.947244 41.011647)
5087172331,Çiğköfteci ömer usta,40.996558,28.927473,food,amenity:restaurant,restaurant,,,,POINT (28.927473 40.996558)
5113126654,Çorbacı Alaaddin Ustanın Yeri,41.004565,28.931598,food,amenity:restaurant,restaurant,,,,POINT (28.931598 41.004565)
5099060708,Çömçe et lokantası,41.007708,28.951545,food,amenity:restaurant,restaurant,,,,POINT (28.951545 41.007708)
5088194848,Çıtır Börek ve Pide,40.998214,28.930067,food,amenity:restaurant,restaurant,,,,POINT (28.930067 40.998214)
5099065497,Çıtır pide lahmacun,41.007363,28.942946,food,amenity:restaurant,restaurant,,,,POINT (28.942946 41.007363)
5107305830,Çığır lahmacun,41.008773,28.948706,food,amenity:restaurant,restaurant,,,,POINT (28.948706 41.008773)
5113126682,Öz Antep Tatlıcısı,41.00664,28.931144,food,amenity:restaurant,restaurant,,,,POINT (28.931144 41.00664)
5087179461,Öz Anteplizade,40.996143,28.927347,food,amenity:restaurant,restaurant,,,,POINT (28.927347 40.996143)
5088192790,Öz Ağam Kebap Lahmacun Salonu,41.002258,28.936811,food,amenity:restaurant,restaurant,,,,POINT (28.936811 41.002258)
5081442520,Öz Dürüm,41.02469,28.95808,food,amenity:restaurant,restaurant,,,,POINT (28.95808 41.02469)
5244805705,Öz Karadeniz,41.010735,28.972419,food,amenity:restaurant,restaurant,,,,POINT (28.972419 41.010735)
5110345314,Öz Karadeniz pide,41.01505,28.971501,food,amenity:restaurant,restaurant,,,,POINT (28.971501 41.01505)
4225464289,Öz Kilis Lahmacun ve Kebap,41.021729,28.944559,food,amenity:restaurant,restaurant,,,,POINT (28.944559 41.021729)
5086061082,Öz Mostar,41.025918,28.956897,food,amenity:restaurant,restaurant,,,,POINT (28.956897 41.025918)
5112738814,Öz Sultanahmet Köftecisi,41.014268,28.967344,food,amenity:restaurant,restaurant,,,,POINT (28.967344 41.014268)
5115929111,Öz Yumak,41.009394,28.96666,food,amenity:restaurant,restaurant,,,,POINT (28.96666 41.009394)
5113483634,Öz antakya,41.020711,28.949171,food,amenity:restaurant,restaurant,,,,POINT (28.949171 41.020711)
5113469916,Öz karadeniz pide salonu,41.023236,28.946735,food,amenity:restaurant,restaurant,,,,POINT (28.946735 41.023236)
5244807912,Özbek Taomlari Lezzet,41.005351,28.964611,food,amenity:restaurant,restaurant,,,,POINT (28.964611 41.005351)
5113610120,Özcanlar kebap salonu,41.026395,28.94083,food,amenity:restaurant,restaurant,,,,POINT (28.94083 41.026395)
5244810024,Özen Lokantası,41.008646,28.966196,food,amenity:restaurant,restaurant,,,,POINT (28.966196 41.008646)
5110344544,Özen lokantası,41.017275,28.96702,food,amenity:restaurant,restaurant,,,,POINT (28.96702 41.017275)
5113611423,Özen sariyer borekçisi,41.026446,28.940932,food,amenity:restaurant,restaurant,,,,POINT (28.940932 41.026446)
5113611476,Özen sariyer boreği,41.029634,28.939269,food,amenity:restaurant,restaurant,,,,POINT (28.939269 41.029634)
5088197322,Özgul börek,41.000048,28.931397,food,amenity:restaurant,restaurant,,,,POINT (28.931397 41.000048)
5099065511,Özgül Börek Salonu,41.006958,28.94213,food,amenity:restaurant,restaurant,,,,POINT (28.94213 41.006958)
5244807904,Özhanedan,41.006746,28.965294,food,amenity:restaurant,restaurant,,,,POINT (28.965294 41.006746)
5243953348,Özkaradeniz,41.026232,28.948277,food,amenity:restaurant,restaurant,,,,POINT (28.948277 41.026232)
5088192733,Öztürk Kardeşler Balık Lokantası,40.999622,28.932145,food,amenity:restaurant,restaurant,,,,POINT (28.932145 40.999622)
5087172333,Ümit Börek Salonu,40.996712,28.927669,food,amenity:restaurant,restaurant,,,,POINT (28.927669 40.996712)
5109654671,Üçler Urfa Kebab Salonu,41.012736,28.931626,food,amenity:restaurant,restaurant,,,,POINT (28.931626 41.012736)
5113598495,özbey bufe,41.010595,28.941018,food,amenity:restaurant,restaurant,,,,POINT (28.941018 41.010595)
11528657999,İBB Sultanahmet Kent Lokantası,41.009599,28.977531,food,amenity:restaurant,restaurant,,,,POINT (28.977531 41.009599)
11528657995,İBB Çapa Kent Lokantası,41.014432,28.934424,food,amenity:restaurant,restaurant,,,,POINT (28.934424 41.014432)
5103810816,İkinci Adres Restoran Pub,41.016852,28.93064,food,amenity:restaurant,restaurant,,,,POINT (28.93064 41.016852)
5244810296,İkizler Pilav ve Dürüm Evi,41.00497,28.965105,food,amenity:restaurant,restaurant,,,,POINT (28.965105 41.00497)
5111215151,İkizler Pilavcı,41.006415,28.939501,food,amenity:restaurant,restaurant,,,,POINT (28.939501 41.006415)
5113611451,İkram,41.027469,28.941305,food,amenity:restaurant,restaurant,,,,POINT (28.941305 41.027469)
5113125951,İmamoğlu Kebap ve Lahmacun Salonu,41.00366,28.927636,food,amenity:restaurant,restaurant,,,,POINT (28.927636 41.00366)
4874812823,İmren,40.996184,28.927115,food,amenity:restaurant,restaurant,,,,POINT (28.927115 40.996184)
5087179456,İncedal et lokantası,40.995912,28.927081,food,amenity:restaurant,restaurant,,,,POINT (28.927081 40.995912)
5112728883,İnci Cafe Restaurant,41.010776,28.959216,food,amenity:restaurant,restaurant,,,,POINT (28.959216 41.010776)
10178438645,İnci Teras Restaurant,41.004648,28.979448,food,amenity:restaurant,restaurant,,,,POINT (28.979448 41.004648)
5244795888,İshakpaşa Sofrası,41.015945,28.969537,food,amenity:restaurant,restaurant,,,,POINT (28.969537 41.015945)
5113609492,İsot lahmacun,41.027599,28.940926,food,amenity:restaurant,restaurant,,,,POINT (28.940926 41.027599)
5112749724,İstanbul Ciğercisi,41.032697,28.945867,food,amenity:restaurant,restaurant,,,,POINT (28.945867 41.032697)
5113128248,İstanbul Restoran,41.007658,28.953819,food,amenity:restaurant,restaurant,,,,POINT (28.953819 41.007658)
5113592212,İzgara Evi,41.010965,28.942245,food,amenity:restaurant,restaurant,,,,POINT (28.942245 41.010965)
5081442456,Şafak Et Lokantası,41.022313,28.959875,food,amenity:restaurant,restaurant,,,,POINT (28.959875 41.022313)
5244803034,Şafak Restaurant,41.003649,28.974875,food,amenity:restaurant,restaurant,,,,POINT (28.974875 41.003649)
5088194890,Şafak pide ve lahmacun,41.003447,28.931286,food,amenity:restaurant,restaurant,,,,POINT (28.931286 41.003447)
5113472207,Şahin Kardeşler 1 Börek Salonu,41.00665,28.923808,food,amenity:restaurant,restaurant,,,,POINT (28.923808 41.00665)
5113483413,Şam günleri,41.020967,28.948331,food,amenity:restaurant,restaurant,,,,POINT (28.948331 41.020967)
5075929034,Şam şerif tatlası,41.011497,28.942147,food,amenity:restaurant,restaurant,,,,POINT (28.942147 41.011497)
5106127801,Şanlar Pastneleri,41.026521,28.947424,food,amenity:restaurant,restaurant,,,,POINT (28.947424 41.026521)
5099060693,Şanlı et lokantası,41.006948,28.948754,food,amenity:restaurant,restaurant,,,,POINT (28.948754 41.006948)
5244807887,Şar Restaurant,41.008779,28.967066,food,amenity:restaurant,restaurant,,,,POINT (28.967066 41.008779)
5244809857,Şar Restaurant,41.008095,28.967263,food,amenity:restaurant,restaurant,,,,POINT (28.967263 41.008095)
5113598486,Şark Büfe,41.009793,28.940829,food,amenity:restaurant,restaurant,,,,POINT (28.940829 41.009793)
10178410603,Şato,41.005334,28.980163,food,amenity:restaurant,restaurant,,,,POINT (28.980163 41.005334)
5244806763,Şehmuz Kebap Salonu,41.008907,28.969727,food,amenity:restaurant,restaurant,,,,POINT (28.969727 41.008907)
5110344578,Şehri saadet,41.016531,28.966398,food,amenity:restaurant,restaurant,,,,POINT (28.966398 41.016531)
5112728864,Şehzade Börek,41.011802,28.959214,food,amenity:restaurant,restaurant,,,,POINT (28.959214 41.011802)
5108837430,Şehzade Cağ Kebap,41.014019,28.975269,food,amenity:restaurant,restaurant,,,,POINT (28.975269 41.014019)
5244810306,Şehzade Ocakbaşı Restaurant,41.005648,28.965223,food,amenity:restaurant,restaurant,,,,POINT (28.965223 41.005648)
5110345252,Şen büfe,41.015222,28.974315,food,amenity:restaurant,restaurant,,,,POINT (28.974315 41.015222)
5115933201,Şenol,41.003421,28.930722,food,amenity:restaurant,restaurant,,,,POINT (28.930722 41.003421)
5243951544,Şerifoglu,41.017551,28.947258,food,amenity:restaurant,restaurant,,,,POINT (28.947258 41.017551)
5113594824,Şifa döner,41.009096,28.948021,food,amenity:restaurant,restaurant,,,,POINT (28.948021 41.009096)
5108827981,Şirin Köfte Kebap Döner Salonu,41.014635,28.976302,food,amenity:restaurant,restaurant,,,,POINT (28.976302 41.014635)
5244803043,Şirvan Şark Sofrası,41.002906,28.973413,food,amenity:restaurant,restaurant,,,,POINT (28.973413 41.002906)
5113620661,Şiva Cafe & Bar,41.006133,28.980863,food,amenity:restaurant,restaurant,,,,POINT (28.980863 41.006133)
5108828630,Şöhret Köftecisi,41.013458,28.978252,food,amenity:restaurant,restaurant,,,,POINT (28.978252 41.013458)
5088192787,Şölen Ocakbaşı,41.000138,28.931808,food,amenity:restaurant,restaurant,,,,POINT (28.931808 41.000138)
5107245384,Şölen Pastaneleri,41.006709,28.931522,food,amenity:restaurant,restaurant,,,,POINT (28.931522 41.006709)
5115937198,Şölen Pastaneleri,41.008402,28.931359,food,amenity:restaurant,restaurant,,,,POINT (28.931359 41.008402)
9833781617,Şırdancı Mehmet,41.017681,28.954293,food,amenity:restaurant,restaurant,,,,POINT (28.954293 41.017681)
6665917986,أطيب فلافل,41.010151,28.947806,food,amenity:restaurant,restaurant,,,,POINT (28.947806 41.010151)
6153737886,المدينة,41.011327,28.950019,food,amenity:restaurant,restaurant,,,,POINT (28.950019 41.011327)
10044870517,جيري فتار قهوة ومطعم,41.016949,28.966261,food,amenity:restaurant,restaurant,,,,POINT (28.966261 41.016949)
8771469619,كنافة نابلسي,41.020386,28.948628,food,amenity:restaurant,restaurant,,,,POINT (28.948628 41.020386)
5346492723,مطعم اسماك,41.00524,28.957036,food,amenity:restaurant,restaurant,,,,POINT (28.957036 41.00524)
6015750885,مطعم حضرموت,41.020255,28.941854,food,amenity:restaurant,restaurant,,,,POINT (28.941854 41.020255)
11049357405,مطعم كباب بغداد,41.01305,28.946543,food,amenity:restaurant,restaurant,,,,POINT (28.946543 41.01305)
5075929057,مطعم مندي,41.010247,28.947566,food,amenity:restaurant,restaurant,,,,POINT (28.947566 41.010247)
1900616737,Ancient Hippodrome Substructure,41.004072,28.973413,museum_historic,historic:archaeological_site,,,archaeological_site,,POINT (28.973413 41.004072)
13615790287,Lausos Sarayı'nın Kalıntıları,41.007586,28.975554,museum_historic,historic:archaeological_site,,,archaeological_site,,POINT (28.975554 41.007586)
12766787301,Unnamed POI,41.009446,28.962221,museum_historic,historic:archaeological_site,,,archaeological_site,,POINT (28.962221 41.009446)
12766787501,Unnamed POI,41.009412,28.962619,museum_historic,historic:archaeological_site,,,archaeological_site,,POINT (28.962619 41.009412)
12312742216,İBB Bulgur Palas Kütüphanesi,41.006995,28.944046,museum_historic,historic:building,library,,building,,POINT (28.944046 41.006995)
12768472401,Padişah Mahfili - Yeni Cami,41.016893,28.972777,museum_historic,historic:castle,,,castle,,POINT (28.972777 41.016893)
5076115936,Imrahor ilyasbey mezarlığı,40.996268,28.92814,museum_historic,historic:cemetery,grave_yard,,cemetery,,POINT (28.92814 40.996268)
5081610966,Panayia Belgradu Kilisesi,41.000114,28.921979,museum_historic,historic:church,place_of_worship,,church,,POINT (28.921979 41.000114)
11006008339,Yerebatan Sarnıcı,41.00848,28.978383,museum_historic,historic:cistern,,attraction,cistern,,POINT (28.978383 41.00848)
1035582478,Belgrad Kapı,40.99983,28.920538,museum_historic,historic:city_gate,,,city_gate,,POINT (28.920538 40.99983)
13565832354,Belgrad Kapı,40.999831,28.920477,museum_historic,historic:city_gate,,,city_gate,,POINT (28.920477 40.999831)
5787843345,Eğrikapı,41.036473,28.939398,museum_historic,historic:city_gate,,,city_gate,,POINT (28.939398 41.036473)
13357454659,Hasbahçe Kapısı,41.01455,28.986604,museum_historic,historic:city_gate,,,city_gate,,POINT (28.986604 41.01455)
1055512571,Silivrikapı,41.006083,28.92183,museum_historic,historic:city_gate,,,city_gate,,POINT (28.92183 41.006083)
11331440494,Unnamed POI,41.010396,28.956852,museum_historic,historic:city_gate,,,city_gate,,POINT (28.956852 41.010396)
11331440495,Unnamed POI,41.009744,28.956202,museum_historic,historic:city_gate,,,city_gate,,POINT (28.956202 41.009744)
415157636,Yılanlı Sütun,41.005665,28.97511,museum_historic,historic:column,,attraction,column,,POINT (28.97511 41.005665)
3254365422,Atatürk,41.015053,28.976822,museum_historic,historic:memorial,,,memorial,,POINT (28.976822 41.015053)
3281285898,Atatürk,41.004451,28.973311,museum_historic,historic:memorial,,,memorial,,POINT (28.973311 41.004451)
13357454625,Bizans Lahdi,41.004353,28.981218,museum_historic,historic:memorial,,,memorial,,POINT (28.981218 41.004353)
3254460380,Fatih Anıtı,41.015573,28.954219,museum_historic,historic:memorial,,,memorial,,POINT (28.954219 41.015573)
6914442986,Fatih Sultan Mehmet Anıtı,41.030347,28.937023,museum_historic,historic:memorial,,,memorial,,POINT (28.937023 41.030347)
3279345565,Hamal,41.014488,28.972908,museum_historic,historic:memorial,,,memorial,,POINT (28.972908 41.014488)
3254460381,Hava Şehitleri Anıtı,41.016075,28.952635,museum_historic,historic:memorial,,,memorial,,POINT (28.952635 41.016075)
4506862293,Hurrem Haseki (Roksolana) Turbesi,41.015668,28.964808,museum_historic,historic:memorial,,,memorial,,POINT (28.964808 41.015668)
4506783904,Kanuni Sultan Suleyman 1 Turbesi,41.0157,28.964466,museum_historic,historic:memorial,,,memorial,,POINT (28.964466 41.0157)
3236233297,Kıztaşı,41.015441,28.950285,museum_historic,historic:memorial,,,memorial,,POINT (28.950285 41.015441)
3220979738,Manifaturaci Draper,41.014808,28.971091,museum_historic,historic:memorial,,,memorial,,POINT (28.971091 41.014808)
3281285899,Mithat Paşa,41.004219,28.973377,museum_historic,historic:memorial,,,memorial,,POINT (28.973377 41.004219)
5478162925,Sarayburnu Atatürk Anıtı,41.016263,28.986132,museum_historic,historic:memorial,,,memorial,,POINT (28.986132 41.016263)
11813287018,Sohum Kalesi Kitâbesi,41.012383,28.984036,museum_historic,historic:memorial,,,memorial,,POINT (28.984036 41.012383)
6432801437,Turgut Reis,41.013533,28.987321,museum_historic,historic:memorial,,,memorial,,POINT (28.987321 41.013533)
4509007790,Unnamed POI,41.018933,28.9505,museum_historic,historic:memorial,,,memorial,,POINT (28.9505 41.018933)
4509011791,Unnamed POI,41.018844,28.950815,museum_historic,historic:memorial,,,memorial,,POINT (28.950815 41.018844)
5108806124,Unnamed POI,41.007927,28.975245,museum_historic,historic:memorial,,,memorial,,POINT (28.975245 41.007927)
11812060147,Unnamed POI,41.005894,28.975446,museum_historic,historic:memorial,,,memorial,,POINT (28.975446 41.005894)
11813287022,Unnamed POI,41.012644,28.983788,museum_historic,historic:memorial,,,memorial,,POINT (28.983788 41.012644)
11813287023,Unnamed POI,41.012618,28.983732,museum_historic,historic:memorial,,,memorial,,POINT (28.983732 41.012618)
6916379085,İstanbul’un Orta Noktası,41.013123,28.957839,museum_historic,historic:memorial,,,memorial,,POINT (28.957839 41.013123)
3374681017,Atik Ali Paşa Medresesi,41.008408,28.969981,museum_historic,historic:monument,,,monument,,POINT (28.969981 41.008408)
3383039241,Bayram Paşa Külliyesi,41.008774,28.942342,museum_historic,historic:monument,,,monument,,POINT (28.942342 41.008774)
9206305917,Beyazit Kulesi,41.011394,28.964682,museum_historic,historic:monument,,,monument,,POINT (28.964682 41.011394)
4695996389,Gotlar Sütunu,41.014641,28.985677,museum_historic,historic:monument,,attraction,monument,,POINT (28.985677 41.014641)
1620494633,Hatice Turhan Sultan Türbesi,41.016202,28.971905,museum_historic,historic:monument,,,monument,,POINT (28.971905 41.016202)
3374678648,Kara Mustafa Paşa Külliyesi,41.008716,28.96776,museum_historic,historic:monument,,,monument,,POINT (28.96776 41.008716)
3374678647,Koca Sinan Paşa Külliyesi,41.008809,28.969064,museum_historic,historic:monument,,,monument,,POINT (28.969064 41.008809)
1908677124,Milyon Taşı,41.008067,28.978018,museum_historic,historic:monument,,,monument,,POINT (28.978018 41.008067)
3384627300,Unnamed POI,40.996197,28.928503,museum_historic,historic:monument,,,monument,,POINT (28.928503 40.996197)
5985089186,Unnamed POI,41.013597,28.981641,museum_historic,historic:monument,,,monument,,POINT (28.981641 41.013597)
9732000517,Yanbol sinagog,41.033268,28.946336,museum_historic,historic:monument,,,monument,,POINT (28.946336 41.033268)
12382547352,Arkadyos Sütunu,41.007736,28.943061,museum_historic,historic:ruins,,,ruins,,POINT (28.943061 41.007736)
4977947521,Ayios Polieuktos Kilisesi,41.014232,28.952959,museum_historic,historic:ruins,,,ruins,,POINT (28.952959 41.014232)
1652694014,Magnaura Sarayı,41.005448,28.979659,museum_historic,historic:ruins,,,ruins,,POINT (28.979659 41.005448)
13094040818,Tarihi Kemer Kalıntısı,41.021825,28.952164,museum_historic,historic:ruins,,,ruins,,POINT (28.952164 41.021825)
5739586344,Unnamed POI,41.012715,28.983917,museum_historic,historic:ruins,,,ruins,,POINT (28.983917 41.012715)
13635188807,Unnamed POI,41.00229,28.973349,museum_historic,historic:ruins,,,ruins,,POINT (28.973349 41.00229)
5112750009,Ebuzer Gifari Türbesi,41.037606,28.94286,museum_historic,historic:tomb,,,tomb,,POINT (28.94286 41.037606)
13357454624,Hasan Baba Kabri,41.004447,28.981597,museum_historic,historic:tomb,,,tomb,,POINT (28.981597 41.004447)
13385771384,II. Abdülhamid Türbesi,41.008635,28.972596,museum_historic,historic:tomb,,,tomb,,POINT (28.972596 41.008635)
13385771381,IV. Mehmet Türbesi,41.016086,28.97179,museum_historic,historic:tomb,,,tomb,,POINT (28.97179 41.016086)
5244807872,Karababa Türbesi,41.008301,28.969208,museum_historic,historic:tomb,,,tomb,,POINT (28.969208 41.008301)
5113592202,Molla Gorani Hazretlerinin Kabri,41.01123,28.941136,museum_historic,historic:tomb,,,tomb,,POINT (28.941136 41.01123)
5110342142,Molla Hüsrev cami Turbası,41.014778,28.959381,museum_historic,historic:tomb,,,tomb,,POINT (28.959381 41.014778)
13357454623,Nimelceyş Kabiri,41.004969,28.981862,museum_historic,historic:tomb,,,tomb,,POINT (28.981862 41.004969)
13357454626,Nimelceyş Kabiri,41.003963,28.981908,museum_historic,historic:tomb,,,tomb,,POINT (28.981908 41.003963)
5113620677,Sahabe-i Kiramdan Abdurrahman Şami Türbesi,41.00669,28.979145,museum_historic,historic:tomb,,,tomb,,POINT (28.979145 41.00669)
5081445115,Seyyit Velayet Türbesi,41.023848,28.954732,museum_historic,historic:tomb,,,tomb,,POINT (28.954732 41.023848)
10735111735,Silivrikapı Hypogeum,41.006603,28.9219,museum_historic,historic:tomb,,,tomb,,POINT (28.9219 41.006603)
13385771382,Sultan Abdulaziz Han kabri,41.008552,28.972579,museum_historic,historic:tomb,,,tomb,,POINT (28.972579 41.008552)
13385771383,V. Murat Türbesi,41.016147,28.971712,museum_historic,historic:tomb,,,tomb,,POINT (28.971712 41.016147)
4363666187,Zindan baba Türbesi,41.018787,28.969177,museum_historic,historic:tomb,,,tomb,,POINT (28.969177 41.018787)
5081442505,Şeyh Ahmet Buhara Türbesi,41.02316,28.96026,museum_historic,historic:tomb,,,tomb,,POINT (28.96026 41.02316)
5115935414,Şeyh Seyyid Seyfullah Hz.,41.007168,28.926987,museum_historic,historic:tomb,,,tomb,,POINT (28.926987 41.007168)
8916085609,Gate of Rhegion,41.014097,28.92199,museum_historic,historic:yes,,,yes,,POINT (28.92199 41.014097)
8916085610,Gate of Rhegion,41.014086,28.922069,museum_historic,historic:yes,,,yes,,POINT (28.922069 41.014086)
5599994986,Surp Kevork Kilisesi,41.001865,28.933147,museum_historic,historic:yes,place_of_worship,attraction,yes,,POINT (28.933147 41.001865)
5112750831,İvaz Efendi Çeşmesi,41.037889,28.941146,museum_historic,historic:yes,,,yes,,POINT (28.941146 41.037889)
11867279469,Ayasofya Tarih ve Deneyim Müzesi,41.006455,28.975367,museum_historic,tourism:museum,,museum,,,POINT (28.975367 41.006455)
5112732265,Beyazıt Türk Hamam Kültürü Müzesi,41.009946,28.961554,museum_historic,tourism:museum,,museum,,,POINT (28.961554 41.009946)
2472730735,Binbirdirek Sarnıcı,41.007606,28.974417,museum_historic,tourism:museum,,museum,,,POINT (28.974417 41.007606)
12243524937,Fethiye Müzesi,41.02921,28.946518,museum_historic,tourism:museum,,museum,,,POINT (28.946518 41.02921)
3373094254,Halı Müzesi,41.005682,28.978669,museum_historic,tourism:museum,,museum,,,POINT (28.978669 41.005682)
4990028128,Halı Müzesi,41.008732,28.980956,museum_historic,tourism:museum,,museum,,,POINT (28.980956 41.008732)
5103810789,Hamidiye Kültür Ve Eğitim Vakfı Topkapı Nusret,41.019625,28.927784,museum_historic,tourism:museum,,museum,,,POINT (28.927784 41.019625)
5108837436,Hodjapasta,41.014271,28.975689,museum_historic,tourism:museum,,museum,,,POINT (28.975689 41.014271)
1807703751,Istanbul Photography Museum,41.00464,28.967754,museum_historic,tourism:museum,,museum,,,POINT (28.967754 41.00464)
4721808990,Kapali Carsi,41.01011,28.969963,museum_historic,tourism:museum,,museum,,,POINT (28.969963 41.01011)
5108828006,Lions Rug and kilims Art Gallery,41.012871,28.977892,museum_historic,tourism:museum,,museum,,,POINT (28.977892 41.012871)
5244801843,Marmara Üniversitesi Cumhuriyet Müzesi ve Sanat Galerisi,41.005186,28.974389,museum_historic,tourism:museum,,museum,,,POINT (28.974389 41.005186)
8699169212,PTT Müzesi,41.014715,28.973899,museum_historic,tourism:museum,,museum,,,POINT (28.973899 41.014715)
5081442512,Rezan Has Museum,41.02528,28.958432,museum_historic,tourism:museum,,museum,,,POINT (28.958432 41.02528)
5108837438,Tasciri Spettacolo,41.014044,28.975613,museum_historic,tourism:museum,,museum,,,POINT (28.975613 41.014044)
10284696709,Topkapi Sarayı,41.011344,28.983203,museum_historic,tourism:museum,,museum,,,POINT (28.983203 41.011344)
9217070484,Türk Eczacılık Tarihi İhtisas Müzesi,41.010849,28.963116,museum_historic,tourism:museum,,museum,,,POINT (28.963116 41.010849)
5115939964,Türk Vakıf Hat Sanatları Müzesi,41.01005,28.963181,museum_historic,tourism:museum,,museum,,,POINT (28.963181 41.01005)
5113500256,Türk ve İslam Eserleri Müzesi,41.00628,28.974915,museum_historic,tourism:museum,,museum,,,POINT (28.974915 41.00628)
5244807623,Türkiye Gazeteciler Cemiyeti Basın Müzesi,41.008562,28.972216,museum_historic,tourism:museum,,museum,,,POINT (28.972216 41.008562)
5244807883,Yahya Kemal Museum,41.008741,28.967614,museum_historic,tourism:museum,,museum,,,POINT (28.967614 41.008741)
3400112453,Yedi Kule Hisarı Müzesi,40.993569,28.923931,museum_historic,tourism:museum,,museum,,,POINT (28.923931 40.993569)
5113620695,İslam bilim ve teknoloji tarihi müzesi,41.013219,28.978968,museum_historic,tourism:museum,,museum,,,POINT (28.978968 41.013219)
5244801844,İstanbul Cumhuriyet Eğitim Müzesi,41.00496,28.973933,museum_historic,tourism:museum,,museum,,,POINT (28.973933 41.00496)
5108828680,İstanbul Demiryolu Müzesi,41.015199,28.976683,museum_historic,tourism:museum,,museum,,,POINT (28.976683 41.015199)
9217099231,İstanbul Üniversitesi Rıdvan Çelikel Arkeoloji Müzesi,41.009856,28.960116,museum_historic,tourism:museum,,museum,,,POINT (28.960116 41.009856)
4763681623,Alfred Heilbronn Botanik Bahçesi,41.018313,28.963871,park_garden,leisure:garden,,,,garden,POINT (28.963871 41.018313)
8969305833,Lale Bahçesi,41.013755,28.984855,park_garden,leisure:garden,,,,garden,POINT (28.984855 41.013755)
8418045788,Basketbol Sahası,41.004792,28.921911,park_garden,leisure:park,,,,park,POINT (28.921911 41.004792)
13530207351,Hoca Ahmet Yesevi Parkı,41.002865,28.97139,park_garden,leisure:park,,,,park,POINT (28.97139 41.002865)
5113470953,Kalburcu Mehmet Parki,41.01741,28.926031,park_garden,leisure:park,,,,park,POINT (28.926031 41.01741)
10127887983,Keyci Hatun Parkı,41.007752,28.942825,park_garden,leisure:park,,,,park,POINT (28.942825 41.007752)
5113470962,Kırımlı park,41.016571,28.92432,park_garden,leisure:park,,,,park,POINT (28.92432 41.016571)
8735018410,Mehmet Akif Ersoy Parkı,41.007768,28.975445,park_garden,leisure:park,,,,park,POINT (28.975445 41.007768)
12351753235,Yedikule hisarı,40.993173,28.9231,park_garden,leisure:park,,,,park,POINT (28.9231 40.993173)
5112749760,Abdullah El Ensari Türbesi,41.033298,28.944349,viewpoint_attraction,tourism:attraction,,attraction,,,POINT (28.944349 41.033298)
5108843098,Cevri Kalfa Çeşmesi,41.008002,28.976769,viewpoint_attraction,tourism:attraction,,attraction,,,POINT (28.976769 41.008002)
9521568963,Colorful houses,41.029576,28.947632,viewpoint_attraction,tourism:attraction,,attraction,,,POINT (28.947632 41.029576)
9924403117,Cumaa Bazaar,41.011094,28.940427,viewpoint_attraction,tourism:attraction,,attraction,,,POINT (28.940427 41.011094)
5108843109,Hacı Beşir Ağa Çeşmesi,41.00827,28.977987,viewpoint_attraction,tourism:attraction,,attraction,,,POINT (28.977987 41.00827)
5112723898,Hacı Beşir Ağa Çeşmesi,41.00367,28.928744,viewpoint_attraction,tourism:attraction,,attraction,,,POINT (28.928744 41.00367)
5108828672,II. Abdülhamit Çeşmesi,41.01478,28.979041,viewpoint_attraction,tourism:attraction,,attraction,,,POINT (28.979041 41.01478)
10284693111,Kiremit Caddesi,41.029534,28.947637,viewpoint_attraction,tourism:attraction,,attraction,,,POINT (28.947637 41.029534)
4895209121,Laleli,41.008694,28.955729,viewpoint_attraction,tourism:attraction,,attraction,,,POINT (28.955729 41.008694)
5244803053,Mehmet Efendi Çeşmesi,41.00318,28.97208,viewpoint_attraction,tourism:attraction,,attraction,,,POINT (28.97208 41.00318)
6457625186,Merdivenli Yokuş Evleri,41.031306,28.946227,viewpoint_attraction,tourism:attraction,,attraction,,,POINT (28.946227 41.031306)
10284707909,Merdıvenli Yokuş,41.031253,28.946205,viewpoint_attraction,tourism:attraction,,attraction,,,POINT (28.946205 41.031253)
5244807882,Merzifonlu Kara Mustafa Paşa Medresesi,41.008669,28.967937,viewpoint_attraction,tourism:attraction,,attraction,,,POINT (28.967937 41.008669)
4511219615,Molla Gurani Turbesi,41.011069,28.941832,viewpoint_attraction,tourism:attraction,,attraction,,,POINT (28.941832 41.011069)
9393008312,Nakkaş Sarnıcı,41.004102,28.975153,viewpoint_attraction,tourism:attraction,,attraction,,,POINT (28.975153 41.004102)
5108838368,Paşa Kapısı,41.011143,28.977982,viewpoint_attraction,tourism:attraction,,attraction,,,POINT (28.977982 41.011143)
5244805876,Pera Spa,41.010597,28.973182,viewpoint_attraction,tourism:attraction,,attraction,,,POINT (28.973182 41.010597)
6373152085,Prison of Anemas,41.038414,28.940798,viewpoint_attraction,tourism:attraction,,attraction,,,POINT (28.940798 41.038414)
9867832017,Rainbow stairs,41.016589,28.966676,viewpoint_attraction,tourism:attraction,,attraction,,,POINT (28.966676 41.016589)
5108836360,Sultan Spa and Wellness Center,41.012376,28.977568,viewpoint_attraction,tourism:attraction,,attraction,,,POINT (28.977568 41.012376)
5115933169,Tarihi Hacı Kadın Hamamı,40.999786,28.927489,viewpoint_attraction,tourism:attraction,,attraction,,,POINT (28.927489 40.999786)
10284693110,Vodina Caddesi,41.030324,28.950098,viewpoint_attraction,tourism:attraction,,attraction,,,POINT (28.950098 41.030324)
4591595605,cuma pazar,41.011382,28.940868,viewpoint_attraction,tourism:attraction,,attraction,,,POINT (28.940868 41.011382)
663391267,Çemberlitaş Hamamı,41.008542,28.971624,viewpoint_attraction,tourism:attraction,public_bath,attraction,,turkish_bath,POINT (28.971624 41.008542)
5244807985,Çorlulu Alipaşa Madresesi,41.008912,28.968318,viewpoint_attraction,tourism:attraction,,attraction,,,POINT (28.968318 41.008912)
5111212264,Cesme,41.011657,28.97194,viewpoint_attraction,tourism:viewpoint,,viewpoint,,,POINT (28.97194 41.011657)
8277311717,Harmony hotel teras,41.002641,28.973571,viewpoint_attraction,tourism:viewpoint,,viewpoint,,,POINT (28.973571 41.002641)
5108828689,Sarayburnu Manzarası,41.017543,28.985746,viewpoint_attraction,tourism:viewpoint,,viewpoint,,,POINT (28.985746 41.017543)
11143992097,Terrace,41.009989,28.976532,viewpoint_attraction,tourism:viewpoint,,viewpoint,,,POINT (28.976532 41.009989)
