poi_id,name,lat,lon,poi_category,amenity,tourism,historic,leisure,geometry
27609492,Ayvansaray,41.040811,28.944855,amenity:ferry_terminal,ferry_terminal,,,,POINT (28.944855 41.040811)
262396496,Yiğitalp Oteli,41.01118,28.955849,tourism:hotel,,hotel,,,POINT (28.955849 41.01118)
262402714,Hamdi,41.017163,28.969899,amenity:restaurant,restaurant,,,,POINT (28.969899 41.017163)
269715461,İstanbul Üniversitesi,41.013242,28.963761,amenity:university,university,,,,POINT (28.963761 41.013242)
275600519,Hotel Grand Yavuz,41.005917,28.969151,tourism:hotel,,hotel,,,POINT (28.969151 41.005917)
277139039,Unnamed POI,41.01266,28.956017,amenity:pharmacy,pharmacy,,,,POINT (28.956017 41.01266)
277139847,Senator Hotel,41.01205,28.954979,tourism:hotel,,hotel,,,POINT (28.954979 41.01205)
277139848,Unnamed POI,41.012271,28.955118,amenity:restaurant,restaurant,,,,POINT (28.955118 41.012271)
278004998,Mavi Guesthouse,41.006997,28.981375,tourism:hotel,,hotel,,,POINT (28.981375 41.006997)
311375861,Unnamed POI,41.019373,28.959317,amenity:parking,parking,,,,POINT (28.959317 41.019373)
415156587,Aşkin Hotel,41.0057,28.979131,tourism:hotel,,hotel,,,POINT (28.979131 41.0057)
415156588,Blue House Hotel,41.005534,28.979045,tourism:hotel,,hotel,,,POINT (28.979045 41.005534)
415156589,Unnamed POI,41.007703,28.977575,tourism:information,,information,,,POINT (28.977575 41.007703)
415157636,Yılanlı Sütun,41.005665,28.97511,historic:column,,attraction,column,,POINT (28.97511 41.005665)
415158577,Türkiye Bankasi,41.007635,28.977441,amenity:atm,atm,,,,POINT (28.977441 41.007635)
463142937,Java Studio Istanbul,41.005597,28.979318,amenity:cafe,cafe,,,,POINT (28.979318 41.005597)
500060394,Hürriyet,41.014408,28.977219,tourism:hotel,,hotel,,,POINT (28.977219 41.014408)
530614437,İDO Yenikapı Terminalı,41.002142,28.956378,amenity:ferry_terminal,ferry_terminal,,,,POINT (28.956378 41.002142)
566635075,Anzac Woodenhouse,41.003683,28.978732,tourism:hostel,,hostel,,,POINT (28.978732 41.003683)
566635090,Hayat Cafe,41.00479,28.97917,amenity:fast_food,fast_food,,,,POINT (28.97917 41.00479)
662928881,Unnamed POI,41.007631,28.977579,amenity:toilets,toilets,,,,POINT (28.977579 41.007631)
663391250,Unnamed POI,41.008169,28.972681,amenity:telephone,telephone,,,,POINT (28.972681 41.008169)
663391267,Çemberlitaş Hamamı,41.008542,28.971624,tourism:attraction,public_bath,attraction,,turkish_bath,POINT (28.971624 41.008542)
663391280,Unnamed POI,41.008569,28.971018,amenity:telephone,telephone,,,,POINT (28.971018 41.008569)
732308107,Fuar,41.007071,28.949974,tourism:hotel,,hotel,,,POINT (28.949974 41.007071)
809734343,Unnamed POI,41.015734,28.931866,amenity:telephone,telephone,,,,POINT (28.931866 41.015734)
809761479,Nural Eczanesi,41.015515,28.930081,amenity:pharmacy,pharmacy,,,,POINT (28.930081 41.015515)
854589932,Salih Pastanesi,41.014913,28.928384,amenity:fast_food,fast_food,,,,POINT (28.928384 41.014913)
881897876,Şifa Eczanesi,41.015387,28.930899,amenity:pharmacy,pharmacy,,,,POINT (28.930899 41.015387)
882137733,İstanbul Halk Ekmek,41.015753,28.931761,amenity:fast_food,fast_food,,,,POINT (28.931761 41.015753)
882137738,İstanbul Halk Ekmek,41.014786,28.928014,amenity:fast_food,fast_food,,,,POINT (28.928014 41.014786)
899144651,Olgun Eczanesi,41.013341,28.932152,amenity:pharmacy,pharmacy,,,,POINT (28.932152 41.013341)
899145777,Damak Special,41.0133,28.933762,amenity:fast_food,fast_food,,,,POINT (28.933762 41.0133)
899180673,Şehremini Polis Merkezi,41.017589,28.929695,amenity:police,police,,,,POINT (28.929695 41.017589)
901500879,Unnamed POI,41.01256,28.931441,amenity:taxi,taxi,,,,POINT (28.931441 41.01256)
903438877,Konyalı Restaurant,41.013559,28.985881,amenity:restaurant,restaurant,,,,POINT (28.985881 41.013559)
904611372,Hotel Aziyadé,41.006321,28.969222,tourism:hotel,,hotel,,,POINT (28.969222 41.006321)
909554988,Unnamed POI,41.014308,28.930739,amenity:drinking_water,drinking_water,,,,POINT (28.930739 41.014308)
909573848,Pidem,41.015658,28.929992,amenity:fast_food,fast_food,,,,POINT (28.929992 41.015658)
909577196,Lider Kokoreç,41.015609,28.929828,amenity:fast_food,fast_food,,,,POINT (28.929828 41.015609)
911763036,Şehremini PTT,41.013572,28.931615,amenity:bank,bank,,,,POINT (28.931615 41.013572)
911763180,Ziraat Bankası,41.016846,28.930483,amenity:bank,bank,,,,POINT (28.930483 41.016846)
911831996,Unnamed POI,41.016039,28.929986,amenity:restaurant,restaurant,,,,POINT (28.929986 41.016039)
912231445,Kanaat Eczanesi,41.014557,28.928724,amenity:pharmacy,pharmacy,,,,POINT (28.928724 41.014557)
912269559,Atlantis Veteriner,41.01344,28.930303,amenity:veterinary,veterinary,,,,POINT (28.930303 41.01344)
913569400,Aytu Eczanesi,41.012625,28.933545,amenity:pharmacy,pharmacy,,,,POINT (28.933545 41.012625)
913571125,Marmara 3 Döner&Kumru,41.013236,28.932247,amenity:restaurant,restaurant,,,,POINT (28.932247 41.013236)
913576901,Seren Pastanesi,41.015513,28.929346,amenity:fast_food,fast_food,,,,POINT (28.929346 41.015513)
952160695,Telia,41.012659,28.956924,tourism:hotel,,hotel,,,POINT (28.956924 41.012659)
963265489,Bizim Eczane,41.015096,28.928633,amenity:pharmacy,pharmacy,,,,POINT (28.928633 41.015096)
963275552,Simitçi,41.015156,28.932946,amenity:fast_food,fast_food,,,,POINT (28.932946 41.015156)
974678738,Le Caïque,41.026546,28.958092,amenity:restaurant,restaurant,,,,POINT (28.958092 41.026546)
974678786,Cibali,41.026682,28.957759,amenity:restaurant,restaurant,,,,POINT (28.957759 41.026682)
974678810,Nev-i,41.027703,28.956579,amenity:cafe,cafe,,,,POINT (28.956579 41.027703)
1000021823,Güleç Konak Hotel,41.005414,28.979939,tourism:hotel,,hotel,,,POINT (28.979939 41.005414)
1000021884,Unnamed POI,41.00561,28.980224,tourism:hotel,,hotel,,,POINT (28.980224 41.00561)
1000022116,Unnamed POI,41.005359,28.980224,tourism:hotel,,hotel,,,POINT (28.980224 41.005359)
1000022270,Orient Hostel,41.006027,28.98101,tourism:hostel,,hostel,,,POINT (28.98101 41.006027)
1000022455,Unnamed POI,41.007881,28.981614,amenity:parking,parking,,,,POINT (28.981614 41.007881)
1000022724,Ayasofia Dönercisi,41.010359,28.978895,amenity:fast_food,fast_food,,,,POINT (28.978895 41.010359)
1000022806,Sultan Mehmet Restaurant & Cafe,41.009905,28.978848,amenity:restaurant,restaurant,,,,POINT (28.978848 41.009905)
1000023064,The Port Shield Pub & Restaurant,41.011978,28.978224,amenity:restaurant,restaurant,,,,POINT (28.978224 41.011978)
1035582478,Belgrad Kapı,40.99983,28.920538,historic:city_gate,,,city_gate,,POINT (28.920538 40.99983)
1035923037,Fatih 7 No'lu Aile Sağlığı Merkezi,41.01404,28.930032,amenity:clinic,clinic,,,,POINT (28.930032 41.01404)
1045078849,Check Up Döner,41.015798,28.929883,amenity:fast_food,fast_food,,,,POINT (28.929883 41.015798)
1045078959,Unnamed POI,41.012425,28.931328,amenity:telephone,telephone,,,,POINT (28.931328 41.012425)
1054695288,تكين ميديكال,41.014942,28.932712,amenity:pharmacy,pharmacy,,,,POINT (28.932712 41.014942)
1055512571,Silivrikapı,41.006083,28.92183,historic:city_gate,,,city_gate,,POINT (28.92183 41.006083)
1106083650,Sumengen Hotel,41.004345,28.980251,tourism:hotel,,hotel,,,POINT (28.980251 41.004345)
1106083653,Obelisk Hotel - Best Western,41.004536,28.980164,tourism:hotel,,hotel,,,POINT (28.980164 41.004536)
1179308582,Unnamed POI,41.003468,28.976805,tourism:hotel,,hotel,,,POINT (28.976805 41.003468)
1248641823,Bonjour Guesthouse,41.004807,28.980042,tourism:guest_house,,guest_house,,,POINT (28.980042 41.004807)
1248902356,Bahaus Hostel,41.005081,28.980217,tourism:guest_house,,guest_house,,,POINT (28.980217 41.005081)
1249920994,Acra Hotel,41.004686,28.980238,tourism:hotel,,hotel,,,POINT (28.980238 41.004686)
1251645280,Hotel Peninsula,41.006128,28.981391,tourism:hotel,,hotel,,,POINT (28.981391 41.006128)
1325246139,Nobel Hostel,41.004932,28.979062,tourism:hotel,,hotel,,,POINT (28.979062 41.004932)
1325246155,Armagrandi Spina Hotel,41.005932,28.979164,tourism:hotel,,hotel,,,POINT (28.979164 41.005932)
1343734824,istanbul port hotel,41.005682,28.964506,tourism:hotel,,hotel,,,POINT (28.964506 41.005682)
1413920355,stone garden house,41.004848,28.973361,tourism:guest_house,,guest_house,,,POINT (28.973361 41.004848)
1455438414,Unnamed POI,41.015123,28.964787,amenity:toilets,toilets,,,,POINT (28.964787 41.015123)
1473034819,Anatolia Suites Sultanahmet,41.003538,28.976337,tourism:hotel,,hotel,,,POINT (28.976337 41.003538)
1496713040,Hotel Sapphire,41.012956,28.977299,tourism:hotel,,hotel,,,POINT (28.977299 41.012956)
1505404228,Unnamed POI,41.002377,28.963623,amenity:parking,parking,,,,POINT (28.963623 41.002377)
1505404230,Unnamed POI,41.004978,28.964269,amenity:police,police,,,,POINT (28.964269 41.004978)
1548537970,Tulip Guesthouse,41.005883,28.981388,tourism:hostel,,hostel,,,POINT (28.981388 41.005883)
1620494633,Hatice Turhan Sultan Türbesi,41.016202,28.971905,historic:monument,,,monument,,POINT (28.971905 41.016202)
1632647865,Ahmet Efendi Evi,41.003557,28.980145,tourism:hotel,,hotel,,,POINT (28.980145 41.003557)
1652694014,Magnaura Sarayı,41.005448,28.979659,historic:ruins,,,ruins,,POINT (28.979659 41.005448)
1693406428,Unnamed POI,41.007166,28.979636,amenity:post_box,post_box,,,,POINT (28.979636 41.007166)
1725586586,Unnamed POI,41.005274,28.98238,amenity:telephone,telephone,,,,POINT (28.98238 41.005274)
1725586589,Unnamed POI,41.005117,28.979596,amenity:telephone,telephone,,,,POINT (28.979596 41.005117)
1725586594,Unnamed POI,41.009263,28.974001,amenity:telephone,telephone,,,,POINT (28.974001 41.009263)
1725586602,Unnamed POI,41.009923,28.97411,amenity:telephone,telephone,,,,POINT (28.97411 41.009923)
1725586604,Unnamed POI,41.010918,28.950066,amenity:telephone,telephone,,,,POINT (28.950066 41.010918)
1725586606,Unnamed POI,41.013315,28.937676,amenity:telephone,telephone,,,,POINT (28.937676 41.013315)
1725586608,Unnamed POI,41.014716,28.973706,amenity:telephone,telephone,,,,POINT (28.973706 41.014716)
1725586617,Unnamed POI,41.014716,28.973636,amenity:post_box,post_box,,,,POINT (28.973636 41.014716)
1725586619,Unnamed POI,41.015149,28.968739,amenity:telephone,telephone,,,,POINT (28.968739 41.015149)
1725586634,Unnamed POI,41.028344,28.937669,amenity:telephone,telephone,,,,POINT (28.937669 41.028344)
1725586637,Unnamed POI,41.032427,28.942396,amenity:telephone,telephone,,,,POINT (28.942396 41.032427)
1762077465,Cheers Soul Kitchen,41.002697,28.974265,amenity:restaurant,restaurant,,,,POINT (28.974265 41.002697)
1762082631,Boukoleon Fish Restaurant,41.00293,28.975586,amenity:restaurant,restaurant,,,,POINT (28.975586 41.00293)
1762083460,Sultan’s Inn,41.003173,28.974533,tourism:hotel,restaurant,hotel,,,POINT (28.974533 41.003173)
1762092191,Unnamed POI,41.009034,28.979276,amenity:toilets,toilets,,,,POINT (28.979276 41.009034)
1762097195,Unnamed POI,41.011522,28.978601,amenity:toilets,toilets,,,,POINT (28.978601 41.011522)
1769514222,Daruzziyafe,41.016694,28.962545,amenity:restaurant,restaurant,,,,POINT (28.962545 41.016694)
1784912021,Olimpiyat Hotel,41.012149,28.97794,tourism:hotel,,hotel,,,POINT (28.97794 41.012149)
1784912033,Yasmak Sultan Hotel,41.012306,28.977686,tourism:hotel,,hotel,,,POINT (28.977686 41.012306)
1784925344,Karakol Restaurant,41.009296,28.981083,amenity:restaurant,restaurant,,,,POINT (28.981083 41.009296)
1784925350,Sarnic Restaurant,41.00987,28.979552,amenity:restaurant,restaurant,,,,POINT (28.979552 41.00987)
1784925351,Sofia,41.009789,28.979445,amenity:restaurant,restaurant,,,,POINT (28.979445 41.009789)
1807703751,Istanbul Photography Museum,41.00464,28.967754,tourism:museum,,museum,,,POINT (28.967754 41.00464)
1807703795,Ottoman Hotel,41.005026,28.967943,tourism:hotel,,hotel,,,POINT (28.967943 41.005026)
1808533830,Giritli,41.003659,28.980732,amenity:restaurant,restaurant,,,,POINT (28.980732 41.003659)
1839047369,Unnamed POI,41.014358,28.976135,amenity:atm,atm,,,,POINT (28.976135 41.014358)
1839561313,Faros Hotel,41.012597,28.978187,tourism:hotel,,hotel,,,POINT (28.978187 41.012597)
1864126223,SAH BAR,41.008275,28.976584,amenity:pub,pub,,,,POINT (28.976584 41.008275)
1885894932,Zeynep Sultan Hotel,41.010065,28.978069,tourism:hotel,,hotel,,,POINT (28.978069 41.010065)
1895893601,Aksuvital Fındıkzade Şubesi,41.013256,28.939891,amenity:marketplace,marketplace,,,,POINT (28.939891 41.013256)
1900616737,Ancient Hippodrome Substructure,41.004072,28.973413,historic:archaeological_site,,,archaeological_site,,POINT (28.973413 41.004072)
1900626451,Cankurtaran Öğretmenevi,41.004149,28.982151,amenity:restaurant,restaurant,,,,POINT (28.982151 41.004149)
1908677111,Esma Old City,41.008056,28.973945,tourism:hostel,,hostel,,,POINT (28.973945 41.008056)
1908677117,Fors Hotel,41.005521,28.968639,tourism:hotel,,hotel,,,POINT (28.968639 41.005521)
1908677120,Mihri,41.007266,28.979165,amenity:restaurant,restaurant,,,,POINT (28.979165 41.007266)
1908677124,Milyon Taşı,41.008067,28.978018,historic:monument,,,monument,,POINT (28.978018 41.008067)
1908677155,Unnamed POI,41.007195,28.979654,amenity:atm,atm,,,,POINT (28.979654 41.007195)
1909210980,Movieplex,41.008294,28.971283,amenity:cinema,cinema,,,,POINT (28.971283 41.008294)
1909210988,Sipahi Otel,41.009389,28.972409,tourism:hostel,,hostel,,,POINT (28.972409 41.009389)
1909210997,Unnamed POI,41.008661,28.970985,amenity:bench,bench,,,,POINT (28.970985 41.008661)
1909211029,Garanti Bankası,41.011692,28.97815,amenity:atm,atm,,,,POINT (28.97815 41.011692)
1914160114,Almina Otel,41.003202,28.977401,tourism:hotel,,hotel,,,POINT (28.977401 41.003202)
1914160116,Antis Hotel,41.003596,28.979127,tourism:hotel,,hotel,,,POINT (28.979127 41.003596)
1914160117,Avicenna Hotel,41.00416,28.979845,tourism:hotel,,hotel,,,POINT (28.979845 41.00416)
1914160118,Azade Hotel,41.00448,28.98019,tourism:hotel,,hotel,,,POINT (28.98019 41.00448)
1914160119,Cistern Restaurant,41.009997,28.979476,amenity:restaurant,restaurant,,,,POINT (28.979476 41.009997)
1914160120,Derviş Cafe,41.006557,28.978369,amenity:fast_food,fast_food,,,,POINT (28.978369 41.006557)
1914160121,Divalis Hotel,41.004368,28.978995,tourism:hotel,,hotel,,,POINT (28.978995 41.004368)
1914160122,Hotel Sphendon,41.003266,28.977097,tourism:hotel,,hotel,,,POINT (28.977097 41.003266)
1914160124,Korean Chinese,41.003396,28.97426,amenity:restaurant,restaurant,,,,POINT (28.97426 41.003396)
1914160125,Nostra Casa,41.003127,28.974316,amenity:restaurant,restaurant,,,,POINT (28.974316 41.003127)
1914160126,Seoul II Restaurant,41.005366,28.980089,amenity:restaurant,restaurant,,,,POINT (28.980089 41.005366)
1914160127,Tashkonak Hotel,41.003374,28.97625,tourism:hotel,,hotel,,,POINT (28.97625 41.003374)
1937914694,Hotel Arcadia Blue,41.006874,28.973612,tourism:hotel,,hotel,,,POINT (28.973612 41.006874)
1995185644,Turvan,41.013247,28.97774,tourism:hotel,,hotel,,,POINT (28.97774 41.013247)
2048295680,Unnamed POI,41.00513,28.96371,amenity:restaurant,restaurant,,,,POINT (28.96371 41.00513)
2049944351,Unnamed POI,41.007611,28.975861,amenity:fountain,fountain,,,,POINT (28.975861 41.007611)
2073435156,Ölçek Temel Lisesi,41.029366,28.949243,amenity:school,school,,,,POINT (28.949243 41.029366)
2111987910,Yurtiçi Kargo Balipaşa Şb.,41.018308,28.944165,amenity:post_office,post_office,,,,POINT (28.944165 41.018308)
2113030155,Starbucks,41.014481,28.945086,amenity:cafe,cafe,,,,POINT (28.945086 41.014481)
2201796690,HHK Hotel,41.019147,28.963048,tourism:hotel,,hotel,,,POINT (28.963048 41.019147)
2239749973,Celine Hotel,41.005912,28.973221,tourism:hotel,,hotel,,,POINT (28.973221 41.005912)
2242576003,Lausos,41.006634,28.973349,tourism:hotel,,hotel,,,POINT (28.973349 41.006634)
2242576040,Hotel New House,41.00821,28.970523,tourism:hotel,,hotel,,,POINT (28.970523 41.00821)
2242576057,Golden Crown,41.006794,28.971002,tourism:hotel,,hotel,,,POINT (28.971002 41.006794)
2246663141,Just Bar,41.005933,28.980897,amenity:bar,bar,,,,POINT (28.980897 41.005933)
2249787153,Sultan's Kitchen,41.006249,28.969526,amenity:restaurant,restaurant,,,,POINT (28.969526 41.006249)
2343698950,Bereket Apart Hotel,41.003725,28.971288,tourism:hotel,,hotel,,,POINT (28.971288 41.003725)
2369445538,Unnamed POI,41.01343,28.961252,amenity:drinking_water,drinking_water,,,,POINT (28.961252 41.01343)
2379706608,Aura Apart Hotel,41.003042,28.976462,tourism:hotel,,hotel,,,POINT (28.976462 41.003042)
2433913439,Hotel Byzaz,41.003618,28.97101,tourism:hotel,,hotel,,,POINT (28.97101 41.003618)
2460942679,Cigeristan,41.01178,28.949324,amenity:restaurant,restaurant,,,,POINT (28.949324 41.01178)
2472730735,Binbirdirek Sarnıcı,41.007606,28.974417,tourism:museum,,museum,,,POINT (28.974417 41.007606)
2474131665,Eminönü,41.017578,28.975182,amenity:ferry_terminal,ferry_terminal,,,,POINT (28.975182 41.017578)
2482964068,Yapı Kredi,41.003288,28.930167,amenity:bank,bank,,,,POINT (28.930167 41.003288)
2482966049,Türkiye İş Bankası,41.004211,28.93309,amenity:bank,bank,,,,POINT (28.93309 41.004211)
2508662415,Husnu Ala Cafe,41.017923,28.965111,amenity:cafe,cafe,,,,POINT (28.965111 41.017923)
2509855436,Seyhmuz Kebap,41.008896,28.969638,amenity:restaurant,restaurant,,,,POINT (28.969638 41.008896)
2517174561,Gulhane Corner Hotel,41.012641,28.978106,tourism:hotel,,hotel,,,POINT (28.978106 41.012641)
2519859560,Dedem Boutique,41.007092,28.97045,tourism:hotel,,hotel,,,POINT (28.97045 41.007092)
2519859561,Kupeli Hotel,41.007085,28.970545,tourism:hotel,,hotel,,,POINT (28.970545 41.007085)
2519859562,Santa Sophia,41.007084,28.970628,tourism:hotel,,hotel,,,POINT (28.970628 41.007084)
2524535697,Sultan Ahmet Palace,41.004566,28.978095,tourism:hotel,,hotel,,,POINT (28.978095 41.004566)
2527036032,OBA HOTEL,41.005023,28.97155,tourism:hotel,,hotel,,,POINT (28.97155 41.005023)
2599968945,Hotel Torun,41.020476,28.928599,tourism:hotel,,hotel,,,POINT (28.928599 41.020476)
2647384355,Dualis Hotel,41.003535,28.969965,tourism:hotel,,hotel,,,POINT (28.969965 41.003535)
2647416439,Best Western Antea Palace Hotel & Spa,41.003495,28.97051,tourism:hotel,,hotel,,,POINT (28.97051 41.003495)
2674509788,Unnamed POI,41.012338,28.984712,amenity:toilets,toilets,,,,POINT (28.984712 41.012338)
2674584164,Unnamed POI,41.013863,28.985863,amenity:toilets,toilets,,,,POINT (28.985863 41.013863)
2678656213,Unnamed POI,41.010345,28.968151,amenity:fountain,fountain,,,,POINT (28.968151 41.010345)
2682340740,Unnamed POI,41.009884,28.967442,amenity:fountain,fountain,,,,POINT (28.967442 41.009884)
2683025320,Unnamed POI,41.010743,28.967473,amenity:toilets,toilets,,,,POINT (28.967473 41.010743)
2683365497,Unnamed POI,41.009966,28.967413,amenity:restaurant,restaurant,,,,POINT (28.967413 41.009966)
2683365502,Unnamed POI,41.010432,28.968683,amenity:restaurant,restaurant,,,,POINT (28.968683 41.010432)
2683365508,Unnamed POI,41.01127,28.967613,amenity:restaurant,restaurant,,,,POINT (28.967613 41.01127)
2696278000,Karafırın,41.005002,28.979491,amenity:cafe,cafe,,,,POINT (28.979491 41.005002)
2768450499,Levni Hotel & SPA,41.013036,28.975673,tourism:hotel,,hotel,,,POINT (28.975673 41.013036)
2769187009,Unnamed POI,41.006864,28.975835,amenity:toilets,toilets,,,,POINT (28.975835 41.006864)
2771801929,Unnamed POI,41.008298,28.974316,amenity:restaurant,restaurant,,,,POINT (28.974316 41.008298)
2771801931,Unnamed POI,41.008332,28.974002,amenity:restaurant,restaurant,,,,POINT (28.974002 41.008332)
2771801933,Unnamed POI,41.008411,28.974355,amenity:restaurant,restaurant,,,,POINT (28.974355 41.008411)
2771801934,Unnamed POI,41.008472,28.973965,amenity:restaurant,restaurant,,,,POINT (28.973965 41.008472)
2771801936,ANTEB Kebab & Pizza,41.008581,28.974044,amenity:restaurant,restaurant,,,,POINT (28.974044 41.008581)
2793049082,Second Home Hostel,41.012878,28.976328,tourism:hostel,,hostel,,,POINT (28.976328 41.012878)
2837955373,Kılınç Konuk Evi,41.004521,28.963247,tourism:motel;hotel,,motel;hotel,,,POINT (28.963247 41.004521)
2894123842,Darkhill Hotel,41.008829,28.959452,tourism:hotel,,hotel,,,POINT (28.959452 41.008829)
2894123844,Giorgi,41.008008,28.949337,amenity:restaurant,restaurant,,,,POINT (28.949337 41.008008)
2927878650,Orka Royal Hotel,41.014254,28.978149,tourism:hotel,,hotel,,,POINT (28.978149 41.014254)
2934568249,Hotel Ottoman Luxury,41.012712,28.978329,tourism:hotel,,hotel,,,POINT (28.978329 41.012712)
2984153151,Esmer Chef,41.015513,28.975896,amenity:restaurant,restaurant,,,,POINT (28.975896 41.015513)
3044788498,Unnamed POI,41.002274,28.956069,amenity:toilets,toilets,,,,POINT (28.956069 41.002274)
3075182583,Hotel Tulip House,41.005496,28.971803,tourism:hotel,,hotel,,,POINT (28.971803 41.005496)
3075189265,Unnamed POI,41.004215,28.973334,tourism:viewpoint,,viewpoint,,,POINT (28.973334 41.004215)
3079823142,Pandeli,41.017145,28.971179,amenity:restaurant,restaurant,,,,POINT (28.971179 41.017145)
3079823143,Bab-ı Hayat,41.015774,28.971745,amenity:restaurant,restaurant,,,,POINT (28.971745 41.015774)
3090798088,Cafe Rumist,41.006155,28.981168,amenity:cafe,cafe,,,,POINT (28.981168 41.006155)
3090798091,Paşazade Restaurant,41.012726,28.977399,amenity:restaurant,restaurant,,,,POINT (28.977399 41.012726)
3090816360,Med Cezir,41.006577,28.97956,amenity:restaurant,restaurant,,,,POINT (28.97956 41.006577)
3090816363,Sultan Köşesi,41.004157,28.976353,amenity:restaurant,restaurant,,,,POINT (28.976353 41.004157)
3090816364,istanbul enjoyer,41.008192,28.976864,amenity:restaurant,restaurant,,,,POINT (28.976864 41.008192)
3090853852,Küçük Ev,41.00826,28.976797,amenity:cafe,cafe,,,,POINT (28.976797 41.00826)
3090853853,Seven Hills Restaurant,41.006372,28.979715,amenity:restaurant,restaurant,,,,POINT (28.979715 41.006372)
3090853854,Masal,41.00823,28.976567,amenity:restaurant,restaurant,,,,POINT (28.976567 41.00823)
3090853855,Green Corner,41.00883,28.978769,amenity:cafe,cafe,,,,POINT (28.978769 41.00883)
3090853857,Palmiye,41.008122,28.977509,amenity:restaurant,restaurant,,,,POINT (28.977509 41.008122)
3090853858,Erzincanlı Ali Baba Restoran,41.015514,28.963271,amenity:restaurant,restaurant,,,,POINT (28.963271 41.015514)
3100037835,Barbecue House,41.00927,28.97686,amenity:restaurant,restaurant,,,,POINT (28.97686 41.00927)
3100037836,Erol,41.00861,28.973857,amenity:restaurant,restaurant,,,,POINT (28.973857 41.00861)
3100037837,Keyf-i Mekan,41.012214,28.968072,amenity:restaurant,restaurant,,,,POINT (28.968072 41.012214)
3100037838,Mivan Restaurant Cafe,41.006213,28.96908,amenity:restaurant,restaurant,,,,POINT (28.96908 41.006213)
3100047495,Spectra Cafe,41.003848,28.972559,amenity:restaurant,restaurant,,,,POINT (28.972559 41.003848)
3102593664,New Season,41.003502,28.97598,amenity:restaurant,restaurant,,,,POINT (28.97598 41.003502)
3104170591,Little Havanna,41.003142,28.975006,amenity:restaurant,restaurant,,,,POINT (28.975006 41.003142)
3104180390,Unnamed POI,41.016697,28.97136,amenity:toilets,toilets,,,,POINT (28.97136 41.016697)
3104180391,Hafiz Mustafa 1864,41.014612,28.975651,amenity:cafe,cafe,,,,POINT (28.975651 41.014612)
3105292588,Romance Hotel,41.004276,28.979904,tourism:hotel,,hotel,,,POINT (28.979904 41.004276)
3107414918,Café Sultan,41.017206,28.96435,amenity:cafe,cafe,,,,POINT (28.96435 41.017206)
3107414920,Unnamed POI,41.01512,28.964862,amenity:toilets,toilets,,,,POINT (28.964862 41.01512)
3107720171,Serbethane Cafe & Restaurant,41.004334,28.976809,amenity:restaurant,restaurant,,,,POINT (28.976809 41.004334)
3112296355,ATM DenizBank,41.003842,28.975466,amenity:atm,atm,,,,POINT (28.975466 41.003842)
3131825229,Akbank,41.005282,28.963625,amenity:bank,bank,,,,POINT (28.963625 41.005282)
3131825230,Liza Grand Hotel,41.00512,28.964253,tourism:hotel,,hotel,,,POINT (28.964253 41.00512)
3143613894,Sezer Eczanesi,41.021319,28.941334,amenity:pharmacy,pharmacy,,,,POINT (28.941334 41.021319)
3149526179,Akbank,41.004108,28.963898,amenity:bank,bank,,,,POINT (28.963898 41.004108)
3173645316,Başçuhadar Seyyid Ömer Ağa Çeşmesi,41.009777,28.978307,amenity:fountain,fountain,,,,POINT (28.978307 41.009777)
3174033308,Hamidiye Sebili,41.010414,28.978621,amenity:fountain,fountain,,,,POINT (28.978621 41.010414)
3181221417,Unnamed POI,41.014231,28.971054,amenity:restaurant,restaurant,,,,POINT (28.971054 41.014231)
3184809998,Spectra Restaurant,41.005319,28.974202,amenity:restaurant,restaurant,,,,POINT (28.974202 41.005319)
3186628316,tacita,41.00505,28.973223,amenity:restaurant,restaurant,,,,POINT (28.973223 41.00505)
3188737189,Garanti Bankası,41.013276,28.970459,amenity:atm,atm,,,,POINT (28.970459 41.013276)
3188737342,Unnamed POI,41.010856,28.967993,amenity:drinking_water,drinking_water,,,,POINT (28.967993 41.010856)
3188737343,Unnamed POI,41.010519,28.967808,amenity:drinking_water,drinking_water,,,,POINT (28.967808 41.010519)
3188738221,Tyrkiye Finans,41.011201,28.969603,amenity:atm,atm,,,,POINT (28.969603 41.011201)
3188739866,Unnamed POI,41.011096,28.966998,amenity:post_office,post_office,,,,POINT (28.966998 41.011096)
3188739869,Western Union,41.01535,28.970842,amenity:atm,atm,,,,POINT (28.970842 41.01535)
3209386501,Paris hotel,41.006653,28.971908,tourism:hotel,,hotel,,,POINT (28.971908 41.006653)
3220979738,Manifaturaci Draper,41.014808,28.971091,historic:memorial,,,memorial,,POINT (28.971091 41.014808)
3223603862,Mercan Kapalı Otoparkı,41.013778,28.970432,amenity:parking,parking,,,,POINT (28.970432 41.013778)
3230974384,Murat Eczanesi,41.008937,28.942498,amenity:pharmacy,pharmacy,,,,POINT (28.942498 41.008937)
3230974385,Özaydın Eczanesi,41.006496,28.939608,amenity:pharmacy,pharmacy,,,,POINT (28.939608 41.006496)
3230974386,Sibel Eczanesi,41.006498,28.939497,amenity:pharmacy,pharmacy,,,,POINT (28.939497 41.006498)
3236233297,Kıztaşı,41.015441,28.950285,historic:memorial,,,memorial,,POINT (28.950285 41.015441)
3243465419,Avrasya Hostel,41.005948,28.979621,tourism:hostel,,hostel,,,POINT (28.979621 41.005948)
3254365422,Atatürk,41.015053,28.976822,historic:memorial,,,memorial,,POINT (28.976822 41.015053)
3254460380,Fatih Anıtı,41.015573,28.954219,historic:memorial,,,memorial,,POINT (28.954219 41.015573)
3254460381,Hava Şehitleri Anıtı,41.016075,28.952635,historic:memorial,,,memorial,,POINT (28.952635 41.016075)
3279345565,Hamal,41.014488,28.972908,historic:memorial,,,memorial,,POINT (28.972908 41.014488)
3281268897,Anas Chicken,41.010212,28.947492,amenity:fast_food,fast_food,,,,POINT (28.947492 41.010212)
3281268898,Neco Döner,41.010134,28.947864,amenity:fast_food,fast_food,,,,POINT (28.947864 41.010134)
3281285898,Atatürk,41.004451,28.973311,historic:memorial,,,memorial,,POINT (28.973311 41.004451)
3281285899,Mithat Paşa,41.004219,28.973377,historic:memorial,,,memorial,,POINT (28.973377 41.004219)
3282470278,By Ferro,41.005169,28.969873,amenity:restaurant,restaurant,,,,POINT (28.969873 41.005169)
3309939291,Fatih Açıköğretim Bürosu,41.013135,28.941739,amenity:school,school,,,,POINT (28.941739 41.013135)
3329678506,Antique Hostel,41.005673,28.97978,tourism:hostel,,hostel,,,POINT (28.97978 41.005673)
3373094254,Halı Müzesi,41.005682,28.978669,tourism:museum,,museum,,,POINT (28.978669 41.005682)
3374678647,Koca Sinan Paşa Külliyesi,41.008809,28.969064,historic:monument,,,monument,,POINT (28.969064 41.008809)
3374678648,Kara Mustafa Paşa Külliyesi,41.008716,28.96776,historic:monument,,,monument,,POINT (28.96776 41.008716)
3374681017,Atik Ali Paşa Medresesi,41.008408,28.969981,historic:monument,,,monument,,POINT (28.969981 41.008408)
3379415541,Yunus Emre Cemevi,41.011147,28.93651,amenity:place_of_worship,place_of_worship,,,,POINT (28.93651 41.011147)
3383039241,Bayram Paşa Külliyesi,41.008774,28.942342,historic:monument,,,monument,,POINT (28.942342 41.008774)
3384627300,Unnamed POI,40.996197,28.928503,historic:monument,,,monument,,POINT (28.928503 40.996197)
3400112453,Yedi Kule Hisarı Müzesi,40.993569,28.923931,tourism:museum,,museum,,,POINT (28.923931 40.993569)
3425180089,Unnamed POI,41.010423,28.981379,amenity:fountain,fountain,,,,POINT (28.981379 41.010423)
3425182518,Unnamed POI,41.011124,28.983756,amenity:toilets,toilets,,,,POINT (28.983756 41.011124)
3452205491,Mr Cook Cafe & Restaurant,41.010732,28.974828,amenity:restaurant,restaurant,,,,POINT (28.974828 41.010732)
3452205896,The North Shield Pub,41.008908,28.976956,amenity:pub,pub,,,,POINT (28.976956 41.008908)
3457445316,Denizbank,41.018013,28.972859,amenity:atm,atm,,,,POINT (28.972859 41.018013)
3457445318,Vakıfbank,41.018016,28.97288,amenity:atm,atm,,,,POINT (28.97288 41.018016)
3457463755,Unnamed POI,41.017114,28.97585,tourism:information,,information,,,POINT (28.97585 41.017114)
3457689618,Amisos Hotel,41.012016,28.978206,tourism:hotel,,hotel,,,POINT (28.978206 41.012016)
3457689621,Hotel Sultania,41.012803,28.977646,tourism:hotel,,hotel,,,POINT (28.977646 41.012803)
3457689622,Le Safran Restaurant,41.010508,28.978481,amenity:restaurant,restaurant,,,,POINT (28.978481 41.010508)
3457985521,Muze,41.007239,28.979703,amenity:vending_machine,vending_machine,,,,POINT (28.979703 41.007239)
3457985522,Muze,41.007256,28.979724,amenity:vending_machine,vending_machine,,,,POINT (28.979724 41.007256)
3457985523,Muze,41.00727,28.979738,amenity:vending_machine,vending_machine,,,,POINT (28.979738 41.00727)
3457985524,Muze,41.007285,28.979753,amenity:vending_machine,vending_machine,,,,POINT (28.979753 41.007285)
3457985525,Muze,41.007302,28.979765,amenity:vending_machine,vending_machine,,,,POINT (28.979765 41.007302)
3457985526,Sultan Pub,41.007985,28.977411,amenity:pub,pub,,,,POINT (28.977411 41.007985)
3459530817,Turist Bilgi Merkezi,41.015132,28.976415,tourism:information,,information,,,POINT (28.976415 41.015132)
3461548559,Akbank,41.01824,28.970693,amenity:atm,atm,,,,POINT (28.970693 41.01824)
3461548560,Garanti Bankası,41.018228,28.970704,amenity:atm,atm,,,,POINT (28.970704 41.018228)
3461548561,HSBC,41.018252,28.970683,amenity:atm,atm,,,,POINT (28.970683 41.018252)
3461609137,Akbank,41.017128,28.970386,amenity:atm,atm,,,,POINT (28.970386 41.017128)
3461609138,FedEx,41.014353,28.96935,amenity:post_office,post_office,,,,POINT (28.96935 41.014353)
3461609139,Garanti BBVA,41.017144,28.970366,amenity:atm,atm,,,,POINT (28.970366 41.017144)
3498778646,Denizbank,41.012446,28.958405,amenity:bank,bank,,,,POINT (28.958405 41.012446)
3498778647,Güler Restaurant,41.012583,28.958166,amenity:restaurant,restaurant,,,,POINT (28.958166 41.012583)
3498778648,Unnamed POI,41.012667,28.957956,amenity:pharmacy,pharmacy,,,,POINT (28.957956 41.012667)
3498778674,Eylül Cafe,41.015553,28.952402,amenity:cafe,cafe,,,,POINT (28.952402 41.015553)
3498778690,McDonald's,41.016775,28.950204,amenity:fast_food,fast_food,,,,POINT (28.950204 41.016775)
3498778691,Fatih PTT Merkezi,41.017483,28.949414,amenity:post_office,post_office,,,,POINT (28.949414 41.017483)
3498778692,Mado,41.01757,28.949326,amenity:cafe,cafe,,,,POINT (28.949326 41.01757)
3498778695,Fatih Döviz,41.01995,28.94698,amenity:bureau_de_change,bureau_de_change,,,,POINT (28.94698 41.01995)
3499005706,Unnamed POI,41.00975,28.959199,amenity:bureau_de_change,bureau_de_change,,,,POINT (28.959199 41.00975)
3499007593,Unnamed POI,41.021064,28.945847,amenity:cafe,cafe,,,,POINT (28.945847 41.021064)
3499007595,Halkbank,41.020161,28.946756,amenity:bank,bank,,,,POINT (28.946756 41.020161)
3499007598,Unnamed POI,41.026896,28.938774,amenity:atm,atm,,,,POINT (28.938774 41.026896)
3499019222,Beyazit Döviz,41.008905,28.967592,amenity:bureau_de_change,bureau_de_change,,,,POINT (28.967592 41.008905)
3499035834,QNB,41.011705,28.958022,amenity:bank,bank,,,,POINT (28.958022 41.011705)
3499036525,TEB,41.008508,28.968982,amenity:atm,atm,,,,POINT (28.968982 41.008508)
3499040566,McDonald's,41.008097,28.974199,amenity:fast_food,fast_food,,,,POINT (28.974199 41.008097)
3499040568,Sultan Saray,41.008508,28.975213,amenity:restaurant,restaurant,,,,POINT (28.975213 41.008508)
3499062089,Kuveyt Türk,41.012485,28.93978,amenity:bank,bank,,,,POINT (28.93978 41.012485)
3499065113,Unnamed POI,41.011985,28.940786,amenity:marketplace,marketplace,,,,POINT (28.940786 41.011985)
3499066057,Unnamed POI,41.012018,28.940646,amenity:restaurant,restaurant,,,,POINT (28.940646 41.012018)
3499067705,ING,41.01579,28.966807,amenity:bank,bank,,,,POINT (28.966807 41.01579)
3499083026,Unnamed POI,41.012157,28.940904,tourism:hotel,,hotel,,,POINT (28.940904 41.012157)
3499085051,Ramada;Ramada Old City hotel,41.012071,28.940581,tourism:hotel,,hotel,,,POINT (28.940581 41.012071)
3499086341,Otel Kaya,41.012548,28.939481,tourism:hotel,,hotel,,,POINT (28.939481 41.012548)
3499087212,Unnamed POI,41.009738,28.959522,amenity:vending_machine,vending_machine,,,,POINT (28.959522 41.009738)
3499089085,HSBC,41.013309,28.937905,amenity:bank,bank,,,,POINT (28.937905 41.013309)
3499092954,Golden Hill,41.013668,28.937227,tourism:hotel,,hotel,,,POINT (28.937227 41.013668)
3499094099,Unnamed POI,41.029909,28.93646,amenity:toilets,toilets,,,,POINT (28.93646 41.029909)
3499094105,Paşa Döner,41.02228,28.945109,amenity:restaurant,restaurant,,,,POINT (28.945109 41.02228)
3499094110,ING,41.021683,28.945665,amenity:bank,bank,,,,POINT (28.945665 41.021683)
3499102206,Şerin Eczanesi,41.015318,28.932629,amenity:pharmacy,pharmacy,,,,POINT (28.932629 41.015318)
3499102997,Cafe 1453,41.017761,28.928928,amenity:cafe,cafe,,,,POINT (28.928928 41.017761)
3499106585,Yapı Kredi,41.015099,28.966224,amenity:bank,bank,,,,POINT (28.966224 41.015099)
3499112264,Holiday Inn,41.018048,28.926553,tourism:hotel,,hotel,,,POINT (28.926553 41.018048)
3499114661,Vakıfbank,41.015183,28.966785,amenity:bank,bank,,,,POINT (28.966785 41.015183)
3499120760,Geçit Eczanesi,41.015502,28.932061,amenity:pharmacy,pharmacy,,,,POINT (28.932061 41.015502)
3499122865,Unnamed POI,41.012468,28.959215,amenity:fast_food,fast_food,,,,POINT (28.959215 41.012468)
3499130491,Garanti Bankası,41.0149,28.969343,amenity:bank,bank,,,,POINT (28.969343 41.0149)
3499136685,Unnamed POI,41.013169,28.956926,amenity:police,police,,,,POINT (28.956926 41.013169)
3499136686,Unnamed POI,41.013079,28.956612,amenity:bank,bank,,,,POINT (28.956612 41.013079)
3499155733,Yapı Kredi,41.014758,28.971308,amenity:bank,bank,,,,POINT (28.971308 41.014758)
3499155982,Türkiye Finans,41.01485,28.969932,amenity:bank,bank,,,,POINT (28.969932 41.01485)
3499163801,Bank Asya,41.014791,28.970048,amenity:bank,bank,,,,POINT (28.970048 41.014791)
3499179004,Antep Kebab,41.008657,28.973555,amenity:restaurant,restaurant,,,,POINT (28.973555 41.008657)
3499179015,Beltaş Cafe and Restaurant,41.014048,28.980612,amenity:cafe,cafe,,,,POINT (28.980612 41.014048)
3499179201,Yaşam Veteriner Kliniği,41.01744,28.929655,amenity:veterinary,veterinary,,,,POINT (28.929655 41.01744)
3499181496,Unnamed POI,41.010093,28.979423,amenity:bureau_de_change,bureau_de_change,,,,POINT (28.979423 41.010093)
3499181777,Kuveyt Türk,41.01416,28.975116,amenity:bank,bank,,,,POINT (28.975116 41.01416)
3499195653,Ottoman Haimam Cafe,41.007073,28.981424,amenity:cafe,cafe,,,,POINT (28.981424 41.007073)
3499218687,Yapı Kredi,41.009738,28.958199,amenity:bank,bank,,,,POINT (28.958199 41.009738)
3499219842,Hotel Empire Palace,41.012996,28.977701,tourism:hotel,,hotel,,,POINT (28.977701 41.012996)
3499232358,Hotel Belde,41.010303,28.958772,tourism:hotel,,hotel,,,POINT (28.958772 41.010303)
3499232972,Sorriso Restaurant,41.009728,28.954924,amenity:restaurant,restaurant,,,,POINT (28.954924 41.009728)
3499249055,Son Osmanli Restaurant,41.015489,28.941759,amenity:restaurant,restaurant,,,,POINT (28.941759 41.015489)
3499249056,Son Osmanlı Nargile Cafe,41.015406,28.941901,amenity:cafe,cafe,,,,POINT (28.941901 41.015406)
3499250060,Metro Hotel,41.010795,28.958505,tourism:hotel,,hotel,,,POINT (28.958505 41.010795)
3499273566,Sultan Ahmet Fish House,41.009954,28.975945,amenity:restaurant,restaurant,,,,POINT (28.975945 41.009954)
3499281457,Anadolubank,41.014562,28.972663,amenity:bank,bank,,,,POINT (28.972663 41.014562)
3499293120,Yarenler Restaurant,41.009064,28.975502,amenity:restaurant,restaurant,,,,POINT (28.975502 41.009064)
3499295325,Unnamed POI,41.014692,28.976386,amenity:toilets,toilets,,,,POINT (28.976386 41.014692)
3507067083,Katelya Hotel,41.003149,28.975752,tourism:hotel,,hotel,,,POINT (28.975752 41.003149)
3551967330,Unnamed POI,41.002726,28.956462,amenity:fountain,fountain,,,,POINT (28.956462 41.002726)
3556260143,Gulhanepark Hotel,41.013855,28.978999,tourism:hotel,,hotel,,,POINT (28.978999 41.013855)
3569069194,Tuana Hotel,41.018846,28.964282,tourism:hotel,,hotel,,,POINT (28.964282 41.018846)
3658723809,Fes Cafe,41.009974,28.971677,amenity:cafe,cafe,,,,POINT (28.971677 41.009974)
3658729750,Akdeniz Hatay Sofrasi,41.013908,28.945783,amenity:restaurant,restaurant,,,,POINT (28.945783 41.013908)
3660204307,Unnamed POI,41.010975,28.948182,amenity:fountain,fountain,,,,POINT (28.948182 41.010975)
3660214031,Cafe Lindo,41.010403,28.977144,amenity:cafe,cafe,,,,POINT (28.977144 41.010403)
3660215264,Cafe Park,41.010754,28.948092,amenity:cafe,cafe,,,,POINT (28.948092 41.010754)
3672537194,Travel Information,41.005844,28.978808,tourism:information,,information,,,POINT (28.978808 41.005844)
3672552825,black birde hotel,41.012212,28.955737,tourism:hotel,,hotel,,,POINT (28.955737 41.012212)
3738017999,The LOCAL,41.003024,28.979382,tourism:hostel,,hostel,,,POINT (28.979382 41.003024)
3742405151,Ziraat Bankası,41.01123,28.975039,amenity:bank,bank,,,,POINT (28.975039 41.01123)
3746916683,Denizbank,41.005239,28.978851,amenity:bank,bank,,,,POINT (28.978851 41.005239)
3746916685,Sark Kahvesi,41.010567,28.967536,amenity:cafe,cafe,,,,POINT (28.967536 41.010567)
3749310743,Denizbank,41.009243,28.97872,amenity:atm,atm,,,,POINT (28.97872 41.009243)
3749601843,Ayasofya Eczanesi,41.008139,28.975994,amenity:pharmacy,pharmacy,,,,POINT (28.975994 41.008139)
3749802284,Garanti Bankası,41.007646,28.977457,amenity:atm,atm,,,,POINT (28.977457 41.007646)
3749802285,Akbank,41.007654,28.977471,amenity:atm,atm,,,,POINT (28.977471 41.007654)
3763136995,Yaztur Hotel,41.00811,28.956974,tourism:hotel,,hotel,,,POINT (28.956974 41.00811)
3785353693,Istanyol Cafe,41.031836,28.93739,amenity:cafe,cafe,,,,POINT (28.93739 41.031836)
3785353694,Sur Cafe,41.031157,28.93628,amenity:restaurant,restaurant,,,,POINT (28.93628 41.031157)
3802274673,Erenler Nargile,41.009061,28.968577,amenity:cafe,cafe,,,,POINT (28.968577 41.009061)
3806631331,Piya Hostel,41.002911,28.978535,tourism:hostel,,hostel,,,POINT (28.978535 41.002911)
3806646230,Hotel Aslan İstanbul,41.004316,28.979158,tourism:hotel,,hotel,,,POINT (28.979158 41.004316)
3817864004,Unnamed POI,41.008944,28.979208,amenity:cafe,cafe,,,,POINT (28.979208 41.008944)
3817961619,Unnamed POI,41.017181,28.970631,amenity:bench,bench,,,,POINT (28.970631 41.017181)
3817961620,Unnamed POI,41.017212,28.970648,amenity:bench,bench,,,,POINT (28.970648 41.017212)
3817961621,Unnamed POI,41.017231,28.970621,amenity:bench,bench,,,,POINT (28.970621 41.017231)
3817961622,Unnamed POI,41.017254,28.970587,amenity:bench,bench,,,,POINT (28.970587 41.017254)
3817961623,Unnamed POI,41.017255,28.970742,amenity:bench,bench,,,,POINT (28.970742 41.017255)
3817961624,Unnamed POI,41.017266,28.970684,amenity:bench,bench,,,,POINT (28.970684 41.017266)
3817961625,Unnamed POI,41.017678,28.969866,amenity:bench,bench,,,,POINT (28.969866 41.017678)
3817961626,Unnamed POI,41.017285,28.970646,amenity:bench,bench,,,,POINT (28.970646 41.017285)
3825504460,Darussaade Istambul Hotel,41.00386,28.978878,tourism:hotel,,hotel,,,POINT (28.978878 41.00386)
3879160647,Istanbul - Cordial House,41.007505,28.971842,tourism:hostel,,hostel,,,POINT (28.971842 41.007505)
3880194244,Akbank,41.015348,28.971046,amenity:atm,atm,,,,POINT (28.971046 41.015348)
3880273363,Akbank,41.011349,28.970214,amenity:atm,atm,,,,POINT (28.970214 41.011349)
3880273558,Zirat,41.014342,28.970959,amenity:atm,atm,,,,POINT (28.970959 41.014342)
3880273568,Türkiye Bank,41.011407,28.970131,amenity:atm,atm,,,,POINT (28.970131 41.011407)
3892523239,Kültür Merkezi,41.011328,28.961618,amenity:community_centre,community_centre,,,,POINT (28.961618 41.011328)
4033313443,Unnamed POI,41.01257,28.97689,amenity:pharmacy,pharmacy,,,,POINT (28.97689 41.01257)
4042485225,Çevre Tiyatrosu,41.006781,28.930597,amenity:theatre,theatre,,,,POINT (28.930597 41.006781)
4086861008,Marmara Guesthouse,41.005854,28.981342,tourism:hotel,,hotel,,,POINT (28.981342 41.005854)
4109465400,Büyük Şahinler,41.008241,28.958479,tourism:hotel,,hotel,,,POINT (28.958479 41.008241)
4124679394,Fındık Kabuğu Restoran,41.031826,28.948906,amenity:restaurant,restaurant,,,,POINT (28.948906 41.031826)
4129023491,Dinar Otel,41.006761,28.958432,tourism:hotel,,hotel,,,POINT (28.958432 41.006761)
4129048089,Sirin Doviz,41.006545,28.9591,amenity:bureau_de_change,bureau_de_change,,,,POINT (28.9591 41.006545)
4129048092,Antik Kugu Otel,41.006489,28.95923,tourism:hotel,,hotel,,,POINT (28.95923 41.006489)
4129048190,Unnamed POI,41.005096,28.957754,amenity:waste_disposal,waste_disposal,,,,POINT (28.957754 41.005096)
4129048289,Unnamed POI,41.006989,28.958033,amenity:waste_disposal,waste_disposal,,,,POINT (28.958033 41.006989)
4129048290,Kargo,41.005236,28.95784,amenity:post_office,post_office,,,,POINT (28.95784 41.005236)
4129048489,Unnamed POI,41.006802,28.958299,amenity:car_wash,car_wash,,,,POINT (28.958299 41.006802)
4129048789,Naz Otel,41.006721,28.958538,tourism:hotel,,hotel,,,POINT (28.958538 41.006721)
4134080244,Albinas Hotel Old City,41.003167,28.974623,tourism:hotel,,hotel,,,POINT (28.974623 41.003167)
4144148890,Dosso Dossi Hotels Downtown,41.016981,28.941214,tourism:hotel,,hotel,,,POINT (28.941214 41.016981)
4145039606,AGORA Meyhanesi 1890,41.033537,28.946766,amenity:restaurant,restaurant,,,,POINT (28.946766 41.033537)
4145039607,Coffee Department,41.032912,28.945798,amenity:cafe,cafe,,,,POINT (28.945798 41.032912)
4154257189,Poyraz & Aksa,41.014979,28.97542,amenity:bureau_de_change,bureau_de_change,,,,POINT (28.97542 41.014979)
4159236194,Balıkçı Sabahattin,41.004701,28.980572,amenity:restaurant,restaurant,,,,POINT (28.980572 41.004701)
4180502255,Aslan Apartments Istanbul,41.006312,28.970456,tourism:hotel,,hotel,,,POINT (28.970456 41.006312)
4195110891,Constantine's Ark,41.012963,28.977057,amenity:restaurant,restaurant,,,,POINT (28.977057 41.012963)
4195127490,Arch Bistro,41.004627,28.971265,amenity:restaurant,restaurant,,,,POINT (28.971265 41.004627)
4208931398,Rumours Inn,41.00454,28.973126,tourism:hotel,,hotel,,,POINT (28.973126 41.00454)
4225464289,Öz Kilis Lahmacun ve Kebap,41.021729,28.944559,amenity:restaurant,restaurant,,,,POINT (28.944559 41.021729)
4225485399,Akbank,41.01682,28.950749,amenity:bank,bank,,,,POINT (28.950749 41.01682)
4225485400,TEB,41.016776,28.950832,amenity:bank,bank,,,,POINT (28.950832 41.016776)
4225491195,Türkiye İş Bankası,41.016669,28.950662,amenity:bank,bank,,,,POINT (28.950662 41.016669)
4225492003,Fatih Sarmacısı,41.017662,28.950493,amenity:restaurant,restaurant,,,,POINT (28.950493 41.017662)
4225504200,Ziraat Bankası,41.016714,28.950576,amenity:bank,bank,,,,POINT (28.950576 41.016714)
4225504510,Vakıfbank,41.016881,28.950643,amenity:bank,bank,,,,POINT (28.950643 41.016881)
4225526502,Yaşar Çay Cafe,41.016564,28.950485,amenity:cafe,cafe,,,,POINT (28.950485 41.016564)
4225569142,Kuveyt Türk,41.016326,28.951177,amenity:bank,bank,,,,POINT (28.951177 41.016326)
4225653389,İstanbul Üniversitesi Fen Fakültesi,41.011801,28.959539,amenity:school,school,,,,POINT (28.959539 41.011801)
4232293590,Klas,41.011756,28.958255,tourism:hotel,,hotel,,,POINT (28.958255 41.011756)
4232298894,Vizyon City,41.007436,28.970726,tourism:hotel,,hotel,,,POINT (28.970726 41.007436)
4248233899,Sehir Hotel,41.013477,28.976248,tourism:hotel,,hotel,,,POINT (28.976248 41.013477)
4249014893,Cankurtaran Öğretmenevi,41.004097,28.982078,tourism:hotel,,hotel,,,POINT (28.982078 41.004097)
4251738052,White House Hotel,41.009313,28.975693,tourism:hotel,,hotel,,,POINT (28.975693 41.009313)
4261376327,Hotel EPHESUS,41.007994,28.954252,tourism:hotel,,hotel,,,POINT (28.954252 41.007994)
4264495899,The coach,41.006315,28.95781,tourism:hotel,,hotel,,,POINT (28.95781 41.006315)
4265867792,hotel wiva,41.007956,28.962113,tourism:hotel,,hotel,,,POINT (28.962113 41.007956)
4266037890,Loor,41.004844,28.96551,tourism:hotel,,hotel,,,POINT (28.96551 41.004844)
4286600985,Unnamed POI,41.009834,28.950665,amenity:parking_entrance,parking_entrance,,,,POINT (28.950665 41.009834)
4286601011,Merkez Eczanesi,41.008928,28.952714,amenity:pharmacy,pharmacy,,,,POINT (28.952714 41.008928)
4286601012,Vakıfbank,41.008908,28.952984,amenity:bank,bank,,,,POINT (28.952984 41.008908)
4286601042,Türkiye Finans,41.009013,28.953641,amenity:bank,bank,,,,POINT (28.953641 41.009013)
4286601057,Millet Ağız Diş Sağlığı Polikliniği,41.009205,28.9538,amenity:dentist,dentist,,,,POINT (28.9538 41.009205)
4286623821,Mado,41.00935,28.954362,amenity:cafe,cafe,,,,POINT (28.954362 41.00935)
4286623822,QNB,41.009396,28.955363,amenity:bank,bank,,,,POINT (28.955363 41.009396)
4286623823,Dövizci,41.009334,28.954601,amenity:bureau_de_change,bureau_de_change,,,,POINT (28.954601 41.009334)
4288291390,Sea front,41.017552,28.964466,amenity:cafe,cafe,,,,POINT (28.964466 41.017552)
4290840993,best2,41.003581,28.978487,tourism:hotel,,hotel,,,POINT (28.978487 41.003581)
4290862890,best point hotel old sity,41.004055,28.978969,tourism:hotel,,hotel,,,POINT (28.978969 41.004055)
4290995194,arabam fatih cami,41.016575,28.949006,amenity:car_wash,car_wash,,,,POINT (28.949006 41.016575)
4291021796,Radisson President Beyazit Istanbul,41.007602,28.96555,tourism:hotel,,hotel,,,POINT (28.96555 41.007602)
4293748389,Gül Çay Evi,41.01347,28.961237,amenity:cafe,cafe,,,,POINT (28.961237 41.01347)
4296953536,Unnamed POI,41.007043,28.956092,tourism:hotel,,hotel,,,POINT (28.956092 41.007043)
4299010989,Панорама Стамбула,41.016976,28.966256,amenity:cafe,cafe,,,,POINT (28.966256 41.016976)
4299450592,Мадрид,41.007024,28.954068,tourism:hotel,,hotel,,,POINT (28.954068 41.007024)
4299628509,GLK Premier Mansion suites and spa,41.003121,28.973413,tourism:hotel,,hotel,,,POINT (28.973413 41.003121)
4311617193,Çağyigit otel,41.010235,28.954588,tourism:hotel,,hotel,,,POINT (28.954588 41.010235)
4312139789,ALF HOTEL,41.005369,28.966176,tourism:hotel,,hotel,,,POINT (28.966176 41.005369)
4318400191,محمد أفندي,41.016553,28.970383,amenity:cafe,cafe,,,,POINT (28.970383 41.016553)
4339633692,сок и еда,41.014694,28.973692,amenity:bar,bar,,,,POINT (28.973692 41.014694)
4343584752,Kalyon,41.0032,28.980911,amenity:restaurant,restaurant,,,,POINT (28.980911 41.0032)
4349322490,Unnamed POI,41.012584,28.959624,amenity:atm,atm,,,,POINT (28.959624 41.012584)
4362083790,Unnamed POI,41.012814,28.948165,tourism:artwork,,artwork,,,POINT (28.948165 41.012814)
4363666187,Zindan baba Türbesi,41.018787,28.969177,historic:tomb,,,tomb,,POINT (28.969177 41.018787)
4366207690,hotel hilarium fabric,41.006075,28.953873,tourism:hotel,,hotel,,,POINT (28.953873 41.006075)
4367577789,Tamara,41.003988,28.976021,amenity:restaurant,restaurant,,,,POINT (28.976021 41.003988)
4369636425,Dönerci Sahin Usta,41.0107,28.970101,amenity:fast_food,fast_food,,,,POINT (28.970101 41.0107)
4373039892,Unnamed POI,41.007171,28.962255,tourism:hostel,,hostel,,,POINT (28.962255 41.007171)
4373920189,Unnamed POI,41.007981,28.977246,amenity:restaurant,restaurant,,,,POINT (28.977246 41.007981)
4410334889,Unnamed POI,41.00934,28.97616,tourism:hostel,,hostel,,,POINT (28.97616 41.00934)
4419254702,Karadeniz,41.008481,28.975056,amenity:restaurant,restaurant,,,,POINT (28.975056 41.008481)
4419254703,Fatih Belediyesi,41.031038,28.939442,amenity:restaurant,restaurant,,,,POINT (28.939442 41.031038)
4424334295,Mert Karahan Eğitim Uygulama ve İş Eğitim Merkezi,41.022588,28.955361,amenity:school,school,,,,POINT (28.955361 41.022588)
4425687570,Aras (scam place),41.008284,28.97553,amenity:restaurant,restaurant,,,,POINT (28.97553 41.008284)
4429003940,Falafel & Humus,41.008645,28.971502,amenity:restaurant,restaurant,,,,POINT (28.971502 41.008645)
4439732182,Unnamed POI,41.011317,28.96903,amenity:drinking_water,drinking_water,,,,POINT (28.96903 41.011317)
4442671709,Doruk Eczanesi,41.009178,28.931418,amenity:pharmacy,pharmacy,,,,POINT (28.931418 41.009178)
4442673392,Billur Eczanesi,41.012596,28.931508,amenity:pharmacy,pharmacy,,,,POINT (28.931508 41.012596)
4442687995,Esin Eczanesi,41.013568,28.932324,amenity:pharmacy,pharmacy,,,,POINT (28.932324 41.013568)
4442713491,Okyanus Eczanesi,41.014076,28.930015,amenity:pharmacy,pharmacy,,,,POINT (28.930015 41.014076)
4442750189,Kevser Eczanesi,41.009602,28.933413,amenity:pharmacy,pharmacy,,,,POINT (28.933413 41.009602)
4442754990,Seçil Eczanesi,41.019472,28.930174,amenity:pharmacy,pharmacy,,,,POINT (28.930174 41.019472)
4442755590,Kale Eczanesi,41.020526,28.92927,amenity:pharmacy,pharmacy,,,,POINT (28.92927 41.020526)
4442755592,Deren Eczanesi,41.015905,28.936421,amenity:pharmacy,pharmacy,,,,POINT (28.936421 41.015905)
4447856189,Raıf üsta,41.01098,28.971032,amenity:restaurant,restaurant,,,,POINT (28.971032 41.01098)
4449504298,Sultanahmet Eczanesi,41.00688,28.972315,amenity:pharmacy,pharmacy,,,,POINT (28.972315 41.00688)
4449532997,Cağaloğlu Eczanesi,41.012255,28.975261,amenity:pharmacy,pharmacy,,,,POINT (28.975261 41.012255)
4449532998,Kadırga Eczanesi,41.004908,28.967492,amenity:pharmacy,pharmacy,,,,POINT (28.967492 41.004908)
4449576300,Yenikapı İskele Eczanesi,41.002714,28.957032,amenity:pharmacy,pharmacy,,,,POINT (28.957032 41.002714)
4449598093,Neslihan Eczanesi,41.01447,28.976004,amenity:pharmacy,pharmacy,,,,POINT (28.976004 41.01447)
4449598094,Nişancı Eczanesi,41.006008,28.961094,amenity:pharmacy,pharmacy,,,,POINT (28.961094 41.006008)
4449599394,Pierloti Eczanesi,41.005761,28.96876,amenity:pharmacy,pharmacy,,,,POINT (28.96876 41.005761)
4449599395,Işık Eczanesi,41.00649,28.959692,amenity:pharmacy,pharmacy,,,,POINT (28.959692 41.00649)
4449600093,Büyük Eczanesi,41.014274,28.974832,amenity:pharmacy,pharmacy,,,,POINT (28.974832 41.014274)
4449619594,Karabiber Eczanesi,41.004719,28.967112,amenity:pharmacy,pharmacy,,,,POINT (28.967112 41.004719)
4449648989,Ataman Eczanesi,41.0125,28.977043,amenity:pharmacy,pharmacy,,,,POINT (28.977043 41.0125)
4449653089,Pınar Ünsoy Eczanesi,41.013968,28.975192,amenity:pharmacy,pharmacy,,,,POINT (28.975192 41.013968)
4449662989,Reyhan Eczanesi,41.004997,28.964708,amenity:pharmacy,pharmacy,,,,POINT (28.964708 41.004997)
4449662990,İnan Eczanesi,41.010534,28.959225,amenity:pharmacy,pharmacy,,,,POINT (28.959225 41.010534)
4457620690,My room,41.004807,28.980569,tourism:hotel,,hotel,,,POINT (28.980569 41.004807)
4457647393,Unnamed POI,41.004931,28.980556,tourism:hotel,,hotel,,,POINT (28.980556 41.004931)
4459920989,Otel Prima,41.013188,28.947028,tourism:hotel,,hotel,,,POINT (28.947028 41.013188)
4462010814,Beyza Sebzeli Doner,41.017041,28.967876,amenity:cafe,cafe,,,,POINT (28.967876 41.017041)
4468624491,Unnamed POI,41.011752,28.956898,tourism:hotel,,hotel,,,POINT (28.956898 41.011752)
4469660998,Unnamed POI,41.009136,28.975425,tourism:hostel,,hostel,,,POINT (28.975425 41.009136)
4471394798,Kasap Osman,41.014928,28.957038,amenity:restaurant,restaurant,,,,POINT (28.957038 41.014928)
4472318419,Unnamed POI,41.013919,28.976332,amenity:toilets,toilets,,,,POINT (28.976332 41.013919)
4472516794,Mimar Sinan Teras Kafe,41.01742,28.96395,amenity:cafe,cafe,,,,POINT (28.96395 41.01742)
4472707720,Gloriya Kargo,41.004915,28.955956,amenity:post_office,post_office,,,,POINT (28.955956 41.004915)
4488013690,Alhambra Residence,41.00566,28.969713,tourism:hotel,,hotel,,,POINT (28.969713 41.00566)
4488034089,Carina Hotel Istanbul,41.005684,28.969718,tourism:hotel,,hotel,,,POINT (28.969718 41.005684)
4494301289,Unnamed POI,41.014026,28.968812,tourism:attraction,,attraction,,,POINT (28.968812 41.014026)
4502928789,Unnamed POI,41.027161,28.95176,tourism:viewpoint,,viewpoint,,,POINT (28.95176 41.027161)
4505917790,Hacı Kadın Hamami,41.019414,28.960452,leisure:sauna,,,,sauna,POINT (28.960452 41.019414)
4506783904,Kanuni Sultan Suleyman 1 Turbesi,41.0157,28.964466,historic:memorial,,,memorial,,POINT (28.964466 41.0157)
4506862292,Unnamed POI,41.016446,28.963579,amenity:fountain,fountain,,,,POINT (28.963579 41.016446)
4506862293,Hurrem Haseki (Roksolana) Turbesi,41.015668,28.964808,historic:memorial,,,memorial,,POINT (28.964808 41.015668)
4509007790,Unnamed POI,41.018933,28.9505,historic:memorial,,,memorial,,POINT (28.9505 41.018933)
4509011791,Unnamed POI,41.018844,28.950815,historic:memorial,,,memorial,,POINT (28.950815 41.018844)
4509017991,Unnamed POI,41.01546,28.964791,amenity:school,school,,,,POINT (28.964791 41.01546)
4509017992,Unnamed POI,41.013238,28.957464,tourism:information,,information,,,POINT (28.957464 41.013238)
4509065889,Unnamed POI,41.013155,28.95771,tourism:information,,information,,,POINT (28.95771 41.013155)
4509065890,Unnamed POI,41.013276,28.957654,tourism:information,,information,,,POINT (28.957654 41.013276)
4509066089,Unnamed POI,41.013259,28.957804,tourism:information,,information,,,POINT (28.957804 41.013259)
4509066090,Unnamed POI,41.019638,28.957894,amenity:restaurant,restaurant,,,,POINT (28.957894 41.019638)
4509297389,Unnamed POI,41.016395,28.971609,amenity:fountain,fountain,,,,POINT (28.971609 41.016395)
4511219615,Molla Gurani Turbesi,41.011069,28.941832,tourism:attraction,,attraction,,,POINT (28.941832 41.011069)
4512813092,Unnamed POI,41.025575,28.950133,tourism:attraction,,attraction,,,POINT (28.950133 41.025575)
4512830990,Unnamed POI,41.02626,28.951603,tourism:attraction,,attraction,,,POINT (28.951603 41.02626)
4512844192,Gülistanbul Anaokulu,41.020087,28.958253,amenity:school,school,,,,POINT (28.958253 41.020087)
4512851490,Unnamed POI,41.026196,28.951503,tourism:attraction,,attraction,,,POINT (28.951503 41.026196)
4512851689,Unnamed POI,41.026314,28.951688,tourism:attraction,,attraction,,,POINT (28.951688 41.026314)
4512878889,Mehmet Emin Tokadi Hazretleri Turbesi,41.019975,28.958208,tourism:information,,information,,,POINT (28.958208 41.019975)
4514352789,Unnamed POI,41.028376,28.95711,amenity:restaurant,restaurant,,,,POINT (28.95711 41.028376)
4516764892,Unnamed POI,41.009331,28.971609,tourism:attraction,,attraction,,,POINT (28.971609 41.009331)
4516765191,Unnamed POI,41.008515,28.967738,tourism:museum,,museum,,,POINT (28.967738 41.008515)
4525219389,Unnamed POI,41.027439,28.956779,amenity:place_of_worship,place_of_worship,,,,POINT (28.956779 41.027439)
4528413792,Erboy Hotel,41.012644,28.97722,tourism:hotel,,hotel,,,POINT (28.97722 41.012644)
4528496190,Hira Lokantası,41.004714,28.965758,amenity:cafe,cafe,,,,POINT (28.965758 41.004714)
4530325789,Unnamed POI,41.008162,28.975503,tourism:hotel,,hotel,,,POINT (28.975503 41.008162)
4539937490,Unnamed POI,41.01458,28.927736,tourism:hotel,,hotel,,,POINT (28.927736 41.01458)
4543723789,Unnamed POI,41.004962,28.964832,tourism:hotel,,hotel,,,POINT (28.964832 41.004962)
4545743002,Unnamed POI,41.018712,28.948094,amenity:restaurant,restaurant,,,,POINT (28.948094 41.018712)
4548512390,Unnamed POI,41.015111,28.971545,amenity:bar,bar,,,,POINT (28.971545 41.015111)
4557855791,Unnamed POI,41.011624,28.94153,amenity:restaurant,restaurant,,,,POINT (28.94153 41.011624)
4577117092,Meşale Cafe,41.00559,28.978647,amenity:cafe,cafe,,,,POINT (28.978647 41.00559)
4577117093,Unnamed POI,41.011349,28.958602,tourism:hotel,,hotel,,,POINT (28.958602 41.011349)
4579874989,Unnamed POI,41.004313,28.966281,tourism:hotel,,hotel,,,POINT (28.966281 41.004313)
4587211490,Mezopotamya Nergile Cafe and Resturant,41.013907,28.977663,amenity:cafe,cafe,,,,POINT (28.977663 41.013907)
4587702691,Coffetopia,41.016492,28.973394,amenity:cafe,cafe,,,,POINT (28.973394 41.016492)
4589956100,Rumeli Çikolatacısı,41.017687,28.949267,amenity:cafe,cafe,,,,POINT (28.949267 41.017687)
4591192493,Unnamed POI,41.016281,28.971257,tourism:viewpoint,,viewpoint,,,POINT (28.971257 41.016281)
4591297791,Unnamed POI,41.013377,28.978548,amenity:cafe,cafe,,,,POINT (28.978548 41.013377)
4591595605,cuma pazar,41.011382,28.940868,tourism:attraction,,attraction,,,POINT (28.940868 41.011382)
4601423517,Güneydoğu Sofrası,41.017141,28.954654,amenity:restaurant,restaurant,,,,POINT (28.954654 41.017141)
4607420714,Ambassador,41.008368,28.975985,tourism:hotel,,hotel,,,POINT (28.975985 41.008368)
4609392709,Anadolu Üniversitesi Konukevi,41.008409,28.947165,tourism:guest_house,,guest_house,,,POINT (28.947165 41.008409)
4623531590,Nomade Hotel,41.008352,28.976276,tourism:hotel,,hotel,,,POINT (28.976276 41.008352)
4664136290,Unnamed POI,41.012297,28.940654,tourism:hotel,,hotel,,,POINT (28.940654 41.012297)
4668637189,Unnamed POI,41.011343,28.931589,amenity:cafe,cafe,,,,POINT (28.931589 41.011343)
4674290489,Godiva,41.010836,28.968465,amenity:cafe,cafe,,,,POINT (28.968465 41.010836)
4674620089,Unnamed POI,41.005657,28.9667,tourism:hotel,,hotel,,,POINT (28.9667 41.005657)
4679475816,Akbank,41.01454,28.97582,amenity:bank,bank,,,,POINT (28.97582 41.01454)
4679475824,Akbank,41.01538,28.97113,amenity:bank,bank,,,,POINT (28.97113 41.01538)
4679475828,Akbank,41.02131,28.96041,amenity:bank,bank,,,,POINT (28.96041 41.02131)
4679475829,Akbank,41.01152,28.97029,amenity:bank,bank,,,,POINT (28.97029 41.01152)
4679475830,Akbank,41.01508,28.97287,amenity:bank,bank,,,,POINT (28.97287 41.01508)
4687760602,Serggea resturant,41.01018,28.947738,amenity:restaurant,restaurant,,,,POINT (28.947738 41.01018)
4695996389,Gotlar Sütunu,41.014641,28.985677,historic:monument,,attraction,monument,,POINT (28.985677 41.014641)
4706096389,Unnamed POI,41.014152,28.976796,tourism:guest_house,,guest_house,,,POINT (28.976796 41.014152)
4710108149,Unnamed POI,41.030577,28.945972,amenity:restaurant,restaurant,,,,POINT (28.945972 41.030577)
4717559091,Unnamed POI,41.016953,28.964528,amenity:cafe,cafe,,,,POINT (28.964528 41.016953)
4717790191,Unnamed POI,41.009104,28.978957,amenity:restaurant,restaurant,,,,POINT (28.978957 41.009104)
4720914919,Saray Muhallebicis,41.016973,28.973548,amenity:restaurant,restaurant,,,,POINT (28.973548 41.016973)
4721808990,Kapali Carsi,41.01011,28.969963,tourism:museum,,museum,,,POINT (28.969963 41.01011)
4738134624,Unnamed POI,41.01261,28.978484,amenity:cafe,cafe,,,,POINT (28.978484 41.01261)
4747710924,Denizbank,41.008139,28.975604,amenity:atm,atm,,,,POINT (28.975604 41.008139)
4747710925,Akbank,41.00814,28.975556,amenity:atm,atm,,,,POINT (28.975556 41.00814)
4747734122,ING,41.00814,28.975575,amenity:atm,atm,,,,POINT (28.975575 41.00814)
4747734124,Caribou Coffee,41.010174,28.972885,amenity:cafe,cafe,,,,POINT (28.972885 41.010174)
4763681623,Alfred Heilbronn Botanik Bahçesi,41.018313,28.963871,leisure:garden,,,,garden,POINT (28.963871 41.018313)
4776869797,Unnamed POI,41.01274,28.957656,tourism:hotel,,hotel,,,POINT (28.957656 41.01274)
4780999497,Metinhan Hotel,41.007166,28.968688,tourism:hotel,,hotel,,,POINT (28.968688 41.007166)
4782947223,Unnamed POI,41.00832,28.975474,leisure:sauna,,,,sauna,POINT (28.975474 41.00832)
4786066473,Prestige,41.009083,28.957367,tourism:hotel,,hotel,,,POINT (28.957367 41.009083)
4786093130,Otel Sahinler,41.008912,28.957404,tourism:hotel,,hotel,,,POINT (28.957404 41.008912)
4786906455,Horhor,41.012876,28.95156,amenity:marketplace,marketplace,,,,POINT (28.95156 41.012876)
4786907749,Denizbank,41.015664,28.952203,amenity:atm,atm,,,,POINT (28.952203 41.015664)
4790800225,Tarihi Sultanahmet Köftecisi Selim Usta,41.008003,28.976967,amenity:restaurant,restaurant,,,,POINT (28.976967 41.008003)
4804473124,Yalçın Eczanesi,41.00562,28.925747,amenity:pharmacy,pharmacy,,,,POINT (28.925747 41.00562)
4804473125,Özsoy Eczanesi,41.000652,28.929324,amenity:pharmacy,pharmacy,,,,POINT (28.929324 41.000652)
4804473126,Yasemin Eczanesi,41.014942,28.929227,amenity:pharmacy,pharmacy,,,,POINT (28.929227 41.014942)
4804473921,Uğurcan Eczanesi,41.00402,28.928382,amenity:pharmacy,pharmacy,,,,POINT (28.928382 41.00402)
4816553622,Cihannuma,41.008555,28.977766,amenity:restaurant,restaurant,,,,POINT (28.977766 41.008555)
4827740753,Suriçi Eczanesi,40.997139,28.924057,amenity:pharmacy,pharmacy,,,,POINT (28.924057 40.997139)
4827740754,Kırıştıoğlu Eczanesi,41.003623,28.929786,amenity:pharmacy,pharmacy,,,,POINT (28.929786 41.003623)
4827740755,Silivrikapı Eczanesi,41.006821,28.925263,amenity:pharmacy,pharmacy,,,,POINT (28.925263 41.006821)
4827740944,İsmet Eczanesi,40.998373,28.924048,amenity:pharmacy,pharmacy,,,,POINT (28.924048 40.998373)
4827740946,Atasever Eczanesi,41.001644,28.929967,amenity:pharmacy,pharmacy,,,,POINT (28.929967 41.001644)
4827740947,Yeni Eda Eczanesi,41.006638,28.935639,amenity:pharmacy,pharmacy,,,,POINT (28.935639 41.006638)
4827740948,Yürekli Eczanesi,41.008691,28.937572,amenity:pharmacy,pharmacy,,,,POINT (28.937572 41.008691)
4827740949,Bahar Eczanesi,41.009287,28.937579,amenity:pharmacy,pharmacy,,,,POINT (28.937579 41.009287)
4827750231,Melis Eczanesi,41.002613,28.930092,amenity:pharmacy,pharmacy,,,,POINT (28.930092 41.002613)
4827750232,Polin Eczanesi,41.003444,28.931762,amenity:pharmacy,pharmacy,,,,POINT (28.931762 41.003444)
4827750233,Özgün Eczanesi,41.003905,28.931255,amenity:pharmacy,pharmacy,,,,POINT (28.931255 41.003905)
4827750234,Alp Eczanesi,41.010126,28.939784,amenity:pharmacy,pharmacy,,,,POINT (28.939784 41.010126)
4827750336,Mehmet Emin Eczanesi,41.000268,28.931112,amenity:pharmacy,pharmacy,,,,POINT (28.931112 41.000268)
4827750337,Çağla Eczanesi,40.997896,28.929871,amenity:pharmacy,pharmacy,,,,POINT (28.929871 40.997896)
4827750338,İmrahor Işık Eczanesi,40.996326,28.927208,amenity:pharmacy,pharmacy,,,,POINT (28.927208 40.996326)
4827750339,Murat Bıçakçı Eczanesi,41.002385,28.932091,amenity:pharmacy,pharmacy,,,,POINT (28.932091 41.002385)
4827750341,Arslan Eczanesi,41.003657,28.927568,amenity:pharmacy,pharmacy,,,,POINT (28.927568 41.003657)
4827750342,Esekapı Petek Eczanesi,41.006513,28.936467,amenity:pharmacy,pharmacy,,,,POINT (28.936467 41.006513)
4827750343,Kızılelma Eczanesi,41.007526,28.936609,amenity:pharmacy,pharmacy,,,,POINT (28.936609 41.007526)
4827750344,Fındıkzade Eczanesi,41.011676,28.939665,amenity:pharmacy,pharmacy,,,,POINT (28.939665 41.011676)
4827761723,Yeni Eczane,41.001812,28.932015,amenity:pharmacy,pharmacy,,,,POINT (28.932015 41.001812)
4827761724,Kevser Eczanesi,41.006975,28.933272,amenity:pharmacy,pharmacy,,,,POINT (28.933272 41.006975)
4828932323,Davutpaşa Eczanesi,41.005251,28.94547,amenity:pharmacy,pharmacy,,,,POINT (28.94547 41.005251)
4828993421,Mert Eczanesi,41.003885,28.944093,amenity:pharmacy,pharmacy,,,,POINT (28.944093 41.003885)
4828993422,Sönmez Eczanesi,41.004859,28.943497,amenity:pharmacy,pharmacy,,,,POINT (28.943497 41.004859)
4828993424,Cerrahpaşa Fatih Eczanesi,41.006683,28.94208,amenity:pharmacy,pharmacy,,,,POINT (28.94208 41.006683)
4828993425,Samatya Eczanesi,41.006862,28.941537,amenity:pharmacy,pharmacy,,,,POINT (28.941537 41.006862)
4828993426,Cerrahpaşa Özlem Eczanesi,41.007108,28.94212,amenity:pharmacy,pharmacy,,,,POINT (28.94212 41.007108)
4828993427,Cerrahpaşa Furkan Eczanesi,41.006901,28.941986,amenity:pharmacy,pharmacy,,,,POINT (28.941986 41.006901)
4828993428,Batur Eczanesi,41.00754,28.943427,amenity:pharmacy,pharmacy,,,,POINT (28.943427 41.00754)
4828993429,Haseki Çağrı Eczanesi,41.009058,28.943819,amenity:pharmacy,pharmacy,,,,POINT (28.943819 41.009058)
4828993430,Sefa Eczanesi,41.008947,28.943148,amenity:pharmacy,pharmacy,,,,POINT (28.943148 41.008947)
4828993431,Numune Eczanesi,41.009428,28.945371,amenity:pharmacy,pharmacy,,,,POINT (28.945371 41.009428)
4828993434,Yonca Eczanesi,41.010918,28.942437,amenity:pharmacy,pharmacy,,,,POINT (28.942437 41.010918)
4828993435,Haseki Yıldız Eczanesi,41.010232,28.942593,amenity:pharmacy,pharmacy,,,,POINT (28.942593 41.010232)
4828993436,Akgün Eczanesi,41.01258,28.945614,amenity:pharmacy,pharmacy,,,,POINT (28.945614 41.01258)
4828993437,Sofular Gülen Eczanesi,41.013062,28.948252,amenity:pharmacy,pharmacy,,,,POINT (28.948252 41.013062)
4828993438,Miray Eczanesi,41.011,28.950613,amenity:pharmacy,pharmacy,,,,POINT (28.950613 41.011)
4828993439,Yağmur Eczanesi,41.009357,28.954892,amenity:pharmacy,pharmacy,,,,POINT (28.954892 41.009357)
4828993440,Metro Eczanesi,41.008959,28.954805,amenity:pharmacy,pharmacy,,,,POINT (28.954805 41.008959)
4828993441,Engin Dilek Eczanesi,41.008902,28.953912,amenity:pharmacy,pharmacy,,,,POINT (28.953912 41.008902)
4828993442,Güler Eczanesi,41.008148,28.951992,amenity:pharmacy,pharmacy,,,,POINT (28.951992 41.008148)
4828993443,Nurtane Eczanesi,41.008169,28.95258,amenity:pharmacy,pharmacy,,,,POINT (28.95258 41.008169)
4828993444,Yenikapı Sarim Eczanesi,41.006975,28.952982,amenity:pharmacy,pharmacy,,,,POINT (28.952982 41.006975)
4828993445,Marmaray Eczanesi,41.006658,28.951634,amenity:pharmacy,pharmacy,,,,POINT (28.951634 41.006658)
4828993446,Saray Eczanesi,41.014555,28.951981,amenity:pharmacy,pharmacy,,,,POINT (28.951981 41.014555)
4828993447,Yükseliş Eczanesi,41.017819,28.94441,amenity:pharmacy,pharmacy,,,,POINT (28.94441 41.017819)
4828993448,Yeni Akdeniz Eczanesi,41.017693,28.944197,amenity:pharmacy,pharmacy,,,,POINT (28.944197 41.017693)
4828993451,Sema Eczanesi,41.016558,28.967147,amenity:pharmacy,pharmacy,,,,POINT (28.967147 41.016558)
4828993453,Tahtakale Eczanesi,41.017214,28.968862,amenity:pharmacy,pharmacy,,,,POINT (28.968862 41.017214)
4828993454,Üniversite Eczanesi,41.014682,28.962707,amenity:pharmacy,pharmacy,,,,POINT (28.962707 41.014682)
4828993455,Gülden Eczanesi,41.016861,28.955581,amenity:pharmacy,pharmacy,,,,POINT (28.955581 41.016861)
4828993458,Nihal Eczanesi,41.02096,28.946941,amenity:pharmacy,pharmacy,,,,POINT (28.946941 41.02096)
4828993459,Çağrı Eczanesi,41.021583,28.947743,amenity:pharmacy,pharmacy,,,,POINT (28.947743 41.021583)
4828993462,Balat Eczanesi,41.032759,28.944413,amenity:pharmacy,pharmacy,,,,POINT (28.944413 41.032759)
4828993463,Balat Merkez Eczanesi,41.033569,28.946342,amenity:pharmacy,pharmacy,,,,POINT (28.946342 41.033569)
4828993464,Fazilet Eczanesi,41.032276,28.947792,amenity:pharmacy,pharmacy,,,,POINT (28.947792 41.032276)
4828993465,Gülgün Eczanesi,41.028043,28.946344,amenity:pharmacy,pharmacy,,,,POINT (28.946344 41.028043)
4828993468,Doğan Aras Eczanesi,41.024716,28.935849,amenity:pharmacy,pharmacy,,,,POINT (28.935849 41.024716)
4828993471,Gümüş Eczanesi,41.022024,28.936755,amenity:pharmacy,pharmacy,,,,POINT (28.936755 41.022024)
4828993472,Solmaz Eczanesi,41.019706,28.92917,amenity:pharmacy,pharmacy,,,,POINT (28.92917 41.019706)
4828993473,İlkay Eczanesi,41.013576,28.92468,amenity:pharmacy,pharmacy,,,,POINT (28.92468 41.013576)
4828993475,Aksa Eczanesi,41.008431,28.926412,amenity:pharmacy,pharmacy,,,,POINT (28.926412 41.008431)
4828993476,Zafer Eczanesi,41.009279,28.930605,amenity:pharmacy,pharmacy,,,,POINT (28.930605 41.009279)
4828994521,Paşa Eczanesi,41.004668,28.943623,amenity:pharmacy,pharmacy,,,,POINT (28.943623 41.004668)
4828994522,Cerrahpaşa Eczanesi,41.0052,28.943215,amenity:pharmacy,pharmacy,,,,POINT (28.943215 41.0052)
4828994523,Kartal Eczanesi,41.006747,28.941101,amenity:pharmacy,pharmacy,,,,POINT (28.941101 41.006747)
4828994524,Göksun Eczanesi,41.006937,28.941741,amenity:pharmacy,pharmacy,,,,POINT (28.941741 41.006937)
4828994525,Azak Eczanesi,41.00946,28.945672,amenity:pharmacy,pharmacy,,,,POINT (28.945672 41.00946)
4828994526,Mutlu Eczanesi,41.01095,28.944594,amenity:pharmacy,pharmacy,,,,POINT (28.944594 41.01095)
4828994527,Duyar Eczanesi,41.010874,28.944959,amenity:pharmacy,pharmacy,,,,POINT (28.944959 41.010874)
4828994528,Sevgi Eczanesi,41.011412,28.942454,amenity:pharmacy,pharmacy,,,,POINT (28.942454 41.011412)
4828994529,Horhor Eczanesi,41.011981,28.949886,amenity:pharmacy,pharmacy,,,,POINT (28.949886 41.011981)
4828994531,Pelin Eczanesi,41.01868,28.951822,amenity:pharmacy,pharmacy,,,,POINT (28.951822 41.01868)
4828994532,Fatih Eczanesi,41.016363,28.950997,amenity:pharmacy,pharmacy,,,,POINT (28.950997 41.016363)
4828994533,Taha Can Eczanesi,41.016177,28.950844,amenity:pharmacy,pharmacy,,,,POINT (28.950844 41.016177)
4828994535,Zeytindalı Eczanesi,41.016153,28.952324,amenity:pharmacy,pharmacy,,,,POINT (28.952324 41.016153)
4828994536,Sezen Eczanesi,41.013558,28.951206,amenity:pharmacy,pharmacy,,,,POINT (28.951206 41.013558)
4828994537,Zaman Eczanesi,41.013387,28.95098,amenity:pharmacy,pharmacy,,,,POINT (28.95098 41.013387)
4828994538,Çolpan Eczanesi,41.017955,28.944177,amenity:pharmacy,pharmacy,,,,POINT (28.944177 41.017955)
4828994539,Atlas Eczanesi,41.014644,28.942096,amenity:pharmacy,pharmacy,,,,POINT (28.942096 41.014644)
4828994540,Molla Gürani Eczanesi,41.013692,28.942225,amenity:pharmacy,pharmacy,,,,POINT (28.942225 41.013692)
4828994543,Çırçır Eczanesi,41.01966,28.955148,amenity:pharmacy,pharmacy,,,,POINT (28.955148 41.01966)
4828994545,Cem Eczanesi,41.020442,28.941647,amenity:pharmacy,pharmacy,,,,POINT (28.941647 41.020442)
4828994546,Semra Eczanesi,41.024293,28.948636,amenity:pharmacy,pharmacy,,,,POINT (28.948636 41.024293)
4828994548,Özlem Ece Eczanesi,41.025451,28.957201,amenity:pharmacy,pharmacy,,,,POINT (28.957201 41.025451)
4828994550,Kumrulu Eczanesi,41.023894,28.946623,amenity:pharmacy,pharmacy,,,,POINT (28.946623 41.023894)
4828994551,Özgür Eczanesi,41.025762,28.93599,amenity:pharmacy,pharmacy,,,,POINT (28.93599 41.025762)
4828994552,Mercan Eczanesi,41.02252,28.935713,amenity:pharmacy,pharmacy,,,,POINT (28.935713 41.02252)
4828994553,Petek Eczanesi,41.021371,28.935684,amenity:pharmacy,pharmacy,,,,POINT (28.935684 41.021371)
4828994554,Vatan Eczanesi,41.020659,28.93815,amenity:pharmacy,pharmacy,,,,POINT (28.93815 41.020659)
4828995321,Hüseyin Avni Eczanesi,41.006996,28.941898,amenity:pharmacy,pharmacy,,,,POINT (28.941898 41.006996)
4828995322,Türker Eczanesi,41.009642,28.945344,amenity:pharmacy,pharmacy,,,,POINT (28.945344 41.009642)
4828995323,Erciyes Eczanesi,41.00978,28.946517,amenity:pharmacy,pharmacy,,,,POINT (28.946517 41.00978)
4828995324,Yeni Hayat Eczanesi,41.018501,28.951838,amenity:pharmacy,pharmacy,,,,POINT (28.951838 41.018501)
4828995325,Güven Eczanesi,41.017083,28.950751,amenity:pharmacy,pharmacy,,,,POINT (28.950751 41.017083)
4828995326,Ege Eczanesi,41.017583,28.944005,amenity:pharmacy,pharmacy,,,,POINT (28.944005 41.017583)
4828995327,Duru Eczanesi,41.013184,28.93983,amenity:pharmacy,pharmacy,,,,POINT (28.93983 41.013184)
4828995329,Vefa Eczanesi,41.015777,28.95894,amenity:pharmacy,pharmacy,,,,POINT (28.95894 41.015777)
4828995330,Sarıbaşlar Eczanesi,41.020845,28.948439,amenity:pharmacy,pharmacy,,,,POINT (28.948439 41.020845)
4828995331,Deva Eczanesi,41.021202,28.945024,amenity:pharmacy,pharmacy,,,,POINT (28.945024 41.021202)
4828995332,Mehmet Eczanesi,41.020239,28.943809,amenity:pharmacy,pharmacy,,,,POINT (28.943809 41.020239)
4828995333,Şenay Eczanesi,41.019417,28.943205,amenity:pharmacy,pharmacy,,,,POINT (28.943205 41.019417)
4828995336,Hüma Eczanesi,41.022863,28.948855,amenity:pharmacy,pharmacy,,,,POINT (28.948855 41.022863)
4828995337,Hilal Eczanesi,41.027604,28.94622,amenity:pharmacy,pharmacy,,,,POINT (28.94622 41.027604)
4828995338,Atikali Eczanesi,41.026859,28.946312,amenity:pharmacy,pharmacy,,,,POINT (28.946312 41.026859)
4828995339,Çarşamba Eczanesi,41.026551,28.947399,amenity:pharmacy,pharmacy,,,,POINT (28.947399 41.026551)
4828995340,Hülya Eczanesi,41.026168,28.940816,amenity:pharmacy,pharmacy,,,,POINT (28.940816 41.026168)
4828995341,Kurdoğlu Eczanesi,41.020504,28.932394,amenity:pharmacy,pharmacy,,,,POINT (28.932394 41.020504)
4828995621,Gülçin Eczanesi,41.008586,28.941148,amenity:pharmacy,pharmacy,,,,POINT (28.941148 41.008586)
4828995622,Ata Taç Eczanesi,41.010172,28.947859,amenity:pharmacy,pharmacy,,,,POINT (28.947859 41.010172)
4828995624,Ferit Eczanesi,41.012823,28.95082,amenity:pharmacy,pharmacy,,,,POINT (28.95082 41.012823)
4828995625,Stad Eczanesi,41.025577,28.940558,amenity:pharmacy,pharmacy,,,,POINT (28.940558 41.025577)
4828996221,Kayra Eczanesi,41.009556,28.94621,amenity:pharmacy,pharmacy,,,,POINT (28.94621 41.009556)
4828996222,Öztürk Eczanesi,41.015591,28.952437,amenity:pharmacy,pharmacy,,,,POINT (28.952437 41.015591)
4831087822,Hanchi,41.004387,28.964348,tourism:hostel,,hostel,,,POINT (28.964348 41.004387)
4838556723,مكتب الغباني,41.024088,28.942755,amenity:bureau_de_change,bureau_de_change,,,,POINT (28.942755 41.024088)
4842615189,Hayat eczanesi,41.002132,28.934544,amenity:pharmacy,pharmacy,,,,POINT (28.934544 41.002132)
4874785522,Büfe,40.996352,28.927375,amenity:fast_food,fast_food,,,,POINT (28.927375 40.996352)
4874812823,İmren,40.996184,28.927115,amenity:restaurant,restaurant,,,,POINT (28.927115 40.996184)
4874834121,Büfe,40.994138,28.922629,amenity:restaurant,restaurant,,,,POINT (28.922629 40.994138)
4874840321,Köfteci,40.995053,28.925656,amenity:restaurant,restaurant,,,,POINT (28.925656 40.995053)
4874850025,Mahmudiye Okulu,41.00868,28.946995,amenity:school,school,,,,POINT (28.946995 41.00868)
4878647821,Şifa Döner,41.009025,28.94805,amenity:fast_food,fast_food,,,,POINT (28.94805 41.009025)
4881623722,Unnamed POI,41.004206,28.964858,amenity:restaurant,restaurant,,,,POINT (28.964858 41.004206)
4881623723,Unnamed POI,41.004441,28.964785,amenity:restaurant,restaurant,,,,POINT (28.964785 41.004441)
4881623724,Yeni Köşem Restaurant,41.004386,28.964624,amenity:restaurant,restaurant,,,,POINT (28.964624 41.004386)
4881627421,Unnamed POI,41.00435,28.964914,amenity:restaurant,restaurant,,,,POINT (28.964914 41.00435)
4883625123,Kuşu Çai,41.01239,28.925925,amenity:cafe,cafe,,,,POINT (28.925925 41.01239)
4884590231,Kömür Lokantası,41.020262,28.947278,amenity:food_court,food_court,,,,POINT (28.947278 41.020262)
4887043024,Unnamed POI,41.00311,28.975447,tourism:guest_house,,guest_house,,,POINT (28.975447 41.00311)
4889905040,Sultan Sarniç Dügün & Davet Organizasyon,41.025031,28.950161,amenity:restaurant,restaurant,,,,POINT (28.950161 41.025031)
4889959424,Unnamed POI,41.015051,28.967648,amenity:restaurant,restaurant,,,,POINT (28.967648 41.015051)
4895209121,Laleli,41.008694,28.955729,tourism:attraction,,attraction,,,POINT (28.955729 41.008694)
4896582651,Hilal Otopark Ve Oto Yıkama,41.007488,28.928793,amenity:parking,parking,,,,POINT (28.928793 41.007488)
4905464721,Unnamed POI,41.009383,28.977094,tourism:hotel,,hotel,,,POINT (28.977094 41.009383)
4917337921,Basileus Hotel,41.003437,28.972371,tourism:hotel,,hotel,,,POINT (28.972371 41.003437)
4922661521,Old Ottoman Cafe & Restaurant,41.010728,28.975411,amenity:restaurant,restaurant,,,,POINT (28.975411 41.010728)
4928329121,Hotel Zakkum,41.012424,28.948349,tourism:hotel,,hotel,,,POINT (28.948349 41.012424)
4931489421,Unnamed POI,41.008308,28.955271,tourism:hotel,,hotel,,,POINT (28.955271 41.008308)
4934434423,Unnamed POI,41.007299,28.986269,amenity:waste_basket,waste_basket,,,,POINT (28.986269 41.007299)
4936342125,DoyDoy Restaurant,41.004073,28.975458,amenity:restaurant,restaurant,,,,POINT (28.975458 41.004073)
4940529461,Unnamed POI,41.010762,28.933999,amenity:cafe,cafe,,,,POINT (28.933999 41.010762)
4940583961,Fırat,41.011369,28.933614,amenity:cafe,cafe,,,,POINT (28.933614 41.011369)
4940583962,Çi Börek,41.011134,28.934419,amenity:cafe,cafe,,,,POINT (28.934419 41.011134)
4942262672,Sümbül Camii,41.004046,28.927151,amenity:place_of_worship,place_of_worship,,,,POINT (28.927151 41.004046)
4942277908,Uzun Yusuf Aile Sağlığı Merkezi,41.008306,28.927035,amenity:clinic,clinic,,,,POINT (28.927035 41.008306)
4942286618,Ziraat Bankası,41.006792,28.932685,amenity:atm,atm,,,,POINT (28.932685 41.006792)
4944079421,Şehzade Nargile Cafe Restaurant,41.005846,28.933919,amenity:cafe,cafe,,,,POINT (28.933919 41.005846)
4945713428,Müge Eczanesi,41.015404,28.932495,amenity:pharmacy,pharmacy,,,,POINT (28.932495 41.015404)
4945720022,Gülsün Eczanesi,41.014719,28.933866,amenity:pharmacy,pharmacy,,,,POINT (28.933866 41.014719)
4945720023,Kübra Eczanesi,41.014791,28.933722,amenity:pharmacy,pharmacy,,,,POINT (28.933722 41.014791)
4945720024,Emek Eczanesi,41.015283,28.932697,amenity:pharmacy,pharmacy,,,,POINT (28.932697 41.015283)
4945720423,Gönül Eczanesi,41.013767,28.934226,amenity:pharmacy,pharmacy,,,,POINT (28.934226 41.013767)
4945720424,Çelen Eczanesi,41.014895,28.933438,amenity:pharmacy,pharmacy,,,,POINT (28.933438 41.014895)
4945720425,Kardelen Eczanesi,41.014918,28.932472,amenity:pharmacy,pharmacy,,,,POINT (28.932472 41.014918)
4945720426,Belgradkapı Eczanesi,41.003653,28.924776,amenity:pharmacy,pharmacy,,,,POINT (28.924776 41.003653)
4945720925,Millet Eczanesi,41.015344,28.932629,amenity:pharmacy,pharmacy,,,,POINT (28.932629 41.015344)
4945720926,Sebat Eczanesi,41.015431,28.932401,amenity:pharmacy,pharmacy,,,,POINT (28.932401 41.015431)
4945720927,Çapa Derman Eczanesi,41.01546,28.932263,amenity:pharmacy,pharmacy,,,,POINT (28.932263 41.01546)
4945720928,Sema Eczanesi,41.014664,28.927631,amenity:pharmacy,pharmacy,,,,POINT (28.927631 41.014664)
4945725223,Efeoğlu Eczanesi,41.015071,28.933104,amenity:pharmacy,pharmacy,,,,POINT (28.933104 41.015071)
4945726921,Altuğ Eczanesi,41.015224,28.932823,amenity:pharmacy,pharmacy,,,,POINT (28.932823 41.015224)
4949018798,Fit Slim,41.010976,28.939962,leisure:fitness_centre,,,,fitness_centre,POINT (28.939962 41.010976)
4950828222,Unnamed POI,41.003155,28.975454,amenity:restaurant,restaurant,,,,POINT (28.975454 41.003155)
4950828322,Unnamed POI,41.004668,28.975397,tourism:artwork,,artwork,,,POINT (28.975397 41.004668)
4962158821,Unnamed POI,41.003081,28.975253,amenity:bar,bar,,,,POINT (28.975253 41.003081)
4963015221,Unnamed POI,41.003284,28.977607,tourism:guest_house,,guest_house,,,POINT (28.977607 41.003284)
4963524021,Unnamed POI,41.009566,28.94572,tourism:guest_house,,guest_house,,,POINT (28.94572 41.009566)
4977947422,Recai Efendi Kütüphanesi,41.015296,28.957755,amenity:library,library,,,,POINT (28.957755 41.015296)
4977947521,Ayios Polieuktos Kilisesi,41.014232,28.952959,historic:ruins,,,ruins,,POINT (28.952959 41.014232)
4990028128,Halı Müzesi,41.008732,28.980956,tourism:museum,,museum,,,POINT (28.980956 41.008732)
4990485221,Massa Bistro Turkish Kitchen,41.008593,28.975164,amenity:restaurant,restaurant,,,,POINT (28.975164 41.008593)
4996036822,Unnamed POI,41.0069,28.963632,tourism:hotel,,hotel,,,POINT (28.963632 41.0069)
4999068057,Unnamed POI,41.015991,28.96528,tourism:viewpoint,,viewpoint,,,POINT (28.96528 41.015991)
5008004721,Unnamed POI,41.028732,28.936815,tourism:hotel,,hotel,,,POINT (28.936815 41.028732)
5016287521,2017,41.010174,28.947996,amenity:restaurant,restaurant,,,,POINT (28.947996 41.010174)
5024715487,Ziraat Katılım,41.016388,28.951548,amenity:bank,bank,,,,POINT (28.951548 41.016388)
5026474506,Ewan Restaurant,41.010248,28.947407,amenity:restaurant,restaurant,,,,POINT (28.947407 41.010248)
5026474507,Durak Pub,41.01055,28.947516,amenity:cafe,cafe,,,,POINT (28.947516 41.01055)
5026474508,Osman Oğlu Cafe,41.010744,28.947781,amenity:cafe,cafe,,,,POINT (28.947781 41.010744)
5026474509,vay cafe,41.01091,28.947647,amenity:cafe,cafe,,,,POINT (28.947647 41.01091)
5026474510,set Alsham,41.011184,28.947721,amenity:fast_food,fast_food,,,,POINT (28.947721 41.011184)
5026474511,Emri Cafe,41.011554,28.947391,amenity:cafe,cafe,,,,POINT (28.947391 41.011554)
5026474512,Sallora Restaurant,41.011683,28.947227,amenity:restaurant,restaurant,,,,POINT (28.947227 41.011683)
5026474513,Cafe Vatan,41.012256,28.946271,amenity:cafe,cafe,,,,POINT (28.946271 41.012256)
5026474514,vay cafe,41.012867,28.945195,amenity:cafe,cafe,,,,POINT (28.945195 41.012867)
5026474515,Aksaray Restaurant,41.013466,28.94472,amenity:restaurant,restaurant,,,,POINT (28.94472 41.013466)
5026474516,Van Restaurant,41.01318,28.944619,amenity:restaurant,restaurant,,,,POINT (28.944619 41.01318)
5026652710,Pilavci Ismail Usta,41.011003,28.942104,amenity:fast_food,fast_food,,,,POINT (28.942104 41.011003)
5026652711,Izgara Evi Restuarant,41.011029,28.942264,amenity:restaurant,restaurant,,,,POINT (28.942264 41.011029)
5026696826,Osmanli Konagi Restuarant,41.011094,28.941682,amenity:restaurant,restaurant,,,,POINT (28.941682 41.011094)
5040021621,bi kahve,41.014439,28.974736,amenity:cafe,cafe,,,,POINT (28.974736 41.014439)
5040810722,Domino Cafe,41.031776,28.947774,amenity:restaurant,restaurant,,,,POINT (28.947774 41.031776)
5041870023,Unnamed POI,41.008532,28.950118,tourism:hotel,,hotel,,,POINT (28.950118 41.008532)
5047421726,Unnamed POI,41.006404,28.969523,tourism:hotel,,hotel,,,POINT (28.969523 41.006404)
5053701523,Vefakar,41.013518,28.960538,amenity:cafe,cafe,,,,POINT (28.960538 41.013518)
5053701524,Simurg,41.013444,28.961055,amenity:cafe,cafe,,,,POINT (28.961055 41.013444)
5053706855,Karagümrük Ortaokulu,41.023585,28.938731,amenity:school,school,,,,POINT (28.938731 41.023585)
5053706856,Pertevniyal Lisesi,41.011719,28.952886,amenity:school,school,,,,POINT (28.952886 41.011719)
5053717322,Unkapanı Pilavcısı,41.016388,28.956914,amenity:fast_food,fast_food,,,,POINT (28.956914 41.016388)
5058057422,Katik Büfe,41.017502,28.941342,amenity:fast_food,fast_food,,,,POINT (28.941342 41.017502)
5058057423,Vatan Büfe & Cafe,41.017419,28.941211,amenity:fast_food,fast_food,,,,POINT (28.941211 41.017419)
5059232326,Burger King,41.015349,28.975814,amenity:fast_food,fast_food,,,,POINT (28.975814 41.015349)
5073094757,Altan Döviz,41.013426,28.946455,amenity:bureau_de_change,bureau_de_change,,,,POINT (28.946455 41.013426)
5073094760,Türkiye İş Bankası,41.012662,28.948178,amenity:bank,bank,,,,POINT (28.948178 41.012662)
5073094762,Best Kahve,41.012726,28.947826,amenity:cafe,cafe,,,,POINT (28.947826 41.012726)
5073094763,best nobel hotel,41.01279,28.947713,tourism:hotel,,hotel,,,POINT (28.947713 41.01279)
5075929021,Golden Hill hotel,41.013529,28.937519,tourism:hotel,,hotel,,,POINT (28.937519 41.013529)
5075929022,PTT,41.0134,28.937797,amenity:post_office,post_office,,,,POINT (28.937797 41.0134)
5075929023,Yeşim eczane,41.012923,28.938732,amenity:pharmacy,pharmacy,,,,POINT (28.938732 41.012923)
5075929024,Fateh Alhayr resturant,41.012946,28.938687,amenity:restaurant,restaurant,,,,POINT (28.938687 41.012946)
5075929026,Kaya otel,41.012511,28.93966,tourism:hotel,,hotel,,,POINT (28.93966 41.012511)
5075929027,Kuveyttuek banka,41.012423,28.939888,amenity:bank,bank,,,,POINT (28.939888 41.012423)
5075929028,Zaitoune Oglu tatlasi,41.012294,28.940187,amenity:cafe,cafe,,,,POINT (28.940187 41.012294)
5075929029,Simit Salonu,41.012235,28.940292,amenity:cafe,cafe,,,,POINT (28.940292 41.012235)
5075929031,Türkiye Finans,41.011723,28.941341,amenity:bank,bank,,,,POINT (28.941341 41.011723)
5075929032,yemen resturant,41.011647,28.941606,amenity:restaurant,restaurant,,,,POINT (28.941606 41.011647)
5075929033,Sallouraoğlu halep sofrası,41.01152,28.942071,amenity:restaurant,restaurant,,,,POINT (28.942071 41.01152)
5075929034,Şam şerif tatlası,41.011497,28.942147,amenity:restaurant,restaurant,,,,POINT (28.942147 41.011497)
5075929035,Sevgi eczane,41.011427,28.942474,amenity:pharmacy,pharmacy,,,,POINT (28.942474 41.011427)
5075929036,Burger King,41.011456,28.942319,amenity:fast_food,fast_food,,,,POINT (28.942319 41.011456)
5075929037,zirwe sultan resturant,41.011344,28.94273,amenity:restaurant,restaurant,,,,POINT (28.94273 41.011344)
5075929039,Allüş cafe,41.011017,28.943999,amenity:restaurant,restaurant,,,,POINT (28.943999 41.011017)
5075929041,Çobanoğlu,41.011112,28.94362,amenity:cafe,cafe,,,,POINT (28.94362 41.011112)
5075929043,Domino's,41.010935,28.944586,amenity:fast_food,fast_food,,,,POINT (28.944586 41.010935)
5075929044,Alnabelsi resturant,41.010888,28.94504,amenity:restaurant,restaurant,,,,POINT (28.94504 41.010888)
5075929046,Alqubtan resturants,41.010845,28.944917,amenity:restaurant,restaurant,,,,POINT (28.944917 41.010845)
5075929048,Layale Şamiye,41.010536,28.946009,amenity:restaurant,restaurant,,,,POINT (28.946009 41.010536)
5075929049,Tarbuş Mutfağı,41.010468,28.946286,amenity:restaurant,restaurant,,,,POINT (28.946286 41.010468)
5075929050,Adirhan Doviz,41.010431,28.946432,amenity:bureau_de_change,bureau_de_change,,,,POINT (28.946432 41.010431)
5075929051,Mahrusi resturant,41.01045,28.946367,amenity:restaurant,restaurant,,,,POINT (28.946367 41.01045)
5075929053,Elefendi,41.010292,28.946984,amenity:restaurant,restaurant,,,,POINT (28.946984 41.010292)
5075929054,Little Caesars,41.010338,28.946839,amenity:fast_food,fast_food,,,,POINT (28.946839 41.010338)
5075929055,Zeyr ve Zater,41.010192,28.947226,amenity:restaurant,restaurant,,,,POINT (28.947226 41.010192)
5075929056,Iznik Doviz,41.010192,28.947638,amenity:bureau_de_change,bureau_de_change,,,,POINT (28.947638 41.010192)
5075929057,مطعم مندي,41.010247,28.947566,amenity:restaurant,restaurant,,,,POINT (28.947566 41.010247)
5075929058,Anas chicken,41.01021,28.947541,amenity:restaurant,restaurant,,,,POINT (28.947541 41.01021)
5075929059,Sercıya ıstasyonu,41.010173,28.947735,amenity:restaurant,restaurant,,,,POINT (28.947735 41.010173)
5075929060,Musul Mutfağı,41.010201,28.947784,amenity:restaurant,restaurant,,,,POINT (28.947784 41.010201)
5075929061,Simit Salonu,41.010119,28.947953,amenity:cafe,cafe,,,,POINT (28.947953 41.010119)
5075960980,Denizbank,41.015714,28.952178,amenity:atm,atm,,,,POINT (28.952178 41.015714)
5075960981,Burger King,41.01564,28.952266,amenity:fast_food,fast_food,,,,POINT (28.952266 41.01564)
5075960988,Salloraoğlu tatlısı,41.012158,28.950056,amenity:restaurant,restaurant,,,,POINT (28.950056 41.012158)
5075960997,pianoforte hotel,41.016079,28.948854,tourism:hotel,,hotel,,,POINT (28.948854 41.016079)
5075961002,Huzur Cafe,41.013573,28.946688,amenity:cafe,cafe,,,,POINT (28.946688 41.013573)
5075961005,Tugra hotel,41.016903,28.949275,tourism:hotel,,hotel,,,POINT (28.949275 41.016903)
5075961006,Garanti Bankası,41.016856,28.949559,amenity:atm,atm,,,,POINT (28.949559 41.016856)
5075961007,McDonald's,41.016755,28.950301,amenity:fast_food,fast_food,,,,POINT (28.950301 41.016755)
5075961008,BP,41.016431,28.949285,amenity:fuel,fuel,,,,POINT (28.949285 41.016431)
5075961009,Cengiz cafe,41.015495,28.949285,amenity:cafe,cafe,,,,POINT (28.949285 41.015495)
5075961018,Hatay ili yoncakaya dernegi,41.013417,28.947474,amenity:social_centre,social_centre,,,,POINT (28.947474 41.013417)
5075961019,Sofular otoparkı,41.013398,28.947821,amenity:parking,parking,,,,POINT (28.947821 41.013398)
5075962024,Urfa kebap sarayı,41.013286,28.948243,amenity:restaurant,restaurant,,,,POINT (28.948243 41.013286)
5075962026,Halil ibrahim şark sofrası,41.012727,28.948388,amenity:restaurant,restaurant,,,,POINT (28.948388 41.012727)
5075962029,Best house cafe,41.013025,28.948493,amenity:cafe,cafe,,,,POINT (28.948493 41.013025)
5075962032,Arslan cafe,41.012256,28.949235,amenity:cafe,cafe,,,,POINT (28.949235 41.012256)
5075962034,zarzor iraqlı lokantası,41.012154,28.949334,amenity:restaurant,restaurant,,,,POINT (28.949334 41.012154)
5075962035,yeni kahve,41.012565,28.949086,amenity:cafe,cafe,,,,POINT (28.949086 41.012565)
5075962040,doviz,41.011804,28.949786,amenity:bureau_de_change,bureau_de_change,,,,POINT (28.949786 41.011804)
5075962042,ferit eczane,41.011537,28.950052,amenity:pharmacy,pharmacy,,,,POINT (28.950052 41.011537)
5075962043,Kulunkoglu doviz,41.011477,28.950035,amenity:bureau_de_change,bureau_de_change,,,,POINT (28.950035 41.011477)
5075962044,Acıktım dürüm evi,41.011591,28.950018,amenity:restaurant,restaurant,,,,POINT (28.950018 41.011591)
5075962045,Hatay medeniyetler sofrası,41.011688,28.950053,amenity:restaurant,restaurant,,,,POINT (28.950053 41.011688)
5075962046,Kardeşler lokantası,41.011615,28.949636,amenity:restaurant,restaurant,,,,POINT (28.949636 41.011615)
5075962047,Ciğer sarayı,41.011675,28.949556,amenity:restaurant,restaurant,,,,POINT (28.949556 41.011675)
5075962048,ciğeristan,41.011726,28.949483,amenity:restaurant,restaurant,,,,POINT (28.949483 41.011726)
5075962049,Urfalı hacı usta,41.011771,28.949396,amenity:restaurant,restaurant,,,,POINT (28.949396 41.011771)
5075962050,Hotel Licus,41.011835,28.949291,tourism:hotel,,hotel,,,POINT (28.949291 41.011835)
5075962051,taç kebap,41.01193,28.949166,amenity:restaurant,restaurant,,,,POINT (28.949166 41.01193)
5075962053,sanliurfa zaman ciger ve kebap salonu,41.012332,28.948377,amenity:restaurant,restaurant,,,,POINT (28.948377 41.012332)
5075962054,city hotel,41.012221,28.948603,tourism:hotel,,hotel,,,POINT (28.948603 41.012221)
5075962056,hotel prime,41.012607,28.948383,tourism:hotel,,hotel,,,POINT (28.948383 41.012607)
5075993808,Gaza Vattan Felafel,41.01301,28.947268,amenity:restaurant,restaurant,,,,POINT (28.947268 41.01301)
5075993810,Anadolu Büfe,41.014361,28.946091,amenity:restaurant,restaurant,,,,POINT (28.946091 41.014361)
5075993813,Romeo Hotel,41.012726,28.948048,tourism:hotel,,hotel,,,POINT (28.948048 41.012726)
5075993816,Halep restaurant,41.013061,28.947139,amenity:restaurant,restaurant,,,,POINT (28.947139 41.013061)
5075993817,Urfa zaman ciğer ve kebep,41.013319,28.946656,amenity:restaurant,restaurant,,,,POINT (28.946656 41.013319)
5075994622,Pilavcı Kardeşler,41.013663,28.946035,amenity:restaurant,restaurant,,,,POINT (28.946035 41.013663)
5075994623,Yeşil Doğa Eczanesi,41.014088,28.946021,amenity:pharmacy,pharmacy,,,,POINT (28.946021 41.014088)
5075994624,Akdeniz Hatay Sofrası,41.01383,28.945738,amenity:restaurant,restaurant,,,,POINT (28.945738 41.01383)
5076114607,Yedikule Hayvan Barınağı,40.991278,28.922091,amenity:animal_shelter,animal_shelter,,,,POINT (28.922091 40.991278)
5076114613,Kahvealti,40.99545,28.926482,amenity:cafe,cafe,,,,POINT (28.926482 40.99545)
5076114618,Yesilkir pide bank,40.994142,28.925729,amenity:restaurant,restaurant,,,,POINT (28.925729 40.994142)
5076115923,Kule köfte,40.995951,28.927454,amenity:restaurant,restaurant,,,,POINT (28.927454 40.995951)
5076115925,Yedikule Ilce Emniyet Mudurlugu Asayis Buro Amirlig,40.993652,28.924155,amenity:police,police,,,,POINT (28.924155 40.993652)
5076115927,Istasyon kahvesi,40.993928,28.926972,amenity:cafe,cafe,,,,POINT (28.926972 40.993928)
5076115929,Queen seagull hotel,40.99418,28.927596,tourism:hotel,,hotel,,,POINT (28.927596 40.99418)
5076115933,Emre belezoglu parki,40.996176,28.929426,tourism:picnic_site,,picnic_site,,,POINT (28.929426 40.996176)
5076115936,Imrahor ilyasbey mezarlığı,40.996268,28.92814,historic:cemetery,grave_yard,,cemetery,,POINT (28.92814 40.996268)
5076115938,Buryan Kebap Ve Izgara Salonu,40.996348,28.92779,amenity:restaurant,restaurant,,,,POINT (28.92779 40.996348)
5076115940,Aya Konstantinos ve Helena,40.996757,28.92856,amenity:place_of_worship,place_of_worship,,,,POINT (28.92856 40.996757)
5076166148,Özlem Eczanesi,41.02386,28.954819,amenity:pharmacy,pharmacy,,,,POINT (28.954819 41.02386)
5076166150,Hacıelaziz çiğköfte,41.023638,28.954694,amenity:fast_food,fast_food,,,,POINT (28.954694 41.023638)
5076166151,Otopark ve Yıkama,41.023322,28.955119,amenity:parking,parking,,,,POINT (28.955119 41.023322)
5076166158,Yedizaman çiğköfte,41.022081,28.953713,amenity:fast_food,fast_food,,,,POINT (28.953713 41.022081)
5076166164,Saydam Çiğköfte,41.021548,28.953898,amenity:fast_food,fast_food,,,,POINT (28.953898 41.021548)
5081129624,Unnamed POI,41.008191,28.949236,amenity:cafe,cafe,,,,POINT (28.949236 41.008191)
5081264666,İnci Eczanesi,41.016806,28.937173,amenity:pharmacy,pharmacy,,,,POINT (28.937173 41.016806)
5081264667,Taşhan eczane,41.016612,28.936915,amenity:pharmacy,pharmacy,,,,POINT (28.936915 41.016612)
5081264668,Gunaydin Eczanesi,41.016352,28.937833,amenity:pharmacy,pharmacy,,,,POINT (28.937833 41.016352)
5081264669,Evim Iskender Kebap,41.015834,28.939657,amenity:restaurant,restaurant,,,,POINT (28.939657 41.015834)
5081264670,Asmaaltı Dürümc,41.015705,28.939834,amenity:restaurant,restaurant,,,,POINT (28.939834 41.015705)
5081264672,Eczane Tarçin,41.01424,28.938321,amenity:pharmacy,pharmacy,,,,POINT (28.938321 41.01424)
5081264679,Vatan Düğün Sarayı,41.010605,28.947837,amenity:townhall,townhall,,,,POINT (28.947837 41.010605)
5081264681,Bern Hotel,41.010378,28.947601,tourism:hotel,,hotel,,,POINT (28.947601 41.010378)
5081264682,Flavory Restaurant,41.010273,28.947322,amenity:restaurant,restaurant,,,,POINT (28.947322 41.010273)
5081264684,19 Mayıs Düğün Salonu,41.01105,28.946142,amenity:events_venue,events_venue,,,,POINT (28.946142 41.01105)
5081264691,Mawal Cafe,41.01118,28.944002,amenity:cafe,cafe,,,,POINT (28.944002 41.01118)
5081264693,Orta Kahve,41.015009,28.941486,amenity:cafe,cafe,,,,POINT (28.941486 41.015009)
5081264694,Green Anka Hotel,41.013203,28.940821,tourism:hotel,,hotel,,,POINT (28.940821 41.013203)
5081264695,Golden Tahir Hotel,41.012742,28.940156,tourism:hotel,,hotel,,,POINT (28.940156 41.012742)
5081264696,Medipol Üniversitesi Fındıkzade Hastanesi,41.012532,28.940027,amenity:hospital,hospital,,,,POINT (28.940027 41.012532)
5081264701,Tarçıncı davet salonu,41.011985,28.942081,amenity:events_venue,events_venue,,,,POINT (28.942081 41.011985)
5081264707,Xpower GYM,41.012143,28.945262,leisure:fitness_centre,,,,fitness_centre,POINT (28.945262 41.012143)
5081264716,Kurultay Eczanesi,41.013895,28.940167,amenity:pharmacy,pharmacy,,,,POINT (28.940167 41.013895)
5081264717,Aras Kargo,41.012515,28.940606,amenity:post_office,post_office,,,,POINT (28.940606 41.012515)
5081264718,All Season hotel,41.012734,28.940606,tourism:hotel,,hotel,,,POINT (28.940606 41.012734)
5081264719,ING,41.013139,28.939408,amenity:bank,bank,,,,POINT (28.939408 41.013139)
5081265921,Diş Hekimo Gulden Mut,41.014245,28.940052,amenity:dentist,dentist,,,,POINT (28.940052 41.014245)
5081265930,Bizza Bulls,41.013395,28.941979,amenity:fast_food,fast_food,,,,POINT (28.941979 41.013395)
5081265931,Pikinik Büfe,41.012733,28.94181,amenity:cafe,cafe,,,,POINT (28.94181 41.012733)
5081265932,Venezia Cafe,41.0125,28.941409,amenity:cafe,cafe,,,,POINT (28.941409 41.0125)
5081265933,Hacielaziz Çigköfte,41.012407,28.941563,amenity:fast_food,fast_food,,,,POINT (28.941563 41.012407)
5081265935,Bizim Durum kebap Salonu,41.012221,28.941455,amenity:restaurant,restaurant,,,,POINT (28.941455 41.012221)
5081265937,Surat Kargo,41.012152,28.941394,amenity:post_office,post_office,,,,POINT (28.941394 41.012152)
5081265938,Grand Anka Hotel,41.012105,28.941055,tourism:hotel,,hotel,,,POINT (28.941055 41.012105)
5081265939,Kent Cafe,41.011754,28.941178,amenity:cafe,cafe,,,,POINT (28.941178 41.011754)
5081265952,Dürümcü Haşim Usta,41.012823,28.944467,amenity:restaurant,restaurant,,,,POINT (28.944467 41.012823)
5081265953,Kasem Abu Alkas Lokantası,41.013023,28.944407,amenity:restaurant,restaurant,,,,POINT (28.944407 41.013023)
5081265954,Sit Elşam Pasta,41.011135,28.947684,amenity:restaurant,restaurant,,,,POINT (28.947684 41.011135)
5081265955,Grand Vatan Hotel,41.011288,28.947608,tourism:hotel,,hotel,,,POINT (28.947608 41.011288)
5081265956,Saniyora Tatlası,41.011621,28.947279,amenity:restaurant,restaurant,,,,POINT (28.947279 41.011621)
5081265957,Çitir Lahmacun,41.011647,28.947244,amenity:restaurant,restaurant,,,,POINT (28.947244 41.011647)
5081265958,Star City hotel,41.011653,28.947107,tourism:hotel,,hotel,,,POINT (28.947107 41.011653)
5081265959,Deniz Ürünleri restoranı,41.011686,28.94697,amenity:restaurant,restaurant,,,,POINT (28.94697 41.011686)
5081265960,Vatan Cafe,41.012107,28.946381,amenity:cafe,cafe,,,,POINT (28.946381 41.012107)
5081265961,Taehan Uygur Restoranı,41.012727,28.945259,amenity:restaurant,restaurant,,,,POINT (28.945259 41.012727)
5081265962,Akasya Cafe ve Kebap,41.013444,28.944685,amenity:cafe,cafe,,,,POINT (28.944685 41.013444)
5081265963,Pilavci Resat,41.013491,28.944638,amenity:restaurant,restaurant,,,,POINT (28.944638 41.013491)
5081265965,Ottoman Life Boutique Hotel,41.014401,28.943179,tourism:hotel,,hotel,,,POINT (28.943179 41.014401)
5081265966,Dergah cafe,41.014574,28.942912,amenity:cafe,cafe,,,,POINT (28.942912 41.014574)
5081265967,Razzak resturan,41.01464,28.94285,amenity:restaurant,restaurant,,,,POINT (28.94285 41.01464)
5081265968,Nargila cafe,41.014931,28.942587,amenity:cafe,cafe,,,,POINT (28.942587 41.014931)
5081265969,Medipol Üniversitesi Sağlık Merkezi,41.015154,28.942198,amenity:pharmacy,pharmacy,,,,POINT (28.942198 41.015154)
5081265972,Marmara cafe,41.015471,28.941749,amenity:cafe,cafe,,,,POINT (28.941749 41.015471)
5081274089,Tevhid Eczane,41.015658,28.950396,amenity:pharmacy,pharmacy,,,,POINT (28.950396 41.015658)
5081274090,Özge Eczane,41.015828,28.950533,amenity:pharmacy,pharmacy,,,,POINT (28.950533 41.015828)
5081274091,Özel Fatih Hastanesi,41.015677,28.950772,amenity:hospital,hospital,,,,POINT (28.950772 41.015677)
5081274094,Dilek Pastanesi,41.015057,28.951407,amenity:cafe,cafe,,,,POINT (28.951407 41.015057)
5081274096,Burger King,41.015561,28.952381,amenity:fast_food,fast_food,,,,POINT (28.952381 41.015561)
5081274097,Adana Tatlıcısı,41.015602,28.952322,amenity:fast_food,fast_food,,,,POINT (28.952322 41.015602)
5081274098,Bereket Döner,41.015638,28.952258,amenity:restaurant,restaurant,,,,POINT (28.952258 41.015638)
5081274099,Kavuk Çiğköfte,41.015751,28.952091,amenity:fast_food,fast_food,,,,POINT (28.952091 41.015751)
5081274101,Aksoy Döner,41.015883,28.951853,amenity:fast_food,fast_food,,,,POINT (28.951853 41.015883)
5081274103,Kuveyt Türk,41.016201,28.95122,amenity:bank,bank,,,,POINT (28.95122 41.016201)
5081274106,Pihlivan Lokantası,41.016427,28.950839,amenity:restaurant,restaurant,,,,POINT (28.950839 41.016427)
5081274107,Türkiye İş Bankası,41.016541,28.95063,amenity:bank,bank,,,,POINT (28.95063 41.016541)
5081274108,Ziraat Bankası,41.016618,28.950458,amenity:bank,bank,,,,POINT (28.950458 41.016618)
5081274110,Sultan Resturant,41.010257,28.946764,amenity:restaurant,restaurant,,,,POINT (28.946764 41.010257)
5081274112,Hotel Canan,41.011007,28.950836,tourism:hotel,,hotel,,,POINT (28.950836 41.011007)
5081274116,Unnamed POI,41.011104,28.952078,amenity:cafe,cafe,,,,POINT (28.952078 41.011104)
5081274119,Kaya Madrid hotel,41.011383,28.952644,tourism:hotel,,hotel,,,POINT (28.952644 41.011383)
5081274120,Hotel Fatih,41.010727,28.951266,tourism:hotel,,hotel,,,POINT (28.951266 41.010727)
5081274321,Aksaray Börek,41.010631,28.951424,amenity:restaurant,restaurant,,,,POINT (28.951424 41.010631)
5081274323,63 Metro Pide,41.010516,28.951441,amenity:restaurant,restaurant,,,,POINT (28.951441 41.010516)
5081274324,Hotel Ceren,41.010588,28.951249,tourism:hotel,,hotel,,,POINT (28.951249 41.010588)
5081274325,Hotel Melita,41.010432,28.951444,tourism:hotel,,hotel,,,POINT (28.951444 41.010432)
5081274326,Paçacı Hasan,41.010348,28.951465,amenity:restaurant,restaurant,,,,POINT (28.951465 41.010348)
5081274327,Nergis Saray,41.01029,28.951453,amenity:restaurant,restaurant,,,,POINT (28.951453 41.01029)
5081274330,Simit salonu,41.009962,28.951631,amenity:cafe,cafe,,,,POINT (28.951631 41.009962)
5081274331,Hotel Seren,41.009964,28.951554,tourism:hotel,,hotel,,,POINT (28.951554 41.009964)
5081274332,Hotel Ümit,41.010242,28.951445,tourism:hotel,,hotel,,,POINT (28.951445 41.010242)
5081274333,Hotel Metropol,41.009937,28.951857,tourism:hotel,,hotel,,,POINT (28.951857 41.009937)
5081274337,Oruçgazi Ortaokulu,41.012333,28.952751,amenity:school,school,,,,POINT (28.952751 41.012333)
5081274338,Şehzadebaşı caddesi otoparkı,41.014136,28.953737,amenity:parking,parking,,,,POINT (28.953737 41.014136)
5081442441,Garanti Bankası,41.02394,28.958137,amenity:atm,atm,,,,POINT (28.958137 41.02394)
5081442451,Merkez Cafe,41.022538,28.959871,amenity:cafe,cafe,,,,POINT (28.959871 41.022538)
5081442452,Yücel Unlu Mamulleri,41.022529,28.959742,amenity:restaurant,restaurant,,,,POINT (28.959742 41.022529)
5081442453,Salihpaşa Börek Fırını,41.022554,28.959687,amenity:restaurant,restaurant,,,,POINT (28.959687 41.022554)
5081442454,Dr. Berrin Caglayan Asker Jinekolog Oparatör Dr.Berrin Çağlayan,41.022411,28.95985,amenity:doctors,doctors,,,,POINT (28.95985 41.022411)
5081442455,Op.Dr.Ahmet Yarangümeli Kadın Hastalıkları Ve Doğum,41.02233,28.959872,amenity:doctors,doctors,,,,POINT (28.959872 41.02233)
5081442456,Şafak Et Lokantası,41.022313,28.959875,amenity:restaurant,restaurant,,,,POINT (28.959875 41.022313)
5081442458,Benli Oğlu Tekel,41.022134,28.959882,amenity:pub,pub,,,,POINT (28.959882 41.022134)
5081442459,Meşhur Unkapanı Pilavcısı,41.02194,28.95987,amenity:restaurant,restaurant,,,,POINT (28.95987 41.02194)
5081442465,HASAN BABA PARKI VE TÜRBESİ,41.021104,28.955285,amenity:social_facility,social_facility,,,,POINT (28.955285 41.021104)
5081442466,İstanbul Kitapçısı,41.019805,28.957796,amenity:library,library,,,,POINT (28.957796 41.019805)
5081442467,Eymen otopark,41.019668,28.958078,amenity:parking,parking,,,,POINT (28.958078 41.019668)
5081442468,Al Farah Çocuk ve Aile Destek Merkezi (SGDD),41.019315,28.957876,amenity:community_centre,community_centre,,,,POINT (28.957876 41.019315)
5081442470,Jing ya Tang Restaurant,41.019096,28.957813,amenity:restaurant,restaurant,,,,POINT (28.957813 41.019096)
5081442474,Meşhur Unkapanı Pilavcısı,41.020288,28.95876,amenity:restaurant,restaurant,,,,POINT (28.95876 41.020288)
5081442475,Unkapanı Sanat,41.020288,28.958798,amenity:studio,studio,,,,POINT (28.958798 41.020288)
5081442476,Zeyrek Cafe Restaurant,41.020547,28.958893,amenity:restaurant,restaurant,,,,POINT (28.958893 41.020547)
5081442478,Vakıfbank,41.021355,28.959394,amenity:atm,atm,,,,POINT (28.959394 41.021355)
5081442479,Medipol University,41.022789,28.953811,amenity:university,university,,,,POINT (28.953811 41.022789)
5081442480,Türkiye Cumhuriyeti Merkez Bankası İstanbul Şubesi,41.021595,28.959907,amenity:bank,bank,,,,POINT (28.959907 41.021595)
5081442485,Sonax,41.02278,28.960525,amenity:car_wash,car_wash,,,,POINT (28.960525 41.02278)
5081442487,Katİna Büfe ve Tekel Bayii,41.022875,28.960734,amenity:pub,pub,,,,POINT (28.960734 41.022875)
5081442489,Yarım Elma Kafe,41.02308,28.960943,amenity:cafe,cafe,,,,POINT (28.960943 41.02308)
5081442490,Mabed Kafe,41.023139,28.960866,amenity:cafe,cafe,,,,POINT (28.960866 41.023139)
5081442491,Mekan Cafe,41.023122,28.960894,amenity:cafe,cafe,,,,POINT (28.960894 41.023122)
5081442492,Çarşı Tekel,41.023182,28.960802,amenity:pub,pub,,,,POINT (28.960802 41.023182)
5081442493,Elma Nane Cafe ve Nargile,41.023251,28.960723,amenity:cafe,cafe,,,,POINT (28.960723 41.023251)
5081442494,Ammoti Nargile Cafe,41.02341,28.960555,amenity:cafe,cafe,,,,POINT (28.960555 41.02341)
5081442495,Kumpir ve Waffle,41.023468,28.960473,amenity:restaurant,restaurant,,,,POINT (28.960473 41.023468)
5081442496,Osman Oglu Kebap,41.023584,28.960491,amenity:restaurant,restaurant,,,,POINT (28.960491 41.023584)
5081442497,Starbucks,41.024549,28.959158,amenity:cafe,cafe,,,,POINT (28.959158 41.024549)
5081442498,Kadir Has Üniversitesi,41.02541,28.958876,amenity:university,university,,,,POINT (28.958876 41.02541)
5081442499,Sur Balık,41.025698,28.958953,amenity:restaurant,restaurant,,,,POINT (28.958953 41.025698)
5081442500,Cibalikapı Balıkçısı Haliç,41.025843,28.958921,amenity:restaurant,restaurant,,,,POINT (28.958921 41.025843)
5081442501,Şantiye,41.026041,28.958819,amenity:cafe,cafe,,,,POINT (28.958819 41.026041)
5081442505,Şeyh Ahmet Buhara Türbesi,41.02316,28.96026,historic:tomb,,,tomb,,POINT (28.96026 41.02316)
5081442508,Orhan Köfte Salonu,41.023648,28.959661,amenity:fast_food,fast_food,,,,POINT (28.959661 41.023648)
5081442510,Umut ev yemekleri,41.024629,28.958526,amenity:restaurant,restaurant,,,,POINT (28.958526 41.024629)
5081442512,Rezan Has Museum,41.02528,28.958432,tourism:museum,,museum,,,POINT (28.958432 41.02528)
5081442513,Kadir Has Üniversitesi,41.02539,28.958168,amenity:university,university,,,,POINT (28.958168 41.02539)
5081442514,Özge Cafe,41.025361,28.958008,amenity:cafe,cafe,,,,POINT (28.958008 41.025361)
5081442515,Balaturca,41.026141,28.958565,amenity:restaurant,restaurant,,,,POINT (28.958565 41.026141)
5081442518,Nice Kafe ve Ev yemekleri,41.024528,28.958649,amenity:cafe,cafe,,,,POINT (28.958649 41.024528)
5081442520,Öz Dürüm,41.02469,28.95808,amenity:restaurant,restaurant,,,,POINT (28.95808 41.02469)
5081443121,Fatih oto,41.02484,28.957763,amenity:car_wash,car_wash,,,,POINT (28.957763 41.02484)
5081443124,Zarif Çiğköfte,41.025011,28.957555,amenity:fast_food,fast_food,,,,POINT (28.957555 41.025011)
5081443125,Terzioğlu cafe,41.024622,28.957229,amenity:cafe,cafe,,,,POINT (28.957229 41.024622)
5081443129,Ali Suavi İlköğretim Okulu,41.02328,28.955367,amenity:school,school,,,,POINT (28.955367 41.02328)
5081443131,Özel yeni Ayışığı özel eğitim ve rehabilitayon merkezi,41.022016,28.955514,amenity:social_facility,social_facility,,,,POINT (28.955514 41.022016)
5081443144,Hacıelaziz çiğköfte,41.023617,28.954578,amenity:fast_food,fast_food,,,,POINT (28.954578 41.023617)
5081443152,Yedizaman çiğköfte,41.022044,28.953863,amenity:fast_food,fast_food,,,,POINT (28.953863 41.022044)
5081445029,Bilgin Oto Yıkama,41.028014,28.955283,amenity:car_wash,car_wash,,,,POINT (28.955283 41.028014)
5081445031,Meşhur Sarıyer börekçisi,41.027794,28.955241,amenity:restaurant,restaurant,,,,POINT (28.955241 41.027794)
5081445034,Türkiye İş Bankası,41.027614,28.955127,amenity:atm,atm,,,,POINT (28.955127 41.027614)
5081445035,Garanti Bankası,41.027552,28.955247,amenity:atm,atm,,,,POINT (28.955247 41.027552)
5081445038,Akbank,41.027413,28.955052,amenity:atm,atm,,,,POINT (28.955052 41.027413)
5081445039,Yapı Kredi,41.027404,28.955043,amenity:atm,atm,,,,POINT (28.955043 41.027404)
5081445040,Merkez Dürüm,41.027192,28.954989,amenity:fast_food,fast_food,,,,POINT (28.954989 41.027192)
5081445041,Ziraat Bankası,41.027076,28.954594,amenity:atm,atm,,,,POINT (28.954594 41.027076)
5081445042,MNG Kargo,41.026805,28.954521,amenity:post_office,post_office,,,,POINT (28.954521 41.026805)
5081445043,Sürat Kargo,41.026897,28.954627,amenity:post_office,post_office,,,,POINT (28.954627 41.026897)
5081445045,Pusula Petrol,41.026679,28.953992,amenity:car_wash,car_wash,,,,POINT (28.953992 41.026679)
5081445046,Yurtiçi Kargo Balat,41.026677,28.954189,amenity:post_office,post_office,,,,POINT (28.954189 41.026677)
5081445050,Ali Suavi İlköğretim Okulu,41.026194,28.953851,amenity:school,school,,,,POINT (28.953851 41.026194)
5081445054,Hacıelaziz çiğköfte,41.025348,28.95298,amenity:fast_food,fast_food,,,,POINT (28.95298 41.025348)
5081445061,Sezgin Oto,41.024908,28.952435,amenity:car_wash,car_wash,,,,POINT (28.952435 41.024908)
5081445064,Adıyaman Kardeşler Çiğköfte,41.02444,28.952266,amenity:fast_food,fast_food,,,,POINT (28.952266 41.02444)
5081445065,Toros Polis Aracı,41.026257,28.958687,tourism:artwork,,artwork,,,POINT (28.958687 41.026257)
5081445066,The House Cafe,41.026414,28.958401,amenity:cafe,cafe,,,,POINT (28.958401 41.026414)
5081445067,Bal Cafe Bar,41.026499,28.958238,amenity:bar,bar,,,,POINT (28.958238 41.026499)
5081445068,Balcafe ve Restaurant,41.02658,28.958052,amenity:restaurant,restaurant,,,,POINT (28.958052 41.02658)
5081445069,Karagöz Zorba,41.027285,28.957007,amenity:restaurant,restaurant,,,,POINT (28.957007 41.027285)
5081445070,Cibali Vasilis Balıkçısı,41.027277,28.956994,amenity:restaurant,restaurant,,,,POINT (28.956994 41.027277)
5081445071,Meyhani,41.027386,28.95691,amenity:restaurant,restaurant,,,,POINT (28.95691 41.027386)
5081445072,Aya Nicola Rum Ortodoks Kilisesi,41.027653,28.956673,amenity:place_of_worship,place_of_worship,,,,POINT (28.956673 41.027653)
5081445074,Nevi Cafe,41.027929,28.956468,amenity:cafe,cafe,,,,POINT (28.956468 41.027929)
5081445076,Cibali Ayakapı Hamamı,41.028108,28.955504,leisure:turkish_bath,public_bath,,,turkish_bath,POINT (28.955504 41.028108)
5081445079,Sadrazam Ali Paşa Caddesi Otoparkı,41.028617,28.953154,amenity:parking,parking,,,,POINT (28.953154 41.028617)
5081445080,Perispri,41.028653,28.953055,amenity:restaurant,restaurant,,,,POINT (28.953055 41.028653)
5081445081,Hotel Troya Balat,41.028684,28.952941,tourism:hotel,,hotel,,,POINT (28.952941 41.028684)
5081445082,Barba Vasilis Rum Meyhanesi,41.028706,28.952962,amenity:pub,pub,,,,POINT (28.952962 41.028706)
5081445083,Çaykur Özel Çaylar Satış Bayii,41.028746,28.952806,amenity:cafe,cafe,,,,POINT (28.952806 41.028746)
5081445098,Özel Haliç Sağlık Hizmetleri Polikliniği,41.02361,28.951638,amenity:clinic,clinic,,,,POINT (28.951638 41.02361)
5081445102,Akalın Eczanesi,41.023227,28.951369,amenity:pharmacy,pharmacy,,,,POINT (28.951369 41.023227)
5081445103,Bereket Döner,41.023074,28.95125,amenity:fast_food,fast_food,,,,POINT (28.95125 41.023074)
5081445105,Hacıelaziz çiğköfte,41.022984,28.951253,amenity:fast_food,fast_food,,,,POINT (28.951253 41.022984)
5081445110,Uğur Pastaneleri,41.023714,28.95463,amenity:restaurant,restaurant,,,,POINT (28.95463 41.023714)
5081445111,Bahçivan Fırını,41.023798,28.95466,amenity:restaurant,restaurant,,,,POINT (28.95466 41.023798)
5081445113,Birgül Kirtasiye ve Oyuncak,41.024088,28.954607,amenity:library,library,,,,POINT (28.954607 41.024088)
5081445115,Seyyit Velayet Türbesi,41.023848,28.954732,historic:tomb,,,tomb,,POINT (28.954732 41.023848)
5081445117,Balat Kahvesi,41.026074,28.958353,amenity:cafe,cafe,,,,POINT (28.958353 41.026074)
5081610907,Günbilir balık lokantası,40.993251,28.926857,amenity:restaurant,restaurant,,,,POINT (28.926857 40.993251)
5081610909,Merkez dürüm evi,40.996557,28.927274,amenity:fast_food,fast_food,,,,POINT (28.927274 40.996557)
5081610915,Kalaycı Bedri Sk. Otopark,40.99476,28.924698,amenity:parking,parking,,,,POINT (28.924698 40.99476)
5081610926,Unnamed POI,40.997318,28.926076,leisure:picnic_table,,,,picnic_table,POINT (28.926076 40.997318)
5081610931,Yedikule anadolu lisesi,40.99757,28.925094,amenity:school,school,,,,POINT (28.925094 40.99757)
5081610939,Nur Eczanesi,40.996076,28.923866,amenity:pharmacy,pharmacy,,,,POINT (28.923866 40.996076)
5081610940,Engin Pastanesi,40.996271,28.924147,amenity:restaurant,restaurant,,,,POINT (28.924147 40.996271)
5081610947,HACI EVHADDİN HAMAMI,40.997224,28.924089,leisure:turkish_bath,,,,turkish_bath,POINT (28.924089 40.997224)
5081610950,Sur Pide ve Lavaş Lahmacun Salonu,40.99743,28.924074,amenity:restaurant,restaurant,,,,POINT (28.924074 40.99743)
5081610951,Yıldırım otopark,40.998022,28.92358,amenity:parking,parking,,,,POINT (28.92358 40.998022)
5081610954,Lavinia cafe ve börek,40.998051,28.924038,amenity:cafe,cafe,,,,POINT (28.924038 40.998051)
5081610959,Fatih Yedikule Aile Sağlığı Merkezi,40.998826,28.923929,amenity:clinic,clinic,,,,POINT (28.923929 40.998826)
5081610961,حديقة كوش جيننيتي في يدي كولي,40.998907,28.92349,tourism:picnic_site,,picnic_site,,,POINT (28.92349 40.998907)
5081610963,Fatih Belediyesi - Yıldız Teknik Üniversitesi İstanbul Tarihi Yarımada Uygulama ve Araştırma Merkezi,40.998917,28.924394,amenity:university,university,,,,POINT (28.924394 40.998917)
5081610964,Zigana spor tesisleri,40.99935,28.922146,leisure:sports_centre,,,,sports_centre,POINT (28.922146 40.99935)
5081610966,Panayia Belgradu Kilisesi,41.000114,28.921979,historic:church,place_of_worship,,church,,POINT (28.921979 41.000114)
5081610977,Mevlana kasap ızgara salonu,40.998215,28.929556,amenity:restaurant,restaurant,,,,POINT (28.929556 40.998215)
5081616947,Sevda Eczanesi,40.99817,28.924052,amenity:pharmacy,pharmacy,,,,POINT (28.924052 40.99817)
5081616954,Ptt Yedi Kule,40.998925,28.923866,amenity:post_office,post_office,,,,POINT (28.923866 40.998925)
5085665894,Unnamed POI,41.010858,28.968004,amenity:fountain,fountain,,,,POINT (28.968004 41.010858)
5086061040,Rize Odun Ekmeği,41.026743,28.955885,amenity:restaurant,restaurant,,,,POINT (28.955885 41.026743)
5086061041,Gökkuşağı Meze Ve Ev Yemekler,41.02691,28.955392,amenity:restaurant,restaurant,,,,POINT (28.955392 41.02691)
5086061044,Külliye kına evi,41.026922,28.956591,amenity:events_venue,events_venue,,,,POINT (28.956591 41.026922)
5086061046,Altınay Tekel Bayii,41.026946,28.955049,amenity:pub,pub,,,,POINT (28.955049 41.026946)
5086061047,Hacıelaziz çiğköfte,41.026906,28.955234,amenity:fast_food,fast_food,,,,POINT (28.955234 41.026906)
5086061048,Yıldız Tekel Bayii,41.026862,28.955154,amenity:pub,pub,,,,POINT (28.955154 41.026862)
5086061050,Haliç Özel Eğitim ve Rehabilitasyon Merkezi,41.026658,28.955328,amenity:social_centre,social_centre,,,,POINT (28.955328 41.026658)
5086061052,Lotus Hotel Istanbul,41.026554,28.955642,tourism:hotel,,hotel,,,POINT (28.955642 41.026554)
5086061053,Hasan Usta,41.026468,28.955546,amenity:restaurant,restaurant,,,,POINT (28.955546 41.026468)
5086061055,Atak Eczanesi,41.02659,28.955461,amenity:pharmacy,pharmacy,,,,POINT (28.955461 41.02659)
5086061056,Riyaziyeci Salih Zeki Ilkogretim Okulu,41.025908,28.95412,amenity:school,school,,,,POINT (28.95412 41.025908)
5086061057,Deniz Büfe,41.025737,28.954136,amenity:fast_food,fast_food,,,,POINT (28.954136 41.025737)
5086061059,Yılmazlar Hotel,41.026441,28.956073,tourism:hotel,motel,hotel,,,POINT (28.956073 41.026441)
5086061060,Semsür Çiğköfte,41.026331,28.95602,amenity:fast_food,fast_food,,,,POINT (28.95602 41.026331)
5086061061,Çınar Eczanesi,41.026368,28.955948,amenity:pharmacy,pharmacy,,,,POINT (28.955948 41.026368)
5086061062,Uğur Fastfood,41.026192,28.9559,amenity:fast_food,fast_food,,,,POINT (28.9559 41.026192)
5086061063,Yazicioglu Cafe,41.026028,28.955686,amenity:cafe,cafe,,,,POINT (28.955686 41.026028)
5086061064,Onur Cafe,41.026153,28.955656,amenity:cafe,cafe,,,,POINT (28.955656 41.026153)
5086061065,İslamoğlu Hotel,41.026088,28.95557,tourism:hotel,,hotel,,,POINT (28.95557 41.026088)
5086061066,Yilmazlar Lokantasi,41.026056,28.955509,amenity:restaurant,restaurant,,,,POINT (28.955509 41.026056)
5086061067,Aşkın Restoran,41.026018,28.955441,amenity:restaurant,restaurant,,,,POINT (28.955441 41.026018)
5086061070,Göksu Kirtasiye,41.025382,28.954363,amenity:library,library,,,,POINT (28.954363 41.025382)
5086061072,Hayal Büfe,41.025325,28.95446,amenity:fast_food,fast_food,,,,POINT (28.95446 41.025325)
5086061076,Kömür Lokantası,41.026034,28.95613,amenity:restaurant,restaurant,,,,POINT (28.95613 41.026034)
5086061077,Pasha Hamam Cafe,41.025859,28.956253,amenity:cafe,cafe,,,,POINT (28.956253 41.025859)
5086061079,Tarihi Börek,41.025992,28.956244,amenity:restaurant,restaurant,,,,POINT (28.956244 41.025992)
5086061080,Ümit Kebap,41.025928,28.956549,amenity:fast_food,fast_food,,,,POINT (28.956549 41.025928)
5086061082,Öz Mostar,41.025918,28.956897,amenity:restaurant,restaurant,,,,POINT (28.956897 41.025918)
5086061083,Köfteci Ömer Usta,41.025873,28.95702,amenity:restaurant,restaurant,,,,POINT (28.95702 41.025873)
5086061084,Küçük Mustafa Paşa Aile Sağlıgi Merkezi,41.025386,28.957147,amenity:clinic,clinic,,,,POINT (28.957147 41.025386)
5086061085,Eczane Özlem Ece,41.025317,28.957004,amenity:pharmacy,pharmacy,,,,POINT (28.957004 41.025317)
5086061086,Fatih Cibali İlk Okul,41.024899,28.95635,amenity:school,school,,,,POINT (28.95635 41.024899)
5086061087,Black ve White,41.025075,28.957414,amenity:parking,parking,,,,POINT (28.957414 41.025075)
5086061098,Ensar Aile Börek Salonu,41.024694,28.954862,amenity:restaurant,restaurant,,,,POINT (28.954862 41.024694)
5086061100,Miraç Çocuk Yuvası,41.02467,28.953599,amenity:school,school,,,,POINT (28.953599 41.02467)
5086061101,PTT,41.024905,28.953855,amenity:post_office,post_office,,,,POINT (28.953855 41.024905)
5086061102,Kelif Kırtasiye,41.024741,28.95396,amenity:library,library,,,,POINT (28.95396 41.024741)
5086061116,Sedosh cafe,41.028702,28.952598,amenity:cafe,cafe,,,,POINT (28.952598 41.028702)
5086061117,Carrex Oto,41.028488,28.953472,amenity:parking,parking,,,,POINT (28.953472 41.028488)
5087168296,Yedikule kebap pilavcı,40.9942,28.922607,amenity:restaurant,restaurant,,,,POINT (28.922607 40.9942)
5087168297,Paksu Oto Yıkama,40.994286,28.923061,amenity:car_wash,car_wash,,,,POINT (28.923061 40.994286)
5087168298,Safir Köfte,40.9944,28.923538,amenity:restaurant,restaurant,,,,POINT (28.923538 40.9944)
5087168304,Z internet cafe,40.994494,28.924738,amenity:internet_cafe,internet_cafe,,,,POINT (28.924738 40.994494)
5087168310,Mardin dernekleri federasyonu,40.994845,28.925332,amenity:social_centre,social_centre,,,,POINT (28.925332 40.994845)
5087168314,Trakya Köfte Salonu,40.995109,28.925633,amenity:restaurant,restaurant,,,,POINT (28.925633 40.995109)
5087168315,Kule pub,40.995295,28.925813,amenity:pub,pub,,,,POINT (28.925813 40.995295)
5087168316,Asta la vista,40.995372,28.925983,leisure:fitness_centre,,,,fitness_centre,POINT (28.925983 40.995372)
5087168317,Elit Cafe,40.995453,28.926099,amenity:cafe,cafe,,,,POINT (28.926099 40.995453)
5087168320,Yedikule Spor Kulübü Lokali,40.99571,28.926404,amenity:social_centre,social_centre,,,,POINT (28.926404 40.99571)
5087172323,Akbank,40.996038,28.926877,amenity:atm,atm,,,,POINT (28.926877 40.996038)
5087172331,Çiğköfteci ömer usta,40.996558,28.927473,amenity:restaurant,restaurant,,,,POINT (28.927473 40.996558)
5087172333,Ümit Börek Salonu,40.996712,28.927669,amenity:restaurant,restaurant,,,,POINT (28.927669 40.996712)
5087172336,Cem özkartal,40.996875,28.927913,amenity:dentist,dentist,,,,POINT (28.927913 40.996875)
5087172338,Eyüp Sultan Sofrası,40.996938,28.928076,amenity:restaurant,restaurant,,,,POINT (28.928076 40.996938)
5087179426,Kebapçıoğlu,40.994334,28.923869,amenity:restaurant,restaurant,,,,POINT (28.923869 40.994334)
5087179431,Farrujna,40.994452,28.925253,amenity:restaurant,restaurant,,,,POINT (28.925253 40.994452)
5087179433,Hükümran Sofrası,40.994685,28.925438,amenity:restaurant,restaurant,,,,POINT (28.925438 40.994685)
5087179440,Safa meyhanesi,40.995032,28.925875,amenity:restaurant,restaurant,,,,POINT (28.925875 40.995032)
5087179441,Yedikule kebapçısı,40.995066,28.925905,amenity:restaurant,restaurant,,,,POINT (28.925905 40.995066)
5087179443,Aydın kardeşler köfte salonu,40.995258,28.926161,amenity:restaurant,restaurant,,,,POINT (28.926161 40.995258)
5087179444,Dürümcü mehmet ustanın yeri,40.995336,28.926245,amenity:fast_food,fast_food,,,,POINT (28.926245 40.995336)
5087179445,Aydın kardeşler börekçi,40.995358,28.926284,amenity:restaurant,restaurant,,,,POINT (28.926284 40.995358)
5087179448,Oses çiğköfte,40.995553,28.926592,amenity:restaurant,restaurant,,,,POINT (28.926592 40.995553)
5087179455,Türkiye İş Bankası,40.995886,28.927031,amenity:atm,atm,,,,POINT (28.927031 40.995886)
5087179456,İncedal et lokantası,40.995912,28.927081,amenity:restaurant,restaurant,,,,POINT (28.927081 40.995912)
5087179458,ING,40.995975,28.927131,amenity:atm,atm,,,,POINT (28.927131 40.995975)
5087179461,Öz Anteplizade,40.996143,28.927347,amenity:restaurant,restaurant,,,,POINT (28.927347 40.996143)
5087179463,Sezercan cafe,40.996217,28.927425,amenity:cafe,cafe,,,,POINT (28.927425 40.996217)
5087179467,Rumeli Tulumbacısı,40.996387,28.927576,amenity:restaurant,restaurant,,,,POINT (28.927576 40.996387)
5087179470,Yalçınlar oto yıkama,40.996621,28.92792,amenity:car_wash,car_wash,,,,POINT (28.92792 40.996621)
5088183823,Ali Usta Çig Köfte,41.014558,28.975046,amenity:fast_food,fast_food,,,,POINT (28.975046 41.014558)
5088190860,Samatya Çapana,40.999583,28.932179,amenity:restaurant,restaurant,,,,POINT (28.932179 40.999583)
5088190861,Çapana Et Balık,40.999516,28.932396,amenity:restaurant,restaurant,,,,POINT (28.932396 40.999516)
5088190862,Samatya Mangalbaşı,40.99958,28.93244,amenity:restaurant,restaurant,,,,POINT (28.93244 40.99958)
5088190863,Telis Cafe,40.999454,28.932295,amenity:cafe,cafe,,,,POINT (28.932295 40.999454)
5088190864,Samatya Balıkçısı,40.999462,28.932219,amenity:restaurant,restaurant,,,,POINT (28.932219 40.999462)
5088190865,Sarya,40.999488,28.932203,amenity:restaurant,restaurant,,,,POINT (28.932203 40.999488)
5088190866,Antik Et Balık,40.999521,28.932187,amenity:restaurant,restaurant,,,,POINT (28.932187 40.999521)
5088190867,Annemin Yeri,40.99955,28.932186,amenity:restaurant,restaurant,,,,POINT (28.932186 40.99955)
5088190868,Kucuk Ev,40.999691,28.932127,amenity:restaurant,restaurant,,,,POINT (28.932127 40.999691)
5088190870,Norjin Samatyon,40.999783,28.932027,amenity:restaurant,restaurant,,,,POINT (28.932027 40.999783)
5088190871,Forsa Balık,40.999799,28.931984,amenity:restaurant,restaurant,,,,POINT (28.931984 40.999799)
5088190872,Meze,40.999857,28.931947,amenity:restaurant,restaurant,,,,POINT (28.931947 40.999857)
5088190873,Matya Kömürde Balık,40.999897,28.931914,amenity:restaurant,restaurant,,,,POINT (28.931914 40.999897)
5088190874,Samatya Balık Evi,40.999937,28.931882,amenity:restaurant,restaurant,,,,POINT (28.931882 40.999937)
5088190875,Develi,40.999983,28.931844,amenity:restaurant,restaurant,,,,POINT (28.931844 40.999983)
5088190876,Ali Haydar İkinci Bahar,40.999974,28.931946,amenity:restaurant,restaurant,,,,POINT (28.931946 40.999974)
5088190877,Tarihi Küçük Paris Meyhanesi,41.000049,28.931883,amenity:bar,bar,,,,POINT (28.931883 41.000049)
5088190879,Matya Kafe,40.99955,28.931921,amenity:cafe,cafe,,,,POINT (28.931921 40.99955)
5088190881,Hristos Analipsis kilisesi,40.998965,28.931194,amenity:place_of_worship,place_of_worship,,,,POINT (28.931194 40.998965)
5088190882,Samatya Aya Analipsiz Kilisesi,40.999042,28.931588,amenity:place_of_worship,place_of_worship,,,,POINT (28.931588 40.999042)
5088190884,Ö.K.M.P Anarat Hığutyun Ermeni İlk ve Ortaokulu,40.998526,28.930837,amenity:school,school,,,,POINT (28.930837 40.998526)
5088190886,Yunus Emre Ortaokulu,40.997898,28.930583,amenity:school,school,,,,POINT (28.930583 40.997898)
5088190887,Ziraat Bankası,41.004228,28.933128,amenity:bank,bank,,,,POINT (28.933128 41.004228)
5088190889,Uğur Otopark,40.996639,28.929056,amenity:parking,parking,,,,POINT (28.929056 40.996639)
5088190895,24/7,41.004619,28.934105,amenity:atm,atm,,,,POINT (28.934105 41.004619)
5088190897,Paşa Veteriner Kliniği,41.004603,28.934078,amenity:veterinary,veterinary,,,,POINT (28.934078 41.004603)
5088190900,Ali Suavi İlköğretim Okulu,40.996198,28.930375,amenity:school,school,,,,POINT (28.930375 40.996198)
5088190901,Nokta internet cafe,41.004702,28.934358,amenity:cafe,cafe,,,,POINT (28.934358 41.004702)
5088190902,Samatya Kilisesi,40.996296,28.930576,amenity:place_of_worship,place_of_worship,,,,POINT (28.930576 40.996296)
5088190904,Yedikule Çok Amaçlı Salonu,40.996473,28.928319,amenity:events_venue,events_venue,,,,POINT (28.928319 40.996473)
5088190905,Samatya Cafe ve Van Kahvaltı Salonu,40.999307,28.932854,amenity:cafe,cafe,,,,POINT (28.932854 40.999307)
5088190907,Yunca Büfe,41.004167,28.934761,amenity:restaurant,restaurant,,,,POINT (28.934761 41.004167)
5088190908,Ölçek Temel Lisesi,41.004135,28.935286,amenity:school,school,,,,POINT (28.935286 41.004135)
5088190913,Bab-ı Ali Kafe,41.003859,28.936322,amenity:cafe,cafe,,,,POINT (28.936322 41.003859)
5088190915,İklim Medikal ortopedi,41.003598,28.936419,amenity:pharmacy,pharmacy,,,,POINT (28.936419 41.003598)
5088190916,Merih Matbaacılık,41.003466,28.936461,amenity:library,library,,,,POINT (28.936461 41.003466)
5088190917,Maydanoz,41.003338,28.936419,amenity:restaurant,restaurant,,,,POINT (28.936419 41.003338)
5088190918,Özlem HALİSDEMİR diş hekimi,41.003243,28.936558,amenity:doctors,doctors,,,,POINT (28.936558 41.003243)
5088190919,Medlife Medikal,41.00327,28.936484,amenity:pharmacy,pharmacy,,,,POINT (28.936484 41.00327)
5088192721,Can Pide Börek,41.002746,28.936724,amenity:restaurant,restaurant,,,,POINT (28.936724 41.002746)
5088192722,Hasanoğlu Börek Pasta ve Cafe,41.002836,28.936713,amenity:restaurant,restaurant,,,,POINT (28.936713 41.002836)
5088192723,Unnamed POI,41.002617,28.936747,amenity:pharmacy,pharmacy,,,,POINT (28.936747 41.002617)
5088192725,Binbir Eczanesi,41.002446,28.936823,amenity:pharmacy,pharmacy,,,,POINT (28.936823 41.002446)
5088192726,CAFE KAMELYA,41.000947,28.933897,amenity:cafe,cafe,,,,POINT (28.933897 41.000947)
5088192727,Samatya Ocakbasi,41.000255,28.932711,amenity:restaurant,restaurant,,,,POINT (28.932711 41.000255)
5088192728,Ahmet Baba Dürümcüsü,41.000325,28.932302,amenity:fast_food,fast_food,,,,POINT (28.932302 41.000325)
5088192729,Günbilir Balık Restaurant,41.000058,28.932262,amenity:restaurant,restaurant,,,,POINT (28.932262 41.000058)
5088192730,Sedir Et ve Balık,41.000005,28.93247,amenity:restaurant,restaurant,,,,POINT (28.93247 41.000005)
5088192731,Deniz Balık Restaurant,40.999777,28.932343,amenity:restaurant,restaurant,,,,POINT (28.932343 40.999777)
5088192732,Cihan Derya Balık,40.999659,28.932172,amenity:restaurant,restaurant,,,,POINT (28.932172 40.999659)
5088192733,Öztürk Kardeşler Balık Lokantası,40.999622,28.932145,amenity:restaurant,restaurant,,,,POINT (28.932145 40.999622)
5088192735,Helena Çak Stone,41.000186,28.931873,amenity:restaurant,restaurant,,,,POINT (28.931873 41.000186)
5088192736,Modern Oto Yıkama-Yağlama,41.000442,28.932224,amenity:car_wash,car_wash,,,,POINT (28.932224 41.000442)
5088192737,mo-fr 9:00-18:00,41.000757,28.932722,amenity:bank,bank,,,,POINT (28.932722 41.000757)
5088192738,24/7,41.000684,28.932548,amenity:atm,atm,,,,POINT (28.932548 41.000684)
5088192741,Kısmet Oto Elektrik,41.000857,28.932876,amenity:car_wash,car_wash,,,,POINT (28.932876 41.000857)
5088192742,Aba Oto,41.001078,28.93342,amenity:car_wash,car_wash,,,,POINT (28.93342 41.001078)
5088192743,Lastiğim - Çamcıoğlu,41.001152,28.933703,amenity:car_wash,car_wash,,,,POINT (28.933703 41.001152)
5088192744,Mevlana Pide,41.001176,28.933751,amenity:restaurant,restaurant,,,,POINT (28.933751 41.001176)
5088192745,güçlü büfe,41.002167,28.936886,amenity:cafe,cafe,,,,POINT (28.936886 41.002167)
5088192747,mo-sa 9:00-19:00,41.001983,28.936232,amenity:pharmacy,pharmacy,,,,POINT (28.936232 41.001983)
5088192749,Ermed Medikal,41.002122,28.936604,amenity:pharmacy,pharmacy,,,,POINT (28.936604 41.002122)
5088192750,Meşhur Samatya pilavcısı,41.002097,28.936527,amenity:restaurant,restaurant,,,,POINT (28.936527 41.002097)
5088192752,Tunyalı Ocakbaşı ve Kababı,41.002036,28.936331,amenity:restaurant,restaurant,,,,POINT (28.936331 41.002036)
5088192753,Reçete Cafe,41.001969,28.935995,amenity:cafe,cafe,,,,POINT (28.935995 41.001969)
5088192754,Dostlar Büfe ve Köfte,41.001948,28.935964,amenity:restaurant,restaurant,,,,POINT (28.935964 41.001948)
5088192755,Arkadaşım Cafe,41.001951,28.936157,amenity:cafe,cafe,,,,POINT (28.936157 41.001951)
5088192756,Çiğdem Eczanesi,41.001934,28.935915,amenity:pharmacy,pharmacy,,,,POINT (28.935915 41.001934)
5088192757,Ersan oto aksesuar,41.001545,28.935229,amenity:car_wash,car_wash,,,,POINT (28.935229 41.001545)
5088192758,Özen Hifi Oto,41.001445,28.934986,amenity:car_wash,car_wash,,,,POINT (28.934986 41.001445)
5088192760,Meşhur Tekirdağ Köftecisi,41.001454,28.93491,amenity:restaurant,restaurant,,,,POINT (28.93491 41.001454)
5088192761,SBS Egzost,41.001333,28.934568,amenity:car_wash,car_wash,,,,POINT (28.934568 41.001333)
5088192762,Doyum Kebap Ve Dürüm Salonu,41.001284,28.934508,amenity:restaurant,restaurant,,,,POINT (28.934508 41.001284)
5088192765,Ağam otopark yıkama,41.001322,28.934235,amenity:car_wash,car_wash,,,,POINT (28.934235 41.001322)
5088192771,Meşhur Samatya Bilavcısı,41.000742,28.932864,amenity:restaurant,restaurant,,,,POINT (28.932864 41.000742)
5088192772,Samatya börek ve pide,41.001947,28.935803,amenity:restaurant,restaurant,,,,POINT (28.935803 41.001947)
5088192773,Hemşerim Durumcusu,40.999658,28.931432,amenity:restaurant,restaurant,,,,POINT (28.931432 40.999658)
5088192775,bakanlar sağlık medikal ve ortopedi,41.001998,28.93594,amenity:pharmacy,pharmacy,,,,POINT (28.93594 41.001998)
5088192778,Oses çiğ köfte,41.002006,28.93597,amenity:fast_food,fast_food,,,,POINT (28.93597 41.002006)
5088192782,Ekin Ortopedi ürünleri,41.002084,28.936193,amenity:pharmacy,pharmacy,,,,POINT (28.936193 41.002084)
5088192785,su-sa 9:00-19:00,41.002181,28.93657,amenity:pharmacy,pharmacy,,,,POINT (28.93657 41.002181)
5088192787,Şölen Ocakbaşı,41.000138,28.931808,amenity:restaurant,restaurant,,,,POINT (28.931808 41.000138)
5088192788,su-sa 9:00-19:00,41.002224,28.936701,amenity:pharmacy,pharmacy,,,,POINT (28.936701 41.002224)
5088192790,Öz Ağam Kebap Lahmacun Salonu,41.002258,28.936811,amenity:restaurant,restaurant,,,,POINT (28.936811 41.002258)
5088192792,Pratik İşlem,41.000712,28.932574,amenity:money_transfer,money_transfer,,,,POINT (28.932574 41.000712)
5088192794,Oto elektrik,41.001234,28.934422,amenity:car_wash,car_wash,,,,POINT (28.934422 41.001234)
5088192798,Halkbank,41.001496,28.934654,amenity:atm,atm,,,,POINT (28.934654 41.001496)
5088192799,FinanseBank ATM,41.001486,28.934625,amenity:atm,atm,,,,POINT (28.934625 41.001486)
5088192802,Meşhur Sarıyer Börekçisi,41.002234,28.936746,amenity:restaurant,restaurant,,,,POINT (28.936746 41.002234)
5088192804,YALÇINLAR OTO YIKAMA TAMiR ve BAKIM SERViSi,40.996496,28.927747,amenity:car_wash,car_wash,,,,POINT (28.927747 40.996496)
5088192809,T.C. Ziraat Bankası ATM,40.997235,28.929114,amenity:atm,atm,,,,POINT (28.929114 40.997235)
5088192813,Efecan Cafe,40.997597,28.929535,amenity:cafe,cafe,,,,POINT (28.929535 40.997597)
5088192816,Çağla Eczanesi,40.99788,28.929872,amenity:pharmacy,pharmacy,,,,POINT (28.929872 40.99788)
5088192817,Oses Çiğköfte,40.997843,28.929813,amenity:fast_food,fast_food,,,,POINT (28.929813 40.997843)
5088192818,Nergiz Market,40.998038,28.930038,amenity:cafe,cafe,,,,POINT (28.930038 40.998038)
5088192819,Ayaz Oto Park,41.001082,28.933851,amenity:parking,parking,,,,POINT (28.933851 41.001082)
5088192820,Şanlı Oto Yıkama,41.001,28.93358,amenity:car_wash,car_wash,,,,POINT (28.93358 41.001)
5088194825,Çay Evı,40.999931,28.931674,amenity:cafe,cafe,,,,POINT (28.931674 40.999931)
5088194826,Kardesler Koftecisi,40.999824,28.931546,amenity:restaurant,restaurant,,,,POINT (28.931546 40.999824)
5088194827,Saki Pub,40.999753,28.93142,amenity:restaurant,restaurant,,,,POINT (28.93142 40.999753)
5088194829,Samatya Büfe,40.999624,28.931399,amenity:cafe,cafe,,,,POINT (28.931399 40.999624)
5088194830,Meşhur Sarıyer Börekçisi,40.999542,28.931248,amenity:restaurant,restaurant,,,,POINT (28.931248 40.999542)
5088194832,Vakıfbank,40.999461,28.931183,amenity:atm,atm,,,,POINT (28.931183 40.999461)
5088194840,Istanbul Garage,40.998674,28.930722,amenity:car_wash,car_wash,,,,POINT (28.930722 40.998674)
5088194841,Tugce Dijital Sistemleri,40.998449,28.930227,amenity:car_wash,car_wash,,,,POINT (28.930227 40.998449)
5088194842,Liman Otopark,40.998362,28.930388,amenity:parking,parking,,,,POINT (28.930388 40.998362)
5088194843,Oto Kuaför ve Yıkama,40.998415,28.930461,amenity:car_wash,car_wash,,,,POINT (28.930461 40.998415)
5088194847,Köşem Büfe,40.998188,28.93003,amenity:restaurant,restaurant,,,,POINT (28.93003 40.998188)
5088194848,Çıtır Börek ve Pide,40.998214,28.930067,amenity:restaurant,restaurant,,,,POINT (28.930067 40.998214)
5088194853,Merhaba Oto Lastik,40.998554,28.930331,amenity:car_wash,car_wash,,,,POINT (28.930331 40.998554)
5088194854,Michelin - Osman Demir Lastik,40.998688,28.930457,amenity:car_wash,car_wash,,,,POINT (28.930457 40.998688)
5088194856,DEVELİ OTO PARK YIKAMA,40.998899,28.930669,amenity:parking,parking,,,,POINT (28.930669 40.998899)
5088194857,Fatih Özel Türgev Cerrahpaşa Yüksek Öğretim Kız Öğrenci Yurdu,40.999091,28.930807,amenity:school,school,,,,POINT (28.930807 40.999091)
5088194859,Ermeni Katolik Kilisesi,40.999266,28.930866,amenity:place_of_worship,place_of_worship,,,,POINT (28.930866 40.999266)
5088194861,Mesire kebap ve lahmacun salonu,40.999428,28.931056,amenity:restaurant,restaurant,,,,POINT (28.931056 40.999428)
5088194862,Garanti ATM,40.999614,28.93116,amenity:atm,atm,,,,POINT (28.93116 40.999614)
5088194863,DenizBank ATM,40.999668,28.931188,amenity:atm,atm,,,,POINT (28.931188 40.999668)
5088194864,Ali Suavi İlköğretim Okulu,40.999636,28.931173,amenity:school,school,,,,POINT (28.931173 40.999636)
5088194865,Kebab ve Pide Dünyası,40.999688,28.931215,amenity:cafe,cafe,,,,POINT (28.931215 40.999688)
5088194867,Tandır Taşfırın Pide Lahmacun Kebap Salonu,40.999966,28.931593,amenity:restaurant,restaurant,,,,POINT (28.931593 40.999966)
5088194868,Cafe Harput,41.000022,28.931679,amenity:cafe,cafe,,,,POINT (28.931679 41.000022)
5088194870,ING,41.00007,28.931747,amenity:atm,atm,,,,POINT (28.931747 41.00007)
5088194871,İş Bankası ATM,41.000078,28.931773,amenity:atm,atm,,,,POINT (28.931773 41.000078)
5088194872,Yörem urfa taş fırnı,41.003396,28.932497,amenity:restaurant,restaurant,,,,POINT (28.932497 41.003396)
5088194873,Korkmaz Cafe,41.003911,28.932425,amenity:cafe,cafe,,,,POINT (28.932425 41.003911)
5088194880,Paşa Çay,41.003726,28.931724,amenity:cafe,cafe,,,,POINT (28.931724 41.003726)
5088194884,Çevre Kebap,41.00361,28.931883,amenity:restaurant,restaurant,,,,POINT (28.931883 41.00361)
5088194885,Valide Kebap ve Lahmacun Salonu,41.003521,28.931819,amenity:restaurant,restaurant,,,,POINT (28.931819 41.003521)
5088194886,Kırımlı Çibörek,41.003481,28.931848,amenity:restaurant,restaurant,,,,POINT (28.931848 41.003481)
5088194890,Şafak pide ve lahmacun,41.003447,28.931286,amenity:restaurant,restaurant,,,,POINT (28.931286 41.003447)
5088194893,Her Telden Çılgın Kebapçı,41.003502,28.931261,amenity:restaurant,restaurant,,,,POINT (28.931261 41.003502)
5088194897,Urfalı çıtır kadir lahmacun pide,41.003304,28.930708,amenity:restaurant,restaurant,,,,POINT (28.930708 41.003304)
5088194898,Paşa Sarayı Nargile Cafe,41.003264,28.930719,amenity:cafe,cafe,,,,POINT (28.930719 41.003264)
5088194899,Aziz Urfa Kebap ve Lahmacun Salonu,41.003223,28.930735,amenity:restaurant,restaurant,,,,POINT (28.930735 41.003223)
5088194900,Kosk Nargile Cafe,41.003268,28.93065,amenity:cafe,cafe,,,,POINT (28.93065 41.003268)
5088194904,Kardeşler Yufkacısı,41.002162,28.930601,amenity:restaurant,restaurant,,,,POINT (28.930601 41.002162)
5088194907,Ay Büfe,41.001806,28.930028,amenity:restaurant,restaurant,,,,POINT (28.930028 41.001806)
5088194916,Mehmet Emin Eczane,41.000221,28.931113,amenity:pharmacy,pharmacy,,,,POINT (28.931113 41.000221)
5088194918,Başlangıç Lokantası,41.000213,28.931188,amenity:restaurant,restaurant,,,,POINT (28.931188 41.000213)
5088197321,Konak Internet cafe,41.00011,28.931309,amenity:cafe,cafe,,,,POINT (28.931309 41.00011)
5088197322,Özgul börek,41.000048,28.931397,amenity:restaurant,restaurant,,,,POINT (28.931397 41.000048)
5088197324,Dostlar çay evi,41.000889,28.932438,amenity:cafe,cafe,,,,POINT (28.932438 41.000889)
5088197325,Özel Sahakyan Nunyan Ermeni ortaokulu,41.001652,28.93238,amenity:school,school,,,,POINT (28.93238 41.001652)
5088197326,Özel Sahakyan Nunyan Ermeni İlkokulu,41.001587,28.932474,amenity:school,school,,,,POINT (28.932474 41.001587)
5088197328,Özel Sahakyan Nunyan Ermeni Lisesi,41.002007,28.933288,amenity:school,school,,,,POINT (28.933288 41.002007)
5088197329,Ak Otopark Yikama,41.001384,28.933536,amenity:parking,parking,,,,POINT (28.933536 41.001384)
5088197330,Erdoğan Eczanesi,41.002124,28.934709,amenity:pharmacy,pharmacy,,,,POINT (28.934709 41.002124)
5088197332,Tepedar Otoparkı,41.00291,28.934565,amenity:parking,parking,,,,POINT (28.934565 41.00291)
5088197335,Teyzemin Mutfağı,41.003242,28.93504,amenity:restaurant,restaurant,,,,POINT (28.93504 41.003242)
5088197339,Kemancı Siteleri Otoparkı,40.999569,28.927619,amenity:parking,parking,,,,POINT (28.927619 40.999569)
5088197341,Siteler Eczanesi,40.999856,28.928242,amenity:pharmacy,pharmacy,,,,POINT (28.928242 40.999856)
5088197342,Avunç Çay Evi,40.999671,28.928034,amenity:cafe,cafe,,,,POINT (28.928034 40.999671)
5088197345,Cafe Köşk,40.999817,28.930705,amenity:cafe,cafe,,,,POINT (28.930705 40.999817)
5088508622,Büyük Reşit Paşa Ortaokulu,41.011188,28.97217,amenity:school,school,,,,POINT (28.97217 41.011188)
5094385428,Duygu Ocakbaşı,41.018029,28.951191,amenity:restaurant,restaurant,,,,POINT (28.951191 41.018029)
5099040163,Hobyarlı Ahmet Paşa İlköğretim Okulu,41.006878,28.943128,amenity:school,school,,,,POINT (28.943128 41.006878)
5099040164,Tülay övet diş hekimi,41.007312,28.943204,amenity:dentist,dentist,,,,POINT (28.943204 41.007312)
5099040170,Güneş garajı oto yıkama,41.007295,28.947346,amenity:car_wash,car_wash,,,,POINT (28.947346 41.007295)
5099040173,Sinekli Bakkal Çay Bahçesi,41.008262,28.947359,amenity:cafe,cafe,,,,POINT (28.947359 41.008262)
5099040174,Ercan Otopark,41.00839,28.947684,amenity:parking,parking,,,,POINT (28.947684 41.00839)
5099040175,Karacan Açıköğretim Yayınlar,41.008363,28.947423,amenity:library,library,,,,POINT (28.947423 41.008363)
5099040176,Egem Eğitim Yayınları,41.008554,28.947378,amenity:library,library,,,,POINT (28.947378 41.008554)
5099040178,Yalçın Hotel,41.00769,28.946924,tourism:hotel,,hotel,,,POINT (28.946924 41.00769)
5099040188,Bursa otopark,41.007335,28.94505,amenity:parking,parking,,,,POINT (28.94505 41.007335)
5099040191,Küçükbaşı Çeşme Otopark,41.005818,28.943731,amenity:parking,parking,,,,POINT (28.943731 41.005818)
5099040197,Yeşimin Mutfağından Ev Yemekleri,41.004016,28.944198,amenity:restaurant,restaurant,,,,POINT (28.944198 41.004016)
5099040198,Bizim pilavcı,41.004062,28.944127,amenity:fast_food,fast_food,,,,POINT (28.944127 41.004062)
5099040199,Necdet Eczanesi,41.004098,28.944087,amenity:pharmacy,pharmacy,,,,POINT (28.944087 41.004098)
5099040200,Kardeş büfe,41.004119,28.944058,amenity:restaurant,restaurant,,,,POINT (28.944058 41.004119)
5099040201,Erdem Eczanesi,41.004175,28.944058,amenity:pharmacy,pharmacy,,,,POINT (28.944058 41.004175)
5099040202,Mavi Eczanesi,41.004272,28.943957,amenity:pharmacy,pharmacy,,,,POINT (28.943957 41.004272)
5099040204,Ahtım Köfte ve Ev Yemekleri,41.004392,28.943862,amenity:restaurant,restaurant,,,,POINT (28.943862 41.004392)
5099040206,Cadde 14 Çay Evi,41.004565,28.943722,amenity:cafe,cafe,,,,POINT (28.943722 41.004565)
5099040207,Paşa Eczanesi,41.004656,28.943629,amenity:pharmacy,pharmacy,,,,POINT (28.943629 41.004656)
5099040208,Sönmez Eczanesi,41.004847,28.943522,amenity:pharmacy,pharmacy,,,,POINT (28.943522 41.004847)
5099040209,BAYKARA ECZANE,41.004915,28.94349,amenity:pharmacy,pharmacy,,,,POINT (28.94349 41.004915)
5099040210,Büfe köfte,41.004985,28.943417,amenity:restaurant,restaurant,,,,POINT (28.943417 41.004985)
5099040213,Damak Kebap Döner Yemek Salonu,41.005123,28.943296,amenity:restaurant,restaurant,,,,POINT (28.943296 41.005123)
5099040215,Cerrahpaşa eczanesi,41.005222,28.943203,amenity:pharmacy,pharmacy,,,,POINT (28.943203 41.005222)
5099040216,Çeşm-İ Cİhan Ev Yemeklerİ,41.005339,28.94314,amenity:restaurant,restaurant,,,,POINT (28.94314 41.005339)
5099056170,Ciğerci Kemal Ustanin Yeri,41.004302,28.944833,amenity:restaurant,restaurant,,,,POINT (28.944833 41.004302)
5099056174,Can Pide Ve Lahmacun Fırını,41.004691,28.944975,amenity:restaurant,restaurant,,,,POINT (28.944975 41.004691)
5099056175,Meshur Langa Borekcisi,41.004613,28.945104,amenity:restaurant,restaurant,,,,POINT (28.945104 41.004613)
5099056176,Otto yıkama,41.00469,28.94517,amenity:car_wash,car_wash,,,,POINT (28.94517 41.00469)
5099056179,Lezzet diyarı,41.005057,28.945393,amenity:fast_food,fast_food,,,,POINT (28.945393 41.005057)
5099056182,Davutpaşa Eczanesi,41.005227,28.945467,amenity:pharmacy,pharmacy,,,,POINT (28.945467 41.005227)
5099056195,Ayyıldız Otoparkı,41.006113,28.94619,amenity:parking,parking,,,,POINT (28.94619 41.006113)
5099056201,Urfa Kebap Ve Lahmacun Salonu,41.006797,28.946688,amenity:restaurant,restaurant,,,,POINT (28.946688 41.006797)
5099056202,Umut Börek,41.00684,28.946791,amenity:restaurant,restaurant,,,,POINT (28.946791 41.00684)
5099056205,Yüksel İstanbul Yenikapı,41.007004,28.947253,tourism:hotel,,hotel,,,POINT (28.947253 41.007004)
5099056215,Tarihi Sariyer Börekçisi,41.006326,28.95008,amenity:restaurant,restaurant,,,,POINT (28.95008 41.006326)
5099058121,Cerrahpaşa fatih eczanesi,41.006703,28.942083,amenity:pharmacy,pharmacy,,,,POINT (28.942083 41.006703)
5099058122,Bahar Cafe,41.006734,28.942064,amenity:cafe,cafe,,,,POINT (28.942064 41.006734)
5099058123,Cerrahpaşa Ağız Ve Diş Sağlığı Polikliniği,41.006762,28.942052,amenity:dentist,dentist,,,,POINT (28.942052 41.006762)
5099060691,Otel Avlonya,41.007133,28.949524,tourism:hotel,,hotel,,,POINT (28.949524 41.007133)
5099060692,Otel fuar,41.007172,28.950087,tourism:hotel,,hotel,,,POINT (28.950087 41.007172)
5099060693,Şanlı et lokantası,41.006948,28.948754,amenity:restaurant,restaurant,,,,POINT (28.948754 41.006948)
5099060694,Berat döner,41.006938,28.948956,amenity:restaurant,restaurant,,,,POINT (28.948956 41.006938)
5099060695,Sarıyer börekçisi,41.006948,28.949266,amenity:restaurant,restaurant,,,,POINT (28.949266 41.006948)
5099060696,Can ocakbaşı,41.006969,28.949656,amenity:restaurant,restaurant,,,,POINT (28.949656 41.006969)
5099060697,Mekke otel,41.006969,28.949791,tourism:hotel,,hotel,,,POINT (28.949791 41.006969)
5099060703,Mega star kokoreç,41.00694,28.951512,amenity:fast_food,fast_food,,,,POINT (28.951512 41.00694)
5099060705,Marmaray cafe nargile,41.00645,28.951538,amenity:cafe,cafe,,,,POINT (28.951538 41.00645)
5099060706,Hacı kral mutfağı,41.006603,28.951514,amenity:restaurant,restaurant,,,,POINT (28.951514 41.006603)
5099060707,Hotel ay istanbul,41.006806,28.951541,tourism:hotel,,hotel,,,POINT (28.951541 41.006806)
5099060708,Çömçe et lokantası,41.007708,28.951545,amenity:restaurant,restaurant,,,,POINT (28.951545 41.007708)
5099060709,Baran ocakbaşı pub,41.007886,28.951526,amenity:pub,pub,,,,POINT (28.951526 41.007886)
5099060710,Baran hotel,41.007986,28.951526,tourism:hotel,,hotel,,,POINT (28.951526 41.007986)
5099060711,Hotel tura,41.008082,28.95151,tourism:hotel,,hotel,,,POINT (28.95151 41.008082)
5099060712,Şekerbank,41.008175,28.951328,amenity:bank,bank,,,,POINT (28.951328 41.008175)
5099060713,Hasan keyf nargile cafe,41.008182,28.951029,amenity:cafe,cafe,,,,POINT (28.951029 41.008182)
5099060714,Hotel karaman,41.008184,28.951543,tourism:hotel,,hotel,,,POINT (28.951543 41.008184)
5099062121,Yapı Kredi,41.007871,28.950253,amenity:atm,atm,,,,POINT (28.950253 41.007871)
5099062122,Grand oruç hotel,41.007771,28.950268,tourism:hotel,,hotel,,,POINT (28.950268 41.007771)
5099062123,Nuri usta baklava,41.007653,28.950284,amenity:restaurant,restaurant,,,,POINT (28.950284 41.007653)
5099062124,Pınar gıda ve büfe,41.006993,28.950252,amenity:fast_food,fast_food,,,,POINT (28.950252 41.006993)
5099062125,Otel hobby,41.007108,28.950266,tourism:hotel,,hotel,,,POINT (28.950266 41.007108)
5099062126,The port hotel,41.007004,28.950715,tourism:hotel,,hotel,,,POINT (28.950715 41.007004)
5099062128,Hotel bilir,41.007024,28.951101,tourism:hotel,,hotel,,,POINT (28.951101 41.007024)
5099062129,Hotel life,41.007024,28.9515,tourism:hotel,,hotel,,,POINT (28.9515 41.007024)
5099062130,Casablanca resataurant,41.007269,28.951554,amenity:restaurant,restaurant,,,,POINT (28.951554 41.007269)
5099062135,Hotel öz villa,41.007627,28.951554,tourism:hotel,,hotel,,,POINT (28.951554 41.007627)
5099062136,Fors Hotel,41.007657,28.950729,tourism:hotel,,hotel,,,POINT (28.950729 41.007657)
5099062137,Dörtyol pilavcısı,41.007637,28.950063,amenity:fast_food,fast_food,,,,POINT (28.950063 41.007637)
5099062148,Eyfel hotelium cafe and restaurant,41.007667,28.949252,amenity:restaurant,restaurant,,,,POINT (28.949252 41.007667)
5099062149,Hotel ümit 2,41.007667,28.949026,tourism:hotel,,hotel,,,POINT (28.949026 41.007667)
5099062150,Laguna disco bar,41.007647,28.948919,amenity:bar,bar,,,,POINT (28.948919 41.007647)
5099062151,Bilican saray,41.007647,28.948799,amenity:restaurant,restaurant,,,,POINT (28.948799 41.007647)
5099062152,Alahan hotel,41.007506,28.948906,tourism:hotel,,hotel,,,POINT (28.948906 41.007506)
5099062155,Giorgi,41.007667,28.948558,amenity:restaurant,restaurant,,,,POINT (28.948558 41.007667)
5099062156,Rouge noire hotel,41.007513,28.948545,tourism:hotel,,hotel,,,POINT (28.948545 41.007513)
5099062157,The city hotel,41.007494,28.948163,tourism:hotel,,hotel,,,POINT (28.948163 41.007494)
5099062159,Hotel Doğan,41.007659,28.947925,tourism:hotel,,hotel,,,POINT (28.947925 41.007659)
5099062160,As bilardo cafe,41.007513,28.947463,amenity:cafe,cafe,,,,POINT (28.947463 41.007513)
5099065421,Günay Hotel,41.007466,28.950089,tourism:hotel,,hotel,,,POINT (28.950089 41.007466)
5099065424,Lal Hotel,41.007839,28.950073,tourism:hotel,,hotel,,,POINT (28.950073 41.007839)
5099065425,Denizbank,41.007875,28.950073,amenity:atm,atm,,,,POINT (28.950073 41.007875)
5099065426,Türkiye İş Bankas,41.007925,28.950052,amenity:bank,bank,,,,POINT (28.950052 41.007925)
5099065427,Suffa Et Ve Kebap,41.008009,28.950054,amenity:restaurant,restaurant,,,,POINT (28.950054 41.008009)
5099065430,Esen Palas Hote,41.00846,28.950031,tourism:hotel,,hotel,,,POINT (28.950031 41.00846)
5099065431,Hotel Nayla,41.008532,28.950066,tourism:hotel,,hotel,,,POINT (28.950066 41.008532)
5099065435,Flamingo Hotel,41.008731,28.950051,tourism:hotel,,hotel,,,POINT (28.950051 41.008731)
5099065439,Özel Avrupa Göz Merkezi,41.009281,28.949668,amenity:clinic,clinic,,,,POINT (28.949668 41.009281)
5099065445,Kükrük,41.009156,28.948624,amenity:restaurant,restaurant,,,,POINT (28.948624 41.009156)
5099065446,Aksaray Mangal,41.009076,28.948434,amenity:restaurant,restaurant,,,,POINT (28.948434 41.009076)
5099065447,Tat Köfte,41.00905,28.94834,amenity:restaurant,restaurant,,,,POINT (28.94834 41.00905)
5099065448,Kerim ustanın mutfağı,41.00896,28.948099,amenity:restaurant,restaurant,,,,POINT (28.948099 41.00896)
5099065449,Yıldız Düğün Salonları,41.008954,28.948223,amenity:events_venue,events_venue,,,,POINT (28.948223 41.008954)
5099065452,Hotel Kayışı,41.008907,28.947909,tourism:hotel,,hotel,,,POINT (28.947909 41.008907)
5099065454,Aksaray Pilavcısı,41.008858,28.94776,amenity:fast_food,fast_food,,,,POINT (28.94776 41.008858)
5099065456,Doyum Lokantası,41.008821,28.947629,amenity:restaurant,restaurant,,,,POINT (28.947629 41.008821)
5099065457,LA GARDEN HOTEL,41.008773,28.947478,tourism:hotel,,hotel,,,POINT (28.947478 41.008773)
5099065460,Hotel Nice,41.008691,28.947302,tourism:hotel,,hotel,,,POINT (28.947302 41.008691)
5099065461,Anadolu Üniversitesi Aksaray Konukevi,41.00864,28.947166,amenity:guest_house,guest_house,,,,POINT (28.947166 41.00864)
5099065465,Emek Cafe,41.008473,28.946723,amenity:cafe,cafe,,,,POINT (28.946723 41.008473)
5099065470,Hotel The Ferah,41.008396,28.946432,tourism:hotel,,hotel,,,POINT (28.946432 41.008396)
5099065472,Metin Usta Baklava,41.008253,28.945993,amenity:restaurant,restaurant,,,,POINT (28.945993 41.008253)
5099065477,Tusdata,41.008103,28.945585,amenity:school,school,,,,POINT (28.945585 41.008103)
5099065478,Tustime,41.008028,28.945271,amenity:school,school,,,,POINT (28.945271 41.008028)
5099065483,Ustam Kebap Dünyası,41.007691,28.9441,amenity:restaurant,restaurant,,,,POINT (28.9441 41.007691)
5099065488,Aksaray Sucuk Köfte,41.00755,28.943475,amenity:fast_food,fast_food,,,,POINT (28.943475 41.00755)
5099065489,Batur Eczanesi,41.007542,28.943432,amenity:pharmacy,pharmacy,,,,POINT (28.943432 41.007542)
5099065494,Saraç Büfe,41.007474,28.943209,amenity:fast_food,fast_food,,,,POINT (28.943209 41.007474)
5099065495,Doping Çiğköfte,41.007397,28.94304,amenity:fast_food,fast_food,,,,POINT (28.94304 41.007397)
5099065497,Çıtır pide lahmacun,41.007363,28.942946,amenity:restaurant,restaurant,,,,POINT (28.942946 41.007363)
5099065498,Tarihi Cerrahpaşa Köftecisi Mesut Usta,41.00732,28.94284,amenity:restaurant,restaurant,,,,POINT (28.94284 41.00732)
5099065503,Müslüm Usta Has Urfa 63,41.007206,28.942588,amenity:restaurant,restaurant,,,,POINT (28.942588 41.007206)
5099065506,Extra pilav,41.007127,28.942452,amenity:fast_food,fast_food,,,,POINT (28.942452 41.007127)
5099065509,Hatay İkizler Tatlıcısı,41.007028,28.94228,amenity:restaurant,restaurant,,,,POINT (28.94228 41.007028)
5099065510,Cerrahpaşa Sağlık Eczanesi,41.006973,28.942176,amenity:pharmacy,pharmacy,,,,POINT (28.942176 41.006973)
5099065511,Özgül Börek Salonu,41.006958,28.94213,amenity:restaurant,restaurant,,,,POINT (28.94213 41.006958)
5100116239,Istanbul foreign student affairs,41.013564,28.961331,amenity:university,university,,,,POINT (28.961331 41.013564)
5100117321,Unnamed POI,41.00569,28.978511,amenity:toilets,toilets,,,,POINT (28.978511 41.00569)
5100823670,Özel Topkapı Levon Vartuhyan Ermeni İlkokulu,41.022513,28.927941,amenity:school,school,,,,POINT (28.927941 41.022513)
5100823673,Hat davet salonu,41.021998,28.930652,amenity:events_venue,events_venue,,,,POINT (28.930652 41.021998)
5100823674,Özel Dr. İsmail Niyazi Kurtulmuş Yükseköğretim Erkek Öğrenci Yurdu,41.021108,28.93143,amenity:school,school,,,,POINT (28.93143 41.021108)
5100823680,Kırımlı Çıbörek Bın Yıllık Lezzet,41.020058,28.932103,amenity:restaurant,restaurant,,,,POINT (28.932103 41.020058)
5100823681,Tatlıpınar Cd. Otopark,41.019985,28.932296,amenity:parking,parking,,,,POINT (28.932296 41.019985)
5100823682,Küçük Ev,41.019898,28.932254,amenity:restaurant,restaurant,,,,POINT (28.932254 41.019898)
5100823683,Med Ok Hiperbarik Oksijen Tedavi Merkezi,41.019827,28.932245,amenity:clinic,clinic,,,,POINT (28.932245 41.019827)
5100823685,Büfe Vittamin,41.019698,28.932005,amenity:fast_food,fast_food,,,,POINT (28.932005 41.019698)
5100823688,ETNA EV YEMEKLERI,41.01952,28.93197,amenity:restaurant,restaurant,,,,POINT (28.93197 41.01952)
5100823689,Turkuaz Ev Yemekleri,41.019452,28.932201,amenity:restaurant,restaurant,,,,POINT (28.932201 41.019452)
5100823691,ASRIN PASTANESi,41.019415,28.931988,amenity:restaurant,restaurant,,,,POINT (28.931988 41.019415)
5100823696,Çapa özlem eczanesi,41.01872,28.932085,amenity:pharmacy,pharmacy,,,,POINT (28.932085 41.01872)
5100823705,Efsane Çiğköfte,41.017532,28.93187,amenity:fast_food,fast_food,,,,POINT (28.93187 41.017532)
5100823709,Kılıç kıraathanesi,41.01729,28.931615,amenity:cafe,cafe,,,,POINT (28.931615 41.01729)
5100823713,Şehremini taxi,41.016975,28.931302,amenity:taxi,taxi,,,,POINT (28.931302 41.016975)
5100823714,Ustam Dürüm,41.016958,28.931256,amenity:fast_food,fast_food,,,,POINT (28.931256 41.016958)
5100823715,Şehri destan Cafe,41.01693,28.931141,amenity:cafe,cafe,,,,POINT (28.931141 41.01693)
5100823716,Ferda Börek Salonu,41.016899,28.931175,amenity:restaurant,restaurant,,,,POINT (28.931175 41.016899)
5100825053,Derya Eczanesi,41.018882,28.932984,amenity:pharmacy,pharmacy,,,,POINT (28.932984 41.018882)
5100825054,Dondurmacı Maraş,41.01892,28.93296,amenity:cafe,cafe,,,,POINT (28.93296 41.01892)
5100825057,Seçkin Eczanesi,41.019179,28.932547,amenity:pharmacy,pharmacy,,,,POINT (28.932547 41.019179)
5100825058,Yeni Füsun Eczanesi,41.019256,28.932409,amenity:pharmacy,pharmacy,,,,POINT (28.932409 41.019256)
5100825059,Çağrı köfte ve döner,41.019311,28.932335,amenity:restaurant,restaurant,,,,POINT (28.932335 41.019311)
5100825060,Yeşil Çimen Eczanesi,41.019349,28.932266,amenity:pharmacy,pharmacy,,,,POINT (28.932266 41.019349)
5100825061,Bezmiâlem Vakıf Üniversitesi,41.018214,28.936494,amenity:university,university,,,,POINT (28.936494 41.018214)
5100825062,Kul Sofras,41.020715,28.932884,amenity:restaurant,restaurant,,,,POINT (28.932884 41.020715)
5100825063,Yeni Park Eczanesi,41.020832,28.932619,amenity:pharmacy,pharmacy,,,,POINT (28.932619 41.020832)
5100825066,Natuk Baytan Parkı,41.022634,28.931182,tourism:picnic_site,,picnic_site,,,POINT (28.931182 41.022634)
5100825069,Hotel Surucu,41.021833,28.927236,tourism:hotel,,hotel,,,POINT (28.927236 41.021833)
5100825070,Unnamed POI,41.021952,28.926981,amenity:car_wash,car_wash,,,,POINT (28.926981 41.021952)
5100825071,S. Nigoğayos Ermeni Kilisesi,41.021765,28.926817,amenity:place_of_worship,place_of_worship,,,,POINT (28.926817 41.021765)
5100825072,Saklıbahçe Nargile Cafe,41.021481,28.926959,amenity:cafe,cafe,,,,POINT (28.926959 41.021481)
5100825074,Yılmaz Lokantası,41.021432,28.927219,amenity:restaurant,restaurant,,,,POINT (28.927219 41.021432)
5100825076,Topkapı pub,41.021326,28.927382,amenity:pub,pub,,,,POINT (28.927382 41.021326)
5100825077,Meydan Lokantası,41.021283,28.927441,amenity:restaurant,restaurant,,,,POINT (28.927441 41.021283)
5100825078,Gaziantep Ocakbaşı Topkapı,41.021239,28.927476,amenity:restaurant,restaurant,,,,POINT (28.927476 41.021239)
5100825079,Hotel özvural,41.021207,28.927634,tourism:hotel,,hotel,,,POINT (28.927634 41.021207)
5100825080,Hayat hotel,41.021186,28.927785,tourism:hotel,,hotel,,,POINT (28.927785 41.021186)
5100825083,Topkapı Kaleiçi Parkı,41.020615,28.928644,tourism:picnic_site,,picnic_site,,,POINT (28.928644 41.020615)
5100825091,Doğa Okulları Topkapı Kampüsü,41.020447,28.929793,amenity:school,school,,,,POINT (28.929793 41.020447)
5100825098,Bican Bağcıoğlu Cd. Otopark,41.020662,28.93164,amenity:parking,parking,,,,POINT (28.93164 41.020662)
5103810745,ORUÇBABA TÜRBESİ parkı,41.018214,28.929892,tourism:picnic_site,,picnic_site,,,POINT (28.929892 41.018214)
5103810746,ÖZEL HARİKA BİLGİNLER ANAOKULU,41.018157,28.930801,amenity:kindergarten,kindergarten,,,,POINT (28.930801 41.018157)
5103810747,Sefa Bostanı Parkı,41.019225,28.929672,tourism:picnic_site,,picnic_site,,,POINT (28.929672 41.019225)
5103810748,Seçil eczanesi,41.019472,28.930176,amenity:pharmacy,pharmacy,,,,POINT (28.930176 41.019472)
5103810750,Eczane Topkapı,41.019625,28.929142,amenity:pharmacy,pharmacy,,,,POINT (28.929142 41.019625)
5103810755,Hotel Ozvural,41.020688,28.926672,tourism:hotel,,hotel,,,POINT (28.926672 41.020688)
5103810756,Hotel Golden gate,41.020781,28.926661,tourism:hotel,,hotel,,,POINT (28.926661 41.020781)
5103810757,Hotel Yuvam,41.020762,28.927075,tourism:hotel,,hotel,,,POINT (28.927075 41.020762)
5103810758,Ptt kaleiçi,41.020829,28.926887,amenity:post_office,post_office,,,,POINT (28.926887 41.020829)
5103810762,Hanka,41.020423,28.926551,amenity:fast_food,fast_food,,,,POINT (28.926551 41.020423)
5103810763,Ölçek Temel Lisesi,41.020257,28.926913,amenity:school,school,,,,POINT (28.926913 41.020257)
5103810765,Otel Dünya,41.020194,28.928524,tourism:hotel,,hotel,,,POINT (28.928524 41.020194)
5103810766,Hotel Ruya,41.020246,28.928532,tourism:hotel,,hotel,,,POINT (28.928532 41.020246)
5103810767,Doğruyol Hotel,41.020309,28.928544,tourism:hotel,,hotel,,,POINT (28.928544 41.020309)
5103810768,Otel Pelda,41.020364,28.928555,tourism:hotel,,hotel,,,POINT (28.928555 41.020364)
5103810769,Torun Hotel,41.020465,28.928544,tourism:hotel,,hotel,,,POINT (28.928544 41.020465)
5103810770,Yavuz Hotel,41.020497,28.928367,tourism:hotel,,hotel,,,POINT (28.928367 41.020497)
5103810772,Damak lokantası,41.020202,28.928309,amenity:restaurant,restaurant,,,,POINT (28.928309 41.020202)
5103810773,Damak lokantası,41.020221,28.928315,amenity:restaurant,restaurant,,,,POINT (28.928315 41.020221)
5103810774,Konak Lokantası,41.020275,28.928317,amenity:restaurant,restaurant,,,,POINT (28.928317 41.020275)
5103810775,Huzur Otel,41.020076,28.928498,tourism:hotel,,hotel,,,POINT (28.928498 41.020076)
5103810779,Pamir Otel,41.020141,28.927875,tourism:hotel,,hotel,,,POINT (28.927875 41.020141)
5103810780,Canip Ustanın Yeri,41.020093,28.927885,amenity:restaurant,restaurant,,,,POINT (28.927885 41.020093)
5103810781,Lokanta 53,41.019963,28.927892,amenity:restaurant,restaurant,,,,POINT (28.927892 41.019963)
5103810782,Meva Cafe,41.019837,28.927879,amenity:cafe,cafe,,,,POINT (28.927879 41.019837)
5103810783,Reis Otel,41.019845,28.928456,tourism:hotel,,hotel,,,POINT (28.928456 41.019845)
5103810784,Kebapçı Murat,41.019776,28.927859,amenity:restaurant,restaurant,,,,POINT (28.927859 41.019776)
5103810785,Bereket Döner Topkapı Kaleiçi,41.019768,28.92825,amenity:restaurant,restaurant,,,,POINT (28.92825 41.019768)
5103810786,Tarihi ULUSOY PASTA BÖREKÇİSİ,41.019638,28.928218,amenity:restaurant,restaurant,,,,POINT (28.928218 41.019638)
5103810788,Topkapı Cd. Otoparkı,41.019394,28.928584,amenity:parking,parking,,,,POINT (28.928584 41.019394)
5103810789,Hamidiye Kültür Ve Eğitim Vakfı Topkapı Nusret,41.019625,28.927784,tourism:museum,,museum,,,POINT (28.927784 41.019625)
5103810791,Topkapi Inter Istanbul Hotel,41.019176,28.928263,tourism:hotel,,hotel,,,POINT (28.928263 41.019176)
5103810792,Topkapı Sabena Hotel,41.019058,28.928208,tourism:hotel,,hotel,,,POINT (28.928208 41.019058)
5103810794,Hanna Hotel,41.018879,28.927538,tourism:hotel,,hotel,,,POINT (28.927538 41.018879)
5103810797,Fatih Belediyesi Topkapı Sosyal Tesisleri,41.020583,28.925575,amenity:cafe,cafe,,,,POINT (28.925575 41.020583)
5103810798,Topkapi Cafe,41.019746,28.92573,amenity:cafe,cafe,,,,POINT (28.92573 41.019746)
5103810799,City Wall Hotel,41.019844,28.925793,tourism:hotel,,hotel,,,POINT (28.925793 41.019844)
5103810800,Eresin Hotels - Topkapı,41.019205,28.926442,tourism:hotel,,hotel,,,POINT (28.926442 41.019205)
5103810805,1453 Cafe,41.01777,28.929053,amenity:cafe,cafe,,,,POINT (28.929053 41.01777)
5103810806,HATAY OCAKBAŞI RESTAURANT,41.017625,28.92926,amenity:restaurant,restaurant,,,,POINT (28.92926 41.017625)
5103810811,Durah 3 Aparthotel,41.017381,28.930142,tourism:hotel,,hotel,,,POINT (28.930142 41.017381)
5103810813,Cafe limosa,41.017144,28.930246,amenity:cafe,cafe,,,,POINT (28.930246 41.017144)
5103810815,Ziraat Bankası,41.016917,28.930497,amenity:bank,bank,,,,POINT (28.930497 41.016917)
5103810816,İkinci Adres Restoran Pub,41.016852,28.93064,amenity:restaurant,restaurant,,,,POINT (28.93064 41.016852)
5103810818,Çapa Yolüstü Otopark,41.016757,28.930956,amenity:parking,parking,,,,POINT (28.930956 41.016757)
5104610627,Loor,41.004827,28.965591,amenity:cafe,cafe,,,,POINT (28.965591 41.004827)
5106111905,Elmacıoğlu Döviz,41.009728,28.9548,amenity:bureau_de_change,bureau_de_change,,,,POINT (28.9548 41.009728)
5106111906,Hotel Sorriso,41.009724,28.954877,tourism:hotel,,hotel,,,POINT (28.954877 41.009724)
5106111908,Vakıfbank,41.009712,28.954988,amenity:bank,bank,,,,POINT (28.954988 41.009712)
5106111909,AlBaraka bank,41.009715,28.955043,amenity:bank,bank,,,,POINT (28.955043 41.009715)
5106111911,Uygur Döviz,41.009714,28.955318,amenity:bureau_de_change,bureau_de_change,,,,POINT (28.955318 41.009714)
5106111914,Olgaç Döviz,41.009705,28.957049,amenity:bureau_de_change,bureau_de_change,,,,POINT (28.957049 41.009705)
5106112121,Hotel Mosaic,41.011775,28.95846,tourism:hotel,,hotel,,,POINT (28.95846 41.011775)
5106112123,Unnamed POI,41.012651,28.957948,amenity:pharmacy,pharmacy,,,,POINT (28.957948 41.012651)
5106112124,Grand Hotel Gülsoy,41.012848,28.957404,tourism:hotel,,hotel,,,POINT (28.957404 41.012848)
5106112129,Bulvar Palas Hotel,41.012005,28.9537,tourism:hotel,,hotel,,,POINT (28.9537 41.012005)
5106112130,Denizbank,41.011355,28.953707,amenity:bank,bank,,,,POINT (28.953707 41.011355)
5106112131,Alborz Tur & Kargo,41.011213,28.953703,amenity:post_office,post_office,,,,POINT (28.953703 41.011213)
5106112132,Hadi Kargo,41.010824,28.953674,amenity:post_office,post_office,,,,POINT (28.953674 41.010824)
5106112134,Falay Yavuz Hotel,41.010329,28.953725,tourism:hotel,,hotel,,,POINT (28.953725 41.010329)
5106112135,Iskender Saray,41.010206,28.95371,amenity:fast_food,fast_food,,,,POINT (28.95371 41.010206)
5106112137,Grand Durmaz Hotel,41.010066,28.953699,tourism:hotel,,hotel,,,POINT (28.953699 41.010066)
5106112138,Corner Hotel,41.009939,28.953726,tourism:hotel,,hotel,,,POINT (28.953726 41.009939)
5106118223,Hotel tokyo,41.012005,28.956614,tourism:hotel,,hotel,,,POINT (28.956614 41.012005)
5106118224,Lyon hotel,41.012046,28.956571,tourism:hotel,,hotel,,,POINT (28.956571 41.012046)
5106118225,Tilia hotel,41.012637,28.956962,tourism:hotel,,hotel,,,POINT (28.956962 41.012637)
5106118227,Hamidiye hotel,41.012592,28.957735,tourism:hotel,,hotel,,,POINT (28.957735 41.012592)
5106118230,Carlton hotel,41.012394,28.957177,tourism:hotel,,hotel,,,POINT (28.957177 41.012394)
5106118231,Daphne restaurant,41.012024,28.958001,amenity:restaurant,restaurant,,,,POINT (28.958001 41.012024)
5106118232,Venezia restaurant,41.012094,28.957386,amenity:restaurant,restaurant,,,,POINT (28.957386 41.012094)
5106118233,Beethoven hotel,41.011972,28.957128,tourism:hotel,,hotel,,,POINT (28.957128 41.011972)
5106118234,Grand medya hotel,41.011926,28.957528,tourism:hotel,,hotel,,,POINT (28.957528 41.011926)
5106118237,Diana Restaurant,41.011648,28.957126,amenity:restaurant,restaurant,,,,POINT (28.957126 41.011648)
5106118238,Hotel Grand Washington,41.01142,28.957024,tourism:hotel,,hotel,,,POINT (28.957024 41.01142)
5106118242,Liberty Hotel,41.011609,28.956056,tourism:hotel,,hotel,,,POINT (28.956056 41.011609)
5106118243,Türkiye İş Bankası,41.011459,28.956026,amenity:bank,bank,,,,POINT (28.956026 41.011459)
5106118245,Zagreb Hotel,41.010975,28.95568,tourism:hotel,,hotel,,,POINT (28.95568 41.010975)
5106118247,Hotel yiğitalp,41.011161,28.955914,tourism:hotel,,hotel,,,POINT (28.955914 41.011161)
5106118248,Hotel Hivaş,41.011173,28.956136,tourism:hotel,,hotel,,,POINT (28.956136 41.011173)
5106118251,Elysion Hotel,41.011107,28.956892,tourism:hotel,,hotel,,,POINT (28.956892 41.011107)
5106118254,Hotel erdem,41.010204,28.95479,tourism:hotel,,hotel,,,POINT (28.95479 41.010204)
5106118255,Hotel çağyiğit,41.010201,28.95465,tourism:hotel,,hotel,,,POINT (28.95465 41.010201)
5106118256,Hotel Seren-2,41.010872,28.954639,tourism:hotel,,hotel,,,POINT (28.954639 41.010872)
5106118257,Hotel Kamer,41.011204,28.954425,tourism:hotel,,hotel,,,POINT (28.954425 41.011204)
5106118258,Misa Hotel,41.010963,28.954385,tourism:hotel,,hotel,,,POINT (28.954385 41.010963)
5106118259,Hotel Dowos,41.010661,28.954314,tourism:hotel,,hotel,,,POINT (28.954314 41.010661)
5106118262,Merdan hotel,41.009936,28.954639,tourism:hotel,,hotel,,,POINT (28.954639 41.009936)
5106118263,Hotel Kurban,41.009779,28.95466,tourism:hotel,,hotel,,,POINT (28.95466 41.009779)
5106118264,Hotel Metrolux,41.009814,28.954393,tourism:hotel,,hotel,,,POINT (28.954393 41.009814)
5106118265,TEB,41.00977,28.954262,amenity:bank,bank,,,,POINT (28.954262 41.00977)
5106118266,Sultan Otel,41.010959,28.955318,tourism:hotel,,hotel,,,POINT (28.955318 41.010959)
5106118267,Grand Laleli Hotel,41.011145,28.955637,tourism:hotel,,hotel,,,POINT (28.955637 41.011145)
5106118268,Hotel Büyük Keban,41.011965,28.955573,tourism:hotel,,hotel,,,POINT (28.955573 41.011965)
5106118269,Garanti Bankası,41.011872,28.955927,amenity:bank,bank,,,,POINT (28.955927 41.011872)
5106118270,Hotel Büyük Levent,41.011969,28.955997,tourism:hotel,,hotel,,,POINT (28.955997 41.011969)
5106118271,Beyaz Kuğu Hotel,41.01205,28.956029,tourism:hotel,,hotel,,,POINT (28.956029 41.01205)
5106118272,Hotel Büyük Şehzade,41.012386,28.956184,tourism:hotel,,hotel,,,POINT (28.956184 41.012386)
5106118273,Hotel Büyük Hamit,41.012807,28.956528,tourism:hotel,,hotel,,,POINT (28.956528 41.012807)
5106118274,Danış Cargo,41.01292,28.956142,amenity:post_office,post_office,,,,POINT (28.956142 41.01292)
5106118275,Asil Dış Ticaret,41.012855,28.956099,amenity:post_office,post_office,,,,POINT (28.956099 41.012855)
5106118277,Cengizler Döviz,41.012532,28.956013,amenity:bureau_de_change,bureau_de_change,,,,POINT (28.956013 41.012532)
5106118278,Cevahir Tekstil,41.012353,28.955884,amenity:post_office,post_office,,,,POINT (28.955884 41.012353)
5106118279,Blak Bird Hotel,41.012151,28.955691,tourism:hotel,,hotel,,,POINT (28.955691 41.012151)
5106118280,Hotel seven Alp,41.012548,28.95524,tourism:hotel,,hotel,,,POINT (28.95524 41.012548)
5106118281,Hotel Öncü,41.012603,28.955089,tourism:hotel,,hotel,,,POINT (28.955089 41.012603)
5106118282,History Hotel,41.012378,28.954961,tourism:hotel,,hotel,,,POINT (28.954961 41.012378)
5106118283,Ramada Hotel,41.012356,28.954706,tourism:hotel,,hotel,,,POINT (28.954706 41.012356)
5106118284,Bisetun Hotel,41.012184,28.95486,tourism:hotel,,hotel,,,POINT (28.95486 41.012184)
5106118285,Senator Hotel,41.01205,28.954928,tourism:hotel,,hotel,,,POINT (28.954928 41.01205)
5106118286,Grand Pamir Hotel,41.011795,28.954575,tourism:hotel,,hotel,,,POINT (28.954575 41.011795)
5106118287,Hotel Budo,41.011641,28.954371,tourism:hotel,,hotel,,,POINT (28.954371 41.011641)
5106118288,Mirilayon Hotel,41.011358,28.954613,tourism:hotel,,hotel,,,POINT (28.954613 41.011358)
5106118289,Birbey Hotel,41.011799,28.954157,tourism:hotel,,hotel,,,POINT (28.954157 41.011799)
5106118291,Gaziantep Restaurant,41.011795,28.953819,amenity:restaurant,restaurant,,,,POINT (28.953819 41.011795)
5106118293,Gözde Hotel,41.011001,28.954039,tourism:hotel,,hotel,,,POINT (28.954039 41.011001)
5106118294,Hotel Aksaray,41.011026,28.95391,tourism:hotel,,hotel,,,POINT (28.95391 41.011026)
5106118295,Aspalace Hotel,41.010959,28.954193,tourism:hotel,,hotel,,,POINT (28.954193 41.010959)
5106118296,Alpin Hotel,41.010969,28.954117,tourism:hotel,,hotel,,,POINT (28.954117 41.010969)
5106118298,The Meretto Hotel,41.0107,28.953969,tourism:hotel,,hotel,,,POINT (28.953969 41.0107)
5106118299,Hotel Beyce,41.010509,28.953965,tourism:hotel,,hotel,,,POINT (28.953965 41.010509)
5106118300,Hotel Grand Dilara,41.010504,28.954082,tourism:hotel,,hotel,,,POINT (28.954082 41.010504)
5106118301,Laleli Blue Marmaray Hotel,41.010436,28.954089,tourism:hotel,,hotel,,,POINT (28.954089 41.010436)
5106118302,Ak Hotel,41.010388,28.953986,tourism:hotel,,hotel,,,POINT (28.953986 41.010388)
5106118303,Hotel The Niw,41.010151,28.95399,tourism:hotel,,hotel,,,POINT (28.95399 41.010151)
5106118304,Has Hotel,41.01014,28.954166,tourism:hotel,,hotel,,,POINT (28.954166 41.01014)
5106118306,Denizli Hotel,41.00989,28.954047,tourism:hotel,,hotel,,,POINT (28.954047 41.00989)
5106118308,Western Union,41.009844,28.954045,amenity:money_transfer,money_transfer,,,,POINT (28.954045 41.009844)
5106118310,Gürcan Döviz,41.009798,28.953908,amenity:bureau_de_change,bureau_de_change,,,,POINT (28.953908 41.009798)
5106118311,Parmada Hotel,41.009796,28.953869,tourism:hotel,,hotel,,,POINT (28.953869 41.009796)
5106121842,Yale Cafe,41.016824,28.954338,amenity:cafe,cafe,,,,POINT (28.954338 41.016824)
5106121846,Fatih Akşemsettin Imam Hatip Ortaokulu,41.018303,28.954866,amenity:school,school,,,,POINT (28.954866 41.018303)
5106121848,Tostçu İbrahim,41.017846,28.954284,amenity:restaurant,restaurant,,,,POINT (28.954284 41.017846)
5106121849,Tekbir Pide Lahmacun Salonu,41.017723,28.954177,amenity:restaurant,restaurant,,,,POINT (28.954177 41.017723)
5106121854,Hacielaziz Çiğköfte,41.017337,28.95339,amenity:restaurant,restaurant,,,,POINT (28.95339 41.017337)
5106121855,İtfaiye Daire Başkanlığı Bölge Amirliği,41.016866,28.953298,amenity:fire_station,fire_station,,,,POINT (28.953298 41.016866)
5106121856,Otel Sinan,41.0165,28.952344,tourism:hotel,,hotel,,,POINT (28.952344 41.0165)
5106121857,Hotel Yeşil Park,41.016563,28.952592,tourism:hotel,,hotel,,,POINT (28.952592 41.016563)
5106121858,Fatih Damak Pide,41.016374,28.952488,amenity:restaurant,restaurant,,,,POINT (28.952488 41.016374)
5106121864,Öz Fatih Otopark,41.01751,28.95228,amenity:parking,parking,,,,POINT (28.95228 41.01751)
5106121865,Ens Otopark,41.017402,28.95221,amenity:parking,parking,,,,POINT (28.95221 41.017402)
5106121866,Lezzet Gurme,41.017216,28.952056,amenity:restaurant,restaurant,,,,POINT (28.952056 41.017216)
5106122303,Joury Cafe,41.025058,28.940408,amenity:cafe,cafe,,,,POINT (28.940408 41.025058)
5106122305,Sezin Eczanesi,41.0252,28.939701,amenity:pharmacy,pharmacy,,,,POINT (28.939701 41.0252)
5106122306,Beyrut Restaurant,41.025192,28.93949,amenity:fast_food,fast_food,,,,POINT (28.93949 41.025192)
5106122307,Akşemsettin İlkokulu,41.025082,28.938262,amenity:school,school,,,,POINT (28.938262 41.025082)
5106122947,Salih Usta Çiğköfteci,41.020837,28.952251,amenity:restaurant,restaurant,,,,POINT (28.952251 41.020837)
5106122948,Tarihi Kismet Pidecisi,41.020394,28.951868,amenity:restaurant,restaurant,,,,POINT (28.951868 41.020394)
5106122955,Yeni Şifa Eczanesi,41.01905,28.952733,amenity:pharmacy,pharmacy,,,,POINT (28.952733 41.01905)
5106122958,Tarihi Fatih Murat Pidecisi,41.019081,28.953216,amenity:restaurant,restaurant,,,,POINT (28.953216 41.019081)
5106122966,Jing Ya Tang Restaurant,41.019102,28.957747,amenity:restaurant,restaurant,,,,POINT (28.957747 41.019102)
5106122968,Güven Ocakbaşı,41.017165,28.955764,amenity:restaurant,restaurant,,,,POINT (28.955764 41.017165)
5106122977,Sur Ocakbaşı,41.01729,28.95486,amenity:restaurant,restaurant,,,,POINT (28.95486 41.01729)
5106122981,Bahçıvan 2 Pide Lavaş Fırını,41.016967,28.95543,amenity:restaurant,restaurant,,,,POINT (28.95543 41.016967)
5106122982,Fatih Sur Börekçisi,41.016881,28.955539,amenity:restaurant,restaurant,,,,POINT (28.955539 41.016881)
5106122983,Eczane Gülden,41.016818,28.955629,amenity:pharmacy,pharmacy,,,,POINT (28.955629 41.016818)
5106122984,Paşa Broasted,41.01747,28.953929,amenity:restaurant,restaurant,,,,POINT (28.953929 41.01747)
5106122985,Şefikoğluları Künefe,41.017159,28.954395,amenity:cafe,cafe,,,,POINT (28.954395 41.017159)
5106122987,Güneydoğu Sofrası,41.017148,28.954742,amenity:restaurant,restaurant,,,,POINT (28.954742 41.017148)
5106122988,King Fitness Center,41.016598,28.955293,leisure:fitness_centre,,,,fitness_centre,POINT (28.955293 41.016598)
5106122989,Göktaş Branda,41.016746,28.955371,amenity:restaurant,restaurant,,,,POINT (28.955371 41.016746)
5106122992,Fatih Karadeniz Pidecisi,41.016724,28.952406,amenity:restaurant,restaurant,,,,POINT (28.952406 41.016724)
5106122993,Fatih Çay Evi,41.016597,28.952206,amenity:cafe,cafe,,,,POINT (28.952206 41.016597)
5106122995,Fatih Sultan Mehmet Vakif Uni Rektörlüğü,41.016276,28.953154,amenity:university,university,,,,POINT (28.953154 41.016276)
5106123747,Eczane Petek,41.021355,28.935741,amenity:pharmacy,pharmacy,,,,POINT (28.935741 41.021355)
5106123748,Nefisoğlu Sağlık Merkezi,41.021452,28.935574,amenity:clinic,clinic,,,,POINT (28.935574 41.021452)
5106123752,Köşem Döner,41.022719,28.935778,amenity:fast_food,fast_food,,,,POINT (28.935778 41.022719)
5106123753,Sofalı Çeşme Eczanesi,41.023456,28.935719,amenity:pharmacy,pharmacy,,,,POINT (28.935719 41.023456)
5106123755,Doğan Aras Eczanesi,41.024253,28.936036,amenity:pharmacy,pharmacy,,,,POINT (28.936036 41.024253)
5106123763,Karagümrük Eczanesi,41.025811,28.939887,amenity:pharmacy,pharmacy,,,,POINT (28.939887 41.025811)
5106123765,Akbank,41.025696,28.939997,amenity:atm,atm,,,,POINT (28.939997 41.025696)
5106123766,Ziraat Bankası,41.025645,28.940027,amenity:atm,atm,,,,POINT (28.940027 41.025645)
5106123768,Dodo,41.02534,28.9403,amenity:restaurant,restaurant,,,,POINT (28.9403 41.02534)
5106123770,Ağa Türk Mutfağı,41.025289,28.940343,amenity:restaurant,restaurant,,,,POINT (28.940343 41.025289)
5106123771,Vakıfbank,41.024575,28.94132,amenity:bank,bank,,,,POINT (28.94132 41.024575)
5106123775,Meydan restaurant,41.024302,28.941679,amenity:restaurant,restaurant,,,,POINT (28.941679 41.024302)
5106123796,Akbank,41.022596,28.944157,amenity:bank,bank,,,,POINT (28.944157 41.022596)
5106123803,Gül Evi Restaurant,41.022003,28.944297,amenity:restaurant,restaurant,,,,POINT (28.944297 41.022003)
5106123806,Tabia Restaurant,41.021855,28.944053,amenity:restaurant,restaurant,,,,POINT (28.944053 41.021855)
5106123807,Muhtar Cafe,41.021812,28.943954,amenity:cafe,cafe,,,,POINT (28.943954 41.021812)
5106123810,Akbank,41.021236,28.943007,amenity:atm,atm,,,,POINT (28.943007 41.021236)
5106123811,Köroğlu Et Lokantası,41.021214,28.942964,amenity:restaurant,restaurant,,,,POINT (28.942964 41.021214)
5106123814,Akşemsettin Balık Lokantası,41.02105,28.942674,amenity:restaurant,restaurant,,,,POINT (28.942674 41.02105)
5106123815,Tarihi Özkan Köftecisi,41.020975,28.942561,amenity:restaurant,restaurant,,,,POINT (28.942561 41.020975)
5106123816,Zaitouneh Oğlu,41.020918,28.942452,amenity:cafe,cafe,,,,POINT (28.942452 41.020918)
5106123818,Buuzecedi,41.020833,28.942282,amenity:restaurant,restaurant,,,,POINT (28.942282 41.020833)
5106123820,Hadramot Yemeni Restaurant,41.02053,28.9418,amenity:restaurant,restaurant,,,,POINT (28.9418 41.02053)
5106124123,Happy Chicken,41.020412,28.941585,amenity:restaurant,restaurant,,,,POINT (28.941585 41.020412)
5106124129,Laviola,41.020068,28.940998,amenity:cafe,cafe,,,,POINT (28.940998 41.020068)
5106124132,Merdane Cafe,41.019815,28.94059,amenity:cafe,cafe,,,,POINT (28.94059 41.019815)
5106124133,Hayat Eczanesi,41.019775,28.940485,amenity:pharmacy,pharmacy,,,,POINT (28.940485 41.019775)
5106124134,Mazaj Restaurant,41.019716,28.940421,amenity:restaurant,restaurant,,,,POINT (28.940421 41.019716)
5106124375,Ziraat Bankası,41.01636,28.951716,amenity:bank,bank,,,,POINT (28.951716 41.01636)
5106124377,Zeytindalı Eczanesi,41.016359,28.952443,amenity:pharmacy,pharmacy,,,,POINT (28.952443 41.016359)
5106124378,Dunya Dürüm,41.016245,28.952327,amenity:restaurant,restaurant,,,,POINT (28.952327 41.016245)
5106124379,Merhaba Pastaneleri,41.016132,28.952196,amenity:cafe,cafe,,,,POINT (28.952196 41.016132)
5106125528,Atikali İlkokulu,41.021501,28.939705,amenity:school,school,,,,POINT (28.939705 41.021501)
5106125530,Hırka-i Şerif Aile Sağlığı Merkezi,41.021404,28.938975,amenity:clinic,clinic,,,,POINT (28.938975 41.021404)
5106125532,Ahmet Rasim Anadolu lisesi,41.021173,28.939458,amenity:school,school,,,,POINT (28.939458 41.021173)
5106125535,İstanbul Eczanesi,41.019959,28.939898,amenity:pharmacy,pharmacy,,,,POINT (28.939898 41.019959)
5106125536,Fatih 12 No'lu Aile Sağlığı Merkezi,41.019825,28.940043,amenity:clinic,clinic,,,,POINT (28.940043 41.019825)
5106125537,Ali Emiri Efendi Nikah Salonu,41.019664,28.939822,amenity:events_venue,events_venue,,,,POINT (28.939822 41.019664)
5106127791,Yavuz Selim Ortaokulu,41.02503,28.947845,amenity:school,school,,,,POINT (28.947845 41.02503)
5106127794,Alibaba Döner,41.025931,28.948221,amenity:fast_food,fast_food,,,,POINT (28.948221 41.025931)
5106127795,Baltepe,41.026189,28.948073,amenity:cafe,cafe,,,,POINT (28.948073 41.026189)
5106127797,Kuveyt Türk,41.026405,28.947714,amenity:bank,bank,,,,POINT (28.947714 41.026405)
5106127800,Unnamed POI,41.026504,28.947447,amenity:pharmacy,pharmacy,,,,POINT (28.947447 41.026504)
5106127801,Şanlar Pastneleri,41.026521,28.947424,amenity:restaurant,restaurant,,,,POINT (28.947424 41.026521)
5106127802,Kubbe Yayınevi,41.026538,28.947376,amenity:library,library,,,,POINT (28.947376 41.026538)
5106127803,Yasin yayın evi,41.02656,28.947325,amenity:library,library,,,,POINT (28.947325 41.02656)
5106127804,Muallim neşriyat,41.026632,28.947239,amenity:library,library,,,,POINT (28.947239 41.026632)
5106127807,Tadım Köfte Döner,41.026898,28.946789,amenity:fast_food,fast_food,,,,POINT (28.946789 41.026898)
5106127814,Sultan Kokoreç,41.025178,28.941078,amenity:fast_food,fast_food,,,,POINT (28.941078 41.025178)
5106127817,Yuvam Restaurant,41.024532,28.941993,amenity:restaurant,restaurant,,,,POINT (28.941993 41.024532)
5106127818,Halkbank,41.024229,28.942355,amenity:atm,atm,,,,POINT (28.942355 41.024229)
5106129522,Denizbank,41.024119,28.942564,amenity:atm,atm,,,,POINT (28.942564 41.024119)
5106129531,Rumeli Dondurma,41.023514,28.943414,amenity:restaurant,restaurant,,,,POINT (28.943414 41.023514)
5106131047,Yalçın Eczanesi,41.022812,28.945638,amenity:pharmacy,pharmacy,,,,POINT (28.945638 41.022812)
5106131048,Hacıelaziz çiğköfte,41.022966,28.945895,amenity:fast_food,fast_food,,,,POINT (28.945895 41.022966)
5106131057,Muallim Yahya İlkokulu,41.024338,28.947958,amenity:school,school,,,,POINT (28.947958 41.024338)
5106131068,Tekin Eczanesi,41.026005,28.944157,amenity:pharmacy,pharmacy,,,,POINT (28.944157 41.026005)
5106131073,Fatih Merkez Aile Sağlığı Merkezi,41.025002,28.942296,amenity:clinic,clinic,,,,POINT (28.942296 41.025002)
5106131075,Nişancı Mehmetpaşa İlkokulu,41.024667,28.943826,amenity:school,school,,,,POINT (28.943826 41.024667)
5106131081,Şifa Eczane,41.023887,28.946681,amenity:pharmacy,pharmacy,,,,POINT (28.946681 41.023887)
5106131094,Diş Hekimi Rahmi Köksal,41.022917,28.944951,amenity:dentist,dentist,,,,POINT (28.944951 41.022917)
5106132737,Diver Döner,41.012397,28.938387,amenity:fast_food,fast_food,,,,POINT (28.938387 41.012397)
5106132738,Pelit Eczanesi,41.012426,28.938356,amenity:pharmacy,pharmacy,,,,POINT (28.938356 41.012426)
5106132740,Alşacara Döner,41.01256,28.938124,amenity:fast_food,fast_food,,,,POINT (28.938124 41.01256)
5106132742,Baran Ocakbaşı & Pub,41.012859,28.937692,amenity:pub,pub,,,,POINT (28.937692 41.012859)
5106132743,Cucina Cafe,41.012916,28.937555,amenity:cafe,cafe,,,,POINT (28.937555 41.012916)
5106132744,Gazoz Kapaa Cafe,41.012975,28.937429,amenity:cafe,cafe,,,,POINT (28.937429 41.012975)
5106132745,Ziraat Bankası,41.01304,28.937245,amenity:atm,atm,,,,POINT (28.937245 41.01304)
5106132747,Sniper Coffee,41.013894,28.93555,amenity:cafe,cafe,,,,POINT (28.93555 41.013894)
5106132748,Barısta Cafe,41.013993,28.935348,amenity:cafe,cafe,,,,POINT (28.935348 41.013993)
5106132749,Zurna Dürüm,41.014051,28.935242,amenity:fast_food,fast_food,,,,POINT (28.935242 41.014051)
5106132751,Kahverengi Cafe,41.014151,28.935006,amenity:cafe,cafe,,,,POINT (28.935006 41.014151)
5106132752,2 Lokma,41.014232,28.934838,amenity:restaurant,restaurant,,,,POINT (28.934838 41.014232)
5106132754,Nobel Tıp Kitabevleri,41.014518,28.934283,amenity:library,library,,,,POINT (28.934283 41.014518)
5106132755,Cafe Mor,41.014499,28.934328,amenity:cafe,cafe,,,,POINT (28.934328 41.014499)
5106132756,Mavi Laboratuarlar Grubu - Çapa,41.01455,28.934216,amenity:laboratory,laboratory,,,,POINT (28.934216 41.01455)
5106132758,EMAR-MED,41.014658,28.934015,amenity:clinic,clinic,,,,POINT (28.934015 41.014658)
5106132759,Kültür Temel Lisesi,41.014715,28.933848,amenity:school,school,,,,POINT (28.933848 41.014715)
5106132761,Görgülü Cafe,41.014772,28.933754,amenity:cafe,cafe,,,,POINT (28.933754 41.014772)
5106132762,Bolulu Hasan Usta,41.014833,28.933541,amenity:cafe,cafe,,,,POINT (28.933541 41.014833)
5106132764,Haylazbey Döner,41.014883,28.933353,amenity:fast_food,fast_food,,,,POINT (28.933353 41.014883)
5106132765,Yapı Kredi,41.014984,28.933262,amenity:bank,bank,,,,POINT (28.933262 41.014984)
5106132767,McDonald's,41.015039,28.933163,amenity:fast_food,fast_food,,,,POINT (28.933163 41.015039)
5106132768,Simitçi Kahvesi,41.015116,28.933005,amenity:cafe,cafe,,,,POINT (28.933005 41.015116)
5106132769,Minmix,41.015193,28.932876,amenity:fast_food,fast_food,,,,POINT (28.932876 41.015193)
5106132773,Sebat Eczanesi,41.015367,28.932543,amenity:pharmacy,pharmacy,,,,POINT (28.932543 41.015367)
5106132774,Altınkapı Restaurant,41.015405,28.932471,amenity:restaurant,restaurant,,,,POINT (28.932471 41.015405)
5106132776,Derman Eczanesi,41.015478,28.932294,amenity:pharmacy,pharmacy,,,,POINT (28.932294 41.015478)
5106132777,Burger King,41.015509,28.932246,amenity:fast_food,fast_food,,,,POINT (28.932246 41.015509)
5106132778,Faruk Güllüoğlu,41.01594,28.931379,amenity:cafe,cafe,,,,POINT (28.931379 41.01594)
5106132780,Halkbank,41.016025,28.93118,amenity:atm,atm,,,,POINT (28.93118 41.016025)
5106132781,Simit Sarayı,41.016084,28.931084,amenity:cafe,cafe,,,,POINT (28.931084 41.016084)
5106132782,AlBaraka bank,41.016142,28.930957,amenity:bank,bank,,,,POINT (28.930957 41.016142)
5106132783,Akbank,41.016208,28.930828,amenity:bank,bank,,,,POINT (28.930828 41.016208)
5106132784,Türkiye İş Bankası,41.016257,28.930746,amenity:bank,bank,,,,POINT (28.930746 41.016257)
5106132786,Seyran,41.016348,28.930568,amenity:cafe,cafe,,,,POINT (28.930568 41.016348)
5106132788,Vakıfbank,41.016482,28.930285,amenity:bank,bank,,,,POINT (28.930285 41.016482)
5106133696,Vardar Eczanesi,41.01226,28.935435,amenity:pharmacy,pharmacy,,,,POINT (28.935435 41.01226)
5106133697,Unnamed POI,41.012256,28.935134,amenity:parking,parking,,,,POINT (28.935134 41.012256)
5106133698,Mng Kargo,41.01244,28.934759,amenity:post_office,post_office,,,,POINT (28.934759 41.01244)
5106133706,Cihan Derya Balık,41.012318,28.931671,amenity:restaurant,restaurant,,,,POINT (28.931671 41.012318)
5106133713,Türkiye İş Bankası,41.011402,28.931605,amenity:bank,bank,,,,POINT (28.931605 41.011402)
5106133717,Çapa İlkokulu,41.01156,28.93595,amenity:school,school,,,,POINT (28.93595 41.01156)
5106133718,Afrikano Cafe,41.011579,28.938206,amenity:cafe,cafe,,,,POINT (28.938206 41.011579)
5106133720,Alim Döviz,41.011572,28.938641,amenity:bureau_de_change,bureau_de_change,,,,POINT (28.938641 41.011572)
5106134522,Çağın Eczanesi,41.011396,28.938576,amenity:pharmacy,pharmacy,,,,POINT (28.938576 41.011396)
5106134524,ING,41.011254,28.938507,amenity:atm,atm,,,,POINT (28.938507 41.011254)
5106134525,Özel Üçkök Ağız ve Diş Sağlığı Polikliniği,41.011107,28.938246,amenity:dentist,dentist,,,,POINT (28.938246 41.011107)
5106134528,Power Gym,41.011131,28.934469,leisure:fitness_centre,,,,fitness_centre,POINT (28.934469 41.011131)
5106134530,Liderler Anaokulu,41.01118,28.932055,amenity:kindergarten,kindergarten,,,,POINT (28.932055 41.01118)
5106134538,Alam Tani Tavuk,41.014146,28.927439,amenity:fast_food,fast_food,,,,POINT (28.927439 41.014146)
5106134541,Unnamed POI,41.014652,28.927774,amenity:cafe,cafe,,,,POINT (28.927774 41.014652)
5106134545,Gezgin Kırtasiye,41.015561,28.927166,amenity:library,library,,,,POINT (28.927166 41.015561)
5106135536,Okyanus Eczanesi,41.013989,28.929985,amenity:pharmacy,pharmacy,,,,POINT (28.929985 41.013989)
5106135539,Tad Et & İzgara,41.013082,28.92775,amenity:restaurant,restaurant,,,,POINT (28.92775 41.013082)
5106135544,Yapı Kredi,41.015018,28.929259,amenity:atm,atm,,,,POINT (28.929259 41.015018)
5106135545,Halkbank,41.015034,28.929266,amenity:atm,atm,,,,POINT (28.929266 41.015034)
5106135546,Akbank,41.015,28.929251,amenity:atm,atm,,,,POINT (28.929251 41.015)
5106135548,Denizbank,41.014867,28.929212,amenity:atm,atm,,,,POINT (28.929212 41.014867)
5106135549,Ziraat Bankası,41.014723,28.928579,amenity:atm,atm,,,,POINT (28.928579 41.014723)
5106135558,Check'up,41.015782,28.929875,amenity:fast_food,fast_food,,,,POINT (28.929875 41.015782)
5106135559,Titiz Döner,41.015836,28.929936,amenity:fast_food,fast_food,,,,POINT (28.929936 41.015836)
5106135561,Gül Eczanesi,41.016144,28.930076,amenity:pharmacy,pharmacy,,,,POINT (28.930076 41.016144)
5106135562,Palukçu Restaurant,41.016039,28.930221,amenity:restaurant,restaurant,,,,POINT (28.930221 41.016039)
5106135563,Deniz Eczanesi,41.01611,28.930242,amenity:pharmacy,pharmacy,,,,POINT (28.930242 41.01611)
5106135567,Şan Düğün Salonu,41.016567,28.929982,amenity:events_venue,events_venue,,,,POINT (28.929982 41.016567)
5106523029,Burger King,41.008378,28.969296,amenity:fast_food,fast_food,,,,POINT (28.969296 41.008378)
5106523032,Yapı Kredi,41.004821,28.965133,amenity:atm,atm,,,,POINT (28.965133 41.004821)
5106528627,Isiyaman čig koftecisi,41.004879,28.965341,amenity:cafe,cafe,,,,POINT (28.965341 41.004879)
5107243162,Güleryüz Tekel,41.004221,28.927879,amenity:pub,pub,,,,POINT (28.927879 41.004221)
5107243169,Yalçın Eczane,41.003991,28.928103,amenity:pharmacy,pharmacy,,,,POINT (28.928103 41.003991)
5107243171,Sümbül Efendi Erkek Kuran Kursu,41.004108,28.92782,amenity:school,school,,,,POINT (28.92782 41.004108)
5107243172,Kilis Sofrası,41.004195,28.927743,amenity:restaurant,restaurant,,,,POINT (28.927743 41.004195)
5107243173,Unnamed POI,41.003891,28.92674,amenity:restaurant,restaurant,,,,POINT (28.92674 41.003891)
5107243193,Doğan Kardeşler Börek Salonu,41.004993,28.926779,amenity:restaurant,restaurant,,,,POINT (28.926779 41.004993)
5107243199,Kalin Kırtasiye,41.00522,28.926413,amenity:library,library,,,,POINT (28.926413 41.00522)
5107245367,Ali Usta,41.006558,28.924925,amenity:restaurant,restaurant,,,,POINT (28.924925 41.006558)
5107245369,Silivrikapı Aile Sağlığı Merkezi,41.00352,28.924021,amenity:clinic,clinic,,,,POINT (28.924021 41.00352)
5107245371,Sipahi Oğlu Cafe,41.004895,28.924692,amenity:cafe,cafe,,,,POINT (28.924692 41.004895)
5107245376,Ziraat Bankası,41.006703,28.932699,amenity:atm,atm,,,,POINT (28.932699 41.006703)
5107245377,Halkbank,41.006691,28.932624,amenity:atm,atm,,,,POINT (28.932624 41.006691)
5107245378,Türkiye İş Bankası,41.006696,28.932784,amenity:atm,atm,,,,POINT (28.932784 41.006696)
5107245379,Antekye Döner,41.006726,28.932401,amenity:fast_food,fast_food,,,,POINT (28.932401 41.006726)
5107245380,Yurtiçi Kargo,41.006714,28.932076,amenity:post_office,post_office,,,,POINT (28.932076 41.006714)
5107245381,Meşhur Sarıyer Börekçisi,41.006685,28.931776,amenity:restaurant,restaurant,,,,POINT (28.931776 41.006685)
5107245382,Çeşni Yöresel Gıdalar,41.006711,28.931733,amenity:restaurant,restaurant,,,,POINT (28.931733 41.006711)
5107245384,Şölen Pastaneleri,41.006709,28.931522,amenity:restaurant,restaurant,,,,POINT (28.931522 41.006709)
5107245388,Diş Hekimi Uğur HilalOğlu,41.007184,28.931023,amenity:dentist,dentist,,,,POINT (28.931023 41.007184)
5107245389,Tatlises Çig Kofte,41.007142,28.931034,amenity:fast_food,fast_food,,,,POINT (28.931034 41.007142)
5107245391,Aşikar Cafe,41.007098,28.930566,amenity:cafe,cafe,,,,POINT (28.930566 41.007098)
5107245392,Biffet Bistro,41.007089,28.930453,amenity:fast_food,fast_food,,,,POINT (28.930453 41.007089)
5107245393,Guest Net Cafe,41.007098,28.930348,amenity:cafe,cafe,,,,POINT (28.930348 41.007098)
5107245394,Silivri Kapı Balıkçısı,41.007079,28.930204,amenity:restaurant,restaurant,,,,POINT (28.930204 41.007079)
5107245399,Taşdelen Oto Yıkma,41.006921,28.928158,amenity:car_wash,car_wash,,,,POINT (28.928158 41.006921)
5107245402,Çay Evi,41.006941,28.927568,amenity:cafe,cafe,,,,POINT (28.927568 41.006941)
5107245406,Aydınlar Açık Otoparkı,41.006911,28.926633,amenity:parking,parking,,,,POINT (28.926633 41.006911)
5107245409,Oses Çiğköfte,41.006666,28.925095,amenity:fast_food,fast_food,,,,POINT (28.925095 41.006666)
5107245412,Gaziantep Kilis Kebap ve Lahmacun,41.006686,28.924678,amenity:restaurant,restaurant,,,,POINT (28.924678 41.006686)
5107245414,Cafe Esnaf,41.006636,28.924427,amenity:cafe,cafe,,,,POINT (28.924427 41.006636)
5107245415,Albayrak Kafe,41.00661,28.924246,amenity:cafe,cafe,,,,POINT (28.924246 41.00661)
5107247534,Melis Çay Evi,41.005592,28.930277,amenity:cafe,cafe,,,,POINT (28.930277 41.005592)
5107247538,Paşa Pilavcısı,41.003655,28.930704,amenity:restaurant,restaurant,,,,POINT (28.930704 41.003655)
5107247539,Paşa Sports,41.00377,28.930627,leisure:sports_centre,,,,sports_centre,POINT (28.930627 41.00377)
5107247540,Paşa Özel Sürücü Kursu,41.003827,28.930621,amenity:school,school,,,,POINT (28.930621 41.003827)
5107247542,Kocamustafapaşa Parkı,41.00396,28.930217,tourism:picnic_site,,picnic_site,,,POINT (28.930217 41.00396)
5107247543,Kocamustafapasa Spor Kulubu,41.004108,28.930234,amenity:social_centre,social_centre,,,,POINT (28.930234 41.004108)
5107247556,Vakıfbank,41.004137,28.929573,amenity:atm,atm,,,,POINT (28.929573 41.004137)
5107247558,Özgür Büfe,41.00418,28.929485,amenity:cafe,cafe,,,,POINT (28.929485 41.00418)
5107247563,Senl,41.006262,28.930992,amenity:restaurant,restaurant,,,,POINT (28.930992 41.006262)
5107247565,Kırık Çatal,41.006303,28.931052,amenity:restaurant,restaurant,,,,POINT (28.931052 41.006303)
5107247568,Oto Park,41.006107,28.930636,amenity:parking,parking,,,,POINT (28.930636 41.006107)
5107247575,Meşhur Pilavcı Celal Usta,41.005587,28.92963,amenity:restaurant,restaurant,,,,POINT (28.92963 41.005587)
5107247576,Extreme Body Fitness,41.005402,28.929549,leisure:fitness_centre,,,,fitness_centre,POINT (28.929549 41.005402)
5107247577,Emek Kıraathanesi,41.005386,28.929241,amenity:cafe,cafe,,,,POINT (28.929241 41.005386)
5107247583,Develi Pidecisi,41.004743,28.928382,amenity:restaurant,restaurant,,,,POINT (28.928382 41.004743)
5107247587,Pilavcı Celal Usta,41.004097,28.928408,amenity:restaurant,restaurant,,,,POINT (28.928408 41.004097)
5107247588,Sılam Cafe,41.006957,28.930552,amenity:cafe,cafe,,,,POINT (28.930552 41.006957)
5107247590,Masal Büfe ve Cafe,41.006806,28.930653,amenity:cafe,cafe,,,,POINT (28.930653 41.006806)
5107247591,Semaver Kumpanya Çevre Tiyatrosu,41.006741,28.930409,amenity:theatre,theatre,,,,POINT (28.930409 41.006741)
5107247592,R-Form,41.006729,28.930041,leisure:fitness_centre,,,,fitness_centre,POINT (28.930041 41.006729)
5107247601,Ünsal Eczanesi,41.006916,28.929123,amenity:pharmacy,pharmacy,,,,POINT (28.929123 41.006916)
5107247603,Tuğra Pastanesi,41.006309,28.929118,amenity:cafe,cafe,,,,POINT (28.929118 41.006309)
5107305617,Grand cüneyt otel,41.007221,28.948117,tourism:hotel,,hotel,,,POINT (28.948117 41.007221)
5107305620,As Otopark Yıkama,41.007796,28.947861,amenity:parking,parking,,,,POINT (28.947861 41.007796)
5107305823,Star Ocakbaşı ve Pub,41.008512,28.948954,amenity:restaurant,restaurant,,,,POINT (28.948954 41.008512)
5107305825,Hotel Orkide,41.008747,28.948981,tourism:hotel,,hotel,,,POINT (28.948981 41.008747)
5107305827,Mis Köfte,41.00877,28.948801,amenity:restaurant,restaurant,,,,POINT (28.948801 41.00877)
5107305828,Yıldız Oto Park,41.008869,28.948754,amenity:parking,parking,,,,POINT (28.948754 41.008869)
5107305829,Yıldız Düğün davet,41.008862,28.948526,amenity:events_venue,events_venue,,,,POINT (28.948526 41.008862)
5107305830,Çığır lahmacun,41.008773,28.948706,amenity:restaurant,restaurant,,,,POINT (28.948706 41.008773)
5107305831,Mini cafe,41.00876,28.948502,amenity:cafe,cafe,,,,POINT (28.948502 41.00876)
5107305834,Has Köşk Düğün salonu ALIXAN,41.008504,28.948566,amenity:events_venue,events_venue,,,,POINT (28.948566 41.008504)
5107305838,Hotel Diva,41.008043,28.948649,tourism:hotel,,hotel,,,POINT (28.948649 41.008043)
5107305840,Huzur Uygur Mufatğı,41.007843,28.948773,amenity:restaurant,restaurant,,,,POINT (28.948773 41.007843)
5107305842,Oto yıkama,41.00721,28.948433,amenity:car_wash,car_wash,,,,POINT (28.948433 41.00721)
5107305843,Kebabçım,41.007187,28.948695,amenity:restaurant,restaurant,,,,POINT (28.948695 41.007187)
5107305847,Cafe Mari,41.007422,28.949361,amenity:cafe,cafe,,,,POINT (28.949361 41.007422)
5107305848,Büyük Günaydın Kelle Paça Salonu,41.007422,28.949225,amenity:restaurant,restaurant,,,,POINT (28.949225 41.007422)
5107305850,Hotelium,41.007676,28.949194,tourism:hotel,,hotel,,,POINT (28.949194 41.007676)
5107305851,Sinem Otel,41.007689,28.949384,tourism:hotel,,hotel,,,POINT (28.949384 41.007689)
5107305855,Örün Hotel,41.007841,28.949216,tourism:hotel,,hotel,,,POINT (28.949216 41.007841)
5107305856,Hotel Best Ömer,41.007893,28.9492,tourism:hotel,,hotel,,,POINT (28.9492 41.007893)
5107305858,Simer Hotel,41.007946,28.949398,tourism:hotel,,hotel,,,POINT (28.949398 41.007946)
5107305859,Cafe Bistmal,41.008007,28.94939,amenity:cafe,cafe,,,,POINT (28.94939 41.008007)
5107305862,Vera Cafe,41.00835,28.949383,amenity:cafe,cafe,,,,POINT (28.949383 41.00835)
5107305870,Sams arap yemekleri,41.008853,28.949334,amenity:restaurant,restaurant,,,,POINT (28.949334 41.008853)
5107305871,Upt money transfer,41.008886,28.949321,amenity:money_transfer,money_transfer,,,,POINT (28.949321 41.008886)
5107305878,Mirkelami Menemenci,41.009019,28.949739,amenity:cafe,cafe,,,,POINT (28.949739 41.009019)
5107305880,Birinci Apartman Misafirhane,41.008785,28.949726,tourism:motel,,motel,,,POINT (28.949726 41.008785)
5107305881,Tea House,41.008529,28.949775,amenity:cafe,cafe,,,,POINT (28.949775 41.008529)
5107305884,Hotel Pamir,41.008336,28.949939,tourism:hotel,,hotel,,,POINT (28.949939 41.008336)
5107305886,Hotel Saray,41.00822,28.949697,tourism:hotel,,hotel,,,POINT (28.949697 41.00822)
5107305887,Divan Antep,41.00822,28.949612,amenity:restaurant,restaurant,,,,POINT (28.949612 41.00822)
5107305888,ARİZONA PUB,41.008337,28.949712,amenity:pub,pub,,,,POINT (28.949712 41.008337)
5107305890,Ana yurt lokantası,41.008216,28.949498,amenity:restaurant,restaurant,,,,POINT (28.949498 41.008216)
5107305891,Umut Pub,41.008207,28.9494,amenity:pub,pub,,,,POINT (28.9494 41.008207)
5107305895,Yunus Hotel,41.008214,28.949182,tourism:hotel,,hotel,,,POINT (28.949182 41.008214)
5107305896,Gaziantepli,41.008212,28.949243,amenity:restaurant,restaurant,,,,POINT (28.949243 41.008212)
5107305897,Dostlar Çay Evi,41.008203,28.949104,amenity:cafe,cafe,,,,POINT (28.949104 41.008203)
5107305898,Daylight Hotel,41.00819,28.948839,tourism:hotel,,hotel,,,POINT (28.948839 41.00819)
5107305900,Köşem Çay Evi,41.008198,28.948648,amenity:cafe,cafe,,,,POINT (28.948648 41.008198)
5107305902,Rainbow Club,41.008208,28.948304,amenity:bar,bar,,,,POINT (28.948304 41.008208)
5107305903,Dua Cafe,41.008369,28.948222,amenity:cafe,cafe,,,,POINT (28.948222 41.008369)
5108308861,Serra Eczanesi,41.021028,28.953619,amenity:pharmacy,pharmacy,,,,POINT (28.953619 41.021028)
5108308872,Çırçır Eczanesi,41.019692,28.9551,amenity:pharmacy,pharmacy,,,,POINT (28.9551 41.019692)
5108308874,Zeyrek Kitabevi Demir Sahaf,41.020278,28.956021,amenity:library,library,,,,POINT (28.956021 41.020278)
5108308875,Fatih Çitir Pide,41.01939,28.95508,amenity:restaurant,restaurant,,,,POINT (28.95508 41.01939)
5108803127,Unnamed POI,41.011527,28.978202,amenity:waste_disposal,waste_disposal,,,,POINT (28.978202 41.011527)
5108806124,Unnamed POI,41.007927,28.975245,historic:memorial,,,memorial,,POINT (28.975245 41.007927)
5108827980,Urfalım Kebap,41.014509,28.976186,amenity:restaurant,restaurant,,,,POINT (28.976186 41.014509)
5108827981,Şirin Köfte Kebap Döner Salonu,41.014635,28.976302,amenity:restaurant,restaurant,,,,POINT (28.976302 41.014635)
5108827983,Gar Börekcisi,41.014532,28.97638,amenity:cafe,cafe,,,,POINT (28.97638 41.014532)
5108827984,Glamour Nargile ve Cafe,41.014522,28.976407,amenity:cafe,cafe,,,,POINT (28.976407 41.014522)
5108827985,Bonos Cafe Restoran,41.014507,28.976361,amenity:restaurant,restaurant,,,,POINT (28.976361 41.014507)
5108827986,Glamour Hotel,41.014494,28.976418,tourism:hotel,,hotel,,,POINT (28.976418 41.014494)
5108827987,Sirkeci Gar Eczanesi,41.014444,28.976337,amenity:pharmacy,pharmacy,,,,POINT (28.976337 41.014444)
5108827988,Onbaşılar Dürümcü,41.014387,28.976453,amenity:restaurant,restaurant,,,,POINT (28.976453 41.014387)
5108827990,Class Rest ve Pide Salonu,41.014281,28.976333,amenity:restaurant,restaurant,,,,POINT (28.976333 41.014281)
5108827991,Septimum,41.014515,28.976784,tourism:hotel,,hotel,,,POINT (28.976784 41.014515)
5108827992,Şanlı Dürüm,41.014433,28.976771,amenity:fast_food,fast_food,,,,POINT (28.976771 41.014433)
5108827993,Sirkeci Mansion Hotel,41.012899,28.978575,tourism:hotel,,hotel,,,POINT (28.978575 41.012899)
5108827994,Neyzade Restaurant,41.012798,28.978428,amenity:restaurant,restaurant,,,,POINT (28.978428 41.012798)
5108827996,Hotel Ottoman Luxury,41.012656,28.978278,tourism:hotel,,hotel,,,POINT (28.978278 41.012656)
5108827997,Blu Kitchen,41.012614,28.978131,amenity:restaurant,restaurant,,,,POINT (28.978131 41.012614)
5108828001,Hotel Black Tulip,41.012795,28.97818,tourism:hotel,,hotel,,,POINT (28.97818 41.012795)
5108828002,KNOW TRAVEL and HOSTEL,41.012771,28.978023,tourism:hostel,,hostel,,,POINT (28.978023 41.012771)
5108828003,Akbank,41.012806,28.977983,amenity:atm,atm,,,,POINT (28.977983 41.012806)
5108828004,Landini Traktörleri Türkiye Distribütörü,41.012896,28.978126,amenity:car_rental,car_rental,,,,POINT (28.978126 41.012896)
5108828005,Capadocia Restaurant,41.012965,28.977916,amenity:restaurant,restaurant,,,,POINT (28.977916 41.012965)
5108828006,Lions Rug and kilims Art Gallery,41.012871,28.977892,tourism:museum,,museum,,,POINT (28.977892 41.012871)
5108828008,Harmony Hostel,41.013315,28.977653,tourism:hotel,,hotel,,,POINT (28.977653 41.013315)
5108828009,İlkay Hotel Istanbul,41.013414,28.977517,tourism:hotel,,hotel,,,POINT (28.977517 41.013414)
5108828010,Orient Express Hotel,41.013305,28.977604,tourism:hotel,,hotel,,,POINT (28.977604 41.013305)
5108828011,Lalahan Hotel,41.013369,28.977593,tourism:hotel,,hotel,,,POINT (28.977593 41.013369)
5108828012,MoneyGram,41.013389,28.977552,amenity:money_transfer,money_transfer,,,,POINT (28.977552 41.013389)
5108828013,Red River Pub,41.013484,28.977452,amenity:restaurant,restaurant,,,,POINT (28.977452 41.013484)
5108828014,Ana Sofrası,41.013712,28.977509,amenity:restaurant,restaurant,,,,POINT (28.977509 41.013712)
5108828019,HOTEL ŞAMİL,41.013963,28.977014,tourism:hotel,,hotel,,,POINT (28.977014 41.013963)
5108828621,Mandy Resturant,41.014106,28.977012,amenity:restaurant,restaurant,,,,POINT (28.977012 41.014106)
5108828623,Maywood,41.014048,28.977518,tourism:hotel,,hotel,,,POINT (28.977518 41.014048)
5108828624,Trabzon Lokantası,41.013959,28.977709,amenity:restaurant,restaurant,,,,POINT (28.977709 41.013959)
5108828626,Can Restaurant ve Cafe,41.01392,28.977935,amenity:cafe,cafe,,,,POINT (28.977935 41.01392)
5108828627,Yeni Hotel,41.013981,28.978006,tourism:hotel,,hotel,,,POINT (28.978006 41.013981)
5108828628,DoubleTree by Hilton Hotel Istanbul - Sirkeci,41.013455,28.978263,tourism:hotel,,hotel,,,POINT (28.978263 41.013455)
5108828629,Кафе Стамбул,41.013405,28.978358,amenity:cafe,cafe,,,,POINT (28.978358 41.013405)
5108828630,Şöhret Köftecisi,41.013458,28.978252,amenity:restaurant,restaurant,,,,POINT (28.978252 41.013458)
5108828631,Ney Ocakbaşı,41.013778,28.978378,amenity:restaurant,restaurant,,,,POINT (28.978378 41.013778)
5108828633,Gülhane Park Hotel,41.013849,28.978659,tourism:hotel,,hotel,,,POINT (28.978659 41.013849)
5108828634,Hotel Amara Old City,41.014104,28.978109,tourism:hotel,,hotel,,,POINT (28.978109 41.014104)
5108828635,Diamond Royal Hotel,41.014151,28.977902,tourism:hotel,,hotel,,,POINT (28.977902 41.014151)
5108828637,Mng Kargo - Nöbethane,41.014286,28.976917,amenity:post_office,post_office,,,,POINT (28.976917 41.014286)
5108828638,Cafe De More,41.014214,28.977404,amenity:cafe,cafe,,,,POINT (28.977404 41.014214)
5108828640,Bosphorus Old City Hotel,41.014242,28.977652,tourism:hotel,,hotel,,,POINT (28.977652 41.014242)
5108828641,Esen Hotel Sirekeci,41.014582,28.976978,tourism:hotel,,hotel,,,POINT (28.976978 41.014582)
5108828642,Elanaz,41.014537,28.976957,tourism:hotel,,hotel,,,POINT (28.976957 41.014537)
5108828643,Mr. Bird,41.014472,28.976933,tourism:hotel,,hotel,,,POINT (28.976933 41.014472)
5108828644,Sultan Hotel,41.014365,28.976927,tourism:hotel,,hotel,,,POINT (28.976927 41.014365)
5108828645,Galata Fish & Kebab Restaurant,41.014329,28.976851,amenity:restaurant,restaurant,,,,POINT (28.976851 41.014329)
5108828646,Villa Sweet Hotel,41.014263,28.977048,tourism:hotel,,hotel,,,POINT (28.977048 41.014263)
5108828647,Domino's,41.014272,28.976982,amenity:fast_food,fast_food,,,,POINT (28.976982 41.014272)
5108828648,Best Town Hotel,41.014249,28.977095,tourism:hotel,,hotel,,,POINT (28.977095 41.014249)
5108828650,Hotel Fahri,41.014237,28.977211,tourism:hotel,,hotel,,,POINT (28.977211 41.014237)
5108828651,Hotel Akçınar,41.014229,28.977329,tourism:hotel,,hotel,,,POINT (28.977329 41.014229)
5108828652,Hotel Hürriyet,41.014379,28.977215,tourism:hotel,,hotel,,,POINT (28.977215 41.014379)
5108828653,Sirkeci Restaurant,41.014485,28.977122,amenity:restaurant,restaurant,,,,POINT (28.977122 41.014485)
5108828654,Sagalasos Cafe İstanbul,41.014505,28.977278,amenity:cafe,cafe,,,,POINT (28.977278 41.014505)
5108828657,Askoç,41.014549,28.978021,tourism:hotel,,hotel,,,POINT (28.978021 41.014549)
5108828659,Barbera Boutique Hotel,41.01449,28.978225,tourism:hotel,,hotel,,,POINT (28.978225 41.01449)
5108828662,Old City Garden Restaurant,41.014177,28.978425,amenity:restaurant,restaurant,,,,POINT (28.978425 41.014177)
5108828663,Dream Bosphorus,41.014724,28.979149,tourism:hotel,,hotel,,,POINT (28.979149 41.014724)
5108828664,Hotel Emek,41.014545,28.978962,tourism:hotel,,hotel,,,POINT (28.978962 41.014545)
5108828665,Golden Horn Istanbul,41.014674,28.978953,tourism:hotel,,hotel,,,POINT (28.978953 41.014674)
5108828666,Tayahatun Hotel,41.014086,28.979134,tourism:hotel,,hotel,,,POINT (28.979134 41.014086)
5108828667,Bosphorus Family Old City Hotel,41.014195,28.979156,tourism:hotel,,hotel,,,POINT (28.979156 41.014195)
5108828668,Sur Pansıyon ve Host,41.014293,28.979132,tourism:hostel,,hostel,,,POINT (28.979132 41.014293)
5108828669,Sayeban Gold,41.014602,28.979146,tourism:hotel,,hotel,,,POINT (28.979146 41.014602)
5108828670,Sirkeci Polis Merkezi,41.014743,28.979264,amenity:police,police,,,,POINT (28.979264 41.014743)
5108828671,Meg Hotel,41.01477,28.979367,tourism:hotel,,hotel,,,POINT (28.979367 41.01477)
5108828672,II. Abdülhamit Çeşmesi,41.01478,28.979041,tourism:attraction,,attraction,,,POINT (28.979041 41.01478)
5108828674,Özel Uzay,41.015703,28.984421,amenity:kindergarten,kindergarten,,,,POINT (28.984421 41.015703)
5108828680,İstanbul Demiryolu Müzesi,41.015199,28.976683,tourism:museum,,museum,,,POINT (28.976683 41.015199)
5108828683,Köfteci Yusuf,41.016539,28.979147,amenity:restaurant,restaurant,,,,POINT (28.979147 41.016539)
5108828689,Sarayburnu Manzarası,41.017543,28.985746,tourism:viewpoint,,viewpoint,,,POINT (28.985746 41.017543)
5108828690,Sarayburnu Aile Çay Bahçesi,41.017568,28.985708,amenity:cafe,cafe,,,,POINT (28.985708 41.017568)
5108836340,Yasmak Comfort,41.012328,28.97784,tourism:hotel,,hotel,,,POINT (28.97784 41.012328)
5108836341,Olimpiyat Hotel,41.012373,28.977896,tourism:hotel,,hotel,,,POINT (28.977896 41.012373)
5108836342,Sirkeci Ersu Hotel,41.012436,28.977994,tourism:hotel,,hotel,,,POINT (28.977994 41.012436)
5108836343,Neda Hotel İstanbul,41.012569,28.978116,tourism:hotel,,hotel,,,POINT (28.978116 41.012569)
5108836344,Hasan Ünsi Hazreti Tekkesi,41.01235,28.978183,amenity:place_of_worship,place_of_worship,,,,POINT (28.978183 41.01235)
5108836350,Terrace Restaurant,41.011959,28.977975,amenity:restaurant,restaurant,,,,POINT (28.977975 41.011959)
5108836351,Amisos Hotel,41.012072,28.978108,tourism:hotel,,hotel,,,POINT (28.978108 41.012072)
5108836352,Pamphylia Hotel,41.012134,28.977894,tourism:hotel,,hotel,,,POINT (28.977894 41.012134)
5108836353,Hypnos Design Hotel Istanbul,41.012223,28.977757,tourism:hotel,,hotel,,,POINT (28.977757 41.012223)
5108836355,Sude Konak Hotel,41.012463,28.977401,tourism:hotel,,hotel,,,POINT (28.977401 41.012463)
5108836356,Raymond Hotel,41.012502,28.977339,tourism:hotel,,hotel,,,POINT (28.977339 41.012502)
5108836358,Hotel Yaşmak Sultan,41.012365,28.97759,tourism:hotel,,hotel,,,POINT (28.97759 41.012365)
5108836359,Olive Anatolian Restaurant,41.012468,28.977799,amenity:restaurant,restaurant,,,,POINT (28.977799 41.012468)
5108836360,Sultan Spa and Wellness Center,41.012376,28.977568,tourism:attraction,,attraction,,,POINT (28.977568 41.012376)
5108836362,Romance İstanbul Hotel,41.012661,28.977981,tourism:hotel,,hotel,,,POINT (28.977981 41.012661)
5108836363,Hotel Yasmak,41.012542,28.977705,amenity:cafe,cafe,,,,POINT (28.977705 41.012542)
5108836364,Hotel Sultania,41.01264,28.977555,tourism:hotel,,hotel,,,POINT (28.977555 41.01264)
5108836365,New Hatay Restaurant,41.012747,28.977623,amenity:restaurant,restaurant,,,,POINT (28.977623 41.012747)
5108836366,Dejavu Restaurant and Bar,41.012803,28.977686,amenity:restaurant,restaurant,,,,POINT (28.977686 41.012803)
5108836371,Best Western Empire Palace,41.012916,28.977672,tourism:hotel,,hotel,,,POINT (28.977672 41.012916)
5108836372,Hotel Empire Palace,41.012912,28.977647,tourism:hotel,,hotel,,,POINT (28.977647 41.012912)
5108836373,Gülhane Corner Hotel,41.013365,28.977276,tourism:hotel,,hotel,,,POINT (28.977276 41.013365)
5108836374,Best Nobel Hotel Sirkeci,41.013226,28.977086,tourism:hotel,,hotel,,,POINT (28.977086 41.013226)
5108836375,Enjoy Pub Restaurant,41.013263,28.977008,amenity:restaurant,restaurant,,,,POINT (28.977008 41.013263)
5108836376,Sirkeci Park Hotel İstanbul,41.012747,28.976863,tourism:hotel,,hotel,,,POINT (28.976863 41.012747)
5108836377,Raymond Hotel,41.01261,28.977005,tourism:hotel,,hotel,,,POINT (28.977005 41.01261)
5108836379,Bistro Chef,41.012596,28.97743,amenity:restaurant,restaurant,,,,POINT (28.97743 41.012596)
5108836380,Hotel Gülhane,41.012798,28.977525,tourism:hotel,,hotel,,,POINT (28.977525 41.012798)
5108836381,Le Petit Palace Hotel,41.013132,28.977027,tourism:hotel,,hotel,,,POINT (28.977027 41.013132)
5108836382,Hotel Evsen,41.012883,28.977172,tourism:hotel,,hotel,,,POINT (28.977172 41.012883)
5108836385,Raymond Cafe and Restaurant,41.012922,28.977126,amenity:restaurant,restaurant,,,,POINT (28.977126 41.012922)
5108836387,Konak Apart Hotel,41.013063,28.977123,tourism:hotel,,hotel,,,POINT (28.977123 41.013063)
5108836389,Salute Pub and Restaurant,41.013053,28.976944,amenity:restaurant,restaurant,,,,POINT (28.976944 41.013053)
5108836390,Agan Hotel Sirkeci,41.012997,28.976699,tourism:hotel,,hotel,,,POINT (28.976699 41.012997)
5108836391,Golden Horn Hotel,41.012971,28.976592,tourism:hotel,,hotel,,,POINT (28.976592 41.012971)
5108836392,Enes İbrahim,41.013404,28.976344,amenity:restaurant,restaurant,,,,POINT (28.976344 41.013404)
5108836393,Viva Deluxe Hotel,41.013327,28.976493,tourism:hotel,,hotel,,,POINT (28.976493 41.013327)
5108836394,Erbil Hotel,41.013328,28.976504,tourism:hotel,,hotel,,,POINT (28.976504 41.013328)
5108836395,Asur Hotel,41.01333,28.976512,tourism:hotel,,hotel,,,POINT (28.976512 41.01333)
5108836396,Hotel Centrum İstanbul,41.013232,28.976912,tourism:hotel,,hotel,,,POINT (28.976912 41.013232)
5108836397,Haman Sauna Otel,41.013135,28.976924,amenity:motel,motel,,,,POINT (28.976924 41.013135)
5108836398,Just inn Hotel,41.013384,28.977086,tourism:hotel,,hotel,,,POINT (28.977086 41.013384)
5108836399,Flower Palace Hotel,41.013413,28.977123,tourism:hotel,,hotel,,,POINT (28.977123 41.013413)
5108836400,Brako Hotel,41.013735,28.976972,tourism:hotel,,hotel,,,POINT (28.976972 41.013735)
5108836401,Seres Hotel,41.01363,28.977001,tourism:hotel,,hotel,,,POINT (28.977001 41.01363)
5108836403,Neorion Hotel,41.013609,28.976534,tourism:hotel,,hotel,,,POINT (28.976534 41.013609)
5108836404,Old City Viva Hotel,41.0139,28.976652,tourism:hotel,,hotel,,,POINT (28.976652 41.0139)
5108836405,Turvan Hotel,41.01377,28.976139,tourism:hotel,,hotel,,,POINT (28.976139 41.01377)
5108836406,Balkan Lokantası,41.013836,28.975932,amenity:restaurant,restaurant,,,,POINT (28.975932 41.013836)
5108836407,Can Oba Restaurant,41.013817,28.975767,amenity:restaurant,restaurant,,,,POINT (28.975767 41.013817)
5108836408,İPEK PALAS HOTEL,41.013568,28.976212,tourism:hotel,,hotel,,,POINT (28.976212 41.013568)
5108836414,Turgut,41.013611,28.975528,amenity:restaurant,restaurant,,,,POINT (28.975528 41.013611)
5108836417,Kasap Osman,41.013858,28.975358,amenity:restaurant,restaurant,,,,POINT (28.975358 41.013858)
5108836418,Duran Nargile Cafe,41.014071,28.975355,amenity:cafe,cafe,,,,POINT (28.975355 41.014071)
5108837421,Taşkent Danışmanlık Turizm Ticaret,41.013503,28.975295,tourism:information,,information,,,POINT (28.975295 41.013503)
5108837422,Osmanlı Büfe,41.013584,28.975158,amenity:fast_food,fast_food,,,,POINT (28.975158 41.013584)
5108837423,tantunabi,41.013781,28.975111,amenity:restaurant,restaurant,,,,POINT (28.975111 41.013781)
5108837424,Elif Büfe,41.013728,28.975183,amenity:restaurant,restaurant,,,,POINT (28.975183 41.013728)
5108837425,Pınar Ünsoy Eczanesi,41.013811,28.975106,amenity:pharmacy,pharmacy,,,,POINT (28.975106 41.013811)
5108837427,Tan Vakti,41.013759,28.97515,amenity:cafe,cafe,,,,POINT (28.97515 41.013759)
5108837430,Şehzade Cağ Kebap,41.014019,28.975269,amenity:restaurant,restaurant,,,,POINT (28.975269 41.014019)
5108837431,Meşhur Filibe Köftecisi,41.014099,28.97527,amenity:restaurant,restaurant,,,,POINT (28.97527 41.014099)
5108837432,Denizbank,41.014275,28.975358,amenity:bank,bank,,,,POINT (28.975358 41.014275)
5108837434,Eurostars Hotel Old City,41.014413,28.975467,tourism:hotel,,hotel,,,POINT (28.975467 41.014413)
5108837436,Hodjapasta,41.014271,28.975689,tourism:museum,,museum,,,POINT (28.975689 41.014271)
5108837437,Hodjapasha,41.014184,28.975652,amenity:theatre,theatre,,,,POINT (28.975652 41.014184)
5108837438,Tasciri Spettacolo,41.014044,28.975613,tourism:museum,,museum,,,POINT (28.975613 41.014044)
5108837439,Namlı Rumeli Köftecisi,41.014025,28.975501,amenity:restaurant,restaurant,,,,POINT (28.975501 41.014025)
5108837440,Hocapaşa Pidecisi,41.013976,28.975606,amenity:restaurant,restaurant,,,,POINT (28.975606 41.013976)
5108837441,APA OTOPARK,41.014053,28.976475,amenity:parking,parking,,,,POINT (28.976475 41.014053)
5108837442,Sembol Döviz,41.014204,28.97651,amenity:bureau_de_change,bureau_de_change,,,,POINT (28.97651 41.014204)
5108837443,Birlik Büfe,41.014214,28.97647,amenity:fast_food,fast_food,,,,POINT (28.97647 41.014214)
5108837444,GAR PUB Cafe & Restaurant,41.014283,28.976358,amenity:restaurant,restaurant,,,,POINT (28.976358 41.014283)
5108837453,Nea Suites Old City,41.014417,28.976021,tourism:hotel,,hotel,,,POINT (28.976021 41.014417)
5108837455,Fasuli,41.014493,28.975598,amenity:restaurant,restaurant,,,,POINT (28.975598 41.014493)
5108838355,Oma Ofis,41.013265,28.97499,amenity:library,library,,,,POINT (28.97499 41.013265)
5108838356,İstanbul Çağdaş Okul / Hasan KARADENİZ,41.013325,28.97467,amenity:school,school,,,,POINT (28.97467 41.013325)
5108838360,Morpa Kültür Yayınları,41.012829,28.975145,amenity:library,library,,,,POINT (28.975145 41.012829)
5108838362,T.C. Kültür Ve Turizm Bakanlığı Kitap Satış Mağazası,41.012777,28.975203,amenity:library,library,,,,POINT (28.975203 41.012777)
5108838364,YAPA ANAOKULLARI MERKEZ,41.012238,28.975379,amenity:school,school,,,,POINT (28.975379 41.012238)
5108838366,Vakıfbank,41.011445,28.976608,amenity:atm,atm,,,,POINT (28.976608 41.011445)
5108838368,Paşa Kapısı,41.011143,28.977982,tourism:attraction,,attraction,,,POINT (28.977982 41.011143)
5108838369,Denizbank,41.011672,28.97813,amenity:atm,atm,,,,POINT (28.97813 41.011672)
5108838370,Akbank,41.011712,28.978171,amenity:atm,atm,,,,POINT (28.978171 41.011712)
5108838373,Sirkeci Aile Sağlığı Merkezi,41.012293,28.977455,amenity:clinic,clinic,,,,POINT (28.977455 41.012293)
5108838375,Duran,41.012481,28.97702,amenity:restaurant,restaurant,,,,POINT (28.97702 41.012481)
5108838376,Eczane Ataman,41.012548,28.976949,amenity:pharmacy,pharmacy,,,,POINT (28.976949 41.012548)
5108838380,Second Home Hostel,41.012906,28.976292,tourism:hostel,,hostel,,,POINT (28.976292 41.012906)
5108838381,Viva Royal Hotel,41.013035,28.975903,tourism:hotel,,hotel,,,POINT (28.975903 41.013035)
5108838382,Levni Hotel and Spa,41.013117,28.975891,tourism:hotel,,hotel,,,POINT (28.975891 41.013117)
5108838391,Meserret Oteli,41.013541,28.974969,tourism:hotel,,hotel,,,POINT (28.974969 41.013541)
5108838392,Fibabanka,41.013572,28.975001,amenity:bank,bank,,,,POINT (28.975001 41.013572)
5108843030,Tan Otel,41.00873,28.975294,tourism:hotel,,hotel,,,POINT (28.975294 41.00873)
5108843032,Karadeniz Restaurant,41.008461,28.975276,amenity:restaurant,restaurant,,,,POINT (28.975276 41.008461)
5108843033,Arsenal Cafe and Restaurant,41.008448,28.975426,amenity:restaurant,restaurant,,,,POINT (28.975426 41.008448)
5108843034,Arsenal Hotel,41.008388,28.975489,tourism:hotel,,hotel,,,POINT (28.975489 41.008388)
5108843035,Sultan Ahmet Hamami,41.008406,28.975568,leisure:turkish_bath,public_bath,,,turkish_bath,POINT (28.975568 41.008406)
5108843036,Blue Bath,41.008362,28.975568,leisure:turkish_bath,public_bath,,,turkish_bath,POINT (28.975568 41.008362)
5108843037,ESRA SULTAN PETROL HOTEL,41.008233,28.975549,tourism:hotel,,hotel,,,POINT (28.975549 41.008233)
5108843038,Vakıfbank,41.008144,28.975526,amenity:atm,atm,,,,POINT (28.975526 41.008144)
5108843039,Türkiye İş Bankası,41.008166,28.975541,amenity:atm,atm,,,,POINT (28.975541 41.008166)
5108843040,Denizbank,41.008135,28.975581,amenity:atm,atm,,,,POINT (28.975581 41.008135)
5108843043,Arkent Doviz,41.008184,28.975777,amenity:bureau_de_change,bureau_de_change,,,,POINT (28.975777 41.008184)
5108843045,Eczane Ayasofya,41.008169,28.97592,amenity:pharmacy,pharmacy,,,,POINT (28.97592 41.008169)
5108843046,Sultanahmet Halkin Koftecisi,41.008152,28.975884,amenity:restaurant,restaurant,,,,POINT (28.975884 41.008152)
5108843047,Mado,41.008109,28.976025,amenity:cafe,cafe,,,,POINT (28.976025 41.008109)
5108843048,Firuz Aga Restaurant,41.008121,28.976083,amenity:restaurant,restaurant,,,,POINT (28.976083 41.008121)
5108843050,Change Office,41.008091,28.976154,amenity:bureau_de_change,bureau_de_change,,,,POINT (28.976154 41.008091)
5108843051,Semazen Cafe and Restaurant,41.00813,28.976276,amenity:restaurant,restaurant,,,,POINT (28.976276 41.00813)
5108843052,Hotel Million Old City,41.008285,28.976103,tourism:hotel,,hotel,,,POINT (28.976103 41.008285)
5108843053,Cantas Yayinlari,41.00825,28.976102,amenity:library,library,,,,POINT (28.976102 41.00825)
5108843054,Istanbul Hotels Nomade,41.008323,28.976126,tourism:hotel,,hotel,,,POINT (28.976126 41.008323)
5108843055,The Ambassador Hotel,41.008395,28.975885,tourism:hotel,,hotel,,,POINT (28.975885 41.008395)
5108843057,Nar Steak ve Doner Kebab Restaurant,41.008453,28.976103,amenity:restaurant,restaurant,,,,POINT (28.976103 41.008453)
5108843058,Harabbe Cafe,41.008438,28.976192,amenity:cafe,cafe,,,,POINT (28.976192 41.008438)
5108843059,Khorasani Restaurant,41.008548,28.976074,amenity:restaurant,restaurant,,,,POINT (28.976074 41.008548)
5108843060,Semazen Restaurant,41.008662,28.975982,amenity:restaurant,restaurant,,,,POINT (28.975982 41.008662)
5108843061,Sura Design Hotel and Suites,41.008612,28.97592,tourism:hotel,,hotel,,,POINT (28.97592 41.008612)
5108843062,Sura Restaurant,41.008721,28.975864,amenity:restaurant,restaurant,,,,POINT (28.975864 41.008721)
5108843063,N Terrace Restaurant,41.008709,28.975889,amenity:restaurant,restaurant,,,,POINT (28.975889 41.008709)
5108843065,Enjoyer cafe correcto Restaurant,41.008965,28.975571,amenity:restaurant,restaurant,,,,POINT (28.975571 41.008965)
5108843071,Istiklal Hostel New,41.00934,28.976007,tourism:hostel,,hostel,,,POINT (28.976007 41.00934)
5108843072,Yücer Han Çay Ocağı,41.00914,28.975704,amenity:cafe,cafe,,,,POINT (28.975704 41.00914)
5108843074,Deraliye Ottoman Cuisine Restaurant,41.008843,28.97591,amenity:restaurant,restaurant,,,,POINT (28.97591 41.008843)
5108843075,Sura Hagia Sophia Hotel and Spa,41.00872,28.976178,tourism:hotel,,hotel,,,POINT (28.976178 41.00872)
5108843076,NAR restaurant,41.008591,28.976109,amenity:restaurant,restaurant,,,,POINT (28.976109 41.008591)
5108843077,Buyulu Fener Yayinlari,41.008468,28.976364,amenity:library,library,,,,POINT (28.976364 41.008468)
5108843078,Million Restaurant,41.008329,28.97629,amenity:restaurant,restaurant,,,,POINT (28.97629 41.008329)
5108843079,Mozaik Cafe and Restaurant,41.008272,28.976392,amenity:restaurant,restaurant,,,,POINT (28.976392 41.008272)
5108843080,Rumeli Cafe Restaurant,41.00831,28.976387,amenity:restaurant,restaurant,,,,POINT (28.976387 41.00831)
5108843081,Kucuk Ev Cafe and Restaurant,41.008268,28.976493,amenity:restaurant,restaurant,,,,POINT (28.976493 41.008268)
5108843082,Fazilet Nesriyat,41.008292,28.976736,amenity:library,library,,,,POINT (28.976736 41.008292)
5108843083,Masal Restaurant,41.008336,28.976902,amenity:restaurant,restaurant,,,,POINT (28.976902 41.008336)
5108843087,Ares Hotel Sultanahmet,41.008295,28.977239,tourism:hotel,,hotel,,,POINT (28.977239 41.008295)
5108843088,Bodrum Cafe and Restaurant,41.008222,28.977313,amenity:restaurant,restaurant,,,,POINT (28.977313 41.008222)
5108843089,Dubb Indian Restaurant,41.008186,28.977124,amenity:restaurant,restaurant,,,,POINT (28.977124 41.008186)
5108843090,Fuego Restaurant,41.008211,28.976941,amenity:restaurant,restaurant,,,,POINT (28.976941 41.008211)
5108843091,The Terrace Restaurant,41.008144,28.976446,amenity:restaurant,restaurant,,,,POINT (28.976446 41.008144)
5108843096,Cevri Hatun Sıbyan Mektebi,41.008027,28.976588,amenity:library,library,,,,POINT (28.976588 41.008027)
5108843097,Hafız Mustafa Edebiyat Kıraathanesi,41.008045,28.976584,amenity:cafe,cafe,,,,POINT (28.976584 41.008045)
5108843098,Cevri Kalfa Çeşmesi,41.008002,28.976769,tourism:attraction,,attraction,,,POINT (28.976769 41.008002)
5108843100,Star Holiday Hotel,41.007999,28.976988,tourism:hotel,,hotel,,,POINT (28.976988 41.007999)
5108843101,Can Restoran,41.008009,28.976892,amenity:restaurant,restaurant,,,,POINT (28.976892 41.008009)
5108843102,Hafız Mustafa,41.007983,28.976908,amenity:restaurant,restaurant,,,,POINT (28.976908 41.007983)
5108843103,Pudding Shop Lale Restaurant,41.008025,28.977039,amenity:restaurant,restaurant,,,,POINT (28.977039 41.008025)
5108843104,Meşhur Sultanahmet Köftecisi,41.008008,28.977162,amenity:restaurant,restaurant,,,,POINT (28.977162 41.008008)
5108843105,Sultan Restoran,41.007992,28.977228,amenity:restaurant,restaurant,,,,POINT (28.977228 41.007992)
5108843109,Hacı Beşir Ağa Çeşmesi,41.00827,28.977987,tourism:attraction,,attraction,,,POINT (28.977987 41.00827)
5108843111,Gallery Les Arts Turcs,41.008306,28.977289,amenity:gallery,gallery,,,,POINT (28.977289 41.008306)
5108843112,Palmiye Cafe,41.008484,28.977518,amenity:cafe,cafe,,,,POINT (28.977518 41.008484)
5108843113,Omar Cafe and Restaurant,41.008451,28.977629,amenity:restaurant,restaurant,,,,POINT (28.977629 41.008451)
5108843115,Altin Kupa Restaurant,41.008587,28.977736,amenity:restaurant,restaurant,,,,POINT (28.977736 41.008587)
5108843119,DHL Express,41.008567,28.977599,amenity:post_office,post_office,,,,POINT (28.977599 41.008567)
5108843336,Mr cook Cafe Restaurant,41.010724,28.974852,amenity:restaurant,restaurant,,,,POINT (28.974852 41.010724)
5108843337,Sunlife Oldcity,41.010674,28.974839,tourism:hotel,,hotel,,,POINT (28.974839 41.010674)
5108843338,BİLGEOĞUZ YAYINLARI,41.010659,28.974776,amenity:library,library,,,,POINT (28.974776 41.010659)
5108843339,Yenigün Gazetesi,41.010581,28.974836,amenity:social_facility,social_facility,,,,POINT (28.974836 41.010581)
5108843342,Hazal Börek Salonu,41.010417,28.974817,amenity:restaurant,restaurant,,,,POINT (28.974817 41.010417)
5108843343,Bilgin Eczanesi,41.010414,28.974773,amenity:pharmacy,pharmacy,,,,POINT (28.974773 41.010414)
5108843345,HSBC,41.010417,28.974618,amenity:atm,atm,,,,POINT (28.974618 41.010417)
5108843347,Türkiye İş Bankası,41.010411,28.974386,amenity:atm,atm,,,,POINT (28.974386 41.010411)
5108843351,Ziya Dürüm Evi,41.010717,28.974597,amenity:restaurant,restaurant,,,,POINT (28.974597 41.010717)
5108843352,Garanti Bankası,41.010753,28.974594,amenity:atm,atm,,,,POINT (28.974594 41.010753)
5108843355,Ziraat Bankası,41.011023,28.974933,amenity:atm,atm,,,,POINT (28.974933 41.011023)
5108843356,Sürat Kargo,41.010795,28.97518,amenity:post_office,post_office,,,,POINT (28.97518 41.010795)
5108843361,Sultanahmet Fish House,41.010318,28.975821,amenity:restaurant,restaurant,,,,POINT (28.975821 41.010318)
5108843362,Albatros Hagia Sofia,41.010269,28.975941,tourism:hotel,,hotel,,,POINT (28.975941 41.010269)
5108843364,Damla Yayınevi,41.010067,28.97619,amenity:library,library,,,,POINT (28.97619 41.010067)
5108843365,Arden Park Hotel,41.010025,28.976272,tourism:hotel,,hotel,,,POINT (28.976272 41.010025)
5108843366,Otağ Kırtasiye,41.009985,28.976329,amenity:library,library,,,,POINT (28.976329 41.009985)
5108843367,Arden Cıty Hotel,41.009992,28.976416,tourism:hotel,,hotel,,,POINT (28.976416 41.009992)
5108843368,Kitap Nehri,41.009933,28.976436,amenity:library,library,,,,POINT (28.976436 41.009933)
5108843369,Arden Teras,41.009899,28.976423,amenity:restaurant,restaurant,,,,POINT (28.976423 41.009899)
5108843371,Garanti Bankası,41.011444,28.976428,amenity:atm,atm,,,,POINT (28.976428 41.011444)
5108843374,Tekin Yayinevi,41.01153,28.975363,amenity:library,library,,,,POINT (28.975363 41.01153)
5108843379,Cagaloglu Hamam Cafeterya,41.010518,28.975867,amenity:cafe,cafe,,,,POINT (28.975867 41.010518)
5108843381,Agora Life Hotel,41.010575,28.976106,tourism:hotel,,hotel,,,POINT (28.976106 41.010575)
5108843383,Günaydın Otopark,41.010113,28.976916,amenity:parking,parking,,,,POINT (28.976916 41.010113)
5108843384,Tnt Kargo,41.01001,28.976688,amenity:post_office,post_office,,,,POINT (28.976688 41.01001)
5108843385,TİMAŞ yayınları,41.010024,28.976783,amenity:library,library,,,,POINT (28.976783 41.010024)
5108843387,Kosk Kebap Durum Evi,41.010544,28.977158,amenity:restaurant,restaurant,,,,POINT (28.977158 41.010544)
5108843389,Özgün Çay Evi,41.010664,28.977166,amenity:cafe,cafe,,,,POINT (28.977166 41.010664)
5108843512,Bentley Hotel,41.008334,28.973548,tourism:hotel,,hotel,,,POINT (28.973548 41.008334)
5108843514,Esthetic Hair Turkey,41.00849,28.973592,amenity:clinic,clinic,,,,POINT (28.973592 41.00849)
5108843516,Arife Sultan Hotel,41.008618,28.973727,tourism:hotel,,hotel,,,POINT (28.973727 41.008618)
5108843518,Sırevi Restaurant,41.008602,28.973983,amenity:restaurant,restaurant,,,,POINT (28.973983 41.008602)
5108843519,Sultan Saray,41.008633,28.974259,amenity:restaurant,restaurant,,,,POINT (28.974259 41.008633)
5108843522,Özel Ayasofya Yüksek Öğrenim Erkek Öğrenci Yurdu,41.008523,28.977103,tourism:hostel,,hostel,,,POINT (28.977103 41.008523)
5108843523,The Million Stone Hotel,41.008677,28.97723,tourism:hotel,,hotel,,,POINT (28.97723 41.008677)
5108843525,House of Medusa,41.008764,28.977221,amenity:restaurant,restaurant,,,,POINT (28.977221 41.008764)
5108843526,Sahre Et Kebap Restaurant,41.008991,28.977271,amenity:restaurant,restaurant,,,,POINT (28.977271 41.008991)
5108843528,Hagia Sophia Hotel İstanbul Old City,41.009153,28.976984,tourism:hotel,,hotel,,,POINT (28.976984 41.009153)
5108843529,Sultanahmet Hotel Han,41.009288,28.976898,tourism:hotel,,hotel,,,POINT (28.976898 41.009288)
5108843530,Kybele Restaurant,41.009328,28.976827,amenity:restaurant,restaurant,,,,POINT (28.976827 41.009328)
5108843531,Kybele Hotel,41.009341,28.976848,tourism:hotel,,hotel,,,POINT (28.976848 41.009341)
5108843532,Mayas Corner Cafe,41.009418,28.976742,amenity:cafe,cafe,,,,POINT (28.976742 41.009418)
5108843533,Istanbul Queen Apart Hotel,41.00949,28.976638,tourism:hotel,,hotel,,,POINT (28.976638 41.00949)
5108843536,Adamar Hotel,41.009653,28.97639,tourism:hotel,,hotel,,,POINT (28.97639 41.009653)
5108843538,The Istanbul Hotel,41.009629,28.976516,tourism:hotel,,hotel,,,POINT (28.976516 41.009629)
5108843539,Limon Cafe,41.009746,28.97655,amenity:cafe,cafe,,,,POINT (28.97655 41.009746)
5108843540,Sule Yayinlari,41.009808,28.976533,amenity:library,library,,,,POINT (28.976533 41.009808)
5108843541,Merial Hotel,41.009914,28.976662,tourism:hotel,,hotel,,,POINT (28.976662 41.009914)
5108843542,Hotel Istanbul Inn,41.009943,28.976857,tourism:hotel,,hotel,,,POINT (28.976857 41.009943)
5108843543,Dosso Dossi Hotels,41.010008,28.97687,tourism:hotel,,hotel,,,POINT (28.97687 41.010008)
5108843544,Hotel Aquarium,41.010174,28.977016,tourism:hotel,,hotel,,,POINT (28.977016 41.010174)
5108843545,Bon Hotel,41.01011,28.977174,tourism:hotel,,hotel,,,POINT (28.977174 41.01011)
5108843547,Istanbul Violet Apartment,41.009913,28.97734,tourism:hotel,,hotel,,,POINT (28.97734 41.009913)
5108843548,Anadolu Hotel Istanbul,41.009788,28.977468,tourism:hotel,,hotel,,,POINT (28.977468 41.009788)
5108843552,Yerebatan Basıin Semt Polikliniği,41.009566,28.977314,amenity:clinic,clinic,,,,POINT (28.977314 41.009566)
5108843553,Celal Sultan Hotel,41.009476,28.976875,tourism:hotel,,hotel,,,POINT (28.976875 41.009476)
5108843554,Spor Oto Park,41.009439,28.977032,amenity:parking,parking,,,,POINT (28.977032 41.009439)
5108843556,360 Panorama Cihannuma Restaurant,41.009146,28.977554,amenity:restaurant,restaurant,,,,POINT (28.977554 41.009146)
5108843557,The And Hotel,41.009117,28.977507,tourism:hotel,,hotel,,,POINT (28.977507 41.009117)
5108843559,Denizbank,41.008872,28.977443,amenity:atm,atm,,,,POINT (28.977443 41.008872)
5108843560,Boterra,41.008905,28.977397,amenity:restaurant,restaurant,,,,POINT (28.977397 41.008905)
5108843562,Barbeku House,41.008607,28.977714,amenity:restaurant,restaurant,,,,POINT (28.977714 41.008607)
5108843565,Alemdar Restaurant and Cafe,41.009462,28.978236,amenity:restaurant,restaurant,,,,POINT (28.978236 41.009462)
5108843569,İstanbul Üniversitesi Siyasal Bilgiler Fakültesi,41.010771,28.97795,amenity:university,university,,,,POINT (28.97795 41.010771)
5108843572,Efezade Restaurant Cafe Turkish Delight,41.009588,28.978553,amenity:restaurant,restaurant,,,,POINT (28.978553 41.009588)
5108843575,Otopark Divanyolu Petrol Ltd. Şti.,41.009798,28.978475,amenity:parking,parking,,,,POINT (28.978475 41.009798)
5108843576,Unnamed POI,41.009911,28.977833,amenity:parking,parking,,,,POINT (28.977833 41.009911)
5108843578,Modern Sultan,41.010177,28.977798,tourism:hotel,,hotel,,,POINT (28.977798 41.010177)
5108843579,Cheers Hostel,41.010194,28.977769,tourism:hostel,,hostel,,,POINT (28.977769 41.010194)
5108843580,Cağaloğlu,41.01034,28.977377,amenity:library,library,,,,POINT (28.977377 41.01034)
5108843582,Edun büfe,41.010436,28.977311,amenity:restaurant,restaurant,,,,POINT (28.977311 41.010436)
5108843583,Beka Yayincilik,41.010444,28.977343,amenity:library,library,,,,POINT (28.977343 41.010444)
5108843585,Gulhane Suites,41.010352,28.978403,tourism:hotel,,hotel,,,POINT (28.978403 41.010352)
5108843586,El Pescador RESTAURANT,41.010408,28.978304,amenity:restaurant,restaurant,,,,POINT (28.978304 41.010408)
5108843587,Minel Hotel,41.01036,28.978154,tourism:hotel,,hotel,,,POINT (28.978154 41.01036)
5108843588,The Print House,41.010488,28.977901,tourism:hotel,,hotel,,,POINT (28.977901 41.010488)
5108843589,Le Safran Suite,41.01054,28.977811,tourism:hotel,,hotel,,,POINT (28.977811 41.01054)
5108843590,Kucukoglu barbecue restaurant,41.010552,28.977476,amenity:restaurant,restaurant,,,,POINT (28.977476 41.010552)
5108843591,Zumrut Basim Yayin,41.010631,28.977565,amenity:library,library,,,,POINT (28.977565 41.010631)
5108843593,Ziya Sark Sofrasi,41.010786,28.97753,amenity:restaurant,restaurant,,,,POINT (28.97753 41.010786)
5108843722,Anatolian House Cafe,41.008467,28.973879,amenity:cafe,cafe,,,,POINT (28.973879 41.008467)
5108843725,Amedros Cafe and Restaurant,41.008349,28.973886,amenity:restaurant,restaurant,,,,POINT (28.973886 41.008349)
5108843726,Faros Hotel Old City,41.008401,28.973775,tourism:hotel,,hotel,,,POINT (28.973775 41.008401)
5108843727,Faros Restaurant Cafe,41.008354,28.973734,amenity:restaurant,restaurant,,,,POINT (28.973734 41.008354)
5108843728,Starbucks,41.008334,28.973752,amenity:cafe,cafe,,,,POINT (28.973752 41.008334)
5108843730,Ali Usta,41.008288,28.97412,amenity:restaurant,restaurant,,,,POINT (28.97412 41.008288)
5108843732,cozy pizza pide,41.008377,28.974321,amenity:restaurant,restaurant,,,,POINT (28.974321 41.008377)
5108843733,Kenger Home Made,41.008504,28.974365,amenity:restaurant,restaurant,,,,POINT (28.974365 41.008504)
5108843734,Old City Hostel,41.00857,28.97436,tourism:hotel,,hotel,,,POINT (28.97436 41.00857)
5108843735,Aldem Hotel,41.008749,28.974712,tourism:hotel,,hotel,,,POINT (28.974712 41.008749)
5108843736,Ayasultan Hotel,41.00873,28.974806,tourism:hotel,,hotel,,,POINT (28.974806 41.00873)
5108843737,Mvt Yayıncılık Kitabevi,41.008798,28.974944,amenity:library,library,,,,POINT (28.974944 41.008798)
5108843738,Antusa Palace Hotel,41.008762,28.975056,tourism:hotel,,hotel,,,POINT (28.975056 41.008762)
5108843739,Anthemis Hotel,41.008637,28.975264,tourism:hotel,,hotel,,,POINT (28.975264 41.008637)
5108843741,KitapStore.com,41.008536,28.975077,amenity:library,library,,,,POINT (28.975077 41.008536)
5108843742,Bilge Kitap Kulubu,41.008608,28.974867,amenity:social_centre,social_centre,,,,POINT (28.974867 41.008608)
5108843743,Sultan Saray Cafe Restaurant,41.008639,28.974588,amenity:restaurant,restaurant,,,,POINT (28.974588 41.008639)
5108843745,Atlantis Hotel,41.008496,28.974737,tourism:hotel,,hotel,,,POINT (28.974737 41.008496)
5108843746,Karadeniz kardeşler pide kebab salonu,41.008502,28.9746,amenity:restaurant,restaurant,,,,POINT (28.9746 41.008502)
5108843747,Aras Cafe Restaurant,41.008469,28.974493,amenity:restaurant,restaurant,,,,POINT (28.974493 41.008469)
5108843748,Zamos Cafe and Restaurant,41.008412,28.974453,amenity:restaurant,restaurant,,,,POINT (28.974453 41.008412)
5108843750,Çağatay Döviz A. Ş.,41.008273,28.974639,amenity:bureau_de_change,bureau_de_change,,,,POINT (28.974639 41.008273)
5108843754,Baran 2 Restoran,41.008226,28.974863,amenity:restaurant,restaurant,,,,POINT (28.974863 41.008226)
5108843755,Cafe Grande,41.008219,28.974988,amenity:cafe,cafe,,,,POINT (28.974988 41.008219)
5108843757,Dostlar Çay Evi,41.008392,28.974864,amenity:cafe,cafe,,,,POINT (28.974864 41.008392)
5108843758,Akdeniz Hotel,41.0084,28.974988,tourism:hotel,,hotel,,,POINT (28.974988 41.0084)
5108843759,Karadeniz Aile Pide and Kebab Restaurant,41.008442,28.974963,amenity:restaurant,restaurant,,,,POINT (28.974963 41.008442)
5108843763,Alaturka Cuisine Cafe and Restaurant,41.008304,28.975406,amenity:restaurant,restaurant,,,,POINT (28.975406 41.008304)
5108843956,Can Yayinlari,41.009395,28.975185,amenity:library,library,,,,POINT (28.975185 41.009395)
5108843959,Orhan Büfe,41.009607,28.974973,amenity:fast_food,fast_food,,,,POINT (28.974973 41.009607)
5108843960,Ana Kitabevi,41.009666,28.975175,amenity:library,library,,,,POINT (28.975175 41.009666)
5108843962,Miniature Hotel Istanbul,41.009979,28.975117,tourism:hotel,,hotel,,,POINT (28.975117 41.009979)
5108843964,Der Kitabevi Yayin Dagitim,41.010129,28.975107,amenity:library,library,,,,POINT (28.975107 41.010129)
5108843965,Rain Apart Hotel,41.010113,28.974861,tourism:hotel,,hotel,,,POINT (28.974861 41.010113)
5108843968,DEGIRMENCIOGLU,41.009756,28.974905,amenity:motorcycle_parking,motorcycle_parking,,,,POINT (28.974905 41.009756)
5108843969,Akraba Köfteci,41.009757,28.974789,amenity:restaurant,restaurant,,,,POINT (28.974789 41.009757)
5108843971,Ateş Büfe,41.009741,28.974652,amenity:restaurant,restaurant,,,,POINT (28.974652 41.009741)
5108843972,Kastaş Yayınevi,41.009715,28.974623,amenity:library,library,,,,POINT (28.974623 41.009715)
5108843975,Kardesler Resteurant,41.009891,28.974401,amenity:restaurant,restaurant,,,,POINT (28.974401 41.009891)
5108843976,Kofteci Ramiz,41.009723,28.974314,amenity:restaurant,restaurant,,,,POINT (28.974314 41.009723)
5108843977,Halkbank,41.009752,28.974082,amenity:bank,bank,,,,POINT (28.974082 41.009752)
5108843982,Bilge Kültür Sanat,41.010275,28.974606,amenity:library,library,,,,POINT (28.974606 41.010275)
5108843986,Sefa Restaurant,41.010239,28.974796,amenity:restaurant,restaurant,,,,POINT (28.974796 41.010239)
5108843989,Buhara Ocakbaşı Restaurant,41.01031,28.975093,amenity:restaurant,restaurant,,,,POINT (28.975093 41.01031)
5108843990,El Amed Terrace Restaurant,41.010307,28.975225,amenity:restaurant,restaurant,,,,POINT (28.975225 41.010307)
5108843997,İl Sağlık Müdürlüğü Ek Hizmet Binası,41.010107,28.975788,amenity:doctors,doctors,,,,POINT (28.975788 41.010107)
5108843998,Hudut Ve Sahiller Sağlık Genel Müdürlüğü,41.010043,28.975909,amenity:doctors,doctors,,,,POINT (28.975909 41.010043)
5108843999,İstanbul Gemi adamları Sağlık Merkezi Tabipliği,41.010013,28.975946,amenity:doctors,doctors,,,,POINT (28.975946 41.010013)
5108844004,Ayasofya Kebap House,41.00969,28.9761,amenity:restaurant,restaurant,,,,POINT (28.9761 41.00969)
5108844006,Caprichos Hediyelik Eşya,41.009603,28.976012,amenity:library,library,,,,POINT (28.976012 41.009603)
5108844007,Pinar Yayinlari,41.009513,28.975869,amenity:library,library,,,,POINT (28.975869 41.009513)
5108844008,Uysal Yayınevi,41.009467,28.975808,amenity:library,library,,,,POINT (28.975808 41.009467)
5108844009,Guraba Yayinevi,41.009491,28.975849,amenity:library,library,,,,POINT (28.975849 41.009491)
5108844010,Sultan ahmet köftecisi turşu depo,41.009407,28.975875,amenity:restaurant,restaurant,,,,POINT (28.975875 41.009407)
5108844011,Sultanahmet köftecisi depo,41.00935,28.975792,amenity:restaurant,restaurant,,,,POINT (28.975792 41.00935)
5108844012,White House Hotel Istanbul,41.009296,28.975663,tourism:hotel,,hotel,,,POINT (28.975663 41.009296)
5108844014,Old Mile Suites,41.009282,28.975458,tourism:hotel,,hotel,,,POINT (28.975458 41.009282)
5108844015,Unnamed POI,41.009152,28.975488,amenity:fast_food,fast_food,,,,POINT (28.975488 41.009152)
5108844016,Yarenler Cafe and Restaurant,41.00911,28.97545,amenity:restaurant,restaurant,,,,POINT (28.97545 41.00911)
5108844017,Lekker,41.009088,28.975371,amenity:restaurant,restaurant,,,,POINT (28.975371 41.009088)
5108844019,Aybar Hotel,41.009174,28.974282,tourism:hotel,,hotel,,,POINT (28.974282 41.009174)
5108844423,Değirmencioğlu,41.0095,28.974363,amenity:restaurant,restaurant,,,,POINT (28.974363 41.0095)
5108844426,Nowy Efendi Hotel,41.009341,28.974572,tourism:hotel,,hotel,,,POINT (28.974572 41.009341)
5108844428,İstanbul Mesleki ve Teknik Anadolu Lisesi,41.009214,28.974782,amenity:school,school,,,,POINT (28.974782 41.009214)
5108844429,Edibe Sultan Hotel,41.00912,28.974557,tourism:hotel,,hotel,,,POINT (28.974557 41.00912)
5108844433,Subrosa Hotel,41.008869,28.974125,tourism:hotel,,hotel,,,POINT (28.974125 41.008869)
5108844434,Station Hostel 34,41.008944,28.974124,tourism:hotel,,hotel,,,POINT (28.974124 41.008944)
5108844436,Great Fortune Hotel,41.009086,28.974082,tourism:hotel,,hotel,,,POINT (28.974082 41.009086)
5108844439,Posta Newspaper Publisher,41.009616,28.974088,amenity:social_facility,social_facility,,,,POINT (28.974088 41.009616)
5108844440,Kofteci Ramiz,41.0096,28.973932,amenity:restaurant,restaurant,,,,POINT (28.973932 41.0096)
5108844441,Halkbank,41.009542,28.973901,amenity:bank,bank,,,,POINT (28.973901 41.009542)
5108844452,New Asian Restaurant,41.008786,28.97368,amenity:restaurant,restaurant,,,,POINT (28.97368 41.008786)
5108874525,Sedef Büfe,41.008126,28.973825,amenity:cafe,cafe,,,,POINT (28.973825 41.008126)
5109654664,Fit Life,41.013165,28.934856,leisure:fitness_centre,,,,fitness_centre,POINT (28.934856 41.013165)
5109654665,Yetkin Eczanesi,41.013396,28.933874,amenity:pharmacy,pharmacy,,,,POINT (28.933874 41.013396)
5109654667,Gazi İmam Hatip Ortaokulu,41.013004,28.933857,amenity:school,school,,,,POINT (28.933857 41.013004)
5109654671,Üçler Urfa Kebab Salonu,41.012736,28.931626,amenity:restaurant,restaurant,,,,POINT (28.931626 41.012736)
5109654672,Sezen Cafe,41.012843,28.93172,amenity:cafe,cafe,,,,POINT (28.93172 41.012843)
5109654676,Papeti Cafe,41.013181,28.932321,amenity:cafe,cafe,,,,POINT (28.932321 41.013181)
5109654679,PizzaAra,41.013628,28.932412,amenity:fast_food,fast_food,,,,POINT (28.932412 41.013628)
5109654680,Kardeşler Yemek,41.013754,28.93253,amenity:restaurant,restaurant,,,,POINT (28.93253 41.013754)
5109654681,Çapa Dürüm Kebab,41.013758,28.932804,amenity:restaurant,restaurant,,,,POINT (28.932804 41.013758)
5109654683,Domino's,41.013947,28.93296,amenity:fast_food,fast_food,,,,POINT (28.93296 41.013947)
5109654684,Frango,41.014066,28.933077,amenity:fast_food,fast_food,,,,POINT (28.933077 41.014066)
5109654687,Funda Döviz,41.014474,28.933423,amenity:bureau_de_change,bureau_de_change,,,,POINT (28.933423 41.014474)
5109654688,Konyalı Gurme,41.014559,28.93352,amenity:restaurant,restaurant,,,,POINT (28.93352 41.014559)
5109654689,Ehlihan Restaurant,41.014691,28.93364,amenity:restaurant,restaurant,,,,POINT (28.93364 41.014691)
5109654690,Halkbank,41.014677,28.933359,amenity:bank,bank,,,,POINT (28.933359 41.014677)
5109654691,Garanti Bankası,41.01457,28.93327,amenity:bank,bank,,,,POINT (28.93327 41.01457)
5109654692,QNB,41.014391,28.933101,amenity:bank,bank,,,,POINT (28.933101 41.014391)
5109654693,Fatoş Eczanesi,41.014353,28.933061,amenity:pharmacy,pharmacy,,,,POINT (28.933061 41.014353)
5109654694,Özel Çapa Anadolu Sağlık Meslek Lisesi,41.014215,28.93294,amenity:school,school,,,,POINT (28.93294 41.014215)
5109654695,Ziraat Bankası,41.014132,28.932865,amenity:bank,bank,,,,POINT (28.932865 41.014132)
5109654696,Sınav Liseleri,41.013898,28.93257,amenity:school,school,,,,POINT (28.93257 41.013898)
5109654697,Özel Çapa Ortodonti,41.014341,28.932047,amenity:dentist,dentist,,,,POINT (28.932047 41.014341)
5109654700,Tolgahan Eczanesi,41.014944,28.932495,amenity:pharmacy,pharmacy,,,,POINT (28.932495 41.014944)
5109654701,Çapa Düğün Salonu,41.01526,28.932018,amenity:events_venue,events_venue,,,,POINT (28.932018 41.01526)
5109654702,ING,41.015456,28.931774,amenity:atm,atm,,,,POINT (28.931774 41.015456)
5109654703,TEB,41.01548,28.931763,amenity:atm,atm,,,,POINT (28.931763 41.01548)
5109654707,Istanbul Tıp Kitabevi,41.015646,28.93164,amenity:library,library,,,,POINT (28.93164 41.015646)
5109654708,Paşa Döner,41.015731,28.931575,amenity:fast_food,fast_food,,,,POINT (28.931575 41.015731)
5110198324,Unnamed POI,41.005142,28.968747,amenity:bicycle_rental,bicycle_rental,,,,POINT (28.968747 41.005142)
5110310385,Yapı Kredi,41.008203,28.971565,amenity:bank,bank,,,,POINT (28.971565 41.008203)
5110342130,Ziraat Bankası,41.020404,28.959678,amenity:bank,bank,,,,POINT (28.959678 41.020404)
5110342135,Garanti Bankası,41.017845,28.957658,amenity:bank,bank,,,,POINT (28.957658 41.017845)
5110342136,Halkbank,41.017647,28.957647,amenity:bank,bank,,,,POINT (28.957647 41.017647)
5110342140,Istanbul University Institute of Marine Sciences and Management,41.015543,28.959575,amenity:university,university,,,,POINT (28.959575 41.015543)
5110342141,İÜ Coğrafya Stüdyo Kapalı Spor Salonu,41.015199,28.959518,leisure:fitness_centre,,,,fitness_centre,POINT (28.959518 41.015199)
5110342142,Molla Hüsrev cami Turbası,41.014778,28.959381,historic:tomb,,,tomb,,POINT (28.959381 41.014778)
5110342145,Anit kafe,41.014798,28.960412,amenity:cafe,cafe,,,,POINT (28.960412 41.014798)
5110342146,Süleymaniye Kız Yurdu,41.013554,28.960867,amenity:dormitory,dormitory,,,,POINT (28.960867 41.013554)
5110342147,tebessüm kafe,41.013444,28.961068,amenity:cafe,cafe,,,,POINT (28.961068 41.013444)
5110342148,sahra kafe,41.013422,28.960766,amenity:cafe,cafe,,,,POINT (28.960766 41.013422)
5110342149,campus pizza,41.013362,28.960884,amenity:fast_food,fast_food,,,,POINT (28.960884 41.013362)
5110342151,pipo kafe,41.013302,28.96103,amenity:cafe,cafe,,,,POINT (28.96103 41.013302)
5110342152,oses çiğköfte,41.013273,28.961056,amenity:fast_food,fast_food,,,,POINT (28.961056 41.013273)
5110342153,pide cafe bestro,41.013541,28.961135,amenity:cafe,cafe,,,,POINT (28.961135 41.013541)
5110342158,İstanbul üniversitesi yabancı diller okulu,41.015373,28.960898,amenity:language_school,language_school,,,,POINT (28.960898 41.015373)
5110342160,vefa kurufasulyeci,41.016229,28.959327,amenity:fast_food,fast_food,,,,POINT (28.959327 41.016229)
5110342161,özlem kafe,41.016014,28.959137,amenity:cafe,cafe,,,,POINT (28.959137 41.016014)
5110342162,Furkan cafe,41.01605,28.959004,amenity:cafe,cafe,,,,POINT (28.959004 41.01605)
5110342163,Ahmet usta dürüm,41.015527,28.958824,amenity:restaurant,restaurant,,,,POINT (28.958824 41.015527)
5110342165,vefa eczanesi,41.015672,28.958974,amenity:pharmacy,pharmacy,,,,POINT (28.958974 41.015672)
5110342166,Afacan büfe,41.015608,28.958845,amenity:restaurant,restaurant,,,,POINT (28.958845 41.015608)
5110342168,İlhan Varank Lisesi,41.016417,28.957858,amenity:school,school,,,,POINT (28.957858 41.016417)
5110342169,Imperial Cafe,41.015988,28.957944,amenity:cafe,cafe,,,,POINT (28.957944 41.015988)
5110342171,vefa internet cafe,41.016838,28.958609,amenity:cafe,cafe,,,,POINT (28.958609 41.016838)
5110342172,imç otopark,41.017194,28.957901,amenity:parking,parking,,,,POINT (28.957901 41.017194)
5110342173,Türkiye İş Bankası,41.017194,28.957558,amenity:bank,bank,,,,POINT (28.957558 41.017194)
5110342174,Yapı Kredi,41.01734,28.957579,amenity:bank,bank,,,,POINT (28.957579 41.01734)
5110342178,Vakıfbank,41.016952,28.956807,amenity:bank,bank,,,,POINT (28.956807 41.016952)
5110342180,Unkapanı pilavcısı,41.016344,28.956871,amenity:fast_food,fast_food,,,,POINT (28.956871 41.016344)
5110342181,Hanedan kebap,41.015964,28.957601,amenity:restaurant,restaurant,,,,POINT (28.957601 41.015964)
5110342184,Vefa restaurant ve kafe,41.015705,28.9573,amenity:restaurant,restaurant,,,,POINT (28.9573 41.015705)
5110342185,Mng kargo,41.015592,28.957429,amenity:post_office,post_office,,,,POINT (28.957429 41.015592)
5110342186,Vefa Otopark,41.015049,28.957995,amenity:parking,parking,,,,POINT (28.957995 41.015049)
5110342187,Vefa Bozacısı 1876,41.015324,28.958418,amenity:cafe,cafe,,,,POINT (28.958418 41.015324)
5110342188,Özel ilim yayma vakfı yurdu,41.014879,28.958867,amenity:dormitory,dormitory,,,,POINT (28.958867 41.014879)
5110342189,Simgur kafe,41.013406,28.960926,amenity:cafe,cafe,,,,POINT (28.960926 41.013406)
5110342190,Unkapanı pilavcısı,41.013438,28.960819,amenity:restaurant,restaurant,,,,POINT (28.960819 41.013438)
5110342193,Hermes cafe,41.014398,28.959041,amenity:cafe,cafe,,,,POINT (28.959041 41.014398)
5110342195,Gülsoy cafe,41.014243,28.958915,amenity:cafe,cafe,,,,POINT (28.958915 41.014243)
5110342197,Gökşen döviz,41.012918,28.958095,amenity:bureau_de_change,bureau_de_change,,,,POINT (28.958095 41.012918)
5110342202,Meşhur Süleymaniye kurufasulyeci,41.012491,28.959041,amenity:fast_food,fast_food,,,,POINT (28.959041 41.012491)
5110342204,Direklerarası Kebap Salonu,41.012406,28.959338,amenity:restaurant,restaurant,,,,POINT (28.959338 41.012406)
5110342205,Kadeli büfe,41.012384,28.95944,amenity:restaurant,restaurant,,,,POINT (28.95944 41.012384)
5110342206,Padişah Pilavcısı,41.012339,28.95951,amenity:fast_food,fast_food,,,,POINT (28.95951 41.012339)
5110342208,İstanbul Üniversitesi Adalet Meslek Yüksekokulu,41.012572,28.960306,amenity:university,university,,,,POINT (28.960306 41.012572)
5110342209,İstanbul Üniversitesi Yabancı Diller Bölümü,41.012669,28.960563,amenity:language_school,language_school,,,,POINT (28.960563 41.012669)
5110342211,Vabens Cafe & Bistro,41.013074,28.960779,amenity:cafe,cafe,,,,POINT (28.960779 41.013074)
5110342212,Hayal Cafe,41.01327,28.961154,amenity:cafe,cafe,,,,POINT (28.961154 41.01327)
5110342213,Kemer Dürümcü,41.013207,28.961154,amenity:fast_food,fast_food,,,,POINT (28.961154 41.013207)
5110342214,İstanbul Üniversitesi Rektörlüğü Güzel Sanatlar…,41.012897,28.961098,amenity:university,university,,,,POINT (28.961098 41.012897)
5110342215,İstanbul Üniversitesi Kariyer Geliştirme Merkezi,41.012679,28.961061,amenity:university,university,,,,POINT (28.961061 41.012679)
5110342216,AUZEF İstanbul üniversitesi,41.012362,28.961005,amenity:university,university,,,,POINT (28.961005 41.012362)
5110342219,Tarihi vezneciler hamamı,41.011236,28.961163,leisure:turkish_bath,,,,turkish_bath,POINT (28.961163 41.011236)
5110342220,Unnamed POI,41.011212,28.961163,amenity:restaurant,restaurant,,,,POINT (28.961163 41.011212)
5110342721,Vezneciler pilavcısı,41.011188,28.961163,amenity:restaurant,restaurant,,,,POINT (28.961163 41.011188)
5110344542,Allı börek,41.017065,28.966763,amenity:restaurant,restaurant,,,,POINT (28.966763 41.017065)
5110344544,Özen lokantası,41.017275,28.96702,amenity:restaurant,restaurant,,,,POINT (28.96702 41.017275)
5110344546,Hilal büfe,41.017777,28.967085,amenity:cafe,cafe,,,,POINT (28.967085 41.017777)
5110344548,Şafak Büfe,41.017826,28.966956,amenity:cafe,cafe,,,,POINT (28.966956 41.017826)
5110344550,Unnamed POI,41.017891,28.965604,amenity:parking,parking,,,,POINT (28.965604 41.017891)
5110344552,Yeditepe cafe,41.017122,28.966355,amenity:cafe,cafe,,,,POINT (28.966355 41.017122)
5110344553,Osman otopark,41.017307,28.965199,amenity:parking,parking,,,,POINT (28.965199 41.017307)
5110344554,Hüsnü ala cafe,41.01785,28.965068,amenity:cafe,cafe,,,,POINT (28.965068 41.01785)
5110344555,Cafe 90lar,41.017382,28.964496,amenity:cafe,cafe,,,,POINT (28.964496 41.017382)
5110344556,Ağa kapısı,41.017405,28.96451,amenity:cafe,cafe,,,,POINT (28.96451 41.017405)
5110344557,Haliç kafe,41.01895,28.963239,amenity:cafe,cafe,,,,POINT (28.963239 41.01895)
5110344558,Hal hotel,41.018457,28.964596,tourism:hotel,,hotel,,,POINT (28.964596 41.018457)
5110344560,Sea star hotel,41.018992,28.964338,tourism:hotel,,hotel,,,POINT (28.964338 41.018992)
5110344569,Eminönü Börekçisi,41.018603,28.965583,amenity:fast_food,fast_food,,,,POINT (28.965583 41.018603)
5110344571,Kösem Büfe,41.018603,28.965669,amenity:cafe,cafe,,,,POINT (28.965669 41.018603)
5110344573,Mim Kafe,41.017534,28.9673,amenity:cafe,cafe,,,,POINT (28.9673 41.017534)
5110344574,Özdemir otopark,41.017065,28.966677,amenity:parking,parking,,,,POINT (28.966677 41.017065)
5110344578,Şehri saadet,41.016531,28.966398,amenity:restaurant,restaurant,,,,POINT (28.966398 41.016531)
5110344579,Sefa i han,41.016514,28.96627,amenity:restaurant,restaurant,,,,POINT (28.96627 41.016514)
5110344580,Arya longue,41.01679,28.965754,amenity:restaurant,restaurant,,,,POINT (28.965754 41.01679)
5110344581,Babi ali kahvasi,41.016749,28.965647,amenity:cafe,cafe,,,,POINT (28.965647 41.016749)
5110344582,Kösem Sultan,41.016773,28.965583,amenity:restaurant,restaurant,,,,POINT (28.965583 41.016773)
5110344584,Beyzadem kafe,41.017249,28.964372,amenity:cafe,cafe,,,,POINT (28.964372 41.017249)
5110344585,Sezgin döner,41.017279,28.964279,amenity:restaurant,restaurant,,,,POINT (28.964279 41.017279)
5110344586,Mimar sinan kafe,41.017291,28.964248,amenity:cafe,cafe,,,,POINT (28.964248 41.017291)
5110344587,Teras kafe,41.017194,28.964388,amenity:cafe,cafe,,,,POINT (28.964388 41.017194)
5110344593,Otel Pehlivanlar,41.019711,28.96364,tourism:hotel,,hotel,,,POINT (28.96364 41.019711)
5110345100,Meyvex,41.013282,28.974704,amenity:fast_food,fast_food,,,,POINT (28.974704 41.013282)
5110345102,Fiba bank,41.013653,28.974803,amenity:bank,bank,,,,POINT (28.974803 41.013653)
5110345111,Burgan bank,41.014129,28.97359,amenity:bank,bank,,,,POINT (28.97359 41.014129)
5110345249,Marmara döner,41.014923,28.975153,amenity:restaurant,restaurant,,,,POINT (28.975153 41.014923)
5110345250,Döviz,41.014905,28.975462,amenity:bureau_de_change,bureau_de_change,,,,POINT (28.975462 41.014905)
5110345251,Yapı Kredi,41.014868,28.9755,amenity:bank,bank,,,,POINT (28.9755 41.014868)
5110345252,Şen büfe,41.015222,28.974315,amenity:restaurant,restaurant,,,,POINT (28.974315 41.015222)
5110345259,Döviz,41.015696,28.973756,amenity:bureau_de_change,bureau_de_change,,,,POINT (28.973756 41.015696)
5110345261,Legacy Ottoman,41.015848,28.974049,tourism:hotel,,hotel,,,POINT (28.974049 41.015848)
5110345265,Türkiye İş Bankası,41.015527,28.972683,amenity:bank,bank,,,,POINT (28.972683 41.015527)
5110345268,Halkbank,41.015867,28.973107,amenity:bank,bank,,,,POINT (28.973107 41.015867)
5110345272,Fatih belediyesi zabıta müdürlüğü,41.016072,28.972299,amenity:police,police,,,,POINT (28.972299 41.016072)
5110345274,Sultan hamam,41.015611,28.971981,amenity:restaurant,restaurant,,,,POINT (28.971981 41.015611)
5110345276,TEB,41.015435,28.972189,amenity:bank,bank,,,,POINT (28.972189 41.015435)
5110345278,Zeki döviz,41.015398,28.972325,amenity:bureau_de_change,bureau_de_change,,,,POINT (28.972325 41.015398)
5110345279,Ziraat Bankası,41.015302,28.974487,amenity:bank,bank,,,,POINT (28.974487 41.015302)
5110345280,QNB,41.014999,28.974567,amenity:bank,bank,,,,POINT (28.974567 41.014999)
5110345281,Vakıf bankası,41.014561,28.97441,amenity:bank,bank,,,,POINT (28.97441 41.014561)
5110345282,Çağaloğlu,41.014258,28.974951,amenity:restaurant,restaurant,,,,POINT (28.974951 41.014258)
5110345284,Kuveyt Türk,41.014159,28.97512,amenity:bank,bank,,,,POINT (28.97512 41.014159)
5110345295,Ziraat Bankası,41.014902,28.973434,amenity:bank,bank,,,,POINT (28.973434 41.014902)
5110345297,Safranbolu pide,41.015089,28.973176,amenity:restaurant,restaurant,,,,POINT (28.973176 41.015089)
5110345298,Odebank,41.01516,28.97299,amenity:bank,bank,,,,POINT (28.97299 41.01516)
5110345299,Unnamed POI,41.0153,28.972681,amenity:restaurant,restaurant,,,,POINT (28.972681 41.0153)
5110345300,ING,41.014934,28.973326,amenity:bank,bank,,,,POINT (28.973326 41.014934)
5110345301,Garanti Bankası,41.014998,28.973139,amenity:bank,bank,,,,POINT (28.973139 41.014998)
5110345302,Akbank,41.015119,28.97287,amenity:bank,bank,,,,POINT (28.97287 41.015119)
5110345304,Tat Sarıoğlu,41.01513,28.972342,amenity:restaurant,restaurant,,,,POINT (28.972342 41.01513)
5110345305,Türkiye Finans,41.015213,28.972033,amenity:bank,bank,,,,POINT (28.972033 41.015213)
5110345306,Ehlihan,41.015202,28.971958,amenity:restaurant,restaurant,,,,POINT (28.971958 41.015202)
5110345310,Aksoy eczanesi,41.015106,28.971729,amenity:pharmacy,pharmacy,,,,POINT (28.971729 41.015106)
5110345311,Kakşioğlu kafeterya,41.015089,28.971659,amenity:restaurant,restaurant,,,,POINT (28.971659 41.015089)
5110345314,Öz Karadeniz pide,41.01505,28.971501,amenity:restaurant,restaurant,,,,POINT (28.971501 41.01505)
5110345315,Angün döviz,41.014891,28.971295,amenity:bureau_de_change,bureau_de_change,,,,POINT (28.971295 41.014891)
5110345325,Anadolubank,41.014545,28.972692,amenity:bank,bank,,,,POINT (28.972692 41.014545)
5110345329,Taş fırın,41.014631,28.972465,amenity:restaurant,restaurant,,,,POINT (28.972465 41.014631)
5110345346,Yapı Kredi,41.014597,28.97133,amenity:bank,bank,,,,POINT (28.97133 41.014597)
5110345627,İelev özel ortaokul,41.012772,28.97418,amenity:school,school,,,,POINT (28.97418 41.012772)
5110345629,Yazar hotel,41.01271,28.974534,tourism:hotel,,hotel,,,POINT (28.974534 41.01271)
5110345634,Zirve büfe,41.011908,28.974807,amenity:cafe,cafe,,,,POINT (28.974807 41.011908)
5110345636,Blue moon cafe,41.011702,28.975052,amenity:cafe,cafe,,,,POINT (28.975052 41.011702)
5110345640,Marmara Pastanesi,41.01215,28.975219,amenity:restaurant,restaurant,,,,POINT (28.975219 41.01215)
5110345641,Garanti Bankası,41.012061,28.975368,amenity:bank,bank,,,,POINT (28.975368 41.012061)
5110345642,Cağaloğlu eczanesi,41.012187,28.975392,amenity:pharmacy,pharmacy,,,,POINT (28.975392 41.012187)
5110345644,Babı ali restaurant,41.012348,28.975416,amenity:restaurant,restaurant,,,,POINT (28.975416 41.012348)
5110347197,Unnamed POI,41.017683,28.959403,amenity:parking,parking,,,,POINT (28.959403 41.017683)
5110347201,Koska Köftecisi,41.016702,28.958752,amenity:restaurant,restaurant,,,,POINT (28.958752 41.016702)
5110347203,Unnamed POI,41.017691,28.960661,amenity:parking,parking,,,,POINT (28.960661 41.017691)
5110347206,Küçük pazar pidesi,41.01959,28.96148,amenity:fast_food,fast_food,,,,POINT (28.96148 41.01959)
5110347208,Vanlı oğlu kebap,41.019424,28.960955,amenity:restaurant,restaurant,,,,POINT (28.960955 41.019424)
5110347209,Unnamed POI,41.019527,28.960724,amenity:parking,parking,,,,POINT (28.960724 41.019527)
5110347211,Hısır büfe,41.019321,28.960661,amenity:fast_food,fast_food,,,,POINT (28.960661 41.019321)
5110347218,Sürat kargo,41.01902,28.959585,amenity:post_office,post_office,,,,POINT (28.959585 41.01902)
5110347219,Fatih belediyesi otopark,41.019202,28.959837,amenity:parking,parking,,,,POINT (28.959837 41.019202)
5110347220,Spor kulübü otopsi,41.019828,28.960247,amenity:parking,parking,,,,POINT (28.960247 41.019828)
5110347222,Bozkır otopark,41.019835,28.960842,amenity:parking,parking,,,,POINT (28.960842 41.019835)
5110347223,Sarıyer börekçisi,41.016856,28.973194,amenity:restaurant,restaurant,,,,POINT (28.973194 41.016856)
5110347225,Yemek odası restaurant,41.017028,28.973661,amenity:restaurant,restaurant,,,,POINT (28.973661 41.017028)
5110347229,Ozbasak,41.016206,28.975588,amenity:restaurant,restaurant,,,,POINT (28.975588 41.016206)
5110347230,Yurtiçi Kargo,41.016154,28.975022,amenity:post_office,post_office,,,,POINT (28.975022 41.016154)
5110347231,Sürat kargo,41.016147,28.974833,amenity:post_office,post_office,,,,POINT (28.974833 41.016147)
5110347232,Mng kargo,41.016166,28.9746,amenity:post_office,post_office,,,,POINT (28.9746 41.016166)
5110347233,Aras kargo,41.016185,28.97451,amenity:post_office,post_office,,,,POINT (28.97451 41.016185)
5110347234,Unnamed POI,41.016536,28.973945,amenity:parking,parking,,,,POINT (28.973945 41.016536)
5110347235,Cafe Erdoğmuş,41.016305,28.974048,amenity:cafe,cafe,,,,POINT (28.974048 41.016305)
5110347236,Caffein dünyası,41.016424,28.973826,amenity:cafe,cafe,,,,POINT (28.973826 41.016424)
5110347237,Gungenci,41.016412,28.973737,amenity:restaurant,restaurant,,,,POINT (28.973737 41.016412)
5110347239,Koska,41.016456,28.973419,amenity:cafe,cafe,,,,POINT (28.973419 41.016456)
5110347240,Ziraat Bankası,41.016164,28.973484,amenity:bank,bank,,,,POINT (28.973484 41.016164)
5110347241,Denizbank,41.016182,28.973075,amenity:bank,bank,,,,POINT (28.973075 41.016182)
5110347242,Valide,41.016024,28.973013,amenity:cafe,cafe,,,,POINT (28.973013 41.016024)
5110347245,Sait döner,41.015362,28.974534,amenity:fast_food,fast_food,,,,POINT (28.974534 41.015362)
5110347247,Türkiye İş Bankası,41.01515,28.974842,amenity:bank,bank,,,,POINT (28.974842 41.01515)
5110347249,Ozmernler döviz,41.015043,28.974972,amenity:bureau_de_change,bureau_de_change,,,,POINT (28.974972 41.015043)
5110347255,Yapı Kredi,41.014768,28.975448,amenity:bank,bank,,,,POINT (28.975448 41.014768)
5110347256,Tatlıcı Safa Sirkeci,41.014976,28.975606,amenity:cafe,cafe,,,,POINT (28.975606 41.014976)
5110347258,Eczane Sirkeci,41.015131,28.975684,amenity:pharmacy,pharmacy,,,,POINT (28.975684 41.015131)
5110347259,Mado,41.015158,28.975705,amenity:cafe,cafe,,,,POINT (28.975705 41.015158)
5110347260,Simit Sarayı,41.015282,28.975777,amenity:cafe,cafe,,,,POINT (28.975777 41.015282)
5110347262,Bolulu Hasan Usta,41.015488,28.97588,amenity:restaurant,restaurant,,,,POINT (28.97588 41.015488)
5110347267,Konyalı,41.01563,28.975962,amenity:restaurant,restaurant,,,,POINT (28.975962 41.01563)
5110347268,Hattad Döner,41.015692,28.976003,amenity:fast_food,fast_food,,,,POINT (28.976003 41.015692)
5110347269,Bereket Döner,41.015761,28.976044,amenity:fast_food,fast_food,,,,POINT (28.976044 41.015761)
5110347270,Faruk Güllüoğlu,41.015824,28.976106,amenity:restaurant,restaurant,,,,POINT (28.976106 41.015824)
5110347271,Rumeli çikolata,41.015806,28.975947,amenity:restaurant,restaurant,,,,POINT (28.975947 41.015806)
5110347273,Acemoğlu Baklavaları,41.016058,28.976222,amenity:restaurant,restaurant,,,,POINT (28.976222 41.016058)
5110347275,Manesol hotel,41.016004,28.976045,tourism:hotel,,hotel,,,POINT (28.976045 41.016004)
5110966960,Unnamed POI,41.01389,28.986001,tourism:viewpoint,,viewpoint,,,POINT (28.986001 41.01389)
5111205405,Daruzziyafe turkish resturant,41.016377,28.962321,amenity:restaurant,restaurant,,,,POINT (28.962321 41.016377)
5111205409,Istanbul University iktisad faculty ek Bina 1,41.015778,28.960412,amenity:university,university,,,,POINT (28.960412 41.015778)
5111205410,Vefa Molla Gurani Kabristanı,41.016118,28.960347,amenity:grave_yard,grave_yard,,,,POINT (28.960347 41.016118)
5111205417,Monarch,41.020335,28.961377,tourism:hotel,,hotel,,,POINT (28.961377 41.020335)
5111205418,Ganyan,41.019431,28.960843,amenity:cafe,cafe,,,,POINT (28.960843 41.019431)
5111205419,Vanlioglu,41.019463,28.961055,amenity:restaurant,restaurant,,,,POINT (28.961055 41.019463)
5111206121,Odun ekmek,41.019582,28.961463,amenity:fast_food,fast_food,,,,POINT (28.961463 41.019582)
5111206122,Kahve 1,41.019833,28.961592,amenity:cafe,cafe,,,,POINT (28.961592 41.019833)
5111206123,Ercanlar,41.019801,28.96172,amenity:restaurant,restaurant,,,,POINT (28.96172 41.019801)
5111206124,Unnamed POI,41.019766,28.961777,amenity:cafe,cafe,,,,POINT (28.961777 41.019766)
5111206127,Kaytas,41.019922,28.961892,amenity:restaurant,restaurant,,,,POINT (28.961892 41.019922)
5111206128,Mini market,41.01993,28.962064,amenity:restaurant,restaurant,,,,POINT (28.962064 41.01993)
5111206130,Kadioglu kofte salonu,41.019839,28.96227,amenity:restaurant,restaurant,,,,POINT (28.96227 41.019839)
5111206131,Teknik Internet cafe,41.020028,28.962236,amenity:cafe,cafe,,,,POINT (28.962236 41.020028)
5111206132,Kaya hotel,41.020028,28.962407,tourism:hotel,,hotel,,,POINT (28.962407 41.020028)
5111206135,Kral mert otel,41.019946,28.962526,tourism:hotel,,hotel,,,POINT (28.962526 41.019946)
5111206136,Eda bufe,41.019769,28.962536,amenity:restaurant,restaurant,,,,POINT (28.962536 41.019769)
5111206139,Unnamed POI,41.019708,28.962835,amenity:fast_food,fast_food,,,,POINT (28.962835 41.019708)
5111206140,Sadikogullari,41.019831,28.963015,amenity:restaurant,restaurant,,,,POINT (28.963015 41.019831)
5111206141,Antipliogulu,41.019574,28.963222,amenity:restaurant,restaurant,,,,POINT (28.963222 41.019574)
5111206143,Azimet Et Lokantasi,41.019757,28.963284,amenity:restaurant,restaurant,,,,POINT (28.963284 41.019757)
5111206144,Kebap Evi,41.019696,28.963544,amenity:restaurant,restaurant,,,,POINT (28.963544 41.019696)
5111211799,Ziraat bank,41.014507,28.970904,amenity:atm,atm,,,,POINT (28.970904 41.014507)
5111211800,Ziraat bank,41.014555,28.970904,amenity:bank,bank,,,,POINT (28.970904 41.014555)
5111211802,Kuveyt Türk,41.014572,28.970518,amenity:bank,bank,,,,POINT (28.970518 41.014572)
5111211803,Kuveyt Türk,41.01462,28.970389,amenity:atm,atm,,,,POINT (28.970389 41.01462)
5111211810,Nur bufe,41.014021,28.969982,amenity:fast_food,fast_food,,,,POINT (28.969982 41.014021)
5111211811,Meshur bafra bidesi,41.013989,28.970068,amenity:fast_food,fast_food,,,,POINT (28.970068 41.013989)
5111212226,gatanti,41.013252,28.970464,amenity:atm,atm,,,,POINT (28.970464 41.013252)
5111212264,Cesme,41.011657,28.97194,tourism:viewpoint,,viewpoint,,,POINT (28.97194 41.011657)
5111212281,Rustem pasa medresesi,41.01305,28.9726,amenity:school,school,,,,POINT (28.9726 41.01305)
5111212294,Yapı Kredi,41.014636,28.971363,amenity:bank,bank,,,,POINT (28.971363 41.014636)
5111212295,Türkiye İş Bankası,41.014563,28.971119,amenity:bank,bank,,,,POINT (28.971119 41.014563)
5111212296,Balık Ekmek,41.018489,28.970922,amenity:fast_food,fast_food,,,,POINT (28.970922 41.018489)
5111212298,Eminönü Börekçisi,41.017976,28.96904,amenity:fast_food,fast_food,,,,POINT (28.96904 41.017976)
5111212299,Burgerillas,41.017487,28.969406,amenity:restaurant,restaurant,,,,POINT (28.969406 41.017487)
5111212300,Cookland,41.01547,28.971612,amenity:restaurant,restaurant,,,,POINT (28.971612 41.01547)
5111212302,Dana Döner,41.015938,28.971983,amenity:fast_food,fast_food,,,,POINT (28.971983 41.015938)
5111212303,Vakıfbank,41.015829,28.972132,amenity:bank,bank,,,,POINT (28.972132 41.015829)
5111212304,Valide,41.016155,28.97311,amenity:bar,bar,,,,POINT (28.97311 41.016155)
5111212306,Truva,41.016213,28.973028,amenity:cafe,cafe,,,,POINT (28.973028 41.016213)
5111212307,Garanti Bankası,41.016274,28.972935,amenity:bank,bank,,,,POINT (28.972935 41.016274)
5111212310,Resturant,41.016385,28.971612,amenity:restaurant,restaurant,,,,POINT (28.971612 41.016385)
5111214079,Unnamed POI,41.006755,28.941904,amenity:pharmacy,pharmacy,,,,POINT (28.941904 41.006755)
5111214080,Fatih eczane,41.006601,28.94199,amenity:pharmacy,pharmacy,,,,POINT (28.94199 41.006601)
5111214082,Ortopedi medikal,41.006051,28.942269,amenity:pharmacy,pharmacy,,,,POINT (28.942269 41.006051)
5111214085,Cesme cihan,41.005346,28.94302,amenity:restaurant,restaurant,,,,POINT (28.94302 41.005346)
5111214086,Carrahpasa eczane,41.005249,28.943106,amenity:pharmacy,pharmacy,,,,POINT (28.943106 41.005249)
5111214088,Damak kebap,41.005063,28.943192,amenity:restaurant,restaurant,,,,POINT (28.943192 41.005063)
5111214089,Enes,41.005055,28.943256,amenity:pharmacy,pharmacy,,,,POINT (28.943256 41.005055)
5111214090,Baykara,41.004804,28.943385,amenity:pharmacy,pharmacy,,,,POINT (28.943385 41.004804)
5111214091,Sonmez eczane,41.004739,28.943471,amenity:pharmacy,pharmacy,,,,POINT (28.943471 41.004739)
5111214092,Pasa eczane,41.004642,28.943556,amenity:pharmacy,pharmacy,,,,POINT (28.943556 41.004642)
5111214093,Ahtim,41.004318,28.943793,amenity:restaurant,restaurant,,,,POINT (28.943793 41.004318)
5111214096,Kardes bufe,41.004124,28.943986,amenity:restaurant,restaurant,,,,POINT (28.943986 41.004124)
5111214099,Perran eczane,41.00327,28.942146,amenity:pharmacy,pharmacy,,,,POINT (28.942146 41.00327)
5111214101,Baba Ali cafe,41.003954,28.936433,amenity:cafe,cafe,,,,POINT (28.936433 41.003954)
5111214104,Point manti,41.004553,28.936138,amenity:restaurant,restaurant,,,,POINT (28.936138 41.004553)
5111214106,Eda Medikal,41.004747,28.936025,amenity:pharmacy,pharmacy,,,,POINT (28.936025 41.004747)
5111214108,Pedeci,41.004974,28.935596,amenity:fast_food,fast_food,,,,POINT (28.935596 41.004974)
5111214120,Sağlık Eczanesi,41.004917,28.93551,amenity:pharmacy,pharmacy,,,,POINT (28.93551 41.004917)
5111215121,Domino's,41.005071,28.935531,amenity:fast_food,fast_food,,,,POINT (28.935531 41.005071)
5111215122,Denizbank,41.00516,28.93581,amenity:atm,atm,,,,POINT (28.93581 41.00516)
5111215124,Focaccia Cafe,41.005095,28.935703,amenity:cafe,cafe,,,,POINT (28.935703 41.005095)
5111215126,Oz antep tatlici,41.005419,28.936583,amenity:cafe,cafe,,,,POINT (28.936583 41.005419)
5111215128,Ikizler pilavci,41.005468,28.936776,amenity:restaurant,restaurant,,,,POINT (28.936776 41.005468)
5111215129,Is doner,41.0055,28.936883,amenity:restaurant,restaurant,,,,POINT (28.936883 41.0055)
5111215130,Catkapi ev yemek,41.005581,28.937012,amenity:restaurant,restaurant,,,,POINT (28.937012 41.005581)
5111215131,Gaziantepli Usta,41.005581,28.937098,amenity:restaurant,restaurant,,,,POINT (28.937098 41.005581)
5111215132,Ziyada ev yemek,41.005622,28.937184,amenity:restaurant,restaurant,,,,POINT (28.937184 41.005622)
5111215134,Yılmaz Eczanesi,41.005719,28.937377,amenity:pharmacy,pharmacy,,,,POINT (28.937377 41.005719)
5111215136,Cağrı hotel,41.005727,28.937634,tourism:hotel,,hotel,,,POINT (28.937634 41.005727)
5111215137,Mimet eczane,41.005786,28.937751,amenity:pharmacy,pharmacy,,,,POINT (28.937751 41.005786)
5111215138,Yaman eczane,41.005807,28.937814,amenity:pharmacy,pharmacy,,,,POINT (28.937814 41.005807)
5111215139,Tanton usta,41.005832,28.937892,amenity:restaurant,restaurant,,,,POINT (28.937892 41.005832)
5111215140,Davutpasa Anadolu Lisesi,41.005905,28.938128,amenity:school,school,,,,POINT (28.938128 41.005905)
5111215141,Altay Büfe,41.006018,28.938578,amenity:cafe,cafe,,,,POINT (28.938578 41.006018)
5111215142,Bambam,41.006083,28.938707,amenity:cafe,cafe,,,,POINT (28.938707 41.006083)
5111215144,Öz Yaşam Medikal,41.005856,28.938385,amenity:pharmacy,pharmacy,,,,POINT (28.938385 41.005856)
5111215145,Goknca eczane,41.006148,28.938922,amenity:pharmacy,pharmacy,,,,POINT (28.938922 41.006148)
5111215146,Elif eczane,41.006148,28.938986,amenity:pharmacy,pharmacy,,,,POINT (28.938986 41.006148)
5111215147,Unkapanı Pilavcı,41.006164,28.939115,amenity:restaurant,restaurant,,,,POINT (28.939115 41.006164)
5111215148,Anes midikal ortopedi,41.006229,28.939201,amenity:pharmacy,pharmacy,,,,POINT (28.939201 41.006229)
5111215149,Örnek Börek,41.006253,28.939308,amenity:fast_food,fast_food,,,,POINT (28.939308 41.006253)
5111215150,Değer Eczanesi,41.006358,28.939458,amenity:pharmacy,pharmacy,,,,POINT (28.939458 41.006358)
5111215151,İkizler Pilavcı,41.006415,28.939501,amenity:restaurant,restaurant,,,,POINT (28.939501 41.006415)
5111215152,Nur Eczanesi,41.006565,28.93957,amenity:pharmacy,pharmacy,,,,POINT (28.93957 41.006565)
5111215154,Carrahpasa tip fakultesi,41.006245,28.939802,amenity:university,university,,,,POINT (28.939802 41.006245)
5111215155,Kosek and cafe,41.00648,28.939823,amenity:restaurant,restaurant,,,,POINT (28.939823 41.00648)
5111215156,Carrahpasa park cafe,41.006536,28.940145,amenity:cafe,cafe,,,,POINT (28.940145 41.006536)
5111215168,Pasta cafe,41.006682,28.941089,amenity:cafe,cafe,,,,POINT (28.941089 41.006682)
5111215173,Husin eczane,41.007006,28.941969,amenity:pharmacy,pharmacy,,,,POINT (28.941969 41.007006)
5111215174,Unnamed POI,41.007022,28.942033,amenity:pharmacy,pharmacy,,,,POINT (28.942033 41.007022)
5111215176,Dess cafe,41.007216,28.942269,amenity:cafe,cafe,,,,POINT (28.942269 41.007216)
5111215177,Yapı Kredi,41.007257,28.942419,amenity:atm,atm,,,,POINT (28.942419 41.007257)
5111215179,Jalal,41.00733,28.942591,amenity:restaurant,restaurant,,,,POINT (28.942591 41.00733)
5111215182,Denizbank,41.007427,28.942806,amenity:atm,atm,,,,POINT (28.942806 41.007427)
5111215183,ziraat bank,41.007419,28.942806,amenity:atm,atm,,,,POINT (28.942806 41.007419)
5111215184,Pala cahve,41.007459,28.942891,amenity:cafe,cafe,,,,POINT (28.942891 41.007459)
5111215188,Pilavcı Yegit,41.008415,28.940831,amenity:restaurant,restaurant,,,,POINT (28.940831 41.008415)
5111215195,Hekimoğlu Ali Paşa İlkokulu,41.007184,28.9386,amenity:school,school,,,,POINT (28.9386 41.007184)
5111215197,Cafe deniz,41.006318,28.938171,amenity:cafe,cafe,,,,POINT (28.938171 41.006318)
5111215200,Fırat Kepab,41.006998,28.937806,amenity:restaurant,restaurant,,,,POINT (28.937806 41.006998)
5111215202,Unnamed POI,41.00686,28.937162,amenity:cafe,cafe,,,,POINT (28.937162 41.00686)
5111215207,Isikler eczane,41.006431,28.936454,amenity:pharmacy,pharmacy,,,,POINT (28.936454 41.006431)
5111215209,Ulu Medikal,41.006034,28.936111,amenity:pharmacy,pharmacy,,,,POINT (28.936111 41.006034)
5111215210,Tarihi dagkapi,41.006034,28.936411,amenity:restaurant,restaurant,,,,POINT (28.936411 41.006034)
5111215211,Akbank,41.00597,28.936411,amenity:atm,atm,,,,POINT (28.936411 41.00597)
5111215213,Yapı Kredi,41.00584,28.93639,amenity:atm,atm,,,,POINT (28.93639 41.00584)
5111215215,Hacioglarri,41.005613,28.93639,amenity:restaurant,restaurant,,,,POINT (28.93639 41.005613)
5111215216,Buylu Mutfak,41.005484,28.936368,amenity:restaurant,restaurant,,,,POINT (28.936368 41.005484)
5111215218,Fonyali,41.005783,28.936111,amenity:restaurant,restaurant,,,,POINT (28.936111 41.005783)
5111215220,Türkiye İş Bankası,41.005435,28.936068,amenity:atm,atm,,,,POINT (28.936068 41.005435)
5111215722,Hakimoglu cafe,41.00601,28.935467,amenity:cafe,cafe,,,,POINT (28.935467 41.00601)
5111215724,Eda eczane,41.006617,28.935724,amenity:pharmacy,pharmacy,,,,POINT (28.935724 41.006617)
5111215725,Kahve cikolata,41.006642,28.935553,amenity:cafe,cafe,,,,POINT (28.935553 41.006642)
5111215727,Kral,41.006779,28.934694,amenity:fast_food,fast_food,,,,POINT (28.934694 41.006779)
5111215733,Pasem kepeb,41.006708,28.933538,amenity:restaurant,restaurant,,,,POINT (28.933538 41.006708)
5111215741,Ozel umut2,41.004698,28.932399,amenity:school,school,,,,POINT (28.932399 41.004698)
5111215742,Playstation,41.004286,28.93242,amenity:cafe,cafe,,,,POINT (28.93242 41.004286)
5111215743,Pasa doner,41.004156,28.932399,amenity:restaurant,restaurant,,,,POINT (28.932399 41.004156)
5111215744,Albaraka Bank,41.004075,28.932613,amenity:bank,bank,,,,POINT (28.932613 41.004075)
5111215746,Ozgulu,41.004229,28.932742,amenity:fast_food,fast_food,,,,POINT (28.932742 41.004229)
5111215752,Champion,41.004618,28.933986,leisure:fitness_centre,,,,fitness_centre,POINT (28.933986 41.004618)
5111215754,Nokta,41.004642,28.934394,amenity:cafe,cafe,,,,POINT (28.934394 41.004642)
5111215758,Ozlem halisdemir,41.003022,28.936518,amenity:dentist,dentist,,,,POINT (28.936518 41.003022)
5111215759,Can borek,41.002747,28.936626,amenity:fast_food,fast_food,,,,POINT (28.936626 41.002747)
5111215760,Nihal eczane,41.002674,28.936712,amenity:pharmacy,pharmacy,,,,POINT (28.936712 41.002674)
5111215769,Samatya coftecesi,41.003379,28.943084,amenity:restaurant,restaurant,,,,POINT (28.943084 41.003379)
5111215770,Fasuli,41.003516,28.943556,amenity:restaurant,restaurant,,,,POINT (28.943556 41.003516)
5111215772,Ozel Resaddiye Ebcim Anaokulu,41.003678,28.943836,amenity:school,school,,,,POINT (28.943836 41.003678)
5111215773,Mert,41.003784,28.944007,amenity:pharmacy,pharmacy,,,,POINT (28.944007 41.003784)
5111215774,Durmce,41.003856,28.94405,amenity:restaurant,restaurant,,,,POINT (28.94405 41.003856)
5111215775,Lomga,41.003905,28.944179,amenity:cafe,cafe,,,,POINT (28.944179 41.003905)
5111215777,Giger kepeb,41.004286,28.94478,amenity:restaurant,restaurant,,,,POINT (28.94478 41.004286)
5111222040,Hotel emg,41.007496,28.957708,tourism:hotel,,hotel,,,POINT (28.957708 41.007496)
5111222041,Nanda hotel,41.00786,28.958738,tourism:hotel,,hotel,,,POINT (28.958738 41.00786)
5111222042,Bekdaş Hotel,41.008508,28.960283,tourism:hotel,,hotel,,,POINT (28.960283 41.008508)
5111222043,Akgun hotel,41.008799,28.960841,tourism:hotel,,hotel,,,POINT (28.960841 41.008799)
5111222044,Momento hotel,41.007982,28.963137,tourism:hotel,,hotel,,,POINT (28.963137 41.007982)
5111222045,Karasu hotel,41.007901,28.963416,tourism:hotel,,hotel,,,POINT (28.963416 41.007901)
5111222046,Grand beyazit,41.0082,28.963695,tourism:hotel,,hotel,,,POINT (28.963695 41.0082)
5111222047,Golden rain,41.008289,28.963609,tourism:hotel,,hotel,,,POINT (28.963609 41.008289)
5111222048,Newport hotel,41.008314,28.96348,tourism:hotel,,hotel,,,POINT (28.96348 41.008314)
5111222049,Tep bank,41.008969,28.962793,amenity:bank,bank,,,,POINT (28.962793 41.008969)
5111222050,Antik hotel,41.00884,28.962772,tourism:hotel,,hotel,,,POINT (28.962772 41.00884)
5111222051,Viore hotel,41.008516,28.963158,tourism:hotel,,hotel,,,POINT (28.963158 41.008516)
5111222052,Resturant,41.008726,28.963652,amenity:restaurant,restaurant,,,,POINT (28.963652 41.008726)
5111222054,ING,41.00867,28.963952,amenity:bank,bank,,,,POINT (28.963952 41.00867)
5111222056,Nezih hotel,41.008144,28.964309,tourism:hotel,,hotel,,,POINT (28.964309 41.008144)
5111222057,Piran hotel,41.007844,28.964596,tourism:hotel,,hotel,,,POINT (28.964596 41.007844)
5111222058,Embol hotel,41.00782,28.964682,tourism:hotel,,hotel,,,POINT (28.964682 41.00782)
5111222059,Unnamed POI,41.007925,28.964724,tourism:hotel,,hotel,,,POINT (28.964724 41.007925)
5111222060,Hotel Niles,41.007998,28.964789,tourism:hotel,,hotel,,,POINT (28.964789 41.007998)
5111222061,Ercyis hotel,41.008071,28.965025,tourism:hotel,,hotel,,,POINT (28.965025 41.008071)
5111222062,Hotel evin,41.008305,28.964738,tourism:hotel,,hotel,,,POINT (28.964738 41.008305)
5111222063,Ocakpasi,41.008224,28.964853,amenity:restaurant,restaurant,,,,POINT (28.964853 41.008224)
5111222064,Comfort hotel,41.008435,28.964982,tourism:hotel,,hotel,,,POINT (28.964982 41.008435)
5111222066,Sarajevo,41.008702,28.964825,tourism:hotel,,hotel,,,POINT (28.964825 41.008702)
5111222067,Hotel balin,41.008864,28.96476,tourism:hotel,cafe,hotel,,,POINT (28.96476 41.008864)
5111222070,Yemek salonu,41.008103,28.965218,amenity:restaurant,restaurant,,,,POINT (28.965218 41.008103)
5111222072,Grand Rosa hotel,41.008281,28.96584,tourism:hotel,,hotel,,,POINT (28.96584 41.008281)
5111222074,Halk Eczane,41.009123,28.965712,amenity:pharmacy,pharmacy,,,,POINT (28.965712 41.009123)
5111222077,Türkiye İş Bankası,41.009172,28.964982,amenity:bank,bank,,,,POINT (28.964982 41.009172)
5111222080,Beyazsaray hotel,41.009228,28.964424,tourism:hotel,,hotel,,,POINT (28.964424 41.009228)
5111222082,Akbank,41.009277,28.964059,amenity:bank,bank,,,,POINT (28.964059 41.009277)
5111222085,Emporium hotel,41.009245,28.963265,tourism:hotel,,hotel,,,POINT (28.963265 41.009245)
5111222087,Sky kamer hotel,41.009317,28.962858,tourism:hotel,,hotel,,,POINT (28.962858 41.009317)
5111222089,Orhan Kemal İl Halk Kütüphanesi,41.009261,28.9626,amenity:library,library,,,,POINT (28.9626 41.009261)
5111222093,Kent hotel,41.009447,28.960798,tourism:hotel,,hotel,,,POINT (28.960798 41.009447)
5111222095,Taç Döviz,41.009261,28.95966,amenity:bureau_de_change,bureau_de_change,,,,POINT (28.95966 41.009261)
5111222096,Martur doviz,41.009277,28.959553,amenity:bureau_de_change,bureau_de_change,,,,POINT (28.959553 41.009277)
5111222097,Garanti Bankası,41.009277,28.959446,amenity:bank,bank,,,,POINT (28.959446 41.009277)
5111222098,Türkiye İş Bankası,41.009488,28.958931,amenity:bank,bank,,,,POINT (28.958931 41.009488)
5111222102,Çavuşoğlu,41.009309,28.958266,amenity:restaurant,restaurant,,,,POINT (28.958266 41.009309)
5111222103,Denizbank,41.009568,28.958116,amenity:bank,bank,,,,POINT (28.958116 41.009568)
5111222105,Emre gold,41.009512,28.957686,amenity:bureau_de_change,bureau_de_change,,,,POINT (28.957686 41.009512)
5111222106,Ats doviz,41.009496,28.95745,amenity:bureau_de_change,bureau_de_change,,,,POINT (28.95745 41.009496)
5111222107,Montinegro hotel,41.009083,28.957515,tourism:hotel,,hotel,,,POINT (28.957515 41.009083)
5111222109,Gold hotel,41.008767,28.958888,tourism:hotel,,hotel,,,POINT (28.958888 41.008767)
5111222110,Akbank,41.008888,28.959339,amenity:bank,bank,,,,POINT (28.959339 41.008888)
5111222112,Venera hotel,41.008119,28.958759,tourism:hotel,,hotel,,,POINT (28.958759 41.008119)
5111222113,Yoksel hotel,41.008184,28.958781,tourism:hotel,,hotel,,,POINT (28.958781 41.008184)
5111222114,Buyuk sehinler hotel,41.0082,28.958437,tourism:hotel,,hotel,,,POINT (28.958437 41.0082)
5111222115,Nida hotel,41.008168,28.95819,tourism:hotel,,hotel,,,POINT (28.95819 41.008168)
5111222119,Tep,41.008111,28.957686,amenity:bank,bank,,,,POINT (28.957686 41.008111)
5111223223,Yaztor hotel,41.008127,28.95685,tourism:hotel,,hotel,,,POINT (28.95685 41.008127)
5111223236,Yunus,41.007383,28.957163,amenity:restaurant,restaurant,,,,POINT (28.957163 41.007383)
5111223248,Hotel oral,41.007536,28.956356,tourism:hotel,,hotel,,,POINT (28.956356 41.007536)
5112723894,Gülistanbul Anaokulu,41.001362,28.929034,amenity:school,school,,,,POINT (28.929034 41.001362)
5112723898,Hacı Beşir Ağa Çeşmesi,41.00367,28.928744,tourism:attraction,,attraction,,,POINT (28.928744 41.00367)
5112723906,Özsoy Eczanesi,41.000645,28.929328,amenity:pharmacy,pharmacy,,,,POINT (28.929328 41.000645)
5112723912,Serkan Büfe,41.001508,28.929737,amenity:fast_food,fast_food,,,,POINT (28.929737 41.001508)
5112723913,Can Kırtasiye,41.001484,28.929726,amenity:library,library,,,,POINT (28.929726 41.001484)
5112723914,Kerimoğlu Kurtasiye,41.001662,28.929808,amenity:library,library,,,,POINT (28.929808 41.001662)
5112724619,Laleli Günen Hotel,41.011035,28.957916,tourism:hotel,,hotel,,,POINT (28.957916 41.011035)
5112724620,Hotel Berlin,41.010947,28.958014,tourism:hotel,,hotel,,,POINT (28.958014 41.010947)
5112725522,Destina Çiğ Köfte,41.002412,28.9301,amenity:restaurant,restaurant,,,,POINT (28.9301 41.002412)
5112725525,Melis Eczanesi,41.00266,28.930107,amenity:pharmacy,pharmacy,,,,POINT (28.930107 41.00266)
5112725530,Kocamustafapaşa Ortaokulu,41.00327,28.92962,amenity:school,school,,,,POINT (28.92962 41.00327)
5112725531,Kocamustafapaşa İlkokulu,41.003439,28.929484,amenity:school,school,,,,POINT (28.929484 41.003439)
5112725534,Osmanlı Tulumbacısı ve Baklava,41.00377,28.928172,amenity:restaurant,restaurant,,,,POINT (28.928172 41.00377)
5112725535,Sirri Usta Çigköfte,41.00373,28.928099,amenity:restaurant,restaurant,,,,POINT (28.928099 41.00373)
5112725536,Dürümcü Kerem,41.003712,28.928064,amenity:restaurant,restaurant,,,,POINT (28.928064 41.003712)
5112725537,Volkan Köfte ve Döner Salonu,41.003687,28.928013,amenity:restaurant,restaurant,,,,POINT (28.928013 41.003687)
5112725539,Pashaa Kokoreç,41.003634,28.927897,amenity:restaurant,restaurant,,,,POINT (28.927897 41.003634)
5112725544,Tubaz Odunlu Taş fırını,41.000651,28.926399,amenity:restaurant,restaurant,,,,POINT (28.926399 41.000651)
5112725551,Çoşkun otopark,41.001673,28.927424,amenity:parking,parking,,,,POINT (28.927424 41.001673)
5112725558,Oses Çiğköfte,41.003252,28.927092,amenity:restaurant,restaurant,,,,POINT (28.927092 41.003252)
5112725572,Mevzubahis Çiğköfte,41.002247,28.926814,amenity:restaurant,restaurant,,,,POINT (28.926814 41.002247)
5112725574,Unnamed POI,41.002462,28.925311,amenity:bicycle_repair_station,bicycle_repair_station,,,,POINT (28.925311 41.002462)
5112725576,Taha Eczanesi,41.000215,28.926123,amenity:pharmacy,pharmacy,,,,POINT (28.926123 41.000215)
5112725580,Meşhur Çiğköfteci Hasan Usta,41.000212,28.924397,amenity:restaurant,restaurant,,,,POINT (28.924397 41.000212)
5112725594,Antep Sofrası,41.002956,28.925677,amenity:restaurant,restaurant,,,,POINT (28.925677 41.002956)
5112725595,Diş Hekimi hatice Bilen,41.003106,28.92564,amenity:dentist,dentist,,,,POINT (28.92564 41.003106)
5112725601,Füsun Eczanesi,41.00356,28.926635,amenity:pharmacy,pharmacy,,,,POINT (28.926635 41.00356)
5112725608,Aşkla Pasta Cafe,41.002702,28.925063,amenity:restaurant,restaurant,,,,POINT (28.925063 41.002702)
5112726729,Fatih Sitesi Misafir Otoparkı,41.004735,28.922137,amenity:parking,parking,,,,POINT (28.922137 41.004735)
5112728839,Palmyra Syrian Restaurant,41.011475,28.957555,amenity:restaurant,restaurant,,,,POINT (28.957555 41.011475)
5112728848,Denizbank,41.0116,28.957908,amenity:bank,bank,,,,POINT (28.957908 41.0116)
5112728850,Zurich Restaurant,41.01166,28.958099,amenity:restaurant,restaurant,,,,POINT (28.958099 41.01166)
5112728851,Hotel Zurich,41.011713,28.958297,tourism:hotel,,hotel,,,POINT (28.958297 41.011713)
5112728852,Tuğra turkish coffee turkish delight,41.011787,28.958494,amenity:restaurant,restaurant,,,,POINT (28.958494 41.011787)
5112728853,Klas restaurant,41.011813,28.958571,amenity:restaurant,restaurant,,,,POINT (28.958571 41.011813)
5112728854,Hotel Hikmet,41.011848,28.958671,tourism:hotel,,hotel,,,POINT (28.958671 41.011848)
5112728855,Foto Moda Dijital Fotoğrafçılık,41.011874,28.958754,amenity:studio,studio,,,,POINT (28.958754 41.011874)
5112728857,Vezneciler Eczanesi,41.011902,28.958864,amenity:pharmacy,pharmacy,,,,POINT (28.958864 41.011902)
5112728858,TEB,41.011914,28.958907,amenity:atm,atm,,,,POINT (28.958907 41.011914)
5112728859,Akbank,41.011922,28.958944,amenity:atm,atm,,,,POINT (28.958944 41.011922)
5112728860,ING,41.011933,28.958982,amenity:atm,atm,,,,POINT (28.958982 41.011933)
5112728861,Halkbank,41.011936,28.95902,amenity:atm,atm,,,,POINT (28.95902 41.011936)
5112728862,Express Restaurant and Pub,41.011927,28.959088,amenity:restaurant,restaurant,,,,POINT (28.959088 41.011927)
5112728863,Direklerarası Sofrası,41.011873,28.959195,amenity:restaurant,restaurant,,,,POINT (28.959195 41.011873)
5112728864,Şehzade Börek,41.011802,28.959214,amenity:restaurant,restaurant,,,,POINT (28.959214 41.011802)
5112728868,Baba Döner,41.011634,28.959231,amenity:fast_food,fast_food,,,,POINT (28.959231 41.011634)
5112728871,Kitapçılar Çarşısı,41.01138,28.959234,amenity:library,library,,,,POINT (28.959234 41.01138)
5112728872,Sadık Ev Yemekleri,41.011363,28.959236,amenity:restaurant,restaurant,,,,POINT (28.959236 41.011363)
5112728873,Metro pasta cafe,41.011304,28.959233,amenity:cafe,cafe,,,,POINT (28.959233 41.011304)
5112728877,Gala Kokoreç,41.011108,28.959255,amenity:restaurant,restaurant,,,,POINT (28.959255 41.011108)
5112728879,Hotel Reşitpaşa,41.010958,28.959238,tourism:hotel,,hotel,,,POINT (28.959238 41.010958)
5112728881,Hotel Visa,41.010865,28.959233,tourism:hotel,,hotel,,,POINT (28.959233 41.010865)
5112728883,İnci Cafe Restaurant,41.010776,28.959216,amenity:restaurant,restaurant,,,,POINT (28.959216 41.010776)
5112728888,Anteka Eczanesi,41.010549,28.959233,amenity:pharmacy,pharmacy,,,,POINT (28.959233 41.010549)
5112728902,Gürler Döviz,41.009848,28.959218,amenity:bureau_de_change,bureau_de_change,,,,POINT (28.959218 41.009848)
5112729005,Eyfel restaurant,41.010408,28.9583,amenity:restaurant,restaurant,,,,POINT (28.9583 41.010408)
5112729008,Hotel Mati,41.01132,28.958323,tourism:hotel,,hotel,,,POINT (28.958323 41.01132)
5112729011,Zurich Büfe,41.011481,28.958312,amenity:fast_food,fast_food,,,,POINT (28.958312 41.011481)
5112729013,Laleli Sultan Turkish Delight,41.011582,28.958316,amenity:restaurant,restaurant,,,,POINT (28.958316 41.011582)
5112729015,Hotel Klas,41.011706,28.958481,tourism:hotel,,hotel,,,POINT (28.958481 41.011706)
5112729019,Orhan Hotel,41.011404,28.958473,tourism:hotel,,hotel,,,POINT (28.958473 41.011404)
5112732221,Polanin Hotel,41.011035,28.95801,tourism:hotel,,hotel,,,POINT (28.95801 41.011035)
5112732222,Hotel Özsa,41.010949,28.958101,tourism:hotel,,hotel,,,POINT (28.958101 41.010949)
5112732225,Maycan Hotel,41.011039,28.958174,tourism:hotel,,hotel,,,POINT (28.958174 41.011039)
5112732229,Hotel Kaya,41.010952,28.958592,tourism:hotel,,hotel,,,POINT (28.958592 41.010952)
5112732230,Hotel Falcon,41.011076,28.958473,tourism:hotel,,hotel,,,POINT (28.958473 41.011076)
5112732232,Hotel Kaya Restaurant,41.010957,28.958653,amenity:restaurant,restaurant,,,,POINT (28.958653 41.010957)
5112732238,Lalen Restaurant,41.011063,28.958808,amenity:restaurant,restaurant,,,,POINT (28.958808 41.011063)
5112732241,Genova Hotel,41.010951,28.958873,tourism:hotel,,hotel,,,POINT (28.958873 41.010951)
5112732251,Tarihi Unkapanı Pilavcısı,41.011564,28.960195,amenity:restaurant,restaurant,,,,POINT (28.960195 41.011564)
5112732254,İstanbul Üniversitesi Fen Fakültesi,41.011772,28.959646,amenity:university,university,,,,POINT (28.959646 41.011772)
5112732255,Akbank,41.01092,28.961092,amenity:atm,atm,,,,POINT (28.961092 41.01092)
5112732256,Türkiye İş Bankası,41.010869,28.961136,amenity:atm,atm,,,,POINT (28.961136 41.010869)
5112732257,Garanti Bankası,41.010825,28.961204,amenity:atm,atm,,,,POINT (28.961204 41.010825)
5112732258,Altın Büfe,41.010587,28.961525,amenity:fast_food,fast_food,,,,POINT (28.961525 41.010587)
5112732261,Beyazıt Polis Merkezi Amirliği,41.010495,28.96208,amenity:police,police,,,,POINT (28.96208 41.010495)
5112732264,İstanbul Üniversitesi Merkez Kütüphanesi,41.009874,28.962224,amenity:university,university,,,,POINT (28.962224 41.009874)
5112732265,Beyazıt Türk Hamam Kültürü Müzesi,41.009946,28.961554,tourism:museum,,museum,,,POINT (28.961554 41.009946)
5112732268,Istanbul Üniversitesi Su Bilimleri Fakültesi,41.009889,28.959768,amenity:university,university,,,,POINT (28.959768 41.009889)
5112732280,Yapı Kredi,41.009731,28.958292,amenity:bank,bank,,,,POINT (28.958292 41.009731)
5112732283,Kuveyt Türk,41.009739,28.957963,amenity:bank,bank,,,,POINT (28.957963 41.009739)
5112732284,Koska,41.009734,28.957831,amenity:restaurant,restaurant,,,,POINT (28.957831 41.009734)
5112732288,Crowne Plaza - İstanbul Old City,41.009921,28.957514,tourism:hotel,,hotel,,,POINT (28.957514 41.009921)
5112732290,Hotel Pisa,41.010366,28.957519,tourism:hotel,,hotel,,,POINT (28.957519 41.010366)
5112732292,Hotel Keçik,41.01047,28.957484,tourism:hotel,,hotel,,,POINT (28.957484 41.01047)
5112735224,Bosna Hotel,41.011248,28.958463,tourism:hotel,,hotel,,,POINT (28.958463 41.011248)
5112735237,Metrohill hotel,41.010496,28.958451,tourism:hotel,,hotel,,,POINT (28.958451 41.010496)
5112735241,Laleli Eczane,41.010195,28.95831,amenity:pharmacy,pharmacy,,,,POINT (28.95831 41.010195)
5112735258,Hotel Belde,41.010278,28.958901,tourism:hotel,,hotel,,,POINT (28.958901 41.010278)
5112735263,Hotel Eyfel,41.010362,28.958236,tourism:hotel,,hotel,,,POINT (28.958236 41.010362)
5112735278,Metro Hotel,41.010744,28.958636,tourism:hotel,,hotel,,,POINT (28.958636 41.010744)
5112735292,Samir Hotel,41.010634,28.958841,tourism:hotel,,hotel,,,POINT (28.958841 41.010634)
5112735299,Hotel Süreyya,41.010721,28.957995,tourism:hotel,,hotel,,,POINT (28.957995 41.010721)
5112736027,Nur Büfe,41.014017,28.969995,amenity:fast_food,fast_food,,,,POINT (28.969995 41.014017)
5112736042,Bizim Büfe,41.014637,28.970142,amenity:fast_food,fast_food,,,,POINT (28.970142 41.014637)
5112736049,Aypek Döviz,41.014764,28.96965,amenity:bureau_de_change,bureau_de_change,,,,POINT (28.96965 41.014764)
5112736052,Garanti Bankası,41.014893,28.969356,amenity:bank,bank,,,,POINT (28.969356 41.014893)
5112736056,Markopaşa,41.014941,28.968898,amenity:cafe,cafe,,,,POINT (28.968898 41.014941)
5112736065,Tat Büfe,41.015017,28.967751,amenity:fast_food,fast_food,,,,POINT (28.967751 41.015017)
5112736069,Mercan Büfe,41.015046,28.96715,amenity:fast_food,fast_food,,,,POINT (28.96715 41.015046)
5112736080,Satır Köfte,41.014922,28.966327,amenity:restaurant,restaurant,,,,POINT (28.966327 41.014922)
5112736082,Bosnak Börekçi,41.014883,28.966183,amenity:restaurant,restaurant,,,,POINT (28.966183 41.014883)
5112736103,Bakırcılar Lokantası,41.012875,28.966196,amenity:restaurant,restaurant,,,,POINT (28.966196 41.012875)
5112736106,Roofstar Bosphorus,41.012581,28.966165,amenity:fast_food,fast_food,,,,POINT (28.966165 41.012581)
5112737065,Akbank,41.014608,28.966851,amenity:bank,bank,,,,POINT (28.966851 41.014608)
5112737066,QNB,41.014461,28.966874,amenity:bank,bank,,,,POINT (28.966874 41.014461)
5112737084,Köfte,41.012967,28.966856,amenity:restaurant,restaurant,,,,POINT (28.966856 41.012967)
5112737089,Mercan Kırtasiye,41.012752,28.966308,amenity:library,library,,,,POINT (28.966308 41.012752)
5112737092,Türkiye İş Bankası,41.012777,28.966468,amenity:bank,bank,,,,POINT (28.966468 41.012777)
5112737096,Garanti Bankası,41.012823,28.966723,amenity:atm,atm,,,,POINT (28.966723 41.012823)
5112738775,Örücüler Hamamı Turkish Bath and Sauna,41.012443,28.967426,leisure:sauna,,,,sauna,POINT (28.967426 41.012443)
5112738776,Sosi Büfe,41.012492,28.967444,amenity:fast_food,fast_food,,,,POINT (28.967444 41.012492)
5112738791,Şampion Kokoreç,41.013328,28.967411,amenity:fast_food,fast_food,,,,POINT (28.967411 41.013328)
5112738814,Öz Sultanahmet Köftecisi,41.014268,28.967344,amenity:restaurant,restaurant,,,,POINT (28.967344 41.014268)
5112738819,Turko Baba Turkish Delight,41.014453,28.967346,amenity:restaurant,restaurant,,,,POINT (28.967346 41.014453)
5112739255,Kuveyt Türk,41.013712,28.967584,amenity:bank,bank,,,,POINT (28.967584 41.013712)
5112739258,Ak Döviz,41.013566,28.967587,amenity:bureau_de_change,bureau_de_change,,,,POINT (28.967587 41.013566)
5112739265,Akbank,41.013202,28.967642,amenity:atm,atm,,,,POINT (28.967642 41.013202)
5112739269,Zülfü Usta Kokoreç,41.013044,28.967665,amenity:fast_food,fast_food,,,,POINT (28.967665 41.013044)
5112744267,Derya Büfe,41.014721,28.967651,amenity:fast_food,fast_food,,,,POINT (28.967651 41.014721)
5112744269,Nevzat Usta,41.014572,28.96803,amenity:restaurant,restaurant,,,,POINT (28.96803 41.014572)
5112744286,Yıldız,41.014595,28.966318,amenity:fast_food,fast_food,,,,POINT (28.966318 41.014595)
5112749091,Reverence Balat,41.033231,28.946577,amenity:cafe,cafe,,,,POINT (28.946577 41.033231)
5112749092,Anteplioğlu Baklavacı,41.03326,28.946447,amenity:restaurant,restaurant,,,,POINT (28.946447 41.03326)
5112749094,Balat Çay Evi,41.033224,28.946259,amenity:cafe,cafe,,,,POINT (28.946259 41.033224)
5112749095,Urfam Kebap Döner,41.033187,28.946219,amenity:restaurant,restaurant,,,,POINT (28.946219 41.033187)
5112749098,Surp Hireşdagabet Ermeni Kilisesi,41.03386,28.945598,amenity:place_of_worship,place_of_worship,,,,POINT (28.945598 41.03386)
5112749099,Kırımlı Aslanbey İlkogretim Okulu,41.033684,28.945332,amenity:school,school,,,,POINT (28.945332 41.033684)
5112749101,Gizemli Kahve Balat,41.033165,28.945,amenity:cafe,cafe,,,,POINT (28.945 41.033165)
5112749103,Fatih Müftülüğü Hacı İsa Erkek Kuran Kursu,41.033186,28.944615,amenity:school,school,,,,POINT (28.944615 41.033186)
5112749104,Çay Ocağı,41.033243,28.94458,amenity:cafe,cafe,,,,POINT (28.94458 41.033243)
5112749105,Dondurma,41.033233,28.944643,amenity:restaurant,restaurant,,,,POINT (28.944643 41.033233)
5112749114,Coffee Department,41.03292,28.945779,amenity:cafe,cafe,,,,POINT (28.945779 41.03292)
5112749115,Kadraj Cafe,41.033004,28.945913,amenity:cafe,cafe,,,,POINT (28.945913 41.033004)
5112749116,Cumbalı Kahve,41.03303,28.945848,amenity:cafe,cafe,,,,POINT (28.945848 41.03303)
5112749118,Valide Sultan Büfe,41.032992,28.946094,amenity:fast_food,fast_food,,,,POINT (28.946094 41.032992)
5112749119,Aşk-ı Rüba kafe,41.032847,28.945931,amenity:cafe,cafe,,,,POINT (28.945931 41.032847)
5112749120,Dönerim,41.032827,28.94597,amenity:restaurant,restaurant,,,,POINT (28.94597 41.032827)
5112749721,Eczane Emek,41.032801,28.945954,amenity:pharmacy,pharmacy,,,,POINT (28.945954 41.032801)
5112749722,Meşhur Kır Pidesi,41.032756,28.945907,amenity:restaurant,restaurant,,,,POINT (28.945907 41.032756)
5112749724,İstanbul Ciğercisi,41.032697,28.945867,amenity:restaurant,restaurant,,,,POINT (28.945867 41.032697)
5112749729,Taksıarhi Rum Kilisesi,41.031824,28.945228,amenity:place_of_worship,place_of_worship,,,,POINT (28.945228 41.031824)
5112749734,Balat Nargile Cafe,41.032179,28.945548,amenity:cafe,cafe,,,,POINT (28.945548 41.032179)
5112749736,Kasım Günani Aile Sağlığı Merkezi,41.032653,28.943678,amenity:clinic,clinic,,,,POINT (28.943678 41.032653)
5112749738,Fatih Edirnekapı İlkogretim Okulu,41.031497,28.942946,amenity:school,school,,,,POINT (28.942946 41.031497)
5112749742,Altınay Yufkacısı,41.03227,28.940741,amenity:restaurant,restaurant,,,,POINT (28.940741 41.03227)
5112749743,Kariye Şehir Parkı,41.031684,28.939915,tourism:picnic_site,,picnic_site,,,POINT (28.939915 41.031684)
5112749746,Çakırağa Otopark,41.032756,28.939641,amenity:parking,parking,,,,POINT (28.939641 41.032756)
5112749747,Çakırağa Çay Evi,41.032931,28.939584,amenity:cafe,cafe,,,,POINT (28.939584 41.032931)
5112749750,Teknü Saray Parkı,41.033454,28.940205,tourism:picnic_site,,picnic_site,,,POINT (28.940205 41.033454)
5112749755,Molla Aşkı Teras Cafe,41.033683,28.942947,amenity:cafe,cafe,,,,POINT (28.942947 41.033683)
5112749757,Derviş Baba Kahvehanesi,41.033659,28.944255,amenity:cafe,cafe,,,,POINT (28.944255 41.033659)
5112749758,Balat - Ali Denizci,41.033554,28.944282,amenity:cafe,cafe,,,,POINT (28.944282 41.033554)
5112749760,Abdullah El Ensari Türbesi,41.033298,28.944349,tourism:attraction,,attraction,,,POINT (28.944349 41.033298)
5112749769,Altınay Spor Kulubu,41.031313,28.941256,tourism:picnic_site,,picnic_site,,,POINT (28.941256 41.031313)
5112749776,Pages Bookstore Cafe,41.031582,28.93865,amenity:cafe,cafe,,,,POINT (28.93865 41.031582)
5112749779,Altınay Kebap Ve Lahmacun,41.031138,28.940861,amenity:restaurant,restaurant,,,,POINT (28.940861 41.031138)
5112749780,Eczane Kutlar,41.030955,28.940737,amenity:pharmacy,pharmacy,,,,POINT (28.940737 41.030955)
5112749785,Ak Çiçek Mangal,41.030439,28.940378,amenity:restaurant,restaurant,,,,POINT (28.940378 41.030439)
5112749787,Hakan Cafe Börek Salonu,41.030051,28.941009,amenity:restaurant,restaurant,,,,POINT (28.941009 41.030051)
5112750009,Ebuzer Gifari Türbesi,41.037606,28.94286,historic:tomb,,,tomb,,POINT (28.94286 41.037606)
5112750821,Molla Aşkı Parkı,41.035007,28.943698,tourism:picnic_site,,picnic_site,,,POINT (28.943698 41.035007)
5112750822,Ulubatlı Hasan İlkokulu,41.034938,28.944128,amenity:school,school,,,,POINT (28.944128 41.034938)
5112750824,Tuğra Otopark Yıkama,41.034019,28.941795,amenity:parking,parking,,,,POINT (28.941795 41.034019)
5112750825,Kasturya Sinagogu,41.034214,28.941476,amenity:place_of_worship,place_of_worship,,,,POINT (28.941476 41.034214)
5112750831,İvaz Efendi Çeşmesi,41.037889,28.941146,historic:yes,,,yes,,POINT (28.941146 41.037889)
5112750832,Anemas Cafe,41.038212,28.941596,amenity:cafe,cafe,,,,POINT (28.941596 41.038212)
5112750836,My Blue House,41.038299,28.943653,amenity:cafe,cafe,,,,POINT (28.943653 41.038299)
5112750837,Hazreti Cabir Kız Kuran Kursu,41.038686,28.943454,amenity:school,school,,,,POINT (28.943454 41.038686)
5112750838,Maria Kafe,41.038969,28.943101,amenity:cafe,cafe,,,,POINT (28.943101 41.038969)
5112750850,Derin Cafe,41.038688,28.944457,amenity:cafe,cafe,,,,POINT (28.944457 41.038688)
5112750856,İstanbul Ayvansaray Üniversitesi,41.038035,28.944757,amenity:university,university,,,,POINT (28.944757 41.038035)
5112750874,Mahmut Celalettin Ökten Park,41.034519,28.94523,tourism:picnic_site,,picnic_site,,,POINT (28.94523 41.034519)
5112750901,Cihan Tulumba Baklava,41.033763,28.946156,amenity:restaurant,restaurant,,,,POINT (28.946156 41.033763)
5112750903,Bozkurtlu Lokantası,41.033714,28.946324,amenity:restaurant,restaurant,,,,POINT (28.946324 41.033714)
5112750908,Balat Yanbol Sinagogu,41.033371,28.946205,amenity:place_of_worship,place_of_worship,,,,POINT (28.946205 41.033371)
5112750910,Agora Meyhanesi,41.033349,28.946504,amenity:pub,pub,,,,POINT (28.946504 41.033349)
5112750916,Kuytu Balat,41.03387,28.946495,amenity:cafe,cafe,,,,POINT (28.946495 41.03387)
5112751026,Çayada in balat,41.033851,28.946722,amenity:restaurant,restaurant,,,,POINT (28.946722 41.033851)
5112751028,Agora Meyhanesi,41.033499,28.946867,amenity:pub,pub,,,,POINT (28.946867 41.033499)
5112751033,Reverence Balat,41.033246,28.946579,amenity:cafe,cafe,,,,POINT (28.946579 41.033246)
5112833314,McDonald's,41.008061,28.95324,amenity:fast_food,fast_food,,,,POINT (28.95324 41.008061)
5112833315,Ebru hotel,41.007986,28.95324,tourism:hotel,,hotel,,,POINT (28.95324 41.007986)
5112833316,UPT,41.007827,28.95324,amenity:money_transfer,money_transfer,,,,POINT (28.95324 41.007827)
5112833317,Aksaray polis merkezi,41.007752,28.95324,amenity:police,police,,,,POINT (28.95324 41.007752)
5112834022,Hotelium,41.007583,28.953041,tourism:hotel,,hotel,,,POINT (28.953041 41.007583)
5112834023,Hotel özbek,41.007612,28.95324,tourism:hotel,,hotel,,,POINT (28.95324 41.007612)
5112834024,Konuklar hotel,41.007706,28.952843,tourism:hotel,,hotel,,,POINT (28.952843 41.007706)
5112834025,Pluton hotel,41.007706,28.952762,tourism:hotel,,hotel,,,POINT (28.952762 41.007706)
5112834026,Beyaz geceler restaurant,41.007578,28.952017,amenity:restaurant,restaurant,,,,POINT (28.952017 41.007578)
5112834027,Molino pizza,41.007569,28.951919,amenity:restaurant,restaurant,,,,POINT (28.951919 41.007569)
5112834028,Hotel comfort,41.007569,28.951845,tourism:hotel,,hotel,,,POINT (28.951845 41.007569)
5112834029,Otel hakan,41.007625,28.951673,tourism:hotel,,hotel,,,POINT (28.951673 41.007625)
5112834033,MoneyGram,41.00768,28.951673,amenity:money_transfer,money_transfer,,,,POINT (28.951673 41.00768)
5112834034,Döviz,41.007551,28.951698,amenity:bureau_de_change,bureau_de_change,,,,POINT (28.951698 41.007551)
5112834035,Hotel akkuş,41.007554,28.951661,tourism:hotel,,hotel,,,POINT (28.951661 41.007554)
5112834036,Dubai cafe mini,41.007639,28.951643,amenity:cafe,cafe,,,,POINT (28.951643 41.007639)
5112834037,Prens hotel,41.007965,28.951661,tourism:hotel,,hotel,,,POINT (28.951661 41.007965)
5112834038,Dubai cafe,41.008016,28.951661,amenity:cafe,cafe,,,,POINT (28.951661 41.008016)
5112834045,37 sultan restaurant,41.008685,28.951606,amenity:restaurant,restaurant,,,,POINT (28.951606 41.008685)
5112834046,Hotel real life,41.008578,28.951616,tourism:hotel,,hotel,,,POINT (28.951616 41.008578)
5112834047,Yakamoz restaurant,41.008511,28.951616,amenity:restaurant,restaurant,,,,POINT (28.951616 41.008511)
5112834048,Balkan lokantası,41.008452,28.951616,amenity:restaurant,restaurant,,,,POINT (28.951616 41.008452)
5112834049,Kebap dünyası,41.008352,28.951616,amenity:restaurant,restaurant,,,,POINT (28.951616 41.008352)
5112834050,Hotel ender,41.008268,28.951705,tourism:hotel,,hotel,,,POINT (28.951705 41.008268)
5112834051,Hotel metropoli,41.008268,28.951883,tourism:hotel,,hotel,,,POINT (28.951883 41.008268)
5112834052,Demet lahmacun kebap,41.008276,28.952062,amenity:restaurant,restaurant,,,,POINT (28.952062 41.008276)
5112834053,Hat döner,41.008167,28.951661,amenity:fast_food,fast_food,,,,POINT (28.951661 41.008167)
5112834054,Vatan lokantası,41.008175,28.951817,amenity:restaurant,restaurant,,,,POINT (28.951817 41.008175)
5112834055,Ali usta baklava,41.008167,28.951906,amenity:restaurant,restaurant,,,,POINT (28.951906 41.008167)
5112834056,Tat restaurant,41.008175,28.952062,amenity:restaurant,restaurant,,,,POINT (28.952062 41.008175)
5112834057,Nurtane eczanesi,41.008184,28.952863,amenity:pharmacy,pharmacy,,,,POINT (28.952863 41.008184)
5112834058,Güler eczanesi,41.00815,28.951995,amenity:pharmacy,pharmacy,,,,POINT (28.951995 41.00815)
5112834059,Manolya ecazanesi,41.00817,28.951754,amenity:pharmacy,pharmacy,,,,POINT (28.951754 41.00817)
5112834068,Altın şiş kebap,41.0082,28.952516,amenity:restaurant,restaurant,,,,POINT (28.952516 41.0082)
5112834069,Hotel bilal,41.008195,28.952596,tourism:hotel,,hotel,,,POINT (28.952596 41.008195)
5112834070,Modül bar,41.008201,28.952647,amenity:bar,bar,,,,POINT (28.952647 41.008201)
5112834071,Kakule cafe ve restaurant,41.00831,28.95264,amenity:restaurant,restaurant,,,,POINT (28.95264 41.00831)
5112834072,Hotel palarmo,41.00831,28.95273,tourism:hotel,,hotel,,,POINT (28.95273 41.00831)
5112834073,Android restaurant,41.00831,28.952796,amenity:restaurant,restaurant,,,,POINT (28.952796 41.00831)
5112834074,Sekiz kardşler patisseie cafe restaurant,41.00831,28.952908,amenity:cafe,cafe,,,,POINT (28.952908 41.00831)
5112834075,Koç döviz,41.008184,28.95293,amenity:bureau_de_change,bureau_de_change,,,,POINT (28.95293 41.008184)
5112834076,Vakıfbank,41.008184,28.953041,amenity:bank,bank,,,,POINT (28.953041 41.008184)
5112834077,Garanti Bankası,41.008318,28.953152,amenity:bank,bank,,,,POINT (28.953152 41.008318)
5112834078,Imga hotel,41.00863,28.953122,tourism:hotel,,hotel,,,POINT (28.953122 41.00863)
5112834079,Erciyes büfe,41.008688,28.953086,amenity:fast_food,fast_food,,,,POINT (28.953086 41.008688)
5112834086,Musaoğlu saatçilik,41.00878,28.95313,amenity:clock,clock,,,,POINT (28.95313 41.00878)
5112834088,Vakıfbank,41.008908,28.952986,amenity:bank,bank,,,,POINT (28.952986 41.008908)
5112834089,Aksaray Merkez Eczanesi,41.008949,28.952655,amenity:pharmacy,pharmacy,,,,POINT (28.952655 41.008949)
5112834090,Maranda cafe,41.008992,28.95193,amenity:cafe,cafe,,,,POINT (28.95193 41.008992)
5112834091,Sultanahmet köftecisi,41.008995,28.951685,amenity:restaurant,restaurant,,,,POINT (28.951685 41.008995)
5112834092,Durak cafe ve börek,41.008953,28.95258,amenity:cafe,cafe,,,,POINT (28.95258 41.008953)
5112834093,Hotel grand ömer,41.008961,28.952514,tourism:hotel,,hotel,,,POINT (28.952514 41.008961)
5112834105,ING,41.008974,28.952326,amenity:bank,bank,,,,POINT (28.952326 41.008974)
5112834106,Yapı Kredi,41.008983,28.95203,amenity:bank,bank,,,,POINT (28.95203 41.008983)
5112834107,QNB,41.008992,28.95179,amenity:bank,bank,,,,POINT (28.95179 41.008992)
5112834108,Ergün döviz,41.008993,28.951656,amenity:bureau_de_change,bureau_de_change,,,,POINT (28.951656 41.008993)
5112834109,Garanti Bankası,41.009201,28.950516,amenity:atm,atm,,,,POINT (28.950516 41.009201)
5112966974,Erciyes hotel,41.004855,28.946952,tourism:hotel,,hotel,,,POINT (28.946952 41.004855)
5112966975,Yenikapı Piknik Alanı,40.997923,28.948544,tourism:picnic_site,,picnic_site,,,POINT (28.948544 40.997923)
5112966976,Marmara türkü evi ve cafe,41.003127,28.953155,amenity:cafe,cafe,,,,POINT (28.953155 41.003127)
5112966977,Arzum cafe nargile,41.003185,28.953224,amenity:cafe,cafe,,,,POINT (28.953224 41.003185)
5112966978,Tuana restaurant,41.003409,28.953112,amenity:restaurant,restaurant,,,,POINT (28.953112 41.003409)
5112966981,Avrasya Queen Hotel,41.003778,28.952981,tourism:hotel,,hotel,,,POINT (28.952981 41.003778)
5112966982,Unnamed POI,41.0046,28.953224,amenity:cafe,cafe,,,,POINT (28.953224 41.0046)
5112966984,Unnamed POI,41.005018,28.953327,amenity:restaurant,restaurant,,,,POINT (28.953327 41.005018)
5112966985,Gar Casino,41.005213,28.953258,amenity:bar,bar,,,,POINT (28.953258 41.005213)
5112966986,Sevinç simit salonu,41.00723,28.952966,amenity:restaurant,restaurant,,,,POINT (28.952966 41.00723)
5112966987,Lider döviz,41.0076,28.953282,amenity:bureau_de_change,bureau_de_change,,,,POINT (28.953282 41.0076)
5112966994,Döner kebap,41.0081,28.95236,amenity:fast_food,fast_food,,,,POINT (28.95236 41.0081)
5112966995,Hotel ova,41.008046,28.95237,tourism:hotel,,hotel,,,POINT (28.95237 41.008046)
5112966996,Pluton restaurant,41.007891,28.95255,amenity:restaurant,restaurant,,,,POINT (28.95255 41.007891)
5112966997,Fly hotel,41.007358,28.952571,tourism:hotel,,hotel,,,POINT (28.952571 41.007358)
5112966998,Pelican house otel,41.007445,28.952464,tourism:hotel,,hotel,,,POINT (28.952464 41.007445)
5112966999,Prens hotel,41.007301,28.952475,tourism:hotel,,hotel,,,POINT (28.952475 41.007301)
5112967005,Hotel akyıldız,41.006563,28.953025,tourism:hotel,,hotel,,,POINT (28.953025 41.006563)
5112967006,Marmaray gargom cafe,41.00645,28.951747,amenity:cafe,cafe,,,,POINT (28.951747 41.00645)
5112967018,Marmara Place Hotel,41.006879,28.953058,tourism:hotel,,hotel,,,POINT (28.953058 41.006879)
5112971821,Grand ant,41.006959,28.952897,tourism:hotel,,hotel,,,POINT (28.952897 41.006959)
5112971822,Hotel adler,41.007021,28.952594,tourism:hotel,,hotel,,,POINT (28.952594 41.007021)
5112971823,Bilir dürüm,41.007094,28.95226,amenity:fast_food,fast_food,,,,POINT (28.95226 41.007094)
5112971838,Marmaray çay evi,41.006852,28.9517,amenity:cafe,cafe,,,,POINT (28.9517 41.006852)
5112971839,Bolu tat lokantası,41.006665,28.951675,amenity:restaurant,restaurant,,,,POINT (28.951675 41.006665)
5112971840,Marmaris döner,41.006459,28.951675,amenity:fast_food,fast_food,,,,POINT (28.951675 41.006459)
5112971844,Dürümcü mehmetin yeri,41.007115,28.95165,amenity:restaurant,restaurant,,,,POINT (28.95165 41.007115)
5112971845,Hotel grand istanbul,41.007377,28.951675,tourism:hotel,,hotel,,,POINT (28.951675 41.007377)
5112971846,Villa büfe,41.007499,28.95165,amenity:fast_food,fast_food,,,,POINT (28.95165 41.007499)
5113125300,Hazal Döner,41.003934,28.931798,amenity:restaurant,restaurant,,,,POINT (28.931798 41.003934)
5113125301,Can Can Cafe,41.00379,28.931253,amenity:cafe,cafe,,,,POINT (28.931253 41.00379)
5113125304,Ömer Usta Çiğköfteci,41.003767,28.931252,amenity:fast_food,fast_food,,,,POINT (28.931252 41.003767)
5113125306,Seyran Pastanesi,41.003774,28.931112,amenity:restaurant,restaurant,,,,POINT (28.931112 41.003774)
5113125307,Paşa Sports,41.003655,28.930922,leisure:sports_centre,,,,sports_centre,POINT (28.930922 41.003655)
5113125308,Dilek Pastanesi,41.003669,28.93101,amenity:restaurant,restaurant,,,,POINT (28.93101 41.003669)
5113125320,Neco Kornet Dondurma,41.003508,28.930016,amenity:cafe,cafe,,,,POINT (28.930016 41.003508)
5113125921,Hazal Pide Ve Börek Salonu,41.003542,28.929973,amenity:restaurant,restaurant,,,,POINT (28.929973 41.003542)
5113125923,Eczane Kırıştıoğlu,41.003648,28.929798,amenity:pharmacy,pharmacy,,,,POINT (28.929798 41.003648)
5113125924,Doy Doy Çiğ Köfte,41.003665,28.929758,amenity:fast_food,fast_food,,,,POINT (28.929758 41.003665)
5113125925,Eczane Yılmaz,41.003706,28.929677,amenity:pharmacy,pharmacy,,,,POINT (28.929677 41.003706)
5113125929,Sarıyer Börekçisi,41.003817,28.929548,amenity:fast_food,fast_food,,,,POINT (28.929548 41.003817)
5113125932,Finansbank,41.00398,28.929432,amenity:atm,atm,,,,POINT (28.929432 41.00398)
5113125934,Ptt Kocamostafapaşa,41.004167,28.929367,amenity:post_office,post_office,,,,POINT (28.929367 41.004167)
5113125938,Çay Evi,41.004171,28.928847,amenity:cafe,cafe,,,,POINT (28.928847 41.004171)
5113125939,Namlı Pastırma ve Peynir,41.004126,28.928647,amenity:fast_food,fast_food,,,,POINT (28.928647 41.004126)
5113125941,Paşa Dent,41.004089,28.928596,amenity:dentist,dentist,,,,POINT (28.928596 41.004089)
5113125943,Uğurcan Eczane,41.004012,28.928449,amenity:pharmacy,pharmacy,,,,POINT (28.928449 41.004012)
5113125947,Kurtasiye,41.003678,28.927683,amenity:library,library,,,,POINT (28.927683 41.003678)
5113125950,Arslan Eczanesi,41.003642,28.927585,amenity:pharmacy,pharmacy,,,,POINT (28.927585 41.003642)
5113125951,İmamoğlu Kebap ve Lahmacun Salonu,41.00366,28.927636,amenity:restaurant,restaurant,,,,POINT (28.927636 41.00366)
5113125959,Oses Çiğköfte,41.003752,28.926734,amenity:fast_food,fast_food,,,,POINT (28.926734 41.003752)
5113125964,Konak Kafe,41.003712,28.923179,amenity:cafe,cafe,,,,POINT (28.923179 41.003712)
5113126638,Denizbank,41.00396,28.931735,amenity:bank,bank,,,,POINT (28.931735 41.00396)
5113126639,Denizbank,41.00396,28.931702,amenity:atm,atm,,,,POINT (28.931702 41.00396)
5113126640,Kuveyt Türk,41.004015,28.931674,amenity:atm,atm,,,,POINT (28.931674 41.004015)
5113126641,Kuveyt Türk,41.004017,28.931699,amenity:bank,bank,,,,POINT (28.931699 41.004017)
5113126642,Sunya Cafe,41.004038,28.931682,amenity:cafe,cafe,,,,POINT (28.931682 41.004038)
5113126649,Akbank,41.004289,28.93167,amenity:atm,atm,,,,POINT (28.93167 41.004289)
5113126650,Akbank,41.004286,28.931709,amenity:bank,bank,,,,POINT (28.931709 41.004286)
5113126651,Avrasya Sürücü Kursu,41.004338,28.931782,amenity:school,school,,,,POINT (28.931782 41.004338)
5113126654,Çorbacı Alaaddin Ustanın Yeri,41.004565,28.931598,amenity:restaurant,restaurant,,,,POINT (28.931598 41.004565)
5113126655,Türkiye İş Bankası,41.004371,28.931476,amenity:atm,atm,,,,POINT (28.931476 41.004371)
5113126656,QNB Finansbank ATM,41.004466,28.931453,amenity:atm,atm,,,,POINT (28.931453 41.004466)
5113126657,Garanti Bankası,41.004496,28.931456,amenity:atm,atm,,,,POINT (28.931456 41.004496)
5113126660,Patso King,41.005478,28.931396,amenity:fast_food,fast_food,,,,POINT (28.931396 41.005478)
5113126666,Diş Hekimi Bedri Kucur,41.005977,28.931343,amenity:dentist,dentist,,,,POINT (28.931343 41.005977)
5113126667,Diş Hekimi Elif Donat,41.00613,28.931403,amenity:dentist,dentist,,,,POINT (28.931403 41.00613)
5113126671,Pişkin Tekel,41.006254,28.931366,amenity:pub,pub,,,,POINT (28.931366 41.006254)
5113126672,Merve Pastaneleri,41.006289,28.931036,amenity:restaurant,restaurant,,,,POINT (28.931036 41.006289)
5113126673,Kokoreçcim,41.006368,28.931362,amenity:fast_food,fast_food,,,,POINT (28.931362 41.006368)
5113126676,Beyaz Çizgi Ağız ve Diş Sağılı Polikliniği,41.006493,28.931368,amenity:dentist,dentist,,,,POINT (28.931368 41.006493)
5113126682,Öz Antep Tatlıcısı,41.00664,28.931144,amenity:restaurant,restaurant,,,,POINT (28.931144 41.00664)
5113126686,Etibeyaz,41.006451,28.931103,amenity:restaurant,restaurant,,,,POINT (28.931103 41.006451)
5113126687,Kirik Çatal Lokantasi,41.006116,28.931073,amenity:restaurant,restaurant,,,,POINT (28.931073 41.006116)
5113126688,Yavuz Eczanesi,41.00633,28.931094,amenity:pharmacy,pharmacy,,,,POINT (28.931094 41.00633)
5113126689,Osmanlı Tulumba Baklava,41.005996,28.930952,amenity:restaurant,restaurant,,,,POINT (28.930952 41.005996)
5113126690,Paşa Balık,41.005952,28.930858,amenity:restaurant,restaurant,,,,POINT (28.930858 41.005952)
5113126692,Koçyiğit Tekel,41.005818,28.931107,amenity:pub,pub,,,,POINT (28.931107 41.005818)
5113126700,Uğur Çay Evi,41.005503,28.930986,amenity:cafe,cafe,,,,POINT (28.930986 41.005503)
5113126701,Cafe Patika,41.005256,28.93082,amenity:cafe,cafe,,,,POINT (28.93082 41.005256)
5113126702,Bağdatlım,41.00518,28.930981,amenity:restaurant,restaurant,,,,POINT (28.930981 41.00518)
5113126710,Rumeli Köfte Ve Yemek Salonu,41.004562,28.931118,amenity:restaurant,restaurant,,,,POINT (28.931118 41.004562)
5113126711,Marmaris Büfe,41.004632,28.93111,amenity:fast_food,fast_food,,,,POINT (28.93111 41.004632)
5113126712,Pasta Sanatı,41.004605,28.931112,amenity:cafe,cafe,,,,POINT (28.931112 41.004605)
5113126713,Dr. M. Nafiz Karagözoğlu İç Hastalıkları Uzmanı,41.004466,28.931087,amenity:doctors,doctors,,,,POINT (28.931087 41.004466)
5113127732,UMUT Ağız ve Dış Sağlığı Polikliniği,41.004229,28.931076,amenity:dentist,dentist,,,,POINT (28.931076 41.004229)
5113127734,Big Mammas,41.004258,28.931078,amenity:restaurant,restaurant,,,,POINT (28.931078 41.004258)
5113127736,Garanti Bankası,41.004135,28.931152,amenity:bank,bank,,,,POINT (28.931152 41.004135)
5113127737,Garanti Bankası,41.004147,28.931207,amenity:atm,atm,,,,POINT (28.931207 41.004147)
5113127739,Durak Pide ve Börek,41.004087,28.931174,amenity:restaurant,restaurant,,,,POINT (28.931174 41.004087)
5113127740,Hafızoğulları Lokantası,41.003911,28.931233,amenity:restaurant,restaurant,,,,POINT (28.931233 41.003911)
5113127741,Unkap Pastanesi,41.003935,28.931266,amenity:cafe,cafe,,,,POINT (28.931266 41.003935)
5113127744,Ganyan Cafe,41.00386,28.931244,amenity:cafe,cafe,,,,POINT (28.931244 41.00386)
5113127745,Zafer Büfe,41.003878,28.93128,amenity:fast_food,fast_food,,,,POINT (28.93128 41.003878)
5113127747,Eczane Özgün,41.003815,28.931315,amenity:pharmacy,pharmacy,,,,POINT (28.931315 41.003815)
5113127748,Çay Evi,41.005187,28.931549,amenity:cafe,cafe,,,,POINT (28.931549 41.005187)
5113127749,Club Sporıuum,41.005252,28.93143,leisure:fitness_centre,,,,fitness_centre,POINT (28.93143 41.005252)
5113127752,Sefa Cafe,41.005748,28.932444,amenity:cafe,cafe,,,,POINT (28.932444 41.005748)
5113127757,Çevre Otopark,41.006138,28.932367,amenity:parking,parking,,,,POINT (28.932367 41.006138)
5113127760,Cem Otopark,41.004356,28.932143,amenity:parking,parking,,,,POINT (28.932143 41.004356)
5113127761,Diş Hekimi Filiz Kır,41.004159,28.932419,amenity:dentist,dentist,,,,POINT (28.932419 41.004159)
5113127910,Grand Madrid Hotel,41.007237,28.956186,tourism:hotel,,hotel,,,POINT (28.956186 41.007237)
5113127912,Tanin Hotel,41.007393,28.956171,tourism:hotel,,hotel,,,POINT (28.956171 41.007393)
5113128025,Garanti Bankası,41.008247,28.956614,amenity:bank,bank,,,,POINT (28.956614 41.008247)
5113128031,Büyük Paris Hotel,41.008225,28.957218,tourism:hotel,,hotel,,,POINT (28.957218 41.008225)
5113128035,Malkoç Hotel,41.008242,28.957005,tourism:hotel,,hotel,,,POINT (28.957005 41.008242)
5113128055,Hotel Sahinler,41.008848,28.95749,tourism:hotel,,hotel,,,POINT (28.95749 41.008848)
5113128057,Prestige Hotel,41.009058,28.957438,tourism:hotel,,hotel,,,POINT (28.957438 41.009058)
5113128060,Martinenz Hotel,41.009192,28.95738,tourism:hotel,,hotel,,,POINT (28.95738 41.009192)
5113128077,Eczane Laleli Merkez,41.00939,28.956525,amenity:pharmacy,pharmacy,,,,POINT (28.956525 41.00939)
5113128078,Hacı Bozan Oğulları,41.009362,28.95625,amenity:restaurant,restaurant,,,,POINT (28.95625 41.009362)
5113128083,The Time Hotel Old City,41.009348,28.955923,tourism:hotel,,hotel,,,POINT (28.955923 41.009348)
5113128090,Western Union,41.00939,28.955458,amenity:money_transfer,money_transfer,,,,POINT (28.955458 41.00939)
5113128091,QNB,41.009385,28.955426,amenity:bank,bank,,,,POINT (28.955426 41.009385)
5113128096,Eskar Hotel,41.009307,28.954699,tourism:hotel,,hotel,,,POINT (28.954699 41.009307)
5113128097,Vakıfbank,41.009334,28.954831,amenity:bank,bank,,,,POINT (28.954831 41.009334)
5113128099,Eczane Yağmur,41.009356,28.954514,amenity:pharmacy,pharmacy,,,,POINT (28.954514 41.009356)
5113128101,Unnamed POI,41.009348,28.954557,amenity:cafe,cafe,,,,POINT (28.954557 41.009348)
5113128103,Mado,41.009363,28.954476,amenity:cafe,cafe,,,,POINT (28.954476 41.009363)
5113128104,Fibabanka,41.009376,28.954327,amenity:bank,bank,,,,POINT (28.954327 41.009376)
5113128108,Amethyst Hotel,41.009269,28.955085,tourism:hotel,,hotel,,,POINT (28.955085 41.009269)
5113128109,River Hotel,41.009145,28.954753,tourism:hotel,,hotel,,,POINT (28.954753 41.009145)
5113128110,Dr.Ahmet Arpaci,41.009155,28.954426,amenity:doctors,doctors,,,,POINT (28.954426 41.009155)
5113128221,Türkiye Finans,41.00902,28.953794,amenity:bank,bank,,,,POINT (28.953794 41.00902)
5113128222,Akbank,41.008802,28.953783,amenity:bank,bank,,,,POINT (28.953783 41.008802)
5113128223,Istanbul Trend Hotel,41.008679,28.953744,tourism:hotel,,hotel,,,POINT (28.953744 41.008679)
5113128224,Türkiye İş Bankası,41.008583,28.953713,amenity:bank,bank,,,,POINT (28.953713 41.008583)
5113128225,Halkbank,41.00864,28.953712,amenity:bank,bank,,,,POINT (28.953712 41.00864)
5113128231,Tosunlar Döviz,41.008113,28.953709,amenity:bureau_de_change,bureau_de_change,,,,POINT (28.953709 41.008113)
5113128235,Aras Baklava Pasta ve Cafe,41.008098,28.953728,amenity:cafe,cafe,,,,POINT (28.953728 41.008098)
5113128237,Beyoğlu Halk Döner,41.008,28.953722,amenity:restaurant,restaurant,,,,POINT (28.953722 41.008)
5113128246,Hotel Arsemia,41.007783,28.953776,tourism:hotel,,hotel,,,POINT (28.953776 41.007783)
5113128247,Yılmaz Döviz,41.00779,28.95372,amenity:bureau_de_change,bureau_de_change,,,,POINT (28.95372 41.00779)
5113128248,İstanbul Restoran,41.007658,28.953819,amenity:restaurant,restaurant,,,,POINT (28.953819 41.007658)
5113128250,Kiziroğlu Haşimioğlu,41.007547,28.953835,amenity:bureau_de_change,bureau_de_change,,,,POINT (28.953835 41.007547)
5113128252,Cash Money Transfer,41.007464,28.953817,amenity:money_transfer,money_transfer,,,,POINT (28.953817 41.007464)
5113128255,Simit Sarayı,41.007356,28.953839,amenity:restaurant,restaurant,,,,POINT (28.953839 41.007356)
5113462472,Çobanoğlu Baklavacı,41.017466,28.950302,amenity:cafe,cafe,,,,POINT (28.950302 41.017466)
5113462473,Otel Erciyes,41.017485,28.950355,tourism:hotel,,hotel,,,POINT (28.950355 41.017485)
5113462474,Emin Büfe,41.01756,28.950479,amenity:fast_food,fast_food,,,,POINT (28.950479 41.01756)
5113462475,Köfteci,41.017297,28.950828,amenity:fast_food,fast_food,,,,POINT (28.950828 41.017297)
5113462476,Çikolata hane,41.017253,28.950878,amenity:cafe,cafe,,,,POINT (28.950878 41.017253)
5113462477,Muhabbeteyn,41.017155,28.950925,amenity:cafe,cafe,,,,POINT (28.950925 41.017155)
5113462479,Olympic spor salonu,41.017033,28.951071,leisure:fitness_centre,,,,fitness_centre,POINT (28.951071 41.017033)
5113462480,Hanımeli kıztaşı,41.016929,28.951172,amenity:restaurant,restaurant,,,,POINT (28.951172 41.016929)
5113462481,Cafe dem,41.016853,28.951378,amenity:cafe,cafe,,,,POINT (28.951378 41.016853)
5113464991,Kardesler cafe,41.017102,28.951702,amenity:cafe,cafe,,,,POINT (28.951702 41.017102)
5113464997,Ali Baba,41.017298,28.951543,amenity:fast_food,fast_food,,,,POINT (28.951543 41.017298)
5113465000,Asude,41.017506,28.951581,amenity:cafe,cafe,,,,POINT (28.951581 41.017506)
5113465002,Gölge Kitabevi,41.017701,28.951317,amenity:library,library,,,,POINT (28.951317 41.017701)
5113465003,Fatih reşadiye hotel,41.017761,28.951254,tourism:hotel,,hotel,,,POINT (28.951254 41.017761)
5113465006,Pelin eczanesi,41.018548,28.951965,amenity:pharmacy,pharmacy,,,,POINT (28.951965 41.018548)
5113465007,Darüşşifa aile sağlığı merkezi,41.01885,28.951783,amenity:clinic,clinic,,,,POINT (28.951783 41.01885)
5113465008,Satli kahve,41.019639,28.951807,amenity:cafe,cafe,,,,POINT (28.951807 41.019639)
5113465011,Bumara,41.019191,28.95101,amenity:cafe,cafe,,,,POINT (28.95101 41.019191)
5113465012,Somuncu baba,41.019002,28.951097,amenity:cafe,cafe,,,,POINT (28.951097 41.019002)
5113465013,Divan,41.018785,28.951254,amenity:cafe,cafe,,,,POINT (28.951254 41.018785)
5113465014,Duvardibi,41.018501,28.951481,amenity:cafe,cafe,,,,POINT (28.951481 41.018501)
5113465015,Gaziantep ünal,41.018463,28.951563,amenity:restaurant,restaurant,,,,POINT (28.951563 41.018463)
5113465016,Hanifi dayı,41.018381,28.951584,amenity:cafe,cafe,,,,POINT (28.951584 41.018381)
5113465019,Diyar Cafe,41.018217,28.951823,amenity:cafe,cafe,,,,POINT (28.951823 41.018217)
5113465020,Şelale çay evi,41.01796,28.952025,amenity:cafe,cafe,,,,POINT (28.952025 41.01796)
5113465221,Eren Oto Elektrik,41.017905,28.952099,amenity:car_rental,car_rental,,,,POINT (28.952099 41.017905)
5113465222,Babüsselam,41.017857,28.95216,amenity:cafe,cafe,,,,POINT (28.95216 41.017857)
5113465223,Şam kahvesi,41.017839,28.952099,amenity:cafe,cafe,,,,POINT (28.952099 41.017839)
5113465224,Meşhur unkapanı pilavcisi,41.01786,28.952307,amenity:fast_food,fast_food,,,,POINT (28.952307 41.01786)
5113465226,Cafe 1453,41.017986,28.952535,amenity:cafe,cafe,,,,POINT (28.952535 41.017986)
5113465228,Miraç Çay Evi,41.018057,28.952478,amenity:cafe,cafe,,,,POINT (28.952478 41.018057)
5113465229,Cafe Fırat,41.018081,28.952752,amenity:cafe,cafe,,,,POINT (28.952752 41.018081)
5113465230,Babi yaren,41.018168,28.952713,amenity:cafe,cafe,,,,POINT (28.952713 41.018168)
5113465231,Beyrut,41.018253,28.952635,amenity:cafe,cafe,,,,POINT (28.952635 41.018253)
5113465232,Araf coffe,41.01832,28.952749,amenity:cafe,cafe,,,,POINT (28.952749 41.01832)
5113465233,Lena,41.018283,28.952602,amenity:cafe,cafe,,,,POINT (28.952602 41.018283)
5113465234,Tarihi At Pazarı,41.018498,28.952562,amenity:cafe,cafe,,,,POINT (28.952562 41.018498)
5113465235,Eski kafa,41.018327,28.95257,amenity:cafe,cafe,,,,POINT (28.95257 41.018327)
5113465236,Peron,41.018377,28.952522,amenity:cafe,cafe,,,,POINT (28.952522 41.018377)
5113465237,Dersaadet,41.018417,28.952483,amenity:cafe,cafe,,,,POINT (28.952483 41.018417)
5113465238,Minder nargile,41.01849,28.952407,amenity:cafe,cafe,,,,POINT (28.952407 41.01849)
5113465239,Bezmi safa,41.018457,28.952445,amenity:cafe,cafe,,,,POINT (28.952445 41.018457)
5113465240,Dayılar Çay Ocağı,41.01861,28.952442,amenity:cafe,cafe,,,,POINT (28.952442 41.01861)
5113465241,Araf coffe lab,41.018507,28.9531,amenity:cafe,cafe,,,,POINT (28.9531 41.018507)
5113465245,Öz takbir 3,41.018925,28.952557,amenity:fast_food,fast_food,,,,POINT (28.952557 41.018925)
5113465249,Akçiçek,41.018884,28.952475,amenity:fast_food,fast_food,,,,POINT (28.952475 41.018884)
5113465251,Fatih dekorasyon,41.018777,28.952342,amenity:restaurant,restaurant,,,,POINT (28.952342 41.018777)
5113465252,Zuhal pastanesi,41.018732,28.952465,amenity:cafe,cafe,,,,POINT (28.952465 41.018732)
5113465254,Beşir usta,41.018579,28.952203,amenity:fast_food,fast_food,,,,POINT (28.952203 41.018579)
5113465257,Hat döner,41.018681,28.952187,amenity:fast_food,fast_food,,,,POINT (28.952187 41.018681)
5113465262,Yeni hayat,41.018464,28.951826,amenity:pharmacy,pharmacy,,,,POINT (28.951826 41.018464)
5113465263,Özcan Sürücü Kursu,41.018375,28.951684,amenity:driving_school,driving_school,,,,POINT (28.951684 41.018375)
5113465264,Rumeli Dondurma & Tatlı,41.018325,28.951763,amenity:restaurant,restaurant,,,,POINT (28.951763 41.018325)
5113465266,Has menzil,41.018226,28.951567,amenity:fast_food,fast_food,,,,POINT (28.951567 41.018226)
5113465267,Kebapçi salıh usta,41.018202,28.951524,amenity:restaurant,restaurant,,,,POINT (28.951524 41.018202)
5113465268,Asrı sani cay evi,41.018169,28.951437,amenity:cafe,cafe,,,,POINT (28.951437 41.018169)
5113465269,Tarihi merkez çay evi,41.018136,28.951372,amenity:cafe,cafe,,,,POINT (28.951372 41.018136)
5113465270,Fatih Köfte ve Yemek Salonu,41.018103,28.951285,amenity:restaurant,restaurant,,,,POINT (28.951285 41.018103)
5113465273,BP,41.017775,28.950957,amenity:fuel,fuel,,,,POINT (28.950957 41.017775)
5113469916,Öz karadeniz pide salonu,41.023236,28.946735,amenity:restaurant,restaurant,,,,POINT (28.946735 41.023236)
5113470951,Özel Olcay Yüksek Öğrenim Kız Öğrenci Yurdu,41.017674,28.926281,tourism:hostel,,hostel,,,POINT (28.926281 41.017674)
5113470952,Özel Ulubat Kız Öğrenci Yurdu,41.017635,28.926319,tourism:hostel,,hostel,,,POINT (28.926319 41.017635)
5113470953,Kalburcu Mehmet Parki,41.01741,28.926031,leisure:park,,,,park,POINT (28.926031 41.01741)
5113470955,Samsat Cigkofte,41.017122,28.926388,amenity:restaurant,restaurant,,,,POINT (28.926388 41.017122)
5113470957,Kıroğlu Oto Park ve Oto Yıkama,41.017269,28.926987,amenity:parking,parking,,,,POINT (28.926987 41.017269)
5113470958,Holiday Inn Istanbul City,41.01814,28.926532,tourism:hotel,,hotel,,,POINT (28.926532 41.01814)
5113470959,Aksu Hotel,41.018172,28.926203,tourism:hotel,,hotel,,,POINT (28.926203 41.018172)
5113470960,Cekici Park,41.017838,28.925648,amenity:parking,parking,,,,POINT (28.925648 41.017838)
5113470961,Topkapı Park,41.018027,28.924993,amenity:parking,parking,,,,POINT (28.924993 41.018027)
5113470962,Kırımlı park,41.016571,28.92432,leisure:park,,,,park,POINT (28.92432 41.016571)
5113470963,Zeynep Eczanesi,41.016192,28.924918,amenity:pharmacy,pharmacy,,,,POINT (28.924918 41.016192)
5113470965,Türktaş Sitesi,41.015498,28.924634,leisure:fitness_centre,,,,fitness_centre,POINT (28.924634 41.015498)
5113470971,Çiğköfte Durağı,41.014086,28.924441,amenity:fast_food,fast_food,,,,POINT (28.924441 41.014086)
5113470974,Yeraltı Cafe,41.013482,28.923816,amenity:cafe,cafe,,,,POINT (28.923816 41.013482)
5113470975,Mevlanakapı Merkez Efendi Köftecisi,41.013531,28.924072,amenity:restaurant,restaurant,,,,POINT (28.924072 41.013531)
5113470977,Örümceksiz Otopark,41.014119,28.926328,amenity:parking,parking,,,,POINT (28.926328 41.014119)
5113470978,Melek Hatun İlköğretim Okulu,41.014673,28.924935,amenity:school,school,,,,POINT (28.924935 41.014673)
5113470986,Meşhur Çiğbörek,41.014573,28.92758,amenity:restaurant,restaurant,,,,POINT (28.92758 41.014573)
5113470992,Tunç Otopark,41.015254,28.927047,amenity:parking,parking,,,,POINT (28.927047 41.015254)
5113470994,Yaren Çay Ocağı,41.014897,28.927532,amenity:cafe,cafe,,,,POINT (28.927532 41.014897)
5113470996,Abalı Quesillas Mexican Restaurant,41.015183,28.927596,amenity:restaurant,restaurant,,,,POINT (28.927596 41.015183)
5113470997,Ham Ham Tost Döner Kahvaltı Evi,41.015498,28.926687,amenity:fast_food,fast_food,,,,POINT (28.926687 41.015498)
5113470999,Melek Hatun Eczanesi,41.015795,28.925866,amenity:pharmacy,pharmacy,,,,POINT (28.925866 41.015795)
5113471000,Ali Nar İmam Hatip Ortaokul,41.016212,28.925753,amenity:school,school,,,,POINT (28.925753 41.016212)
5113471004,Umut Otopark,41.016422,28.926637,amenity:parking,parking,,,,POINT (28.926637 41.016422)
5113471005,Lig Radyo,41.016215,28.926799,amenity:social_facility,social_facility,,,,POINT (28.926799 41.016215)
5113471007,İbrahim Alaettin Gövsa Ortaokulu,41.016304,28.927207,amenity:school,school,,,,POINT (28.927207 41.016304)
5113471008,Engin Sever Anaokulu,41.016619,28.927375,amenity:kindergarten,kindergarten,,,,POINT (28.927375 41.016619)
5113471009,Atatürk Mesleki ve Teknik Anadolu Lisesi,41.017229,28.927602,amenity:school,school,,,,POINT (28.927602 41.017229)
5113471034,Sezgin eczanesi,41.022376,28.945241,amenity:pharmacy,pharmacy,,,,POINT (28.945241 41.022376)
5113471036,Ali Suavi İlköğretim Okulu,41.016651,28.951446,amenity:school,school,,,,POINT (28.951446 41.016651)
5113471037,Cafe klas,41.016687,28.951509,amenity:cafe,cafe,,,,POINT (28.951509 41.016687)
5113471038,Bayrut oğlu lokantasi,41.016913,28.951554,amenity:restaurant,restaurant,,,,POINT (28.951554 41.016913)
5113471039,Fatih cafe,41.016745,28.951546,amenity:cafe,cafe,,,,POINT (28.951546 41.016745)
5113471040,Almahaba restaurant,41.016651,28.951281,amenity:restaurant,restaurant,,,,POINT (28.951281 41.016651)
5113471041,Mevlana ağız Ve Diş Sağlığı Polikliniği,41.016866,28.95165,amenity:dentist,dentist,,,,POINT (28.95165 41.016866)
5113471042,Elif dürüm,41.016935,28.951586,amenity:fast_food,fast_food,,,,POINT (28.951586 41.016935)
5113471043,Sohbet Çay Evi,41.016891,28.951667,amenity:cafe,cafe,,,,POINT (28.951667 41.016891)
5113471045,Hayhay kahve,41.017453,28.951356,amenity:cafe,cafe,,,,POINT (28.951356 41.017453)
5113471049,Bizim köfte,41.017154,28.950691,amenity:restaurant,restaurant,,,,POINT (28.950691 41.017154)
5113471053,Kökler kitabevi,41.016904,28.951154,amenity:library,library,,,,POINT (28.951154 41.016904)
5113472203,Cafe Dostlar,41.0065,28.923122,amenity:cafe,cafe,,,,POINT (28.923122 41.0065)
5113472206,Global 777 cargo,41.0067,28.923993,amenity:post_office,post_office,,,,POINT (28.923993 41.0067)
5113472207,Şahin Kardeşler 1 Börek Salonu,41.00665,28.923808,amenity:restaurant,restaurant,,,,POINT (28.923808 41.00665)
5113472210,Görkem Halı Saha,41.007571,28.923901,amenity:social_facility,social_facility,,,,POINT (28.923901 41.007571)
5113472212,OKTAY SPOR TESİSLERİ 2,41.007803,28.924023,amenity:social_facility,social_facility,,,,POINT (28.924023 41.007803)
5113472213,Sılıvrıkapı Anaokulu School,41.008048,28.923626,amenity:school,school,,,,POINT (28.923626 41.008048)
5113472215,Mevlanakapı Yükseköğretim Kız Öğrenci Yurdu,41.008931,28.92458,tourism:hostel,,hostel,,,POINT (28.92458 41.008931)
5113472216,Turgev Mevlanakapı kız Yurdu,41.009342,28.9243,tourism:hostel,,hostel,,,POINT (28.9243 41.009342)
5113472217,Silivrikapı Mevlana Culture Center,41.008901,28.925485,amenity:social_facility,social_facility,,,,POINT (28.925485 41.008901)
5113473721,Mevlanakapı Eczanesi,41.010628,28.925196,amenity:pharmacy,pharmacy,,,,POINT (28.925196 41.010628)
5113473722,Small Projects Istanbul,41.010132,28.925052,amenity:community_centre,community_centre,,,,POINT (28.925052 41.010132)
5113473723,Masko Yedieminli Otopark,41.009904,28.924622,amenity:parking,parking,,,,POINT (28.924622 41.009904)
5113473732,Asmalı Aktar Sk.otopark,41.012425,28.924916,amenity:parking,parking,,,,POINT (28.924916 41.012425)
5113473736,Renk Kasabı Et Evi,41.012691,28.925707,amenity:restaurant,restaurant,,,,POINT (28.925707 41.012691)
5113473738,Acıktım Kardeşler Pide Lahmacun Şehremini,41.012006,28.92475,amenity:restaurant,restaurant,,,,POINT (28.92475 41.012006)
5113473741,Yeni Sur Oto Park,41.011669,28.923175,amenity:parking,parking,,,,POINT (28.923175 41.011669)
5113473744,MERKEZGÜLLERİ ANAOKULU,41.013537,28.922806,amenity:kindergarten,kindergarten,,,,POINT (28.922806 41.013537)
5113473746,Şehit Timur Aktemur Anadolu İmam Hatip Lisesi,41.01336,28.924505,amenity:school,school,,,,POINT (28.924505 41.01336)
5113473747,Kısmet 2 Börek Salonu,41.013496,28.924426,amenity:fast_food,fast_food,,,,POINT (28.924426 41.013496)
5113473750,Özşen Eczanesi,41.013587,28.924727,amenity:pharmacy,pharmacy,,,,POINT (28.924727 41.013587)
5113473751,El Emek Otoparkı,41.013603,28.925609,amenity:parking,parking,,,,POINT (28.925609 41.013603)
5113473753,Hakan Eczanesi,41.013142,28.926048,amenity:pharmacy,pharmacy,,,,POINT (28.926048 41.013142)
5113480872,Fatih alhayr,41.020313,28.948778,amenity:restaurant,restaurant,,,,POINT (28.948778 41.020313)
5113480876,Abu abdo,41.020302,28.948558,amenity:cafe,cafe,,,,POINT (28.948558 41.020302)
5113480880,Sevecen ev yemekleri,41.020285,28.94832,amenity:restaurant,restaurant,,,,POINT (28.94832 41.020285)
5113480881,Güven Otel,41.020203,28.948396,tourism:hotel,,hotel,,,POINT (28.948396 41.020203)
5113480883,Pilavci reşat,41.020134,28.948267,amenity:fast_food,fast_food,,,,POINT (28.948267 41.020134)
5113480886,şam şerif,41.020086,28.948156,amenity:cafe,cafe,,,,POINT (28.948156 41.020086)
5113480888,Omaya ice cream,41.019925,28.947871,amenity:ice_cream,ice_cream,,,,POINT (28.947871 41.019925)
5113480889,Al jenani,41.019902,28.947811,amenity:restaurant,restaurant,,,,POINT (28.947811 41.019902)
5113480890,Taç mahal,41.019855,28.947726,amenity:fast_food,fast_food,,,,POINT (28.947726 41.019855)
5113480909,Uluslararası Fatih Sultan Mehmet Anadolu İmam Hatip Lisesi,41.024175,28.949819,amenity:school,school,,,,POINT (28.949819 41.024175)
5113480910,Benlizade ahmet reşit efendi,41.023619,28.948742,amenity:grave_yard,grave_yard,,,,POINT (28.948742 41.023619)
5113481327,Hacielaziz çiğköfte,41.022169,28.948899,amenity:fast_food,fast_food,,,,POINT (28.948899 41.022169)
5113481328,Başak çay evi,41.021914,28.948982,amenity:cafe,cafe,,,,POINT (28.948982 41.021914)
5113481333,Bab alhara,41.020946,28.949327,amenity:restaurant,restaurant,,,,POINT (28.949327 41.020946)
5113481337,Bilim çocuk evi,41.021324,28.949189,amenity:kindergarten,kindergarten,,,,POINT (28.949189 41.021324)
5113481338,Vekitap,41.021362,28.949379,amenity:library,library,,,,POINT (28.949379 41.021362)
5113481347,Waterpipe,41.020889,28.949057,amenity:cafe,cafe,,,,POINT (28.949057 41.020889)
5113481348,Akçaabat köfte,41.020974,28.949043,amenity:restaurant,restaurant,,,,POINT (28.949043 41.020974)
5113481349,Özel Laçin Polikliniği 2,41.021042,28.94903,amenity:clinic,clinic,,,,POINT (28.94903 41.021042)
5113481354,Seda,41.021742,28.948836,amenity:library,library,,,,POINT (28.948836 41.021742)
5113481360,Yarimada,41.022804,28.948606,amenity:fast_food,fast_food,,,,POINT (28.948606 41.022804)
5113481362,Osmanli çay evi,41.022916,28.948606,amenity:cafe,cafe,,,,POINT (28.948606 41.022916)
5113481369,Basak eczanesi,41.024112,28.948474,amenity:pharmacy,pharmacy,,,,POINT (28.948474 41.024112)
5113481370,Çarşamba kebap,41.024157,28.948459,amenity:restaurant,restaurant,,,,POINT (28.948459 41.024157)
5113481378,zaman kırtasiye,41.023554,28.94732,amenity:library,library,,,,POINT (28.94732 41.023554)
5113481380,Darul hayr,41.023711,28.947618,amenity:library,library,,,,POINT (28.947618 41.023711)
5113481381,uğur pastanesi,41.023752,28.947679,amenity:cafe,cafe,,,,POINT (28.947679 41.023752)
5113481388,Karadeniz pide,41.024043,28.948146,amenity:restaurant,restaurant,,,,POINT (28.948146 41.024043)
5113481389,Alfa gül kırtasiye,41.024083,28.948196,amenity:library,library,,,,POINT (28.948196 41.024083)
5113481391,Yıldırım çay evi,41.024172,28.948316,amenity:cafe,cafe,,,,POINT (28.948316 41.024172)
5113481392,Marmara burger,41.024228,28.948394,amenity:fast_food,fast_food,,,,POINT (28.948394 41.024228)
5113481394,Sultan sarnıcı,41.024994,28.950336,amenity:restaurant,restaurant,,,,POINT (28.950336 41.024994)
5113481397,Fatih oto yıkama,41.023916,28.951648,amenity:car_wash,car_wash,,,,POINT (28.951648 41.023916)
5113481400,İlkerim cafe,41.023624,28.95145,amenity:cafe,cafe,,,,POINT (28.95145 41.023624)
5113481406,Amca oğlu,41.022991,28.950952,amenity:fast_food,fast_food,,,,POINT (28.950952 41.022991)
5113481407,Ali paşa,41.022715,28.950863,amenity:fast_food,fast_food,,,,POINT (28.950863 41.022715)
5113481409,Esnaf çay evi,41.022586,28.950777,amenity:cafe,cafe,,,,POINT (28.950777 41.022586)
5113481418,Furkan oto yıkama,41.02129,28.950012,amenity:car_wash,car_wash,,,,POINT (28.950012 41.02129)
5113481419,Ölçek Temel Lisesi,41.020547,28.951117,amenity:school,school,,,,POINT (28.951117 41.020547)
5113483379,Çay,41.021632,28.948058,amenity:cafe,cafe,,,,POINT (28.948058 41.021632)
5113483388,Konak çay evi,41.022552,28.947099,amenity:cafe,cafe,,,,POINT (28.947099 41.022552)
5113483401,Çağrı eczanesi,41.02158,28.947771,amenity:pharmacy,pharmacy,,,,POINT (28.947771 41.02158)
5113483402,Fatih esnaflar lokantası,41.021362,28.947974,amenity:restaurant,restaurant,,,,POINT (28.947974 41.021362)
5113483405,Alraii,41.021316,28.947998,amenity:restaurant,restaurant,,,,POINT (28.947998 41.021316)
5113483410,Boğaziçi,41.021081,28.948164,amenity:school,school,,,,POINT (28.948164 41.021081)
5113483411,Selora,41.021088,28.948288,amenity:cafe,cafe,,,,POINT (28.948288 41.021088)
5113483413,Şam günleri,41.020967,28.948331,amenity:restaurant,restaurant,,,,POINT (28.948331 41.020967)
5113483420,Sarı başlar eczanesi,41.020817,28.948458,amenity:pharmacy,pharmacy,,,,POINT (28.948458 41.020817)
5113483623,Nihavent,41.02081,28.948374,amenity:restaurant,restaurant,,,,POINT (28.948374 41.02081)
5113483624,Sefa,41.020753,28.948504,amenity:restaurant,restaurant,,,,POINT (28.948504 41.020753)
5113483625,Ziraat Bankası,41.020774,28.948581,amenity:atm,atm,,,,POINT (28.948581 41.020774)
5113483630,Dede sultan,41.020788,28.948932,amenity:restaurant,restaurant,,,,POINT (28.948932 41.020788)
5113483632,Mahzen cafe,41.020704,28.949005,amenity:cafe,cafe,,,,POINT (28.949005 41.020704)
5113483634,Öz antakya,41.020711,28.949171,amenity:restaurant,restaurant,,,,POINT (28.949171 41.020711)
5113483654,Nihal eczanesi,41.020934,28.946958,amenity:pharmacy,pharmacy,,,,POINT (28.946958 41.020934)
5113483660,Otopark yikama,41.020811,28.947407,amenity:car_wash,car_wash,,,,POINT (28.947407 41.020811)
5113483662,Yedi emirler çay evi,41.020863,28.947167,amenity:cafe,cafe,,,,POINT (28.947167 41.020863)
5113483675,B fit,41.021879,28.94631,leisure:fitness_centre,,,,fitness_centre,POINT (28.94631 41.021879)
5113483678,Troy Gym,41.022065,28.946116,leisure:fitness_centre,,,,fitness_centre,POINT (28.946116 41.022065)
5113483679,Küçük sait,41.02245,28.945726,amenity:fast_food,fast_food,,,,POINT (28.945726 41.02245)
5113483687,Unnamed POI,41.022361,28.946252,amenity:parking,parking,,,,POINT (28.946252 41.022361)
5113483689,Fatih halk eğitimi merkezi,41.022165,28.946727,amenity:school,school,,,,POINT (28.946727 41.022165)
5113483698,Kitap sever,41.020588,28.947753,amenity:library,library,,,,POINT (28.947753 41.020588)
5113483702,Unnamed POI,41.020386,28.947512,amenity:parking,parking,,,,POINT (28.947512 41.020386)
5113485074,Meşhur dönerci hac osmanin yeri,41.012783,28.965943,amenity:fast_food,fast_food,,,,POINT (28.965943 41.012783)
5113485075,Kırmızı elma,41.012844,28.965943,amenity:fast_food,fast_food,,,,POINT (28.965943 41.012844)
5113485088,Yapı Kredi,41.015088,28.966247,amenity:bank,bank,,,,POINT (28.966247 41.015088)
5113485103,TEB,41.015606,28.966799,amenity:bank,bank,,,,POINT (28.966799 41.015606)
5113485104,PTT,41.015686,28.966794,amenity:post_office,post_office,,,,POINT (28.966794 41.015686)
5113485114,Şirin otopark,41.016221,28.967174,amenity:parking,parking,,,,POINT (28.967174 41.016221)
5113486726,Fatih düğün sarayı,41.021485,28.947644,amenity:townhall,townhall,,,,POINT (28.947644 41.021485)
5113486731,Ölçek Temel Lisesi,41.021507,28.94809,amenity:school,school,,,,POINT (28.94809 41.021507)
5113486732,Sahara saray,41.021578,28.948017,amenity:restaurant,restaurant,,,,POINT (28.948017 41.021578)
5113486733,Akbank,41.02152,28.948039,amenity:atm,atm,,,,POINT (28.948039 41.02152)
5113486734,Türkiye İş Bankası,41.02151,28.948045,amenity:atm,atm,,,,POINT (28.948045 41.02151)
5113486735,Kuveyt Türk,41.021499,28.948051,amenity:atm,atm,,,,POINT (28.948051 41.021499)
5113486736,Yapı Kredi,41.021487,28.948057,amenity:atm,atm,,,,POINT (28.948057 41.021487)
5113486737,Fatih ilçe emniyet müdürlüğü çocuk polisi,41.028778,28.934391,amenity:police,police,,,,POINT (28.934391 41.028778)
5113486738,Durak rumeli köfte,41.029506,28.936122,amenity:restaurant,restaurant,,,,POINT (28.936122 41.029506)
5113486740,Sebil lokantası,41.029409,28.936225,amenity:restaurant,restaurant,,,,POINT (28.936225 41.029409)
5113486741,Semsür,41.029154,28.936513,amenity:fast_food,fast_food,,,,POINT (28.936513 41.029154)
5113486742,QNB Finansbank,41.029058,28.936624,amenity:atm,atm,,,,POINT (28.936624 41.029058)
5113486743,Yapı Kredi,41.029048,28.936642,amenity:atm,atm,,,,POINT (28.936642 41.029048)
5113486744,Halkbank,41.029039,28.936655,amenity:atm,atm,,,,POINT (28.936655 41.029039)
5113486745,Türkiye İş Bankası,41.029028,28.936671,amenity:atm,atm,,,,POINT (28.936671 41.029028)
5113486746,Mihrimah sultan hamami,41.028918,28.936727,leisure:bath,,,,bath,POINT (28.936727 41.028918)
5113486747,Total,41.028617,28.936964,amenity:fuel,fuel,,,,POINT (28.936964 41.028617)
5113486753,Edirnekapi eczanesi,41.027791,28.937887,amenity:pharmacy,pharmacy,,,,POINT (28.937887 41.027791)
5113486754,Sevgi yuvaları anaokulu,41.027752,28.937936,amenity:kindergarten,kindergarten,,,,POINT (28.937936 41.027752)
5113486755,Aksaray Sucuk,41.027715,28.937992,amenity:fast_food,fast_food,,,,POINT (28.937992 41.027715)
5113486760,Garanti Bankası,41.027329,28.93837,amenity:bank,bank,,,,POINT (28.93837 41.027329)
5113486765,Ziraat Bankası,41.027208,28.93854,amenity:bank,bank,,,,POINT (28.93854 41.027208)
5113486768,Okçular,41.027014,28.938743,amenity:cafe,cafe,,,,POINT (28.938743 41.027014)
5113486769,Denizbank,41.026967,28.938784,amenity:atm,atm,,,,POINT (28.938784 41.026967)
5113486770,TEB,41.026944,28.938815,amenity:atm,atm,,,,POINT (28.938815 41.026944)
5113486773,Osmanlı bufe,41.026712,28.939069,amenity:fast_food,fast_food,,,,POINT (28.939069 41.026712)
5113486778,Ali pilav,41.026455,28.939338,amenity:fast_food,fast_food,,,,POINT (28.939338 41.026455)
5113486779,Yıldız saray,41.02635,28.939455,amenity:restaurant,restaurant,,,,POINT (28.939455 41.02635)
5113486781,Pehlivan,41.026084,28.939682,amenity:restaurant,restaurant,,,,POINT (28.939682 41.026084)
5113486782,Yapı Kredi,41.025918,28.939805,amenity:bank,bank,,,,POINT (28.939805 41.025918)
5113486785,nova şantiye cafe,41.016479,28.966122,amenity:fast_food,fast_food,,,,POINT (28.966122 41.016479)
5113486786,Chay,41.016365,28.965836,amenity:cafe,cafe,,,,POINT (28.965836 41.016365)
5113486791,Halkbank,41.01522,28.966096,amenity:bank,bank,,,,POINT (28.966096 41.01522)
5113486792,Süleymaniye donercisi,41.015087,28.965931,amenity:fast_food,fast_food,,,,POINT (28.965931 41.015087)
5113486794,Süleymaniye hamami,41.015827,28.965595,leisure:turkish_bath,,,,turkish_bath,POINT (28.965595 41.015827)
5113486795,Köşe bufe,41.015023,28.965483,amenity:fast_food,fast_food,,,,POINT (28.965483 41.015023)
5113486796,Süleymaniye Kitap Şifahanesi,41.015846,28.962066,amenity:school,school,,,,POINT (28.962066 41.015846)
5113486802,Hasan oğlu,41.014727,28.962744,amenity:fast_food,fast_food,,,,POINT (28.962744 41.014727)
5113486804,Coffee Gutta,41.014588,28.962591,amenity:cafe,cafe,,,,POINT (28.962591 41.014588)
5113486805,İstanbul üniversitesi sağlık kültür ve spor daire başkanlığı,41.014255,28.962058,amenity:university,university,,,,POINT (28.962058 41.014255)
5113486807,Özen,41.013643,28.961502,amenity:library,library,,,,POINT (28.961502 41.013643)
5113486808,Ahmet kitap evi,41.01359,28.961414,amenity:library,library,,,,POINT (28.961414 41.01359)
5113486810,İstanbul Üniversitesi Rektörlüğü Kütüphane Ve Dokümantasyon Daire Başkanlığı,41.013005,28.962484,amenity:university,university,,,,POINT (28.962484 41.013005)
5113486811,Beyazıt Ford Otosan İlkokulu,41.012488,28.961719,amenity:school,school,,,,POINT (28.961719 41.012488)
5113486812,İstanbul Üniversitesi İktisat fakültesi Ek Bina 2,41.012759,28.961652,amenity:university,university,,,,POINT (28.961652 41.012759)
5113486813,İstanbul üniversitesi iletişim fakültesi,41.012632,28.961922,amenity:university,university,,,,POINT (28.961922 41.012632)
5113486814,İstanbul üniversitesi hasan ali yücel eğitim fakültesi A block,41.012359,28.962393,amenity:university,university,,,,POINT (28.962393 41.012359)
5113486815,İstanbul Üniversitesi Hasan Ali Yücel Eğitim Fakültesi,41.011875,28.961568,amenity:university,university,,,,POINT (28.961568 41.011875)
5113486816,İstanbul üniversitesi beyazıt kreş ve anaokulu,41.011875,28.96182,amenity:kindergarten,kindergarten,,,,POINT (28.96182 41.011875)
5113486817,İstanbul üniversitesi sosyal bilimler meslek yüksek okulu,41.011772,28.962438,amenity:university,university,,,,POINT (28.962438 41.011772)
5113487026,Teras cafe,41.01694,28.964609,amenity:cafe,cafe,,,,POINT (28.964609 41.01694)
5113487027,Mihri şah cafe,41.017134,28.964476,amenity:cafe,cafe,,,,POINT (28.964476 41.017134)
5113487036,Gül çay evi,41.013489,28.961262,amenity:cafe,cafe,,,,POINT (28.961262 41.013489)
5113487037,Esma yayınları mustafa hoca kitabevi,41.013267,28.961245,amenity:library,library,,,,POINT (28.961245 41.013267)
5113487038,İstanbul kitapçısı,41.013191,28.961229,amenity:library,library,,,,POINT (28.961229 41.013191)
5113487039,Not copy,41.013138,28.961229,amenity:library,library,,,,POINT (28.961229 41.013138)
5113487040,Rağmen sahaf,41.013084,28.961229,amenity:library,library,,,,POINT (28.961229 41.013084)
5113487041,İstanbul üniversitesi fen bilimleri enstitüsü,41.011781,28.961285,amenity:university,university,,,,POINT (28.961285 41.011781)
5113487042,İstanbul üniversitesi uzaktan eğitim merkezi,41.01157,28.961277,amenity:university,university,,,,POINT (28.961277 41.01157)
5113487043,Tarihi vezneciler külhan cafe,41.011464,28.961285,amenity:cafe,cafe,,,,POINT (28.961285 41.011464)
5113487044,Tarihi vezneciler hamamı,41.011358,28.961266,amenity:public_bath,public_bath,,,,POINT (28.961266 41.011358)
5113487045,Unnamed POI,41.011298,28.961207,amenity:fast_food,fast_food,,,,POINT (28.961207 41.011298)
5113487046,Vezneciler pilavcisi,41.011242,28.961232,amenity:fast_food,fast_food,,,,POINT (28.961232 41.011242)
5113487649,Saba hotel,41.005138,28.974001,tourism:hotel,,hotel,,,POINT (28.974001 41.005138)
5113487650,Sultan house hotel,41.004885,28.97372,tourism:hotel,,hotel,,,POINT (28.97372 41.004885)
5113487651,Daphne hotel,41.004971,28.973036,tourism:hotel,,hotel,,,POINT (28.973036 41.004971)
5113487652,Stone hotel,41.005021,28.972755,tourism:hotel,,hotel,,,POINT (28.972755 41.005021)
5113487653,Otto hotel,41.005042,28.97264,tourism:hotel,,hotel,,,POINT (28.97264 41.005042)
5113487662,Çemberlitaş Pilavcısı,41.007977,28.971015,amenity:fast_food,fast_food,,,,POINT (28.971015 41.007977)
5113487666,Özel Murat Motorlu Taşıt Sürücü Kursu,41.008246,28.972184,amenity:driving_school,driving_school,,,,POINT (28.972184 41.008246)
5113487667,Burger King,41.008243,28.972303,amenity:fast_food,fast_food,,,,POINT (28.972303 41.008243)
5113487668,Loti,41.008194,28.972971,amenity:restaurant,restaurant,,,,POINT (28.972971 41.008194)
5113487672,Yapı Kredi,41.008145,28.973578,amenity:bank,bank,,,,POINT (28.973578 41.008145)
5113487676,Simit Cafe,41.008123,28.973899,amenity:cafe,cafe,,,,POINT (28.973899 41.008123)
5113487681,Halkbank,41.023166,28.932228,amenity:bank,bank,,,,POINT (28.932228 41.023166)
5113487684,Serdal Büfe,41.02239,28.934139,amenity:fast_food,fast_food,,,,POINT (28.934139 41.02239)
5113487686,Hacı elaziz,41.022586,28.935252,amenity:fast_food,fast_food,,,,POINT (28.935252 41.022586)
5113487689,Neslişah Sultan Aile Sağlığı Merkezi,41.0237,28.935571,amenity:clinic,clinic,,,,POINT (28.935571 41.0237)
5113487692,Semsur çiğköfte,41.024117,28.935787,amenity:fast_food,fast_food,,,,POINT (28.935787 41.024117)
5113487696,Yıldız pide,41.026076,28.936051,amenity:fast_food,fast_food,,,,POINT (28.936051 41.026076)
5113487704,Melek Şifa Eczanesi,41.02449,28.935843,amenity:pharmacy,pharmacy,,,,POINT (28.935843 41.02449)
5113487706,Fatih Otizm Merkezi,41.024626,28.934963,amenity:clinic,clinic,,,,POINT (28.934963 41.024626)
5113487713,Okyanus koleji,41.027986,28.933447,amenity:school,school,,,,POINT (28.933447 41.027986)
5113495692,Unnamed POI,41.026243,28.939521,amenity:fast_food,fast_food,,,,POINT (28.939521 41.026243)
5113495695,Unnamed POI,41.025941,28.939548,amenity:internet_cafe,internet_cafe,,,,POINT (28.939548 41.025941)
5113495699,Cafe Alkan,41.026002,28.938614,amenity:cafe,cafe,,,,POINT (28.938614 41.026002)
5113495701,Abo eymen,41.02591,28.938514,amenity:fast_food,fast_food,,,,POINT (28.938514 41.02591)
5113495703,Mihrinaz hatun,41.026391,28.93888,amenity:place_of_worship,place_of_worship,,,,POINT (28.93888 41.026391)
5113495711,Loluet elşam,41.026566,28.937763,amenity:fast_food,fast_food,,,,POINT (28.937763 41.026566)
5113495717,Alnur,41.026738,28.937666,amenity:restaurant,restaurant,,,,POINT (28.937666 41.026738)
5113495932,Özel Vefa Sağlık Kabini,41.026713,28.938751,amenity:clinic,clinic,,,,POINT (28.938751 41.026713)
5113495937,Fatih 1 No'lu Göçmen Sağlığı Merkezi,41.027136,28.938168,amenity:clinic,clinic,,,,POINT (28.938168 41.027136)
5113495938,Sığınmacılar ve Göçmenlere Dayanışma Derneği (ASAM),41.027113,28.938198,amenity:community_centre,community_centre,,,,POINT (28.938198 41.027113)
5113495941,Ptt,41.027835,28.937536,amenity:post_office,post_office,,,,POINT (28.937536 41.027835)
5113495949,Akın otopark ve yikama,41.027632,28.937178,amenity:car_wash,car_wash,,,,POINT (28.937178 41.027632)
5113495951,Öz cafe,41.026749,28.936149,amenity:cafe,cafe,,,,POINT (28.936149 41.026749)
5113495959,Kuveyt Türk,41.025686,28.938932,amenity:bank,bank,,,,POINT (28.938932 41.025686)
5113495963,Berrak Büfe,41.025575,28.939218,amenity:fast_food,fast_food,,,,POINT (28.939218 41.025575)
5113497119,Miman Hotel,41.007319,28.971512,tourism:hotel,,hotel,,,POINT (28.971512 41.007319)
5113497120,Leyenda hotel,41.007354,28.971233,tourism:hotel,,hotel,,,POINT (28.971233 41.007354)
5113500221,Hotel California,41.00746,28.97107,tourism:hotel,,hotel,,,POINT (28.97107 41.00746)
5113500223,Grand Naki Hotel,41.00708,28.970957,tourism:hotel,,hotel,,,POINT (28.970957 41.00708)
5113500224,Golden crown hotel,41.007056,28.971063,tourism:hotel,,hotel,,,POINT (28.971063 41.007056)
5113500229,Recital Hotel,41.006765,28.971732,tourism:hotel,,hotel,,,POINT (28.971732 41.006765)
5113500231,İnnova,41.007069,28.971444,tourism:hotel,,hotel,,,POINT (28.971444 41.007069)
5113500232,Bellis Cafe,41.006837,28.971697,amenity:cafe,cafe,,,,POINT (28.971697 41.006837)
5113500235,İstanbul comfort hotel,41.006307,28.971321,tourism:hotel,,hotel,,,POINT (28.971321 41.006307)
5113500236,Blue istanbul hotel,41.006132,28.971341,tourism:hotel,,hotel,,,POINT (28.971341 41.006132)
5113500239,Ferman sultan hotel,41.005279,28.973322,tourism:hotel,,hotel,,,POINT (28.973322 41.005279)
5113500240,Sokullu,41.005249,28.973402,amenity:restaurant,restaurant,,,,POINT (28.973402 41.005249)
5113500242,Timeks cafe,41.004944,28.973621,amenity:cafe,cafe,,,,POINT (28.973621 41.004944)
5113500243,The wox,41.005058,28.973682,amenity:restaurant,restaurant,,,,POINT (28.973682 41.005058)
5113500245,Baran,41.008082,28.974393,amenity:restaurant,restaurant,,,,POINT (28.974393 41.008082)
5113500252,Gloden Horn Hotel,41.007222,28.973758,tourism:hotel,,hotel,,,POINT (28.973758 41.007222)
5113500255,Vakıfbank,41.007636,28.97465,amenity:atm,atm,,,,POINT (28.97465 41.007636)
5113500256,Türk ve İslam Eserleri Müzesi,41.00628,28.974915,tourism:museum,,museum,,,POINT (28.974915 41.00628)
5113500257,Hotel turkoman,41.005901,28.974307,tourism:hotel,,hotel,,,POINT (28.974307 41.005901)
5113500258,İbrahim Paşa Otel,41.005932,28.974177,tourism:hotel,,hotel,,,POINT (28.974177 41.005932)
5113500261,Heritage hotel,41.006456,28.97351,tourism:hotel,,hotel,,,POINT (28.97351 41.006456)
5113500262,Osman,41.006231,28.973237,amenity:restaurant,restaurant,,,,POINT (28.973237 41.006231)
5113500263,Lausos hotel,41.006599,28.973185,tourism:hotel,,hotel,,,POINT (28.973185 41.006599)
5113500265,Sultan park hotel,41.006674,28.973302,tourism:hotel,,hotel,,,POINT (28.973302 41.006674)
5113500269,Burçkin hotel,41.007341,28.973231,tourism:hotel,,hotel,,,POINT (28.973231 41.007341)
5113500270,Hotel halı,41.007521,28.973186,tourism:hotel,,hotel,,,POINT (28.973186 41.007521)
5113500272,Travel Tips Turkey,41.007844,28.973507,tourism:information,,information,,,POINT (28.973507 41.007844)
5113500273,Hotel nena,41.007925,28.973335,tourism:hotel,,hotel,,,POINT (28.973335 41.007925)
5113500274,Rast hotel,41.008026,28.973364,tourism:hotel,,hotel,,,POINT (28.973364 41.008026)
5113500276,Hotel sultanhan,41.007633,28.972784,tourism:hotel,,hotel,,,POINT (28.972784 41.007633)
5113500277,Antea hotel,41.007352,28.972754,tourism:hotel,,hotel,,,POINT (28.972754 41.007352)
5113500279,Mina Hotel,41.00702,28.972764,tourism:hotel,,hotel,,,POINT (28.972764 41.00702)
5113500280,Güleç hotel,41.007028,28.972543,tourism:hotel,,hotel,,,POINT (28.972543 41.007028)
5113500285,T cafe,41.008111,28.971527,amenity:cafe,cafe,,,,POINT (28.971527 41.008111)
5113500286,Kebab and fish house,41.007901,28.971591,amenity:restaurant,restaurant,,,,POINT (28.971591 41.007901)
5113500287,Saray Kebap,41.007844,28.971591,amenity:restaurant,restaurant,,,,POINT (28.971591 41.007844)
5113500288,Newport hotel,41.007612,28.971668,tourism:hotel,,hotel,,,POINT (28.971668 41.007612)
5113500289,Aprilis hotel,41.007674,28.971591,tourism:hotel,,hotel,,,POINT (28.971591 41.007674)
5113500296,Peyk Hotel,41.00698,28.972217,tourism:hotel,,hotel,,,POINT (28.972217 41.00698)
5113500300,Hidden Garden Sultanat,41.006801,28.972397,tourism:hotel,restaurant,hotel,,,POINT (28.972397 41.006801)
5113500302,Özlem,41.00669,28.97251,amenity:fast_food,fast_food,,,,POINT (28.97251 41.00669)
5113500303,Marmaris bufe,41.006132,28.973233,amenity:cafe,cafe,,,,POINT (28.973233 41.006132)
5113500306,Hotel Perula,41.005874,28.973481,tourism:hotel,,hotel,,,POINT (28.973481 41.005874)
5113500312,Ersoy han,41.005683,28.973518,amenity:pub,pub,,,,POINT (28.973518 41.005683)
5113500318,Optimist cafe,41.005619,28.974622,amenity:cafe,cafe,,,,POINT (28.974622 41.005619)
5113500319,Optimist hotel,41.005596,28.974595,tourism:hotel,,hotel,,,POINT (28.974595 41.005596)
5113500728,Paşa döner,41.022296,28.945099,amenity:restaurant,restaurant,,,,POINT (28.945099 41.022296)
5113500731,Etibeyaz,41.022235,28.945175,amenity:restaurant,restaurant,,,,POINT (28.945175 41.022235)
5113500732,Döner istanbul,41.022201,28.945229,amenity:restaurant,restaurant,,,,POINT (28.945229 41.022201)
5113500733,Fatih ilce emniyet müdürlüğü polis merkezi,41.022164,28.945298,amenity:police,police,,,,POINT (28.945298 41.022164)
5113500734,Türkiye İş Bankası,41.02211,28.945341,amenity:bank,bank,,,,POINT (28.945341 41.02211)
5113500740,ING,41.021676,28.945772,amenity:bank,bank,,,,POINT (28.945772 41.021676)
5113500741,Garanti Bankası,41.021633,28.945829,amenity:bank,bank,,,,POINT (28.945829 41.021633)
5113500743,Albaraka,41.021562,28.945963,amenity:bank,bank,,,,POINT (28.945963 41.021562)
5113500751,Ali usta,41.021127,28.946311,amenity:restaurant,restaurant,,,,POINT (28.946311 41.021127)
5113500752,Chefkat1,41.021082,28.946342,amenity:cafe,cafe,,,,POINT (28.946342 41.021082)
5113500754,Kuveyt Türk,41.020997,28.946441,amenity:bank,bank,,,,POINT (28.946441 41.020997)
5113500762,Mado,41.020521,28.946893,amenity:cafe,cafe,,,,POINT (28.946893 41.020521)
5113500764,Hacıoğlu,41.020448,28.947,amenity:restaurant,restaurant,,,,POINT (28.947 41.020448)
5113500768,Kömür turk mutfağı,41.020233,28.947182,amenity:restaurant,restaurant,,,,POINT (28.947182 41.020233)
5113500792,Kiler Et,41.017489,28.949956,amenity:restaurant,restaurant,,,,POINT (28.949956 41.017489)
5113500793,Türkiye Finans,41.017318,28.950128,amenity:bank,bank,,,,POINT (28.950128 41.017318)
5113500794,Vakıf Katılım,41.017162,28.950322,amenity:bank,bank,,,,POINT (28.950322 41.017162)
5113500797,Vakıfbank,41.016967,28.950632,amenity:bank,bank,,,,POINT (28.950632 41.016967)
5113500800,Akbank,41.016858,28.950826,amenity:bank,bank,,,,POINT (28.950826 41.016858)
5113500801,TEB,41.016806,28.950906,amenity:bank,bank,,,,POINT (28.950906 41.016806)
5113500803,Semen döviz,41.016725,28.951056,amenity:bureau_de_change,bureau_de_change,,,,POINT (28.951056 41.016725)
5113500804,Albaraka bankasi,41.016692,28.951142,amenity:bank,bank,,,,POINT (28.951142 41.016692)
5113500805,Yapı Kredi,41.016629,28.951246,amenity:bank,bank,,,,POINT (28.951246 41.016629)
5113557342,Aziz oğulları börek salonu,41.010793,28.94286,amenity:restaurant,restaurant,,,,POINT (28.94286 41.010793)
5113557344,Sahtin,41.010758,28.943088,amenity:restaurant,restaurant,,,,POINT (28.943088 41.010758)
5113557345,Dürümcü,41.010733,28.943158,amenity:restaurant,restaurant,,,,POINT (28.943158 41.010733)
5113557347,Flamingo,41.010701,28.943245,leisure:fitness_centre,,,,fitness_centre,POINT (28.943245 41.010701)
5113557361,Görgülü,41.01,28.945534,amenity:cafe,cafe,,,,POINT (28.945534 41.01)
5113557362,Yüksel Uygur,41.009967,28.945709,amenity:restaurant,restaurant,,,,POINT (28.945709 41.009967)
5113557365,Kuveyt Türk,41.009913,28.945932,amenity:bank,bank,,,,POINT (28.945932 41.009913)
5113557366,Garanti Bankası,41.009875,28.94607,amenity:bank,bank,,,,POINT (28.94607 41.009875)
5113557367,Tarbuş,41.009815,28.946332,amenity:restaurant,restaurant,,,,POINT (28.946332 41.009815)
5113557368,PTT,41.00978,28.94646,amenity:post_office,post_office,,,,POINT (28.94646 41.00978)
5113557369,Mavi Bufe,41.009744,28.946607,amenity:restaurant,restaurant,,,,POINT (28.946607 41.009744)
5113557370,Beit alezz,41.009707,28.946724,amenity:restaurant,restaurant,,,,POINT (28.946724 41.009707)
5113557371,Köşem Aile Çay Bahçesi,41.009671,28.946753,amenity:cafe,cafe,,,,POINT (28.946753 41.009671)
5113557373,Mandy hadramut,41.009611,28.946923,amenity:restaurant,restaurant,,,,POINT (28.946923 41.009611)
5113557375,Haseki Tillo Eczanesi,41.009609,28.947077,amenity:pharmacy,pharmacy,,,,POINT (28.947077 41.009609)
5113557376,Tarihi Eyüp Sultan,41.009605,28.947146,amenity:restaurant,restaurant,,,,POINT (28.947146 41.009605)
5113557378,Egem Eczanesi,41.009586,28.947296,amenity:pharmacy,pharmacy,,,,POINT (28.947296 41.009586)
5113557379,Nuri Usta,41.009565,28.947417,amenity:restaurant,restaurant,,,,POINT (28.947417 41.009565)
5113557380,Vakıfbank,41.009516,28.947618,amenity:bank,bank,,,,POINT (28.947618 41.009516)
5113557381,Ziraat Bankası,41.009326,28.948221,amenity:bank,bank,,,,POINT (28.948221 41.009326)
5113557382,Ziraat Bankası,41.009345,28.948544,amenity:bank,bank,,,,POINT (28.948544 41.009345)
5113590259,Kivi cafe,41.010751,28.941083,amenity:cafe,cafe,,,,POINT (28.941083 41.010751)
5113590260,Flamingo GYM,41.01079,28.941374,leisure:fitness_centre,,,,fitness_centre,POINT (28.941374 41.01079)
5113590265,Fitness World,41.01047,28.942207,leisure:fitness_centre,,,,fitness_centre,POINT (28.942207 41.01047)
5113590268,ADA,41.009535,28.941259,amenity:car_rental,car_rental,,,,POINT (28.941259 41.009535)
5113590271,otopark,41.010522,28.942798,amenity:parking,parking,,,,POINT (28.942798 41.010522)
5113590274,Haseki Yildiz Eczanesi,41.010226,28.942648,amenity:pharmacy,pharmacy,,,,POINT (28.942648 41.010226)
5113590284,Haseki Cafe,41.008913,28.942408,amenity:cafe,cafe,,,,POINT (28.942408 41.008913)
5113590293,Duru,41.007725,28.943867,amenity:restaurant,restaurant,,,,POINT (28.943867 41.007725)
5113590294,Brio Cafe,41.007757,28.94396,amenity:cafe,cafe,,,,POINT (28.94396 41.007757)
5113590298,Serdar Otopark,41.00808,28.944836,amenity:parking,parking,,,,POINT (28.944836 41.00808)
5113590304,Eda Büfe,41.008615,28.943699,amenity:restaurant,restaurant,,,,POINT (28.943699 41.008615)
5113590305,Tarkan Sürücü kursları,41.008326,28.944996,amenity:driving_school,driving_school,,,,POINT (28.944996 41.008326)
5113590307,Hotel Grand Ümit,41.00839,28.946041,tourism:hotel,,hotel,,,POINT (28.946041 41.00839)
5113590308,Haseki Cafe,41.008429,28.946182,amenity:cafe,cafe,,,,POINT (28.946182 41.008429)
5113590310,Alfa Hotel,41.008559,28.946608,tourism:hotel,,hotel,,,POINT (28.946608 41.008559)
5113590311,Kristal Salonları,41.008585,28.946694,amenity:events_venue,events_venue,,,,POINT (28.946694 41.008585)
5113590312,Aksaraya Mahmudiye Ortaokulu,41.008758,28.946944,amenity:school,school,,,,POINT (28.946944 41.008758)
5113590313,Cafe De Keyf,41.008878,28.947394,amenity:cafe,cafe,,,,POINT (28.947394 41.008878)
5113590319,General Sofrası,41.008983,28.947798,amenity:restaurant,restaurant,,,,POINT (28.947798 41.008983)
5113590320,Hotel La White,41.00902,28.947877,tourism:hotel,,hotel,,,POINT (28.947877 41.00902)
5113592128,Sultan Cafe,41.008451,28.937445,amenity:cafe,cafe,,,,POINT (28.937445 41.008451)
5113592131,Hanim eli,41.008777,28.937597,amenity:restaurant,restaurant,,,,POINT (28.937597 41.008777)
5113592133,NESRİN ÖZGÖN,41.008884,28.937662,amenity:dentist,dentist,,,,POINT (28.937662 41.008884)
5113592137,MARMARA DURUM,41.009077,28.937751,amenity:fast_food,fast_food,,,,POINT (28.937751 41.009077)
5113592138,Rey Döner,41.007759,28.937089,amenity:fast_food,fast_food,,,,POINT (28.937089 41.007759)
5113592140,PIZZA VERDE,41.007444,28.936918,amenity:fast_food,fast_food,,,,POINT (28.936918 41.007444)
5113592145,BP,41.007044,28.936865,amenity:fuel,fuel,,,,POINT (28.936865 41.007044)
5113592148,DEEP LOUNGE,41.009633,28.938023,amenity:cafe,cafe,,,,POINT (28.938023 41.009633)
5113592152,SARI HAN TIME,41.009849,28.938126,amenity:restaurant,restaurant,,,,POINT (28.938126 41.009849)
5113592154,GIRNE,41.010049,28.938229,amenity:restaurant,restaurant,,,,POINT (28.938229 41.010049)
5113592158,Fetih Börek & Pide,41.010328,28.93837,amenity:restaurant,restaurant,,,,POINT (28.93837 41.010328)
5113592161,Betül Eczanesi,41.010587,28.938469,amenity:pharmacy,pharmacy,,,,POINT (28.938469 41.010587)
5113592163,EVRIM EXTRA BUFE,41.010695,28.938526,amenity:restaurant,restaurant,,,,POINT (28.938526 41.010695)
5113592164,PIZZALINA,41.010765,28.938556,amenity:restaurant,restaurant,,,,POINT (28.938556 41.010765)
5113592166,KAHVE KÖŞEM,41.010874,28.938596,amenity:cafe,cafe,,,,POINT (28.938596 41.010874)
5113592168,TADIM,41.011063,28.938705,amenity:cafe,cafe,,,,POINT (28.938705 41.011063)
5113592170,EMİRHAN,41.011125,28.93874,amenity:restaurant,restaurant,,,,POINT (28.93874 41.011125)
5113592172,TEB türk ekonomi bankası,41.011195,28.938759,amenity:bank,bank,,,,POINT (28.938759 41.011195)
5113592173,QNB,41.011245,28.938783,amenity:bank,bank,,,,POINT (28.938783 41.011245)
5113592175,Ziraat Bankası,41.011366,28.938856,amenity:bank,bank,,,,POINT (28.938856 41.011366)
5113592176,Garanti Bankası,41.011423,28.938889,amenity:bank,bank,,,,POINT (28.938889 41.011423)
5113592180,Akbank,41.011706,28.939017,amenity:atm,atm,,,,POINT (28.939017 41.011706)
5113592181,Albaraka,41.012492,28.937974,amenity:bank,bank,,,,POINT (28.937974 41.012492)
5113592184,Mado,41.01189,28.939101,amenity:cafe,cafe,,,,POINT (28.939101 41.01189)
5113592189,Hakkay Yağlı,41.011638,28.939728,leisure:fitness_centre,,,,fitness_centre,POINT (28.939728 41.011638)
5113592200,Realstar Hotel,41.011434,28.940648,tourism:hotel,,hotel,,,POINT (28.940648 41.011434)
5113592202,Molla Gorani Hazretlerinin Kabri,41.01123,28.941136,historic:tomb,,,tomb,,POINT (28.941136 41.01123)
5113592203,Asmalı konağı,41.01101,28.941661,amenity:restaurant,restaurant,,,,POINT (28.941661 41.01101)
5113592209,Pilavci ismail usta,41.011002,28.94208,amenity:restaurant,restaurant,,,,POINT (28.94208 41.011002)
5113592212,İzgara Evi,41.010965,28.942245,amenity:restaurant,restaurant,,,,POINT (28.942245 41.010965)
5113592216,Eczane Yonca,41.010917,28.942439,amenity:pharmacy,pharmacy,,,,POINT (28.942439 41.010917)
5113592219,Tatlıses Çiğ Köfte,41.010872,28.942779,amenity:fast_food,fast_food,,,,POINT (28.942779 41.010872)
5113594821,İnternet Cafe,41.009346,28.947908,amenity:cafe,cafe,,,,POINT (28.947908 41.009346)
5113594822,فندق كلاس,41.009231,28.947976,tourism:hotel,,hotel,,,POINT (28.947976 41.009231)
5113594823,Döner Sadık Usta,41.009056,28.947964,amenity:restaurant,restaurant,,,,POINT (28.947964 41.009056)
5113594824,Şifa döner,41.009096,28.948021,amenity:restaurant,restaurant,,,,POINT (28.948021 41.009096)
5113598486,Şark Büfe,41.009793,28.940829,amenity:restaurant,restaurant,,,,POINT (28.940829 41.009793)
5113598487,Abo şemso,41.009994,28.941061,amenity:restaurant,restaurant,,,,POINT (28.941061 41.009994)
5113598489,Erenler polikliniği,41.010203,28.941043,amenity:dentist,dentist,,,,POINT (28.941043 41.010203)
5113598491,Cafe murat,41.010366,28.941058,amenity:cafe,cafe,,,,POINT (28.941058 41.010366)
5113598495,özbey bufe,41.010595,28.941018,amenity:restaurant,restaurant,,,,POINT (28.941018 41.010595)
5113598499,Findikzade kat otopark,41.0109,28.940795,amenity:parking,parking,,,,POINT (28.940795 41.0109)
5113598503,Doğan cafe,41.011287,28.939816,amenity:cafe,cafe,,,,POINT (28.939816 41.011287)
5113598504,Fitslim,41.0111,28.940002,leisure:fitness_centre,,,,fitness_centre,POINT (28.940002 41.0111)
5113598505,Fatih 8 No'lu Aile Sağlığı Merkezi,41.010652,28.939992,amenity:clinic,clinic,,,,POINT (28.939992 41.010652)
5113598507,Saray Düğün salonu,41.010982,28.939009,amenity:townhall,townhall,,,,POINT (28.939009 41.010982)
5113598508,Cafe 56,41.011019,28.938885,amenity:cafe,cafe,,,,POINT (28.938885 41.011019)
5113598519,Unnamed POI,41.010246,28.939814,amenity:cafe,cafe,,,,POINT (28.939814 41.010246)
5113599422,ADA,41.009999,28.939763,amenity:car_rental,car_rental,,,,POINT (28.939763 41.009999)
5113599425,Cafe Gündoğdu,41.010046,28.938663,amenity:cafe,cafe,,,,POINT (28.938663 41.010046)
5113599430,İnternet cafe,41.009552,28.93936,amenity:internet_cafe,internet_cafe,,,,POINT (28.93936 41.009552)
5113599441,Köşem Cafe,41.008777,28.94073,amenity:cafe,cafe,,,,POINT (28.94073 41.008777)
5113599442,Cafe erdoğan,41.008564,28.940313,amenity:cafe,cafe,,,,POINT (28.940313 41.008564)
5113599445,Karadeniz cafe,41.00824,28.939994,amenity:cafe,cafe,,,,POINT (28.939994 41.00824)
5113599454,Paşa,41.007295,28.93836,amenity:cafe,cafe,,,,POINT (28.93836 41.007295)
5113599462,Unnamed POI,41.00707,28.937587,amenity:cafe,cafe,,,,POINT (28.937587 41.00707)
5113599473,Tarihi alipaşa Hamami,41.007968,28.93977,leisure:turkish_bath,,,,turkish_bath,POINT (28.93977 41.007968)
5113599475,Hakiki hatay urunleri,41.008259,28.940363,amenity:restaurant,restaurant,,,,POINT (28.940363 41.008259)
5113599479,Ganyan,41.00861,28.940822,amenity:cafe,cafe,,,,POINT (28.940822 41.00861)
5113599481,Unnamed POI,41.00906,28.943876,amenity:parking,parking,,,,POINT (28.943876 41.00906)
5113599482,Asli bufe,41.009432,28.945439,amenity:fast_food,fast_food,,,,POINT (28.945439 41.009432)
5113599484,Borek&pide&doner&cafe,41.009443,28.94553,amenity:restaurant,restaurant,,,,POINT (28.94553 41.009443)
5113599486,Haseki Yusufpaşa Eczanesi,41.009448,28.945588,amenity:pharmacy,pharmacy,,,,POINT (28.945588 41.009448)
5113599488,Kayra Eczanesi,41.009484,28.945784,amenity:pharmacy,pharmacy,,,,POINT (28.945784 41.009484)
5113599489,Seylan Çay Evi,41.009491,28.946264,amenity:cafe,cafe,,,,POINT (28.946264 41.009491)
5113599490,Helix İşitme Cihazlari,41.009506,28.94588,amenity:pharmacy,pharmacy,,,,POINT (28.94588 41.009506)
5113599492,Haseki Çağrı Eczanesi,41.009533,28.946102,amenity:pharmacy,pharmacy,,,,POINT (28.946102 41.009533)
5113599493,Haseki Can Eczanesi,41.009585,28.946326,amenity:pharmacy,pharmacy,,,,POINT (28.946326 41.009585)
5113599497,Gülçin Eczanesi,41.009643,28.946692,amenity:pharmacy,pharmacy,,,,POINT (28.946692 41.009643)
5113599499,YAD Hotel,41.008323,28.945691,tourism:hotel,,hotel,,,POINT (28.945691 41.008323)
5113599500,Sultan Balık,41.008309,28.945373,amenity:restaurant,restaurant,,,,POINT (28.945373 41.008309)
5113599501,Unnamed POI,41.008391,28.945667,amenity:parking,parking,,,,POINT (28.945667 41.008391)
5113599502,MIX,41.008465,28.945652,amenity:restaurant,restaurant,,,,POINT (28.945652 41.008465)
5113599507,Furkan Döner,41.008605,28.945284,amenity:restaurant,restaurant,,,,POINT (28.945284 41.008605)
5113599511,Unnamed POI,41.009084,28.945053,amenity:cafe,cafe,,,,POINT (28.945053 41.009084)
5113599512,Haseki Ev Yemekleri,41.009186,28.944781,amenity:restaurant,restaurant,,,,POINT (28.944781 41.009186)
5113599513,Haseki Emir Eczanesi,41.009202,28.944844,amenity:pharmacy,pharmacy,,,,POINT (28.944844 41.009202)
5113599514,Taç Düğün Salonu,41.009186,28.945008,amenity:events_venue,events_venue,,,,POINT (28.945008 41.009186)
5113599515,istanbul Eğitim ve Araştırma Hastanesi Poliklinikleri,41.009246,28.945797,amenity:hospital,hospital,,,,POINT (28.945797 41.009246)
5113599517,Adıvar Cafeteria,41.009511,28.945354,amenity:restaurant,restaurant,,,,POINT (28.945354 41.009511)
5113599518,Haseki Eczanesi,41.009581,28.945352,amenity:pharmacy,pharmacy,,,,POINT (28.945352 41.009581)
5113599721,Haseki Yavuz Eczanesi,41.009749,28.945391,amenity:pharmacy,pharmacy,,,,POINT (28.945391 41.009749)
5113599723,Tarbuş Cafe,41.009813,28.945434,amenity:cafe,cafe,,,,POINT (28.945434 41.009813)
5113599724,Martun 2,41.009892,28.945412,amenity:restaurant,restaurant,,,,POINT (28.945412 41.009892)
5113599726,ÜRORAD Tıp Merkezi,41.01003,28.945457,amenity:clinic,clinic,,,,POINT (28.945457 41.01003)
5113599727,İstanbul Üniversitesi Kardiyoloji enistitusu,41.009154,28.943244,amenity:hospital,hospital,,,,POINT (28.943244 41.009154)
5113599728,Gökhan Büfe,41.009008,28.943598,amenity:restaurant,restaurant,,,,POINT (28.943598 41.009008)
5113599729,Tüğba Kafeterya,41.008955,28.9433,amenity:restaurant,restaurant,,,,POINT (28.9433 41.008955)
5113599730,Haseki Sağlık Eczanesi,41.008996,28.943538,amenity:pharmacy,pharmacy,,,,POINT (28.943538 41.008996)
5113599732,Sefa Eczanesi,41.008961,28.943351,amenity:pharmacy,pharmacy,,,,POINT (28.943351 41.008961)
5113599734,Unnamed POI,41.008925,28.943084,amenity:cafe,cafe,,,,POINT (28.943084 41.008925)
5113599735,Burgercan,41.008914,28.943006,amenity:fast_food,fast_food,,,,POINT (28.943006 41.008914)
5113599737,Can büfe,41.008887,28.942842,amenity:fast_food,fast_food,,,,POINT (28.942842 41.008887)
5113599739,Haseki sultan mahallesi muhtarliği,41.010362,28.942863,amenity:courthouse,courthouse,,,,POINT (28.942863 41.010362)
5113609481,Unnamed POI,41.028962,28.938793,amenity:cafe,cafe,,,,POINT (28.938793 41.028962)
5113609482,Dervişali Mahallesi Muhtarliği,41.028895,28.938635,amenity:townhall,townhall,,,,POINT (28.938635 41.028895)
5113609485,Hacıelaziz çiğkofte,41.028658,28.938408,amenity:fast_food,fast_food,,,,POINT (28.938408 41.028658)
5113609489,Babacan,41.028427,28.93821,amenity:restaurant,restaurant,,,,POINT (28.93821 41.028427)
5113609492,İsot lahmacun,41.027599,28.940926,amenity:restaurant,restaurant,,,,POINT (28.940926 41.027599)
5113609495,Lizzethan çiğkofte,41.026217,28.940335,amenity:fast_food,fast_food,,,,POINT (28.940335 41.026217)
5113609496,Lezzet çiğ borek,41.026239,28.940277,amenity:restaurant,restaurant,,,,POINT (28.940277 41.026239)
5113609502,Unnamed POI,41.025992,28.940435,amenity:cafe,cafe,,,,POINT (28.940435 41.025992)
5113609505,Evranos dede,41.025434,28.941532,amenity:grave_yard,grave_yard,,,,POINT (28.941532 41.025434)
5113609506,Stad Eczanesi,41.025571,28.94061,amenity:pharmacy,pharmacy,,,,POINT (28.94061 41.025571)
5113609508,Sofi Döner,41.025631,28.940536,amenity:fast_food,fast_food,,,,POINT (28.940536 41.025631)
5113609509,Oben Düğün salonu,41.02566,28.940498,amenity:events_venue,events_venue,,,,POINT (28.940498 41.02566)
5113609512,Türkiye İş Bankası,41.025946,28.94024,amenity:bank,bank,,,,POINT (28.94024 41.025946)
5113609513,Selim diş hekimi,41.026123,28.940078,amenity:dentist,dentist,,,,POINT (28.940078 41.026123)
5113609514,Yaşam Eczanesi,41.026074,28.940164,amenity:pharmacy,pharmacy,,,,POINT (28.940164 41.026074)
5113609516,Nur Polikliniği,41.026171,28.940088,amenity:clinic,clinic,,,,POINT (28.940088 41.026171)
5113609517,İstanbul Lisan Akademisi,41.026191,28.94,amenity:language_school,language_school,,,,POINT (28.94 41.026191)
5113609519,karagümrük spor lokali cafe,41.026416,28.939977,amenity:cafe,cafe,,,,POINT (28.939977 41.026416)
5113609922,Karagümrük Futbol Okulu,41.028255,28.938047,amenity:school,school,,,,POINT (28.938047 41.028255)
5113609934,Ganyan cafe,41.030251,28.937248,amenity:cafe,cafe,,,,POINT (28.937248 41.030251)
5113609938,Unnamed POI,41.029563,28.936618,amenity:toilets,toilets,,,,POINT (28.936618 41.029563)
5113610076,Yeşil karadeniz kıraathanesi,41.031055,28.94472,amenity:cafe,cafe,,,,POINT (28.94472 41.031055)
5113610082,Unnamed POI,41.030576,28.944375,amenity:cafe,cafe,,,,POINT (28.944375 41.030576)
5113610086,Unnamed POI,41.029312,28.944886,amenity:cafe,cafe,,,,POINT (28.944886 41.029312)
5113610091,Yaraligoz borek,41.031121,28.94482,amenity:restaurant,restaurant,,,,POINT (28.94482 41.031121)
5113610093,Mavi kalam çocuk kursu,41.03141,28.943688,amenity:kindergarten,kindergarten,,,,POINT (28.943688 41.03141)
5113610095,Muallim naci ilkokulu,41.029985,28.942312,amenity:school,school,,,,POINT (28.942312 41.029985)
5113610109,Unnamed POI,41.025776,28.940902,amenity:cafe,cafe,,,,POINT (28.940902 41.025776)
5113610119,Hacıelaziz çiğkofte,41.026379,28.940793,amenity:fast_food,fast_food,,,,POINT (28.940793 41.026379)
5113610120,Özcanlar kebap salonu,41.026395,28.94083,amenity:restaurant,restaurant,,,,POINT (28.94083 41.026395)
5113611423,Özen sariyer borekçisi,41.026446,28.940932,amenity:restaurant,restaurant,,,,POINT (28.940932 41.026446)
5113611439,Ayten eczanesi,41.026996,28.941192,amenity:pharmacy,pharmacy,,,,POINT (28.941192 41.026996)
5113611443,Yıldız borek,41.027152,28.941309,amenity:restaurant,restaurant,,,,POINT (28.941309 41.027152)
5113611444,Sefa pide,41.027074,28.941198,amenity:restaurant,restaurant,,,,POINT (28.941198 41.027074)
5113611451,İkram,41.027469,28.941305,amenity:restaurant,restaurant,,,,POINT (28.941305 41.027469)
5113611457,Cadde Kebap,41.029037,28.93887,amenity:restaurant,restaurant,,,,POINT (28.93887 41.029037)
5113611463,Ulu kardeşler,41.029315,28.938904,amenity:restaurant,restaurant,,,,POINT (28.938904 41.029315)
5113611466,Unnamed POI,41.029269,28.939109,amenity:cafe,cafe,,,,POINT (28.939109 41.029269)
5113611475,Et ustası,41.029576,28.939479,amenity:restaurant,restaurant,,,,POINT (28.939479 41.029576)
5113611476,Özen sariyer boreği,41.029634,28.939269,amenity:restaurant,restaurant,,,,POINT (28.939269 41.029634)
5113611483,Çelik et ve tavuk durumları,41.029813,28.939734,amenity:restaurant,restaurant,,,,POINT (28.939734 41.029813)
5113611488,Akçiçek doner,41.030199,28.940095,amenity:restaurant,restaurant,,,,POINT (28.940095 41.030199)
5113611490,Cadde döner,41.030331,28.940276,amenity:restaurant,restaurant,,,,POINT (28.940276 41.030331)
5113611496,Hakan cafe,41.029916,28.940968,amenity:cafe,cafe,,,,POINT (28.940968 41.029916)
5113611497,Yaprak pide,41.029976,28.941065,amenity:restaurant,restaurant,,,,POINT (28.941065 41.029976)
5113611499,Unnamed POI,41.029898,28.941167,amenity:cafe,cafe,,,,POINT (28.941167 41.029898)
5113611503,Derman Sağlık Kabini,41.029825,28.941972,amenity:clinic,clinic,,,,POINT (28.941972 41.029825)
5113611505,Unnamed POI,41.029642,28.942628,amenity:cafe,cafe,,,,POINT (28.942628 41.029642)
5113611507,Unnamed POI,41.029445,28.942632,amenity:cafe,cafe,,,,POINT (28.942632 41.029445)
5113611512,Cafe draman,41.029307,28.943044,amenity:cafe,cafe,,,,POINT (28.943044 41.029307)
5113611514,Unnamed POI,41.029336,28.943628,amenity:parking,parking,,,,POINT (28.943628 41.029336)
5113611519,Semsur çiğkofte,41.029208,28.9439,amenity:fast_food,fast_food,,,,POINT (28.9439 41.029208)
5113612622,Kaçar borek salonu,41.029183,28.944002,amenity:restaurant,restaurant,,,,POINT (28.944002 41.029183)
5113612623,Konak Bufe,41.029141,28.944175,amenity:restaurant,restaurant,,,,POINT (28.944175 41.029141)
5113612625,Arap Gıda,41.029022,28.944438,amenity:cafe,cafe,,,,POINT (28.944438 41.029022)
5113612629,Cafe draman,41.028874,28.944788,amenity:cafe,cafe,,,,POINT (28.944788 41.028874)
5113612641,Özel Sultan fatih,41.027147,28.944156,amenity:school,school,,,,POINT (28.944156 41.027147)
5113615115,İsmek,41.031183,28.936809,amenity:water_point,water_point,,,,POINT (28.936809 41.031183)
5113615116,Altın marpuç cafe,41.030552,28.938668,amenity:cafe,cafe,,,,POINT (28.938668 41.030552)
5113615117,Kariye otel,41.03075,28.93877,tourism:hotel,,hotel,,,POINT (28.93877 41.03075)
5113615118,Asitane,41.03087,28.938996,amenity:restaurant,restaurant,,,,POINT (28.938996 41.03087)
5113615119,Kariye Pembe Köşk Aile Çay Bahçesi Cafe,41.031278,28.938562,amenity:cafe,cafe,,,,POINT (28.938562 41.031278)
5113615120,Kariye otel,41.031422,28.939011,tourism:hotel,,hotel,,,POINT (28.939011 41.031422)
5113615724,Aytemiz,41.029791,28.939052,amenity:fuel,fuel,,,,POINT (28.939052 41.029791)
5113615732,Merdane hamur cafe,41.030406,28.937383,amenity:cafe,cafe,,,,POINT (28.937383 41.030406)
5113615735,Oz adıyaman çiğkofte,41.030807,28.937692,amenity:fast_food,fast_food,,,,POINT (28.937692 41.030807)
5113615740,Kariye Cafe,41.030926,28.937906,amenity:cafe,cafe,,,,POINT (28.937906 41.030926)
5113615744,Semsur çiğkofte,41.030668,28.936899,amenity:fast_food,fast_food,,,,POINT (28.936899 41.030668)
5113615747,Keskin gürme,41.03061,28.936895,amenity:restaurant,restaurant,,,,POINT (28.936895 41.03061)
5113615750,Sur cafe,41.031181,28.936368,amenity:cafe,cafe,,,,POINT (28.936368 41.031181)
5113620589,Cankurtaran Mahalle Muhtarlığı,41.004046,28.982035,amenity:townhall,townhall,,,,POINT (28.982035 41.004046)
5113620590,Charm hotel,41.005055,28.979131,tourism:hotel,,hotel,,,POINT (28.979131 41.005055)
5113620594,Denizbank,41.005304,28.978763,amenity:bank,bank,,,,POINT (28.978763 41.005304)
5113620596,Konyalı topkapı,41.013713,28.985817,amenity:restaurant,restaurant,,,,POINT (28.985817 41.013713)
5113620603,Matbah,41.009301,28.979203,amenity:restaurant,restaurant,,,,POINT (28.979203 41.009301)
5113620612,4 Döner,41.009123,28.978763,amenity:fast_food,fast_food,,,,POINT (28.978763 41.009123)
5113620613,şöhret kuruyemiş turkish ice cream,41.008988,28.97876,amenity:ice_cream,ice_cream,,,,POINT (28.97876 41.008988)
5113620615,Denizbank,41.008888,28.97874,amenity:atm,atm,,,,POINT (28.97874 41.008888)
5113620617,Change excahnge,41.008765,28.978728,amenity:bureau_de_change,bureau_de_change,,,,POINT (28.978728 41.008765)
5113620618,Unnamed POI,41.007178,28.979651,amenity:post_box,post_box,,,,POINT (28.979651 41.007178)
5113620619,Topdeck,41.006231,28.980986,amenity:cafe,cafe,,,,POINT (28.980986 41.006231)
5113620620,Joy Cafe Restaurant & Shisha Lounge,41.003615,28.979266,amenity:cafe,cafe,,,,POINT (28.979266 41.003615)
5113620621,Apple Tree Hotel,41.003731,28.979214,tourism:hotel,,hotel,,,POINT (28.979214 41.003731)
5113620622,Kaftan Hotel,41.003863,28.979394,tourism:hotel,,hotel,,,POINT (28.979394 41.003863)
5113620623,Historia Hotel,41.004407,28.980029,tourism:hotel,,hotel,,,POINT (28.980029 41.004407)
5113620624,Ferman Hotel,41.004086,28.97978,tourism:hotel,,hotel,,,POINT (28.97978 41.004086)
5113620626,Hayat cafe,41.003584,28.979313,amenity:cafe,cafe,,,,POINT (28.979313 41.003584)
5113620630,Balikci Sabahattin,41.004506,28.980606,amenity:restaurant,restaurant,,,,POINT (28.980606 41.004506)
5113620631,The Cozy Garden,41.004765,28.979686,amenity:restaurant,restaurant,,,,POINT (28.979686 41.004765)
5113620632,Hotel Gül Sultan,41.006121,28.981126,tourism:hotel,,hotel,,,POINT (28.981126 41.006121)
5113620634,Magnaura Cafe & Restaurant,41.005618,28.980552,amenity:restaurant,restaurant,,,,POINT (28.980552 41.005618)
5113620635,Sultan Hostel,41.00585,28.980806,tourism:hostel,,hostel,,,POINT (28.980806 41.00585)
5113620636,Hotel Zeugma,41.005419,28.980253,tourism:hotel,,hotel,,,POINT (28.980253 41.005419)
5113620637,Magnaura House Hotel,41.005525,28.980074,tourism:hotel,,hotel,,,POINT (28.980074 41.005525)
5113620639,Tria Elegance Restaurant,41.00597,28.980947,amenity:restaurant,restaurant,,,,POINT (28.980947 41.00597)
5113620640,Just Bar,41.005986,28.98068,amenity:bar,bar,,,,POINT (28.98068 41.005986)
5113620641,Albura kathisma resturant & cafe,41.005829,28.980486,amenity:restaurant,restaurant,,,,POINT (28.980486 41.005829)
5113620642,Millennium Suites,41.005728,28.980359,tourism:hotel,,hotel,,,POINT (28.980359 41.005728)
5113620643,Turquoıse cafe resturant,41.005588,28.980146,amenity:restaurant,restaurant,,,,POINT (28.980146 41.005588)
5113620644,Duvares cafe & resturant,41.005434,28.979963,amenity:restaurant,restaurant,,,,POINT (28.979963 41.005434)
5113620645,Ocean's 7 cafe & resturant,41.005137,28.979896,amenity:restaurant,restaurant,,,,POINT (28.979896 41.005137)
5113620649,Babylonia resturant & pub,41.005805,28.980737,amenity:restaurant,restaurant,,,,POINT (28.980737 41.005805)
5113620650,Byzantium Hotel,41.005527,28.980414,tourism:hotel,,hotel,,,POINT (28.980414 41.005527)
5113620651,GLK PREMIER Regency Suites,41.005639,28.980222,tourism:hotel,,hotel,,,POINT (28.980222 41.005639)
5113620652,Hotel Broken Column,41.005071,28.979852,tourism:hotel,,hotel,,,POINT (28.979852 41.005071)
5113620655,Garden resturant,41.005686,28.980291,amenity:restaurant,restaurant,,,,POINT (28.980291 41.005686)
5113620657,Shadow Cafe & Restaurant,41.006033,28.980739,amenity:restaurant,restaurant,,,,POINT (28.980739 41.006033)
5113620658,Mitani Cafe,41.005886,28.980551,amenity:restaurant,restaurant,,,,POINT (28.980551 41.005886)
5113620659,Senatus Hotel,41.005794,28.980429,tourism:hotel,,hotel,,,POINT (28.980429 41.005794)
5113620660,Suleyman,41.004896,28.979615,amenity:restaurant,restaurant,,,,POINT (28.979615 41.004896)
5113620661,Şiva Cafe & Bar,41.006133,28.980863,amenity:restaurant,restaurant,,,,POINT (28.980863 41.006133)
5113620662,GLK PREMIER Acropol Suites,41.00567,28.980621,tourism:hotel,,hotel,,,POINT (28.980621 41.00567)
5113620665,West Town Cafe & Restaurant,41.005016,28.979172,amenity:restaurant,restaurant,,,,POINT (28.979172 41.005016)
5113620669,Akbıyık Balık Evi,41.004842,28.979573,amenity:restaurant,restaurant,,,,POINT (28.979573 41.004842)
5113620673,İstanbul Kahvehanesi,41.006212,28.978663,amenity:cafe,cafe,,,,POINT (28.978663 41.006212)
5113620677,Sahabe-i Kiramdan Abdurrahman Şami Türbesi,41.00669,28.979145,historic:tomb,,,tomb,,POINT (28.979145 41.00669)
5113620678,Ayasofya Hürrem Sultan Hamamı,41.007195,28.979145,leisure:turkish_bath,public_bath,,,turkish_bath,POINT (28.979145 41.007195)
5113620679,Unnamed POI,41.00728,28.979022,amenity:toilets,toilets,,,,POINT (28.979022 41.00728)
5113620680,K.Maraş ottoman icecream,41.007286,28.979122,amenity:ice_cream,ice_cream,,,,POINT (28.979122 41.007286)
5113620681,Mihri Cafe,41.007115,28.979295,amenity:cafe,cafe,,,,POINT (28.979295 41.007115)
5113620683,Sebil Cafe,41.007498,28.979634,amenity:cafe,cafe,,,,POINT (28.979634 41.007498)
5113620684,İstanbul kitaplığı,41.009594,28.979972,amenity:library,library,,,,POINT (28.979972 41.009594)
5113620685,Sur Cafe,41.010311,28.979179,amenity:cafe,cafe,,,,POINT (28.979179 41.010311)
5113620686,3B resturant,41.009867,28.978836,amenity:restaurant,restaurant,,,,POINT (28.978836 41.009867)
5113620687,Merih Hotel,41.009748,28.978832,tourism:hotel,,hotel,,,POINT (28.978832 41.009748)
5113620688,Sultan Mehmet Restaurant & Cafe,41.009782,28.978832,amenity:restaurant,restaurant,,,,POINT (28.978832 41.009782)
5113620689,Efezade resturant,41.009847,28.978836,amenity:restaurant,restaurant,,,,POINT (28.978836 41.009847)
5113620691,Ela Sofia Kebap,41.010248,28.97887,amenity:restaurant,restaurant,,,,POINT (28.97887 41.010248)
5113620695,İslam bilim ve teknoloji tarihi müzesi,41.013219,28.978968,tourism:museum,,museum,,,POINT (28.978968 41.013219)
5113620696,My seka cafe,41.014565,28.979635,amenity:cafe,cafe,,,,POINT (28.979635 41.014565)
5113620697,Gülhane cafe & resturant,41.014156,28.979361,amenity:restaurant,restaurant,,,,POINT (28.979361 41.014156)
5113620698,Romantic apart hotel,41.01406,28.9793,tourism:hotel,restaurant,hotel,,,POINT (28.9793 41.01406)
5113620700,Pizza de lavia,41.013887,28.979176,amenity:fast_food,fast_food,,,,POINT (28.979176 41.013887)
5113620702,Big Family,41.013816,28.979108,amenity:restaurant,restaurant,,,,POINT (28.979108 41.013816)
5113620703,Ganyan cafe,41.013767,28.979075,amenity:cafe,cafe,,,,POINT (28.979075 41.013767)
5113620718,Ala turcs coffe point,41.012501,28.978648,amenity:cafe,cafe,,,,POINT (28.978648 41.012501)
5113623081,Med Cezir Hotel,41.006544,28.979428,tourism:hotel,,hotel,,,POINT (28.979428 41.006544)
5113623083,Seven Hills Hotel,41.006379,28.979694,tourism:hotel,,hotel,,,POINT (28.979694 41.006379)
5113623086,Aristocrat Hotel,41.005684,28.979112,tourism:hotel,,hotel,,,POINT (28.979112 41.005684)
5113623087,Blue House Hotel,41.005601,28.978967,tourism:hotel,,hotel,,,POINT (28.978967 41.005601)
5113623091,En la luna terace cafe & bar,41.005949,28.979203,amenity:cafe,cafe,,,,POINT (28.979203 41.005949)
5113623093,Old House Restaurant & Bar Cafe,41.006069,28.97934,amenity:restaurant,restaurant,,,,POINT (28.97934 41.006069)
5113623097,Four Seasons Hotel,41.006562,28.980241,tourism:hotel,,hotel,,,POINT (28.980241 41.006562)
5113623098,Hotel Uyan,41.006184,28.979485,tourism:hotel,,hotel,,,POINT (28.979485 41.006184)
5113623100,Park Hotel,41.006174,28.979664,tourism:hotel,,hotel,,,POINT (28.979664 41.006174)
5113623101,Yakamoz Guesthouse,41.005666,28.979562,tourism:guest_house,,guest_house,,,POINT (28.979562 41.005666)
5113623102,Cosmopolitan Park Hotel,41.005597,28.97949,tourism:hotel,,hotel,,,POINT (28.97949 41.005597)
5113623103,Cem Sultan Hotel,41.005545,28.979426,tourism:hotel,,hotel,,,POINT (28.979426 41.005545)
5113623106,Köşk Cafe & Restaurant,41.006355,28.980921,amenity:restaurant,restaurant,,,,POINT (28.980921 41.006355)
5113623108,Best Island Hotel,41.00694,28.981302,tourism:hotel,,hotel,,,POINT (28.981302 41.00694)
5113623111,Palatium Cafe & Restaurant,41.006022,28.980244,amenity:restaurant,restaurant,,,,POINT (28.980244 41.006022)
5113623113,Terace Guesthouse,41.005909,28.980061,tourism:guest_house,,guest_house,,,POINT (28.980061 41.005909)
5113623115,Aşkın Hotel,41.00547,28.97919,tourism:hotel,,hotel,,,POINT (28.97919 41.00547)
5113623118,The Magnaura Palace,41.005496,28.979343,tourism:hotel,,hotel,,,POINT (28.979343 41.005496)
5113623120,Big apple hotel,41.005227,28.980225,tourism:hotel,,hotel,,,POINT (28.980225 41.005227)
5113624621,Osman han hotel,41.005159,28.980356,tourism:hotel,,hotel,,,POINT (28.980356 41.005159)
5113624622,Bahaus hostel,41.005101,28.980242,tourism:hotel,,hotel,,,POINT (28.980242 41.005101)
5113624623,Unnamed POI,41.004976,28.980406,amenity:restaurant,restaurant,,,,POINT (28.980406 41.004976)
5113624624,Amiral palace hotel,41.004926,28.980549,tourism:hotel,,hotel,,,POINT (28.980549 41.004926)
5113624627,Meydan Börek,41.005236,28.981694,amenity:restaurant,restaurant,,,,POINT (28.981694 41.005236)
5113624629,Erol Taş Cafe & Resturant,41.005278,28.981642,amenity:restaurant,restaurant,,,,POINT (28.981642 41.005278)
5113624630,Korecan Restoran,41.00539,28.981899,amenity:restaurant,restaurant,,,,POINT (28.981899 41.00539)
5115504876,Dekor Hotel,41.007533,28.954967,tourism:hotel,,hotel,,,POINT (28.954967 41.007533)
5115504882,Grand Asiyan Hotel,41.00761,28.955424,tourism:hotel,,hotel,,,POINT (28.955424 41.00761)
5115504883,Grand Ons Hotel,41.007588,28.955722,tourism:hotel,,hotel,,,POINT (28.955722 41.007588)
5115504884,Yalta Hotel,41.007604,28.955585,tourism:hotel,,hotel,,,POINT (28.955585 41.007604)
5115504890,Dal Hotel,41.007612,28.954959,tourism:hotel,,hotel,,,POINT (28.954959 41.007612)
5115504911,Hotel Geneva,41.008662,28.956662,tourism:hotel,,hotel,,,POINT (28.956662 41.008662)
5115504915,Hotel Kalkan,41.00929,28.95614,tourism:hotel,,hotel,,,POINT (28.95614 41.00929)
5115505422,Sait İskender,41.008918,28.956494,amenity:restaurant,restaurant,,,,POINT (28.956494 41.008918)
5115505440,Karven Hotel,41.008326,28.95648,tourism:hotel,,hotel,,,POINT (28.95648 41.008326)
5115505441,Mozart Hotel,41.008279,28.955734,tourism:hotel,,hotel,,,POINT (28.955734 41.008279)
5115505454,Emin Hotel,41.008275,28.955222,tourism:hotel,,hotel,,,POINT (28.955222 41.008275)
5115505462,Art Hotel,41.008284,28.955028,tourism:hotel,,hotel,,,POINT (28.955028 41.008284)
5115505466,Saray Hotel,41.008423,28.954074,tourism:hotel,,hotel,,,POINT (28.954074 41.008423)
5115505468,zalelhotelslaleli,41.008187,28.953925,tourism:hotel,,hotel,,,POINT (28.953925 41.008187)
5115505469,Barbeku Restoran,41.008194,28.953817,amenity:restaurant,restaurant,,,,POINT (28.953817 41.008194)
5115505471,Hotel Bosfor,41.008521,28.95408,tourism:hotel,,hotel,,,POINT (28.95408 41.008521)
5115505472,Melodi Restaurant,41.008576,28.954289,amenity:restaurant,restaurant,,,,POINT (28.954289 41.008576)
5115505473,Martini lokantası,41.008661,28.954097,amenity:restaurant,restaurant,,,,POINT (28.954097 41.008661)
5115505474,Vert Hotel,41.008744,28.954099,tourism:hotel,,hotel,,,POINT (28.954099 41.008744)
5115927783,İş Bankası ATM,41.000063,28.931735,amenity:atm,atm,,,,POINT (28.931735 41.000063)
5115929106,Zabıta Amirliği,41.009648,28.966226,amenity:police,police,,,,POINT (28.966226 41.009648)
5115929108,Türkiye İş Bankası,41.00963,28.966146,amenity:atm,atm,,,,POINT (28.966146 41.00963)
5115929109,Doce Kebap,41.009562,28.966486,amenity:restaurant,restaurant,,,,POINT (28.966486 41.009562)
5115929111,Öz Yumak,41.009394,28.96666,amenity:restaurant,restaurant,,,,POINT (28.96666 41.009394)
5115929112,Osmanlızade,41.009296,28.96718,amenity:restaurant,restaurant,,,,POINT (28.96718 41.009296)
5115929114,Denizbank,41.009487,28.966417,amenity:atm,atm,,,,POINT (28.966417 41.009487)
5115929115,Beyazıt Döviz,41.009467,28.966495,amenity:bureau_de_change,bureau_de_change,,,,POINT (28.966495 41.009467)
5115929116,Seos Cafe Restaurant,41.009604,28.96653,amenity:restaurant,restaurant,,,,POINT (28.96653 41.009604)
5115929117,Paşa Döner,41.009396,28.966608,amenity:restaurant,restaurant,,,,POINT (28.966608 41.009396)
5115929118,Kelkit Döneri,41.009304,28.96707,amenity:restaurant,restaurant,,,,POINT (28.96707 41.009304)
5115929120,Cihan Derya Balık,41.009584,28.967201,amenity:restaurant,restaurant,,,,POINT (28.967201 41.009584)
5115933151,Emir sultan,41.000275,28.930481,amenity:restaurant,restaurant,,,,POINT (28.930481 41.000275)
5115933161,Bahar Büfe,40.999986,28.930768,amenity:cafe,cafe,,,,POINT (28.930768 40.999986)
5115933165,Stüdyo Burak,40.999866,28.930984,amenity:studio,studio,,,,POINT (28.930984 40.999866)
5115933166,Çiğ köftecim,40.999805,28.931043,amenity:fast_food,fast_food,,,,POINT (28.931043 40.999805)
5115933169,Tarihi Hacı Kadın Hamamı,40.999786,28.927489,tourism:attraction,,attraction,,,POINT (28.927489 40.999786)
5115933177,Çiğköfte Park,41.00043,28.92929,amenity:fast_food,fast_food,,,,POINT (28.92929 41.00043)
5115933181,Fetih 1453 Aile Çay Evi,41.000684,28.929559,amenity:cafe,cafe,,,,POINT (28.929559 41.000684)
5115933184,Mehmet Akif Ortaokulu,41.001326,28.929794,amenity:school,school,,,,POINT (28.929794 41.001326)
5115933186,mo-sa 8:-19:00,41.001578,28.929913,amenity:pharmacy,pharmacy,,,,POINT (28.929913 41.001578)
5115933188,Merdane Börek,41.001999,28.930065,amenity:restaurant,restaurant,,,,POINT (28.930065 41.001999)
5115933196,Yapı Kredi,41.003237,28.93016,amenity:bank,bank,,,,POINT (28.93016 41.003237)
5115933199,Seyran Pastaneleri,41.003283,28.930293,amenity:restaurant,restaurant,,,,POINT (28.930293 41.003283)
5115933200,Paşa Döner,41.003362,28.930515,amenity:restaurant,restaurant,,,,POINT (28.930515 41.003362)
5115933201,Şenol,41.003421,28.930722,amenity:restaurant,restaurant,,,,POINT (28.930722 41.003421)
5115933203,Türkiș Kafe,41.003469,28.930834,amenity:cafe,cafe,,,,POINT (28.930834 41.003469)
5115933204,Birbey Lahmacun,41.00353,28.930976,amenity:restaurant,restaurant,,,,POINT (28.930976 41.00353)
5115933205,Focus,41.003552,28.931044,amenity:studio,studio,,,,POINT (28.931044 41.003552)
5115933215,mo-su 08:00-20:00,41.003794,28.931804,amenity:bureau_de_change,bureau_de_change,,,,POINT (28.931804 41.003794)
5115933218,Yalcin Fotograf,41.003877,28.931998,amenity:studio,studio,,,,POINT (28.931998 41.003877)
5115933219,Miss Kokoreç,41.003914,28.932053,amenity:fast_food,fast_food,,,,POINT (28.932053 41.003914)
5115933923,Yaman Dondurma,41.00405,28.932567,amenity:restaurant,restaurant,,,,POINT (28.932567 41.00405)
5115933926,Nizam Usta,41.004138,28.93288,amenity:restaurant,restaurant,,,,POINT (28.93288 41.004138)
5115933927,Oses Çiğköfte,41.004173,28.932948,amenity:fast_food,fast_food,,,,POINT (28.932948 41.004173)
5115933928,mo-fr 9:00-17:00,41.004195,28.933008,amenity:bank,bank,,,,POINT (28.933008 41.004195)
5115935408,Silivri Kapı Eczanesi,41.006826,28.925221,amenity:pharmacy,pharmacy,,,,POINT (28.925221 41.006826)
5115935414,Şeyh Seyyid Seyfullah Hz.,41.007168,28.926987,historic:tomb,,,tomb,,POINT (28.926987 41.007168)
5115935417,Elif Pastanesi,41.00709,28.927511,amenity:restaurant,restaurant,,,,POINT (28.927511 41.00709)
5115935420,Opet,41.007211,28.928431,amenity:fuel,fuel,,,,POINT (28.928431 41.007211)
5115937186,Yapı Kredi,41.007486,28.931354,amenity:atm,atm,,,,POINT (28.931354 41.007486)
5115937187,Garanti Bankası,41.007454,28.931354,amenity:atm,atm,,,,POINT (28.931354 41.007454)
5115937188,HSBC,41.007516,28.931351,amenity:atm,atm,,,,POINT (28.931351 41.007516)
5115937195,Mir Börek Cafe,41.0081,28.931367,amenity:restaurant,restaurant,,,,POINT (28.931367 41.0081)
5115937198,Şölen Pastaneleri,41.008402,28.931359,amenity:restaurant,restaurant,,,,POINT (28.931359 41.008402)
5115937209,Tarihi Küçük Hamam,41.009423,28.931507,amenity:public_bath,public_bath,,,,POINT (28.931507 41.009423)
5115937213,Gaziantep'li Künefeci Ömer Usta,41.010287,28.931558,amenity:restaurant,restaurant,,,,POINT (28.931558 41.010287)
5115937214,Avcı Kebap,41.010011,28.931561,amenity:restaurant,restaurant,,,,POINT (28.931561 41.010011)
5115937217,Mırra Kahvaltı Salonu,41.009833,28.931584,amenity:restaurant,restaurant,,,,POINT (28.931584 41.009833)
5115937218,Eczane İstanbul,41.009907,28.931354,amenity:pharmacy,pharmacy,,,,POINT (28.931354 41.009907)
5115937321,Başaran Yufka Ve Manti,41.007138,28.928965,amenity:restaurant,restaurant,,,,POINT (28.928965 41.007138)
5115937326,Atafer2,41.007214,28.9297,amenity:parking,parking,,,,POINT (28.9297 41.007214)
5115937338,QNB,41.007208,28.931354,amenity:bank,bank,,,,POINT (28.931354 41.007208)
5115937340,Beyaz Saray Dondurma Ve Boza,41.007022,28.931378,amenity:restaurant,restaurant,,,,POINT (28.931378 41.007022)
5115937341,Crazy Chicken,41.006931,28.931417,amenity:restaurant,restaurant,,,,POINT (28.931417 41.006931)
5115937344,Doğu Eczanesi,41.006932,28.931461,amenity:pharmacy,pharmacy,,,,POINT (28.931461 41.006932)
5115937350,Canan Eczanesi,41.006929,28.932564,amenity:pharmacy,pharmacy,,,,POINT (28.932564 41.006929)
5115937352,Kevser Eczanesi,41.006899,28.933261,amenity:pharmacy,pharmacy,,,,POINT (28.933261 41.006899)
5115937357,Ptt-cerrahpaşa Şubesi,41.006888,28.934091,amenity:post_office,post_office,,,,POINT (28.934091 41.006888)
5115937363,KEBAPCI CAHIT USTA,41.006968,28.93533,amenity:restaurant,restaurant,,,,POINT (28.93533 41.006968)
5115937364,Mue Cafe,41.00689,28.934892,amenity:cafe,cafe,,,,POINT (28.934892 41.00689)
5115937365,Ali Paşa Konağı,41.006899,28.934957,amenity:cafe,cafe,,,,POINT (28.934957 41.006899)
5115937368,Pilavcı 1453,41.007412,28.936625,amenity:restaurant,restaurant,,,,POINT (28.936625 41.007412)
5115937370,Ziyafet Öiğköfte,41.007491,28.936658,amenity:fast_food,fast_food,,,,POINT (28.936658 41.007491)
5115937371,Irmak Çay Evi,41.007544,28.93669,amenity:cafe,cafe,,,,POINT (28.93669 41.007544)
5115937374,Baloon,41.008152,28.936999,amenity:restaurant,restaurant,,,,POINT (28.936999 41.008152)
5115937375,Komagehe Çiğköfte,41.009129,28.937527,amenity:fast_food,fast_food,,,,POINT (28.937527 41.009129)
5115937376,Taç Cafe,41.008057,28.93695,amenity:cafe,cafe,,,,POINT (28.93695 41.008057)
5115937378,Gaziantep Zahter Sofrası,41.008672,28.937265,amenity:restaurant,restaurant,,,,POINT (28.937265 41.008672)
5115937379,Nurol Eczanesi,41.008861,28.937336,amenity:pharmacy,pharmacy,,,,POINT (28.937336 41.008861)
5115937383,Ada Balık Evim,41.00936,28.937601,amenity:restaurant,restaurant,,,,POINT (28.937601 41.00936)
5115937389,Goralı 1945,41.010817,28.938322,amenity:restaurant,restaurant,,,,POINT (28.938322 41.010817)
5115937390,Oses Çiğköfte,41.010842,28.938322,amenity:fast_food,fast_food,,,,POINT (28.938322 41.010842)
5115937391,Evrim Restoran,41.010889,28.938308,amenity:restaurant,restaurant,,,,POINT (28.938308 41.010889)
5115937822,Pilavcı Nazmi,41.009869,28.931351,amenity:restaurant,restaurant,,,,POINT (28.931351 41.009869)
5115937823,Osmanlı Tulumba ve Baklava,41.010104,28.931373,amenity:restaurant,restaurant,,,,POINT (28.931373 41.010104)
5115937824,Feyzi Usta Kadayıf ve Baklavaları,41.010275,28.931374,amenity:restaurant,restaurant,,,,POINT (28.931374 41.010275)
5115937828,Oses Çiğköfte,41.010509,28.93137,amenity:fast_food,fast_food,,,,POINT (28.93137 41.010509)
5115937834,Sürpriz Büfe,41.011038,28.936762,amenity:restaurant,restaurant,,,,POINT (28.936762 41.011038)
5115937839,Tatlıbak,41.011082,28.931599,amenity:restaurant,restaurant,,,,POINT (28.931599 41.011082)
5115937847,Garanti Bankası,41.011223,28.929703,amenity:atm,atm,,,,POINT (28.929703 41.011223)
5115937857,Karadeniz Pide-Börek Salonu,41.01159,28.92735,amenity:restaurant,restaurant,,,,POINT (28.92735 41.01159)
5115937966,Şenay Eczanesi,41.008497,28.928239,amenity:pharmacy,pharmacy,,,,POINT (28.928239 41.008497)
5115937968,Uzun Yusuf Ortaokulu,41.009262,28.928734,amenity:school,school,,,,POINT (28.928734 41.009262)
5115937969,Ata Garajı Yıkama Yağlama,41.009837,28.927927,amenity:car_wash,car_wash,,,,POINT (28.927927 41.009837)
5115937973,Benin Eczanesi,41.009104,28.929,amenity:pharmacy,pharmacy,,,,POINT (28.929 41.009104)
5115937974,Öztürk Katlı Otopark,41.011203,28.929188,amenity:parking,parking,,,,POINT (28.929188 41.011203)
5115937975,Şeyh Hüsamettin Kız Kuran Kursu,41.010915,28.929744,amenity:school,school,,,,POINT (28.929744 41.010915)
5115937984,Kaan Çay Evi,41.010605,28.928869,amenity:cafe,cafe,,,,POINT (28.928869 41.010605)
5115937985,Karadeniz Yayla Lokantası,41.010486,28.928921,amenity:restaurant,restaurant,,,,POINT (28.928921 41.010486)
5115937987,Kalite Börek Salonu,41.010236,28.929063,amenity:restaurant,restaurant,,,,POINT (28.929063 41.010236)
5115937988,7 Gün Kahve Cafe,41.010153,28.929154,amenity:cafe,cafe,,,,POINT (28.929154 41.010153)
5115937991,Meydan Kahvaltı,41.009495,28.93101,amenity:restaurant,restaurant,,,,POINT (28.93101 41.009495)
5115937998,Sıt-ar Cafe,41.009321,28.930793,amenity:cafe,cafe,,,,POINT (28.930793 41.009321)
5115938003,FEN,41.009051,28.931037,amenity:language_school,language_school,,,,POINT (28.931037 41.009051)
5115938006,Garanti Bankası,41.009539,28.931136,amenity:atm,atm,,,,POINT (28.931136 41.009539)
5115938008,URFA SOFRASI HASAN USTA,41.008512,28.930759,amenity:restaurant,restaurant,,,,POINT (28.930759 41.008512)
5115938009,Hanımelleri,41.008536,28.930275,amenity:cafe,cafe,,,,POINT (28.930275 41.008536)
5115938122,Asmalı Cafe,41.007272,28.928666,amenity:cafe,cafe,,,,POINT (28.928666 41.007272)
5115938123,Hira Kebap ve Dürüm Evi,41.007206,28.928668,amenity:restaurant,restaurant,,,,POINT (28.928668 41.007206)
5115938128,Elif Büfe,41.008995,28.931252,amenity:restaurant,restaurant,,,,POINT (28.931252 41.008995)
5115938131,Tadım Unlu Mamulleri,41.008649,28.93123,amenity:restaurant,restaurant,,,,POINT (28.93123 41.008649)
5115938133,Paşa Kokoreç,41.008575,28.931215,amenity:fast_food,fast_food,,,,POINT (28.931215 41.008575)
5115938134,Mine Eczanesi,41.008424,28.931014,amenity:pharmacy,pharmacy,,,,POINT (28.931014 41.008424)
5115938138,Vakıfbank,41.007912,28.931122,amenity:bank,bank,,,,POINT (28.931122 41.007912)
5115939227,Çevre Katlı Otopark,41.007422,28.934121,amenity:parking,parking,,,,POINT (28.934121 41.007422)
5115939229,Ihlamur Eczanesi,41.007957,28.931533,amenity:pharmacy,pharmacy,,,,POINT (28.931533 41.007957)
5115939230,Al Baron Restaurant,41.008402,28.936749,amenity:restaurant,restaurant,,,,POINT (28.936749 41.008402)
5115939233,Emin Ali Yaşin İlkokulu,41.008421,28.931932,amenity:school,school,,,,POINT (28.931932 41.008421)
5115939234,Nazlı Urfa Kebap Salonu,41.009018,28.93143,amenity:restaurant,restaurant,,,,POINT (28.93143 41.009018)
5115939235,Gül Çay Evi,41.009019,28.93151,amenity:cafe,cafe,,,,POINT (28.93151 41.009019)
5115939236,Emrullah Efendi Otoparkı,41.00899,28.93233,amenity:parking,parking,,,,POINT (28.93233 41.00899)
5115939239,Özel Akasya Kreş ve Gündüz Bakım Evi,41.008964,28.93406,amenity:kindergarten,kindergarten,,,,POINT (28.93406 41.008964)
5115939240,Kızılelma Veteriner Klinigi,41.00897,28.93682,amenity:veterinary,veterinary,,,,POINT (28.93682 41.00897)
5115939248,Patiler Veteriner Klinigi,41.009579,28.932903,amenity:veterinary,veterinary,,,,POINT (28.932903 41.009579)
5115939255,İlgivet/Veteriner Kliniği,41.009523,28.933933,amenity:veterinary,veterinary,,,,POINT (28.933933 41.009523)
5115939256,Zabıta Müdürlüğü A Bölgesi Ekipler Amirliği,41.009498,28.934349,amenity:police,police,,,,POINT (28.934349 41.009498)
5115939261,köşem büfe,41.009556,28.936154,amenity:restaurant,restaurant,,,,POINT (28.936154 41.009556)
5115939265,Cafe Flu,41.009534,28.936752,amenity:cafe,cafe,,,,POINT (28.936752 41.009534)
5115939266,Balkan Dondurma,41.009534,28.936694,amenity:restaurant,restaurant,,,,POINT (28.936694 41.009534)
5115939275,English Spoken Cafe Fındıkzade,41.010813,28.93778,amenity:cafe,cafe,,,,POINT (28.93778 41.010813)
5115939278,Üsküp Simit Pogaçası,41.010038,28.937741,amenity:fast_food,fast_food,,,,POINT (28.937741 41.010038)
5115939280,Unnamed POI,41.010073,28.937118,amenity:parking,parking,,,,POINT (28.937118 41.010073)
5115939282,Türkçü Sokak Açık Otopark,41.010365,28.936584,amenity:parking,parking,,,,POINT (28.936584 41.010365)
5115939284,Avcı Kebap,41.01004,28.931623,amenity:restaurant,restaurant,,,,POINT (28.931623 41.01004)
5115939288,Cafe Cengiz,41.010525,28.93196,amenity:cafe,cafe,,,,POINT (28.93196 41.010525)
5115939293,Uzun Yusuf Spor Tesisleri,41.010407,28.927339,leisure:sports_centre,,,,sports_centre,POINT (28.927339 41.010407)
5115939298,Aksa Eczanesi,41.008379,28.926996,amenity:pharmacy,pharmacy,,,,POINT (28.926996 41.008379)
5115939923,TEB,41.009691,28.969894,amenity:bank,bank,,,,POINT (28.969894 41.009691)
5115939924,Türkiye Finans,41.009673,28.969981,amenity:bank,bank,,,,POINT (28.969981 41.009673)
5115939926,Çarşıkapı Muhallebicisi 1984,41.009967,28.969965,amenity:restaurant,restaurant,,,,POINT (28.969965 41.009967)
5115939927,Yıldız Döviz,41.010163,28.969907,amenity:bureau_de_change,bureau_de_change,,,,POINT (28.969907 41.010163)
5115939935,Borsa Gold,41.010865,28.969729,amenity:bureau_de_change,bureau_de_change,,,,POINT (28.969729 41.010865)
5115939936,Guven Doviz,41.011014,28.969706,amenity:bureau_de_change,bureau_de_change,,,,POINT (28.969706 41.011014)
5115939937,Susamoğl Baklava,41.01165,28.96854,amenity:restaurant,restaurant,,,,POINT (28.96854 41.01165)
5115939938,Elif Büfe,41.011706,28.96848,amenity:restaurant,restaurant,,,,POINT (28.96848 41.011706)
5115939941,Çarşı Ocakbaşı,41.011827,28.968328,amenity:restaurant,restaurant,,,,POINT (28.968328 41.011827)
5115939942,Osmanli Kanat Ve Balik,41.011868,28.968277,amenity:restaurant,restaurant,,,,POINT (28.968277 41.011868)
5115939943,Vitamin Et Lokantası,41.01204,28.968168,amenity:restaurant,restaurant,,,,POINT (28.968168 41.01204)
5115939944,Samsun Bafra Pide ve Pizza,41.0121,28.968134,amenity:restaurant,restaurant,,,,POINT (28.968134 41.0121)
5115939945,Mako Döviz,41.012157,28.968095,amenity:bureau_de_change,bureau_de_change,,,,POINT (28.968095 41.012157)
5115939948,Köfteci Mustafa,41.01215,28.96778,amenity:fast_food,fast_food,,,,POINT (28.96778 41.01215)
5115939961,Beyazıt Devlet Kütüphanesi,41.01087,28.965825,amenity:library,library,,,,POINT (28.965825 41.01087)
5115939964,Türk Vakıf Hat Sanatları Müzesi,41.01005,28.963181,tourism:museum,,museum,,,POINT (28.963181 41.01005)
5115940962,Çınar Cafe,41.000324,28.930751,amenity:cafe,cafe,,,,POINT (28.930751 41.000324)
5115940963,Kahta Çiğköfte,41.000774,28.931267,amenity:fast_food,fast_food,,,,POINT (28.931267 41.000774)
5115940970,PTT,41.00134,28.932083,amenity:post_office,post_office,,,,POINT (28.932083 41.00134)
5115940971,Marmara Bilgi Evi,41.001408,28.932204,amenity:school,school,,,,POINT (28.932204 41.001408)
5115940973,Linda Eczanesi,41.001643,28.932267,amenity:pharmacy,pharmacy,,,,POINT (28.932267 41.001643)
5115940978,Marmara Kafe,41.002162,28.932791,amenity:cafe,cafe,,,,POINT (28.932791 41.002162)
5115940980,Atabarı,41.00225,28.932896,amenity:cafe,cafe,,,,POINT (28.932896 41.00225)
5115940988,Catsaray Cafe,41.002934,28.933956,amenity:cafe,cafe,,,,POINT (28.933956 41.002934)
5116617721,Kahve Dünyası,41.010114,28.972035,amenity:cafe,cafe,,,,POINT (28.972035 41.010114)
5116627730,Unnamed POI,41.010164,28.969924,amenity:internet_cafe,internet_cafe,,,,POINT (28.969924 41.010164)
5117628584,Cafe Society,41.017394,28.969548,amenity:cafe,cafe,,,,POINT (28.969548 41.017394)
5120269825,Unnamed POI,41.010544,28.976193,tourism:viewpoint,,viewpoint,,,POINT (28.976193 41.010544)
5121481814,RIZK Professional development;alhabari,41.017391,28.944145,amenity:social_centre,social_centre,,,,POINT (28.944145 41.017391)
5130434263,Basra Hotel,41.008897,28.953999,tourism:hotel,,hotel,,,POINT (28.953999 41.008897)
5130434266,Pirim Pub ve Restaurant,41.008975,28.954187,amenity:restaurant,restaurant,,,,POINT (28.954187 41.008975)
5130434267,Grand Gara Hotel,41.008835,28.954339,tourism:hotel,,hotel,,,POINT (28.954339 41.008835)
5130434270,Hotel Boulevard,41.008962,28.954393,tourism:hotel,,hotel,,,POINT (28.954393 41.008962)
5130434274,Hotel Rio,41.008807,28.954688,tourism:hotel,,hotel,,,POINT (28.954688 41.008807)
5130434277,Hotel Polatdemir Istanbul,41.009165,28.95534,tourism:hotel,,hotel,,,POINT (28.95534 41.009165)
5130434285,Metro Eczanesi,41.00892,28.954885,amenity:pharmacy,pharmacy,,,,POINT (28.954885 41.00892)
5130434291,Istanbul Royal Hotel,41.008607,28.954759,tourism:hotel,,hotel,,,POINT (28.954759 41.008607)
5130434293,Nobel Hotel,41.008334,28.954895,tourism:hotel,,hotel,,,POINT (28.954895 41.008334)
5130434305,Aspen Hotel,41.007991,28.95469,tourism:hotel,,hotel,,,POINT (28.95469 41.007991)
5130434308,Ahi Hotel,41.007881,28.954581,tourism:hotel,,hotel,,,POINT (28.954581 41.007881)
5130434309,Hotel Ephesus,41.007991,28.954288,tourism:hotel,,hotel,,,POINT (28.954288 41.007991)
5130434312,Hakel Döviz,41.007875,28.954261,amenity:bureau_de_change,bureau_de_change,,,,POINT (28.954261 41.007875)
5130434313,Aksu Restaurant,41.007893,28.954231,amenity:restaurant,restaurant,,,,POINT (28.954231 41.007893)
5130434314,Delta Hotel Istanbul;Hotel DELTA,41.007876,28.954202,tourism:hotel,,hotel,,,POINT (28.954202 41.007876)
5130434317,Ararat Restoran,41.007568,28.954174,amenity:restaurant,restaurant,,,,POINT (28.954174 41.007568)
5130434823,Akbank,41.00735,28.954236,amenity:atm,atm,,,,POINT (28.954236 41.00735)
5130434824,Western Union,41.007387,28.954337,amenity:money_transfer,money_transfer,,,,POINT (28.954337 41.007387)
5130434828,Diş Hekimi Güneş Salih Yavuzcan,41.007314,28.953945,amenity:dentist,dentist,,,,POINT (28.953945 41.007314)
5130434838,Tabakk Büfe,41.007202,28.955137,amenity:fast_food,fast_food,,,,POINT (28.955137 41.007202)
5130480321,çikolata cafe,41.021239,28.945613,amenity:cafe,cafe,,,,POINT (28.945613 41.021239)
5135309624,selam restaurant,41.019542,28.947369,amenity:restaurant,restaurant,,,,POINT (28.947369 41.019542)
5135902724,buhara börek,41.021276,28.945179,amenity:restaurant,restaurant,,,,POINT (28.945179 41.021276)
5144584531,Brew Coffeeworks,41.015844,28.973703,amenity:cafe,cafe,,,,POINT (28.973703 41.015844)
5151427257,Seven Dreams Hotel,41.006128,28.979294,tourism:hotel,,hotel,,,POINT (28.979294 41.006128)
5161279621,7 salah 7,41.013294,28.943501,tourism:hostel,,hostel,,,POINT (28.943501 41.013294)
5161483858,Erden Sarayevo Hotel,41.007513,28.957315,tourism:hotel,,hotel,,,POINT (28.957315 41.007513)
5161501225,Unnamed POI,41.012598,28.94156,amenity:restaurant,restaurant,,,,POINT (28.94156 41.012598)
5163071221,Unnamed POI,41.013494,28.949038,tourism:hostel,,hostel,,,POINT (28.949038 41.013494)
5184249023,Sirinpalace,41.013974,28.976242,tourism:hotel,,hotel,,,POINT (28.976242 41.013974)
5184249024,Sirinpalace,41.013914,28.976299,tourism:hotel,,hotel,,,POINT (28.976299 41.013914)
5188756121,2K Chicken,41.016813,28.970432,amenity:restaurant,restaurant,,,,POINT (28.970432 41.016813)
5193225922,Ortaklar Kebab Lahmacun,41.007273,28.972204,amenity:restaurant,restaurant,,,,POINT (28.972204 41.007273)
5193319823,TRIA ELEGANCE TERRACE RESTAURANT,41.005681,28.98102,amenity:restaurant,restaurant,,,,POINT (28.98102 41.005681)
5194478721,Unnamed POI,41.022975,28.930538,amenity:atm,atm,,,,POINT (28.930538 41.022975)
5194805323,Sofya kebab house,41.004745,28.970999,amenity:cafe,cafe,,,,POINT (28.970999 41.004745)
5202088009,Maan Society,41.022041,28.94199,amenity:community_centre,community_centre,,,,POINT (28.94199 41.022041)
5202088021,Fatih Belediyesi Silivrikapı Semt Konağı,41.003615,28.924106,amenity:townhall,townhall,,,,POINT (28.924106 41.003615)
5221026261,Hatice Turhan Valide Sultan Çeşmesi,41.015964,28.972978,amenity:drinking_water,drinking_water,,,,POINT (28.972978 41.015964)
5221028385,Orient Express Restaurant,41.01521,28.977424,amenity:restaurant,restaurant,,,,POINT (28.977424 41.01521)
5230181122,مطعم طربوش,41.010468,28.946386,amenity:cafe,cafe,,,,POINT (28.946386 41.010468)
5232644130,ميتي,41.003787,28.971924,tourism:hotel,,hotel,,,POINT (28.971924 41.003787)
5236198780,Gulhane Sark Sofrasi,41.010723,28.977653,amenity:restaurant,restaurant,,,,POINT (28.977653 41.010723)
5243945184,Rumeli Cafe & Restaurant,41.017684,28.949264,amenity:cafe,cafe,,,,POINT (28.949264 41.017684)
5243945190,Selam Et Lokantası,41.01954,28.947367,amenity:restaurant,restaurant,,,,POINT (28.947367 41.01954)
5243945193,Sedet İskender,41.018473,28.948494,amenity:restaurant,restaurant,,,,POINT (28.948494 41.018473)
5243945195,Kahve Durağı,41.017773,28.949189,amenity:cafe,cafe,,,,POINT (28.949189 41.017773)
5243945198,Ziya Şark Sofrası,41.01934,28.947618,amenity:restaurant,restaurant,,,,POINT (28.947618 41.01934)
5243945203,Sütlükahve,41.01904,28.947934,amenity:cafe,cafe,,,,POINT (28.947934 41.01904)
5243945211,Mado,41.017611,28.949359,amenity:cafe,cafe,,,,POINT (28.949359 41.017611)
5243945215,Espressolab,41.017327,28.949616,amenity:cafe,cafe,,,,POINT (28.949616 41.017327)
5243949924,Fatih Döviz,41.019942,28.946996,amenity:bureau_de_change,bureau_de_change,,,,POINT (28.946996 41.019942)
5243949940,Halkbank,41.020125,28.946838,amenity:bank,bank,,,,POINT (28.946838 41.020125)
5243949941,Antik cafe,41.021062,28.94588,amenity:cafe,cafe,,,,POINT (28.94588 41.021062)
5243949942,Doviz,41.020682,28.946275,amenity:bureau_de_change,bureau_de_change,,,,POINT (28.946275 41.020682)
5243949946,Saat Kulesi,41.021323,28.945642,amenity:clock,clock,,,,POINT (28.945642 41.021323)
5243949950,Simit Saray,41.021454,28.945509,amenity:cafe,cafe,,,,POINT (28.945509 41.021454)
5243949963,QNB,41.020419,28.946548,amenity:bank,bank,,,,POINT (28.946548 41.020419)
5243949967,Türkiye Finans,41.022016,28.944925,amenity:bank,bank,,,,POINT (28.944925 41.022016)
5243950174,Unnamed POI,41.018374,28.944999,amenity:pharmacy,pharmacy,,,,POINT (28.944999 41.018374)
5243950176,Almanar,41.01715,28.942937,amenity:restaurant,restaurant,,,,POINT (28.942937 41.01715)
5243950179,Denizbankası,41.01788,28.94415,amenity:atm,atm,,,,POINT (28.94415 41.01788)
5243950180,Kuveyt Türk,41.017315,28.9437,amenity:bank,bank,,,,POINT (28.9437 41.017315)
5243950182,Unnamed POI,41.017688,28.944268,amenity:pharmacy,pharmacy,,,,POINT (28.944268 41.017688)
5243950187,Dünya döner,41.018539,28.945223,amenity:fast_food,fast_food,,,,POINT (28.945223 41.018539)
5243950190,Unnamed POI,41.019324,28.94662,amenity:pharmacy,pharmacy,,,,POINT (28.94662 41.019324)
5243950194,Yapı Kredi,41.017414,28.943829,amenity:bank,bank,,,,POINT (28.943829 41.017414)
5243950196,Komagene,41.016709,28.942138,amenity:fast_food,fast_food,,,,POINT (28.942138 41.016709)
5243950197,Ege Pilav,41.01693,28.942422,amenity:fast_food,fast_food,,,,POINT (28.942422 41.01693)
5243950199,Unnamed POI,41.017558,28.944044,amenity:pharmacy,pharmacy,,,,POINT (28.944044 41.017558)
5243950206,Berr Hotel,41.0178,28.943945,tourism:hotel,,hotel,,,POINT (28.943945 41.0178)
5243950210,Unnamed POI,41.01844,28.945099,amenity:cafe,cafe,,,,POINT (28.945099 41.01844)
5243950211,Diver,41.019521,28.94699,amenity:restaurant,restaurant,,,,POINT (28.94699 41.019521)
5243950212,Akdeniz Büfe,41.018872,28.946289,amenity:restaurant,restaurant,,,,POINT (28.946289 41.018872)
5243950214,Unnamed POI,41.01791,28.944204,amenity:pharmacy,pharmacy,,,,POINT (28.944204 41.01791)
5243950216,Akdeniz pub,41.017656,28.9442,amenity:pub,pub,,,,POINT (28.9442 41.017656)
5243950217,Oxford turca,41.017842,28.944562,amenity:school,school,,,,POINT (28.944562 41.017842)
5243950219,Affouri,41.017049,28.942568,amenity:restaurant,restaurant,,,,POINT (28.942568 41.017049)
5243950721,Simit Cafe,41.016748,28.942191,amenity:cafe,cafe,,,,POINT (28.942191 41.016748)
5243950730,Gala kokoreç,41.018609,28.945386,amenity:fast_food,fast_food,,,,POINT (28.945386 41.018609)
5243950731,Gülbenoğlu,41.017657,28.943763,amenity:restaurant,restaurant,,,,POINT (28.943763 41.017657)
5243950739,Dağıstan Eczanesi,41.016994,28.942514,amenity:pharmacy,pharmacy,,,,POINT (28.942514 41.016994)
5243950740,Vatan Pilavcısı,41.016785,28.942241,amenity:fast_food,fast_food,,,,POINT (28.942241 41.016785)
5243950741,Saitoğulları,41.017623,28.943692,amenity:restaurant,restaurant,,,,POINT (28.943692 41.017623)
5243950742,DIALOGUE,41.018077,28.944956,amenity:school,school,,,,POINT (28.944956 41.018077)
5243950743,Kuzey Büfe,41.017112,28.942864,amenity:restaurant,restaurant,,,,POINT (28.942864 41.017112)
5243950748,Soylu büfe,41.016544,28.942559,amenity:fast_food,fast_food,,,,POINT (28.942559 41.016544)
5243950751,Garanti Bankası,41.017353,28.943767,amenity:bank,bank,,,,POINT (28.943767 41.017353)
5243950754,TDV,41.017037,28.943174,amenity:library,library,,,,POINT (28.943174 41.017037)
5243950756,Unnamed POI,41.017796,28.944461,amenity:pharmacy,pharmacy,,,,POINT (28.944461 41.017796)
5243950758,Ziraat Bankası,41.017223,28.943044,amenity:bank,bank,,,,POINT (28.943044 41.017223)
5243950763,Denizbank,41.019158,28.946357,amenity:bank,bank,,,,POINT (28.946357 41.019158)
5243950765,QNB,41.01892,28.945936,amenity:bank,bank,,,,POINT (28.945936 41.01892)
5243950766,Special Cafe,41.018262,28.945281,amenity:cafe,cafe,,,,POINT (28.945281 41.018262)
5243950767,Renk büfe,41.017768,28.944396,amenity:restaurant,restaurant,,,,POINT (28.944396 41.017768)
5243950770,Seyran,41.018016,28.944359,amenity:cafe,cafe,,,,POINT (28.944359 41.018016)
5243950771,Türkiye İş Bankası,41.018651,28.945474,amenity:bank,bank,,,,POINT (28.945474 41.018651)
5243950776,Dish hakimi,41.0198,28.940959,amenity:dentist,dentist,,,,POINT (28.940959 41.0198)
5243950777,Domino's,41.019978,28.941159,amenity:fast_food,fast_food,,,,POINT (28.941159 41.019978)
5243950778,Mazaj cafe,41.019923,28.941109,amenity:cafe,cafe,,,,POINT (28.941109 41.019923)
5243950782,hacielaziz chikoftaci,41.02015,28.941454,amenity:restaurant,restaurant,,,,POINT (28.941454 41.02015)
5243950783,Golden mix,41.020167,28.941481,amenity:cafe,cafe,,,,POINT (28.941481 41.020167)
5243950785,Falafel alshalal,41.020238,28.941615,amenity:restaurant,restaurant,,,,POINT (28.941615 41.020238)
5243950787,Musilli,41.020329,28.941789,amenity:restaurant,restaurant,,,,POINT (28.941789 41.020329)
5243950789,Keifine gore felafel,41.020431,28.94197,amenity:restaurant,restaurant,,,,POINT (28.94197 41.020431)
5243950791,Saruja Restaurant,41.020538,28.942147,amenity:restaurant,restaurant,,,,POINT (28.942147 41.020538)
5243950793,Debs ve Remman,41.020679,28.942344,amenity:restaurant,restaurant,,,,POINT (28.942344 41.020679)
5243950794,Meshur sariyer,41.020788,28.942537,amenity:restaurant,restaurant,,,,POINT (28.942537 41.020788)
5243950796,Asrin,41.020902,28.942709,amenity:internet_cafe,internet_cafe,,,,POINT (28.942709 41.020902)
5243950801,Hirka-i sherif,41.021168,28.943216,amenity:restaurant,restaurant,,,,POINT (28.943216 41.021168)
5243950803,Antep sofrasi,41.021235,28.943302,amenity:restaurant,restaurant,,,,POINT (28.943302 41.021235)
5243950807,Alamin,41.01985,28.945563,amenity:restaurant,restaurant,,,,POINT (28.945563 41.01985)
5243950819,Nam-i lezzet,41.019358,28.945782,amenity:restaurant,restaurant,,,,POINT (28.945782 41.019358)
5243950931,Fatih chy evi,41.019579,28.945321,amenity:cafe,cafe,,,,POINT (28.945321 41.019579)
5243950957,Call shop,41.020741,28.944136,amenity:internet_cafe,internet_cafe,,,,POINT (28.944136 41.020741)
5243950959,Fatih tea & cafe,41.020991,28.944082,amenity:cafe,cafe,,,,POINT (28.944082 41.020991)
5243950965,RTmevsim Doner,41.02129,28.943546,amenity:fast_food,fast_food,,,,POINT (28.943546 41.02129)
5243951020,Unnamed POI,41.01819,28.948288,amenity:parking,parking,,,,POINT (28.948288 41.01819)
5243951365,Konya Etli Pide,41.020556,28.94488,amenity:restaurant,restaurant,,,,POINT (28.94488 41.020556)
5243951366,Turanlar Özel Kız Öğrenci Yurdu,41.021114,28.945327,amenity:dormitory,dormitory,,,,POINT (28.945327 41.021114)
5243951369,Nishantashi bufe,41.020675,28.946099,amenity:restaurant,restaurant,,,,POINT (28.946099 41.020675)
5243951378,trend cafe,41.020361,28.945913,amenity:cafe,cafe,,,,POINT (28.945913 41.020361)
5243951382,Sola cafe,41.020202,28.945633,amenity:cafe,cafe,,,,POINT (28.945633 41.020202)
5243951387,Çay,41.020679,28.945095,amenity:cafe,cafe,,,,POINT (28.945095 41.020679)
5243951400,joman's cafe,41.021194,28.944604,amenity:cafe,cafe,,,,POINT (28.944604 41.021194)
5243951401,Shif,41.021211,28.94472,amenity:restaurant,restaurant,,,,POINT (28.94472 41.021211)
5243951403,DEVA,41.02118,28.94495,amenity:pharmacy,pharmacy,,,,POINT (28.94495 41.02118)
5243951404,Yurtlar Kurumu,41.021525,28.944962,amenity:dormitory,dormitory,,,,POINT (28.944962 41.021525)
5243951405,Ozgelis kabab salonu,41.021654,28.944642,amenity:restaurant,restaurant,,,,POINT (28.944642 41.021654)
5243951406,Fatih hotel,41.021732,28.944744,tourism:hotel,,hotel,,,POINT (28.944744 41.021732)
5243951409,Fatih durum,41.021833,28.944644,amenity:restaurant,restaurant,,,,POINT (28.944644 41.021833)
5243951411,Lemonada,41.021138,28.945339,amenity:cafe,cafe,,,,POINT (28.945339 41.021138)
5243951416,Hezurfen,41.021249,28.945607,amenity:cafe,cafe,,,,POINT (28.945607 41.021249)
5243951418,Karadeniz kardeşler,41.021295,28.945309,amenity:cafe,cafe,,,,POINT (28.945309 41.021295)
5243951419,Buhara,41.021298,28.945258,amenity:restaurant,restaurant,,,,POINT (28.945258 41.021298)
5243951420,sultan jepe,41.021312,28.944977,amenity:cafe,cafe,,,,POINT (28.944977 41.021312)
5243951422,Cafein,41.021314,28.944898,amenity:cafe,cafe,,,,POINT (28.944898 41.021314)
5243951428,Aylishie cafe,41.021578,28.944237,amenity:cafe,cafe,,,,POINT (28.944237 41.021578)
5243951429,Dirilish cafe,41.021641,28.944151,amenity:cafe,cafe,,,,POINT (28.944151 41.021641)
5243951430,Patii dunyasi,41.02169,28.9441,amenity:restaurant,restaurant,,,,POINT (28.9441 41.02169)
5243951434,Stüdyo Nilay,41.021946,28.944533,amenity:studio,studio,,,,POINT (28.944533 41.021946)
5243951435,Balik evi,41.021996,28.944631,amenity:restaurant,restaurant,,,,POINT (28.944631 41.021996)
5243951508,Layali assalihya,41.016577,28.945598,amenity:restaurant,restaurant,,,,POINT (28.945598 41.016577)
5243951514,Arzum eczane,41.016223,28.9467,amenity:pharmacy,pharmacy,,,,POINT (28.9467 41.016223)
5243951522,Harun Büfe,41.018028,28.948073,amenity:fast_food,fast_food,,,,POINT (28.948073 41.018028)
5243951532,Ali baba,41.018603,28.946528,amenity:restaurant,restaurant,,,,POINT (28.946528 41.018603)
5243951536,kortulmush,41.01802,28.947129,amenity:pharmacy,pharmacy,,,,POINT (28.947129 41.01802)
5243951538,foto Omur,41.017955,28.947215,amenity:studio,studio,,,,POINT (28.947215 41.017955)
5243951541,Oses,41.017405,28.946443,amenity:restaurant,restaurant,,,,POINT (28.946443 41.017405)
5243951544,Şerifoglu,41.017551,28.947258,amenity:restaurant,restaurant,,,,POINT (28.947258 41.017551)
5243951545,Bezirgan,41.017565,28.947596,amenity:fast_food,fast_food,,,,POINT (28.947596 41.017565)
5243951547,Pesto restorant,41.017303,28.945515,amenity:restaurant,restaurant,,,,POINT (28.945515 41.017303)
5243951548,Ensar oto park ot yikama,41.016871,28.947623,amenity:parking,parking,,,,POINT (28.947623 41.016871)
5243951551,Fatih danishmanlik,41.016903,28.948224,amenity:school,school,,,,POINT (28.948224 41.016903)
5243951552,SANAT & HOBBY,41.016741,28.948395,amenity:library,library,,,,POINT (28.948395 41.016741)
5243951555,Hayat lokantasi,41.016419,28.94872,amenity:restaurant,restaurant,,,,POINT (28.94872 41.016419)
5243951557,adiyaman çikoftecisi,41.01645,28.948803,amenity:restaurant,restaurant,,,,POINT (28.948803 41.01645)
5243951969,Cake & K,41.01966,28.94391,amenity:cafe,cafe,,,,POINT (28.94391 41.01966)
5243951971,Tekirdağ Köftecisi,41.019153,28.944404,amenity:fast_food,fast_food,,,,POINT (28.944404 41.019153)
5243951980,Yurtiçi kargo,41.018081,28.944332,amenity:post_office,post_office,,,,POINT (28.944332 41.018081)
5243951991,Sportwani,41.018514,28.943873,leisure:fitness_centre,,,,fitness_centre,POINT (28.943873 41.018514)
5243951992,Çarkicioglu kunefe,41.01867,28.943997,amenity:cafe,cafe,,,,POINT (28.943997 41.01867)
5243952001,MNG kargo,41.01921,28.943181,amenity:post_office,post_office,,,,POINT (28.943181 41.01921)
5243952002,çay evi,41.019238,28.943419,amenity:cafe,cafe,,,,POINT (28.943419 41.019238)
5243952007,Şeynay eczane,41.019447,28.943205,amenity:pharmacy,pharmacy,,,,POINT (28.943205 41.019447)
5243952010,Basma dentest center,41.019628,28.943038,amenity:dentist,dentist,,,,POINT (28.943038 41.019628)
5243952015,Surat kargo,41.020043,28.942625,amenity:post_office,post_office,,,,POINT (28.942625 41.020043)
5243952622,Eczane optic,41.016339,28.94624,amenity:pharmacy,pharmacy,,,,POINT (28.94624 41.016339)
5243952625,Atlas spor salonu,41.016539,28.946254,leisure:fitness_centre,,,,fitness_centre,POINT (28.946254 41.016539)
5243952628,Hacilaziz,41.016553,28.94593,amenity:restaurant,restaurant,,,,POINT (28.94593 41.016553)
5243952631,Halicilar eczanesi,41.016753,28.9455,amenity:pharmacy,pharmacy,,,,POINT (28.9455 41.016753)
5243952635,Çagdash lokanta,41.016952,28.945712,amenity:restaurant,restaurant,,,,POINT (28.945712 41.016952)
5243952638,Pesto restorant,41.01726,28.945452,amenity:restaurant,restaurant,,,,POINT (28.945452 41.01726)
5243952640,Asema,41.017424,28.944982,amenity:library,library,,,,POINT (28.944982 41.017424)
5243952647,Paşalar sofrasi,41.017838,28.944844,amenity:restaurant,restaurant,,,,POINT (28.944844 41.017838)
5243952733,Kozde kebap,41.017944,28.941933,amenity:restaurant,restaurant,,,,POINT (28.941933 41.017944)
5243952745,Fatih Pilates gym,41.01925,28.941722,leisure:fitness_centre,,,,fitness_centre,POINT (28.941722 41.01925)
5243952757,Oses,41.016247,28.944683,amenity:restaurant,restaurant,,,,POINT (28.944683 41.016247)
5243952762,Starbucks,41.017167,28.940939,amenity:cafe,cafe,,,,POINT (28.940939 41.017167)
5243952764,Nevada Coffee,41.01681,28.941464,amenity:cafe,cafe,,,,POINT (28.941464 41.01681)
5243952766,Vakıfbank,41.016612,28.941529,amenity:bank,bank,,,,POINT (28.941529 41.016612)
5243952769,Pera Cafe,41.015786,28.942774,amenity:cafe,cafe,,,,POINT (28.942774 41.015786)
5243952770,Erzurum Cağ Kebap,41.015725,28.942891,amenity:restaurant,restaurant,,,,POINT (28.942891 41.015725)
5243952773,Kebabçı Mahmut,41.015482,28.943151,amenity:restaurant,restaurant,,,,POINT (28.943151 41.015482)
5243952776,Ahsen hatay sofrasi,41.015241,28.943519,amenity:restaurant,restaurant,,,,POINT (28.943519 41.015241)
5243952785,Nus nus,41.014648,28.944474,amenity:cafe,cafe,,,,POINT (28.944474 41.014648)
5243952790,PTT,41.014977,28.94522,amenity:post_office,post_office,,,,POINT (28.94522 41.014977)
5243953054,Μεγάλη του Γένους Σχολή,41.029324,28.949261,amenity:school,school,,,,POINT (28.949261 41.029324)
5243953074,Fındık Kabuğu Restoran,41.031844,28.948907,amenity:restaurant,restaurant,,,,POINT (28.948907 41.031844)
5243953076,Garanti Bankası,41.032513,28.947927,amenity:bank,bank,,,,POINT (28.947927 41.032513)
5243953079,Osmanlı cafe,41.032321,28.948128,amenity:cafe,cafe,,,,POINT (28.948128 41.032321)
5243953331,Unnamed POI,41.027839,28.946417,amenity:cafe,cafe,,,,POINT (28.946417 41.027839)
5243953332,Çiğköfte,41.02832,28.946357,amenity:fast_food,fast_food,,,,POINT (28.946357 41.02832)
5243953333,Çarşamba Çukurbostan Parkı,41.025867,28.94965,tourism:picnic_site,,picnic_site,,,POINT (28.94965 41.025867)
5243953348,Özkaradeniz,41.026232,28.948277,amenity:restaurant,restaurant,,,,POINT (28.948277 41.026232)
5243953356,Zeman alkheir,41.028045,28.946382,amenity:restaurant,restaurant,,,,POINT (28.946382 41.028045)
5243953359,Unnamed POI,41.027927,28.946411,amenity:pharmacy,pharmacy,,,,POINT (28.946411 41.027927)
5243953361,Murat,41.026444,28.947973,amenity:library,library,,,,POINT (28.947973 41.026444)
5243953364,Haci el aziz Çiğ Köfte,41.028572,28.946052,amenity:fast_food,fast_food,,,,POINT (28.946052 41.028572)
5243953370,Siraç yayın evi,41.02667,28.947524,amenity:library,library,,,,POINT (28.947524 41.02667)
5243953371,Selamet,41.025952,28.94846,amenity:ice_cream,ice_cream,,,,POINT (28.94846 41.025952)
5244795860,ipar pasta evi,41.01584,28.969248,amenity:restaurant,restaurant,,,,POINT (28.969248 41.01584)
5244795867,Tahtakale Ciğercisi,41.016686,28.967983,amenity:fast_food,fast_food,,,,POINT (28.967983 41.016686)
5244795868,TEB,41.016888,28.96819,amenity:atm,atm,,,,POINT (28.96819 41.016888)
5244795869,Aygün Büfe,41.016832,28.968286,amenity:fast_food,fast_food,,,,POINT (28.968286 41.016832)
5244795871,Tahtakale Vakıf İş Hanı,41.016595,28.968544,tourism:motel,,motel,,,POINT (28.968544 41.016595)
5244795873,Küçük Aktar Hanı,41.016585,28.968679,tourism:motel,,motel,,,POINT (28.968679 41.016585)
5244795877,Kuveyt Türk,41.01637,28.968764,amenity:bank,bank,,,,POINT (28.968764 41.01637)
5244795878,Sancak Döviz,41.016335,28.968921,amenity:bureau_de_change,bureau_de_change,,,,POINT (28.968921 41.016335)
5244795880,Yapı Kredi,41.01613,28.969076,amenity:bank,bank,,,,POINT (28.969076 41.01613)
5244795882,Pir Han,41.016282,28.969057,tourism:motel,,motel,,,POINT (28.969057 41.016282)
5244795883,Garanti Bankası,41.016225,28.96913,amenity:bank,bank,,,,POINT (28.96913 41.016225)
5244795888,İshakpaşa Sofrası,41.015945,28.969537,amenity:restaurant,restaurant,,,,POINT (28.969537 41.015945)
5244795890,Garanti Bankası,41.015661,28.969687,amenity:atm,atm,,,,POINT (28.969687 41.015661)
5244795894,Akbank,41.01568,28.969654,amenity:atm,atm,,,,POINT (28.969654 41.01568)
5244795895,Türkiye İş Bankası,41.015633,28.969723,amenity:atm,atm,,,,POINT (28.969723 41.015633)
5244795896,Türkiye İş Bankası,41.015614,28.969751,amenity:bank,bank,,,,POINT (28.969751 41.015614)
5244795901,Hasırcılar Eczanesi,41.016958,28.968658,amenity:pharmacy,pharmacy,,,,POINT (28.968658 41.016958)
5244795902,Ersoy Han,41.016903,28.968627,tourism:motel,,motel,,,POINT (28.968627 41.016903)
5244795903,Ugur Büfe ve Çayocağı,41.016918,28.968711,amenity:cafe,cafe,,,,POINT (28.968711 41.016918)
5244795904,salep kadem salepçilik,41.016992,28.968815,amenity:cafe,cafe,,,,POINT (28.968815 41.016992)
5244795905,Sevil Çay Ocağı,41.017046,28.968729,amenity:cafe,cafe,,,,POINT (28.968729 41.017046)
5244795906,Üçler Han,41.017146,28.968817,tourism:motel,,motel,,,POINT (28.968817 41.017146)
5244795908,Hasırcılar Mescidi,41.0171,28.968907,amenity:place_of_worship,place_of_worship,,,,POINT (28.968907 41.0171)
5244795911,Filibe Köfte,41.016666,28.969326,amenity:restaurant,restaurant,,,,POINT (28.969326 41.016666)
5244795916,Sürat Kargo,41.016586,28.96929,amenity:post_office,post_office,,,,POINT (28.96929 41.016586)
5244796134,Bizim Han,41.015115,28.969117,tourism:motel,,motel,,,POINT (28.969117 41.015115)
5244796137,Opet Tahtakale,41.015189,28.968297,amenity:fuel,fuel,,,,POINT (28.968297 41.015189)
5244796141,Türkiye İş Bankası,41.015169,28.967576,amenity:atm,atm,,,,POINT (28.967576 41.015169)
5244796142,Vakıfbank,41.015347,28.967672,amenity:atm,atm,,,,POINT (28.967672 41.015347)
5244796145,Vakıfbank,41.015381,28.967686,amenity:bank,bank,,,,POINT (28.967686 41.015381)
5244796148,Virginia Angus Burger,41.016056,28.967746,amenity:fast_food,fast_food,,,,POINT (28.967746 41.016056)
5244796153,Döner House,41.016993,28.967993,amenity:fast_food,fast_food,,,,POINT (28.967993 41.016993)
5244796154,Cafe Truva,41.017082,28.968017,amenity:restaurant,restaurant,,,,POINT (28.968017 41.017082)
5244796156,Tahtekale Pılavcısı,41.017241,28.968136,amenity:restaurant,restaurant,,,,POINT (28.968136 41.017241)
5244796158,Közde Kanatçı Muro,41.017363,28.968247,amenity:fast_food,fast_food,,,,POINT (28.968247 41.017363)
5244796162,Acemoğlu Beklavaları,41.017297,28.968848,amenity:restaurant,restaurant,,,,POINT (28.968848 41.017297)
5244796163,Hatay Asi Künefeleri,41.01726,28.968929,amenity:restaurant,restaurant,,,,POINT (28.968929 41.01726)
5244796165,Meşhur Hasırcılar Ocakbaşı Dürüm,41.017051,28.969303,amenity:restaurant,restaurant,,,,POINT (28.969303 41.017051)
5244796172,Halkbank,41.016889,28.969606,amenity:bank,bank,,,,POINT (28.969606 41.016889)
5244796173,Kurukahveci Nuri Toplar,41.016771,28.969856,amenity:cafe,cafe,,,,POINT (28.969856 41.016771)
5244796175,Gaziantep Sweets,41.016745,28.969902,amenity:cafe,cafe,,,,POINT (28.969902 41.016745)
5244796179,Kurukahveci Mehmet Efendi,41.016553,28.970274,amenity:cafe,cafe,,,,POINT (28.970274 41.016553)
5244796180,Dilek Züccaciye Eminönü,41.01643,28.97018,amenity:restaurant,restaurant,,,,POINT (28.97018 41.01643)
5244796184,Gurmania,41.016289,28.970332,amenity:cafe,cafe,,,,POINT (28.970332 41.016289)
5244796186,Meşhur Miss Döner,41.016146,28.970226,amenity:restaurant,restaurant,,,,POINT (28.970226 41.016146)
5244796193,Meşhur Tahtakale Pilavcısı,41.015577,28.969793,amenity:restaurant,restaurant,,,,POINT (28.969793 41.015577)
5244796194,Kamosonic,41.015604,28.969812,amenity:studio,studio,,,,POINT (28.969812 41.015604)
5244796195,Simit Salonu,41.015513,28.969747,amenity:restaurant,restaurant,,,,POINT (28.969747 41.015513)
5244796197,Narin Döviz,41.015315,28.969606,amenity:bureau_de_change,bureau_de_change,,,,POINT (28.969606 41.015315)
5244796198,Zafer Eczanesi,41.015167,28.969523,amenity:pharmacy,pharmacy,,,,POINT (28.969523 41.015167)
5244801828,Kale Derya,41.002832,28.970797,amenity:restaurant,restaurant,,,,POINT (28.970797 41.002832)
5244801829,Patio Cafe,41.002751,28.971074,amenity:cafe,cafe,,,,POINT (28.971074 41.002751)
5244801830,Kumkapi TotalEnergies,41.001789,28.972537,amenity:fuel,fuel,,,,POINT (28.972537 41.001789)
5244801831,Çatladıkapı Sosyal Tesisleri,41.001796,28.973509,amenity:restaurant,restaurant,,,,POINT (28.973509 41.001796)
5244801832,Emine Sultan Hotel,41.003388,28.976014,tourism:hotel,,hotel,,,POINT (28.976014 41.003388)
5244801839,Sarnıç Hotel,41.004032,28.975442,tourism:hotel,,hotel,,,POINT (28.975442 41.004032)
5244801841,Marmara Üniversitesi Rektörlüğü,41.00457,28.974252,amenity:university,university,,,,POINT (28.974252 41.00457)
5244801842,Marmara Üniversitesi - Orta Doğu ve İslam Ülkeleri Araştırmaları Enstitüsü,41.005071,28.974655,amenity:college,college,,,,POINT (28.974655 41.005071)
5244801843,Marmara Üniversitesi Cumhuriyet Müzesi ve Sanat Galerisi,41.005186,28.974389,tourism:museum,,museum,,,POINT (28.974389 41.005186)
5244801844,İstanbul Cumhuriyet Eğitim Müzesi,41.00496,28.973933,tourism:museum,,museum,,,POINT (28.973933 41.00496)
5244801845,Sultanahmet Mesleki ve Teknik Anadolu Lisesi,41.004732,28.973157,amenity:school,school,,,,POINT (28.973157 41.004732)
5244801846,Myterrace Cafe & Restaurant,41.00485,28.973035,amenity:restaurant,restaurant,,,,POINT (28.973035 41.00485)
5244801847,Sultan Palace Hotel,41.00534,28.971939,tourism:hotel,,hotel,,,POINT (28.971939 41.00534)
5244801848,Four Doors Hotel Istanbul,41.005453,28.97179,tourism:hotel,,hotel,,,POINT (28.97179 41.005453)
5244801849,Art City Hotel,41.005542,28.971732,tourism:hotel,,hotel,,,POINT (28.971732 41.005542)
5244801850,Ala House Apart Hotel,41.005673,28.970553,tourism:motel,,motel,,,POINT (28.970553 41.005673)
5244801852,Huxley Hotel Old City,41.005346,28.970417,tourism:hotel,,hotel,,,POINT (28.970417 41.005346)
5244801857,Kadırga Mesleki ve Teknik Anadolu Lisesi,41.004665,28.969745,amenity:school,school,,,,POINT (28.969745 41.004665)
5244801858,Sıltans Hotel,41.004126,28.969167,tourism:hotel,,hotel,,,POINT (28.969167 41.004126)
5244801871,Dom Hotel,41.004794,28.97304,tourism:hotel,,hotel,,,POINT (28.97304 41.004794)
5244801872,Arena Hotel,41.00445,28.972796,tourism:hotel,,hotel,,,POINT (28.972796 41.00445)
5244801873,Dara Otel,41.004534,28.972833,tourism:hotel,,hotel,,,POINT (28.972833 41.004534)
5244801875,Aleph Hotel,41.004257,28.972247,tourism:hotel,,hotel,,,POINT (28.972247 41.004257)
5244801876,Sultanahmet Çeşme Hotel,41.004284,28.972584,tourism:hotel,,hotel,,,POINT (28.972584 41.004284)
5244801877,Garden 1897 Restaurant,41.004117,28.972529,amenity:restaurant,restaurant,,,,POINT (28.972529 41.004117)
5244801878,Ayasofya Hotel,41.004172,28.972785,tourism:hotel,,hotel,,,POINT (28.972785 41.004172)
5244801879,Sultan Ahmet Sweit,41.004064,28.97297,tourism:motel,,motel,,,POINT (28.97297 41.004064)
5244801880,Garden House Hotel,41.004,28.972558,tourism:hotel,,hotel,,,POINT (28.972558 41.004)
5244801881,Rose Garden Suites,41.00401,28.972704,tourism:hotel,,hotel,,,POINT (28.972704 41.00401)
5244801882,Sokullu Paşa Hotel,41.003858,28.972528,tourism:hotel,,hotel,,,POINT (28.972528 41.003858)
5244801883,Bachos Hotel,41.00391,28.972714,tourism:hotel,,hotel,,,POINT (28.972714 41.00391)
5244801884,Ancient Town Hotel,41.003817,28.972727,tourism:motel,,motel,,,POINT (28.972727 41.003817)
5244801885,Serenity Hotel,41.003804,28.972928,tourism:hotel,,hotel,,,POINT (28.972928 41.003804)
5244801887,Alice Ottoman Palace,41.00375,28.973131,tourism:hotel,,hotel,,,POINT (28.973131 41.00375)
5244801888,Warung Ibu Deden Restaurant,41.003725,28.97423,amenity:restaurant,restaurant,,,,POINT (28.97423 41.003725)
5244801889,Sultanahmet Otopark,41.004033,28.974471,amenity:parking,parking,,,,POINT (28.974471 41.004033)
5244801890,Havuzbaşı,41.004336,28.974708,amenity:cafe,cafe,,,,POINT (28.974708 41.004336)
5244801896,Turkish Street Cafe,41.003449,28.974962,amenity:cafe,cafe,,,,POINT (28.974962 41.003449)
5244801897,Aren Suites,41.003352,28.975342,tourism:motel,,motel,,,POINT (28.975342 41.003352)
5244801898,Peteks Hotel,41.003277,28.975201,tourism:hotel,,hotel,,,POINT (28.975201 41.003277)
5244801899,Dos Hermanos Hotel,41.003229,28.975246,tourism:motel,,motel,,,POINT (28.975246 41.003229)
5244801900,Belli Resturant,41.002862,28.975288,amenity:restaurant,restaurant,,,,POINT (28.975288 41.002862)
5244801901,Artefes Hotel,41.002892,28.975004,tourism:hotel,,hotel,,,POINT (28.975004 41.002892)
5244801902,Marbella Cafe ve Restaurant,41.002698,28.974202,amenity:restaurant,restaurant,,,,POINT (28.974202 41.002698)
5244801903,Mari Time Hotel,41.00281,28.974552,tourism:hotel,,hotel,,,POINT (28.974552 41.00281)
5244801904,Seatanbul Apart,41.002669,28.97479,tourism:motel,,motel,,,POINT (28.97479 41.002669)
5244801905,Bucoleon Palace Hotel,41.002671,28.974583,tourism:hotel,,hotel,,,POINT (28.974583 41.002671)
5244801906,Cheers Lighthouse,41.002692,28.974302,tourism:hotel,,hotel,,,POINT (28.974302 41.002692)
5244801907,Deniz Houses Hotel,41.002712,28.974092,tourism:hotel,,hotel,,,POINT (28.974092 41.002712)
5244801909,Arven Boutique Hotel,41.002686,28.974417,tourism:motel,,motel,,,POINT (28.974417 41.002686)
5244801910,Albatros,41.003035,28.97431,tourism:hotel,,hotel,,,POINT (28.97431 41.003035)
5244801912,Ekim Apart,41.003028,28.974125,tourism:motel,,motel,,,POINT (28.974125 41.003028)
5244801913,Sultans Royal Hotel,41.003035,28.974687,tourism:hotel,,hotel,,,POINT (28.974687 41.003035)
5244801914,Asmalı hotel,41.003165,28.974666,tourism:hotel,,hotel,,,POINT (28.974666 41.003165)
5244801916,Blue Mosque Apart,41.003016,28.97502,tourism:motel,,motel,,,POINT (28.97502 41.003016)
5244801918,Karina Fish House,41.002986,28.975268,amenity:restaurant,restaurant,,,,POINT (28.975268 41.002986)
5244801919,Altonita Marmara Cafe,41.003143,28.975018,amenity:cafe,cafe,,,,POINT (28.975018 41.003143)
5244801965,Merot Suites,41.003194,28.970941,tourism:motel,,motel,,,POINT (28.970941 41.003194)
5244801968,Walton Hotel,41.003391,28.969904,tourism:hotel,,hotel,,,POINT (28.969904 41.003391)
5244801969,Saruhan Hotel,41.003319,28.969615,tourism:hotel,,hotel,,,POINT (28.969615 41.003319)
5244801970,Turkuaz Hotel,41.003274,28.969321,tourism:hotel,,hotel,,,POINT (28.969321 41.003274)
5244801971,Dualis Otel,41.003723,28.96984,tourism:hotel,,hotel,,,POINT (28.96984 41.003723)
5244801972,The Corner Cafe,41.003699,28.969698,amenity:cafe,cafe,,,,POINT (28.969698 41.003699)
5244801973,Mevlana Kebap Salonu,41.003683,28.969376,amenity:restaurant,restaurant,,,,POINT (28.969376 41.003683)
5244801974,Osman Aga Houses,41.003919,28.969498,tourism:motel,,motel,,,POINT (28.969498 41.003919)
5244801975,Three Floor Apartments,41.00409,28.969308,tourism:motel,,motel,,,POINT (28.969308 41.00409)
5244801976,Cafe La Galera,41.004164,28.969241,amenity:cafe,cafe,,,,POINT (28.969241 41.004164)
5244801977,Holiday Time Hotel,41.003243,28.973152,tourism:hotel,,hotel,,,POINT (28.973152 41.003243)
5244801978,Pasha Hotel,41.003207,28.973598,tourism:hotel,,hotel,,,POINT (28.973598 41.003207)
5244801979,Siesta Hotel,41.002621,28.973229,tourism:hotel,,hotel,,,POINT (28.973229 41.002621)
5244801981,Harmony Hotel İstanbul,41.002678,28.973603,tourism:hotel,,hotel,,,POINT (28.973603 41.002678)
5244801982,Nova Roma Hotel,41.002631,28.973814,tourism:hotel,,hotel,,,POINT (28.973814 41.002631)
5244801983,Walnut Shell Hotel,41.002752,28.973648,tourism:hotel,,hotel,,,POINT (28.973648 41.002752)
5244801984,Sefa Hotel,41.002962,28.973646,tourism:hotel,,hotel,,,POINT (28.973646 41.002962)
5244801985,Hotel Amira Istanbul,41.003064,28.973953,tourism:hotel,,hotel,,,POINT (28.973953 41.003064)
5244801986,Ribad Hotel,41.003328,28.973777,tourism:hotel,,hotel,,,POINT (28.973777 41.003328)
5244801987,Hotel Coliseum Istanbul,41.003595,28.974078,tourism:hotel,,hotel,,,POINT (28.974078 41.003595)
5244801988,Erguvan Hotel,41.003464,28.973801,tourism:hotel,,hotel,,,POINT (28.973801 41.003464)
5244801990,Mitara Cafe,41.003625,28.973305,amenity:restaurant,restaurant,,,,POINT (28.973305 41.003625)
5244801991,Donat Turizm,41.003616,28.973562,amenity:car_rental,car_rental,,,,POINT (28.973562 41.003616)
5244801992,Family Istanbul,41.003508,28.973332,tourism:hotel,,hotel,,,POINT (28.973332 41.003508)
5244801993,Alice,41.003624,28.972819,amenity:restaurant,restaurant,,,,POINT (28.972819 41.003624)
5244801995,Açık Otopark,41.00354,28.973,amenity:parking,parking,,,,POINT (28.973 41.00354)
5244801996,Yakamoz Büfe ve Tekel,41.003641,28.972492,amenity:pub,pub,,,,POINT (28.972492 41.003641)
5244801997,Mete Apartments,41.003459,28.972377,tourism:guest_house,,guest_house,,,POINT (28.972377 41.003459)
5244801998,Ziya Baba Slow Food,41.003675,28.97199,amenity:restaurant,restaurant,,,,POINT (28.97199 41.003675)
5244801999,Reggae BR Shot and Food,41.003813,28.971912,amenity:restaurant,restaurant,,,,POINT (28.971912 41.003813)
5244802002,Magnificent Hotel,41.003769,28.971647,tourism:motel,,motel,,,POINT (28.971647 41.003769)
5244802004,Ast Group Hotel,41.004122,28.971578,tourism:motel,,motel,,,POINT (28.971578 41.004122)
5244802005,Ezgi restaurant,41.00421,28.971572,amenity:restaurant,restaurant,,,,POINT (28.971572 41.00421)
5244802006,Ayasofya Liman Restorant,41.004343,28.971454,amenity:restaurant,restaurant,,,,POINT (28.971454 41.004343)
5244802008,Kadırga Resturant,41.004519,28.971446,amenity:restaurant,restaurant,,,,POINT (28.971446 41.004519)
5244802009,Santa Sophia Apart,41.004526,28.971231,tourism:motel,,motel,,,POINT (28.971231 41.004526)
5244802012,Arch Bistro,41.004636,28.971313,amenity:cafe,cafe,,,,POINT (28.971313 41.004636)
5244802014,Sofya Kebab House,41.004725,28.970972,amenity:restaurant,restaurant,,,,POINT (28.970972 41.004725)
5244802017,Çiğköfteci Sırrı Usta,41.004887,28.97094,amenity:fast_food,fast_food,,,,POINT (28.97094 41.004887)
5244802020,Kadırga Çay Evi,41.005031,28.970506,amenity:cafe,cafe,,,,POINT (28.970506 41.005031)
5244802722,Ercan Inn Hotel,41.004979,28.970345,tourism:motel,,motel,,,POINT (28.970345 41.004979)
5244802723,Sultanahmet Suites,41.004994,28.970192,tourism:hotel,,hotel,,,POINT (28.970192 41.004994)
5244803021,GLK Premier Sea Mansion,41.002955,28.975978,tourism:motel,,motel,,,POINT (28.975978 41.002955)
5244803022,Ekim Apartments,41.003034,28.976291,tourism:motel,,motel,,,POINT (28.976291 41.003034)
5244803023,Sur Hotel,41.002924,28.976291,tourism:hotel,,hotel,,,POINT (28.976291 41.002924)
5244803024,Antique Hotel İstanbul,41.003134,28.975524,tourism:hotel,,hotel,,,POINT (28.975524 41.003134)
5244803027,Hotel Buhara Family,41.003387,28.975537,tourism:hotel,,hotel,,,POINT (28.975537 41.003387)
5244803030,Istanbul Holiday Hotel,41.003773,28.975251,tourism:hotel,,hotel,,,POINT (28.975251 41.003773)
5244803032,Abella Hotel,41.00353,28.975354,tourism:hotel,,hotel,,,POINT (28.975354 41.00353)
5244803033,Şafak Pub,41.00367,28.974898,amenity:pub,pub,,,,POINT (28.974898 41.00367)
5244803034,Şafak Restaurant,41.003649,28.974875,amenity:restaurant,restaurant,,,,POINT (28.974875 41.003649)
5244803035,Hippodrome Restaurant,41.00339,28.974778,amenity:restaurant,restaurant,,,,POINT (28.974778 41.00339)
5244803036,Sultan Mehmed Hotel,41.003338,28.974639,tourism:hotel,,hotel,,,POINT (28.974639 41.003338)
5244803037,Akbank,41.003256,28.974368,amenity:bank,bank,,,,POINT (28.974368 41.003256)
5244803038,Mosaic Terrace Restaurant,41.00345,28.974331,amenity:restaurant,restaurant,,,,POINT (28.974331 41.00345)
5244803039,Eresin Crown Hotel,41.003596,28.974725,tourism:hotel,,hotel,,,POINT (28.974725 41.003596)
5244803040,Chungiwa,41.003413,28.97421,amenity:restaurant,restaurant,,,,POINT (28.97421 41.003413)
5244803041,Hotel Rose Bouquets,41.003388,28.973805,tourism:hotel,,hotel,,,POINT (28.973805 41.003388)
5244803043,Şirvan Şark Sofrası,41.002906,28.973413,amenity:restaurant,restaurant,,,,POINT (28.973413 41.002906)
5244803046,Unnamed POI,41.003133,28.972614,amenity:restaurant,restaurant,,,,POINT (28.972614 41.003133)
5244803047,Elite Hotel,41.003203,28.972245,tourism:motel,,motel,,,POINT (28.972245 41.003203)
5244803048,Tarihi Çesme Restaurant,41.003512,28.972228,amenity:restaurant,restaurant,,,,POINT (28.972228 41.003512)
5244803049,Adasultan Hotel,41.00345,28.972356,tourism:hotel,,hotel,,,POINT (28.972356 41.00345)
5244803050,Altin Cafe ve Restaurant,41.003249,28.97211,amenity:restaurant,restaurant,,,,POINT (28.97211 41.003249)
5244803051,Antik Konak Otel,41.003354,28.972301,tourism:hotel,,hotel,,,POINT (28.972301 41.003354)
5244803052,Kosk Cafe,41.003312,28.972137,amenity:cafe,cafe,,,,POINT (28.972137 41.003312)
5244803053,Mehmet Efendi Çeşmesi,41.00318,28.97208,tourism:attraction,,attraction,,,POINT (28.97208 41.00318)
5244803055,Hüseyin Ağa Türbesi,41.002902,28.972368,amenity:grave_yard,grave_yard,,,,POINT (28.972368 41.002902)
5244803057,Mataracı Konak,41.003245,28.971667,tourism:motel,,motel,,,POINT (28.971667 41.003245)
5244803058,Pera Sultan House,41.003344,28.971457,tourism:hotel,,hotel,,,POINT (28.971457 41.003344)
5244803059,Yacht House,41.003202,28.971414,tourism:hotel,,hotel,,,POINT (28.971414 41.003202)
5244805705,Öz Karadeniz,41.010735,28.972419,amenity:restaurant,restaurant,,,,POINT (28.972419 41.010735)
5244805709,Büyük Reşitpaşa Ortaokulu,41.011204,28.97219,amenity:school,school,,,,POINT (28.97219 41.011204)
5244805710,Çeşme Döner Büfe,41.011494,28.972058,amenity:restaurant,restaurant,,,,POINT (28.972058 41.011494)
5244805719,Hacı Ali Usta,41.010644,28.972756,amenity:restaurant,restaurant,,,,POINT (28.972756 41.010644)
5244805834,Arda Büfe,41.011368,28.972726,amenity:fast_food,fast_food,,,,POINT (28.972726 41.011368)
5244805845,Ottoman Hotel Cagaloglu,41.011183,28.973125,tourism:hotel,,hotel,,,POINT (28.973125 41.011183)
5244805872,Remzi Kitabevi,41.010799,28.97312,amenity:library,library,,,,POINT (28.97312 41.010799)
5244805873,Ottoman Aydinlar Hotel,41.0108,28.973213,tourism:hotel,,hotel,,,POINT (28.973213 41.0108)
5244805876,Pera Spa,41.010597,28.973182,tourism:attraction,,attraction,,,POINT (28.973182 41.010597)
5244805878,Çarşı Muhallebicisi,41.010625,28.973391,amenity:fast_food,fast_food,,,,POINT (28.973391 41.010625)
5244805880,TAHTA KAŞIK RESTAURANT,41.010752,28.973661,amenity:restaurant,restaurant,,,,POINT (28.973661 41.010752)
5244805883,Yörem Et ve İskender Salonu,41.010738,28.973781,amenity:restaurant,restaurant,,,,POINT (28.973781 41.010738)
5244805884,Yurtiçi Kargo,41.010787,28.973852,amenity:post_office,post_office,,,,POINT (28.973852 41.010787)
5244805889,Cemiyet Lokali,41.011038,28.974393,amenity:restaurant,restaurant,,,,POINT (28.974393 41.011038)
5244805890,Bizim Gazete,41.010987,28.974491,amenity:social_facility,social_facility,,,,POINT (28.974491 41.010987)
5244806511,Meshur Üsküp Köftecisi,41.009042,28.968745,amenity:restaurant,restaurant,,,,POINT (28.968745 41.009042)
5244806725,Yücel Büfe,41.009696,28.969333,amenity:fast_food,fast_food,,,,POINT (28.969333 41.009696)
5244806729,Ciğerci Basri,41.009596,28.96948,amenity:fast_food,fast_food,,,,POINT (28.96948 41.009596)
5244806732,Kardeşler Köftecisi,41.00933,28.969465,amenity:restaurant,restaurant,,,,POINT (28.969465 41.00933)
5244806741,Fehmi Soydan Çay Ocağı,41.009416,28.969649,amenity:cafe,cafe,,,,POINT (28.969649 41.009416)
5244806746,Kebapçı Şahin Usta,41.009526,28.969959,amenity:restaurant,restaurant,,,,POINT (28.969959 41.009526)
5244806747,Cafe Mola,41.00897,28.970391,amenity:cafe,cafe,,,,POINT (28.970391 41.00897)
5244806749,Karadeniz Pide Salonu,41.009157,28.970472,amenity:restaurant,restaurant,,,,POINT (28.970472 41.009157)
5244806751,Kasap Kebap,41.00939,28.970438,amenity:restaurant,restaurant,,,,POINT (28.970438 41.00939)
5244806752,EHLI KEBAP,41.009447,28.970314,amenity:restaurant,restaurant,,,,POINT (28.970314 41.009447)
5244806753,Utku Eczanesi,41.009476,28.970174,amenity:pharmacy,pharmacy,,,,POINT (28.970174 41.009476)
5244806763,Şehmuz Kebap Salonu,41.008907,28.969727,amenity:restaurant,restaurant,,,,POINT (28.969727 41.008907)
5244806770,Çemberlitaş Aksoy Dönercisi,41.008682,28.969528,amenity:restaurant,restaurant,,,,POINT (28.969528 41.008682)
5244806777,Elit Büfe,41.008586,28.971568,amenity:fast_food,fast_food,,,,POINT (28.971568 41.008586)
5244806778,Makarna Sarayı,41.008685,28.971494,amenity:restaurant,restaurant,,,,POINT (28.971494 41.008685)
5244806780,Çemberlitaş Köftecisi,41.008894,28.971405,amenity:restaurant,restaurant,,,,POINT (28.971405 41.008894)
5244806783,Dehliz Restaurant,41.009241,28.971288,amenity:restaurant,restaurant,,,,POINT (28.971288 41.009241)
5244806784,KOSEM,41.009369,28.971288,amenity:restaurant,restaurant,,,,POINT (28.971288 41.009369)
5244806785,Mescgur Sariyer Börekçisi,41.009412,28.971269,amenity:restaurant,restaurant,,,,POINT (28.971269 41.009412)
5244806787,Bursa Gül Lokantası,41.009529,28.971238,amenity:restaurant,restaurant,,,,POINT (28.971238 41.009529)
5244806791,Aslan,41.009813,28.971292,amenity:restaurant,restaurant,,,,POINT (28.971292 41.009813)
5244806799,Vault karakoy,41.00981,28.971658,tourism:hotel,,hotel,,,POINT (28.971658 41.00981)
5244806804,Gül Tantik,41.009782,28.972084,amenity:restaurant,restaurant,,,,POINT (28.972084 41.009782)
5244806814,Küflü Otopark,41.009974,28.973289,amenity:parking,parking,,,,POINT (28.973289 41.009974)
5244806817,Fer Hotel,41.00987,28.972977,tourism:hotel,,hotel,,,POINT (28.972977 41.00987)
5244806819,Otantik Karaca Kardelen,41.009496,28.972592,amenity:restaurant,restaurant,,,,POINT (28.972592 41.009496)
5244806820,Sipahi Hotel,41.009236,28.972443,tourism:hotel,,hotel,,,POINT (28.972443 41.009236)
5244807390,ALB Döviz,41.009594,28.971268,amenity:bureau_de_change,bureau_de_change,,,,POINT (28.971268 41.009594)
5244807392,Ottoman et Mangal,41.009682,28.97015,amenity:restaurant,restaurant,,,,POINT (28.97015 41.009682)
5244807393,Tarihi Sofçuhan Muhallebicisi,41.0098,28.969963,amenity:restaurant,restaurant,,,,POINT (28.969963 41.0098)
5244807394,Sütiş Special,41.009954,28.970053,amenity:restaurant,restaurant,,,,POINT (28.970053 41.009954)
5244807396,Yıldız Döviz,41.010236,28.969889,amenity:bureau_de_change,bureau_de_change,,,,POINT (28.969889 41.010236)
5244807402,Vejetaryen Mutfak,41.010775,28.97039,amenity:restaurant,restaurant,,,,POINT (28.97039 41.010775)
5244807403,Tarihi Subaşı Lokantası,41.010621,28.969966,amenity:restaurant,restaurant,,,,POINT (28.969966 41.010621)
5244807405,Dönerci Şahin Usta,41.010689,28.97001,amenity:restaurant,restaurant,,,,POINT (28.97001 41.010689)
5244807407,İğneci Hacı Hasanağa Çuhacı Han Mescidi,41.010839,28.969945,amenity:place_of_worship,place_of_worship,,,,POINT (28.969945 41.010839)
5244807410,Kuveyt Türk,41.011188,28.969749,amenity:bank,bank,,,,POINT (28.969749 41.011188)
5244807412,Denizbank,41.011386,28.970264,amenity:atm,atm,,,,POINT (28.970264 41.011386)
5244807414,Akbank,41.0115,28.970375,amenity:atm,atm,,,,POINT (28.970375 41.0115)
5244807621,Nuruosmaniye Köftecisi,41.009104,28.972615,amenity:restaurant,restaurant,,,,POINT (28.972615 41.009104)
5244807622,Türk Ocağı İstanbul Şubesi,41.008763,28.972495,amenity:cafe,cafe,,,,POINT (28.972495 41.008763)
5244807623,Türkiye Gazeteciler Cemiyeti Basın Müzesi,41.008562,28.972216,tourism:museum,,museum,,,POINT (28.972216 41.008562)
5244807625,Cağaloğlu Anadolu Lisesi,41.009106,28.973458,amenity:school,school,,,,POINT (28.973458 41.009106)
5244807628,Garanti Bankası,41.009782,28.973753,amenity:bank,bank,,,,POINT (28.973753 41.009782)
5244807630,Bilge Eczanesi,41.010171,28.97371,amenity:pharmacy,pharmacy,,,,POINT (28.97371 41.010171)
5244807631,Garanti Bankası,41.010177,28.973896,amenity:bank,bank,,,,POINT (28.973896 41.010177)
5244807633,Vakıfbank,41.010363,28.973712,amenity:bank,bank,,,,POINT (28.973712 41.010363)
5244807635,Akbank,41.01034,28.973204,amenity:bank,bank,,,,POINT (28.973204 41.01034)
5244807636,Hakkı Zade,41.010309,28.97295,amenity:cafe,cafe,,,,POINT (28.97295 41.010309)
5244807637,TEB,41.01031,28.972886,amenity:atm,atm,,,,POINT (28.972886 41.01031)
5244807638,TEB,41.010312,28.972848,amenity:bank,bank,,,,POINT (28.972848 41.010312)
5244807839,Karacadağ Sofrası,41.005087,28.964575,amenity:restaurant,restaurant,,,,POINT (28.964575 41.005087)
5244807840,Hotel Grand Mark,41.005091,28.964495,tourism:hotel,,hotel,,,POINT (28.964495 41.005091)
5244807841,Eczane Reyhan,41.005004,28.964902,amenity:pharmacy,pharmacy,,,,POINT (28.964902 41.005004)
5244807842,Skalion,41.005022,28.964725,tourism:hotel,,hotel,,,POINT (28.964725 41.005022)
5244807843,Kaçkar Saray Büfe,41.004974,28.965028,amenity:restaurant,restaurant,,,,POINT (28.965028 41.004974)
5244807844,Adıyaman Çiğ Köftecisi,41.004878,28.965398,amenity:fast_food,fast_food,,,,POINT (28.965398 41.004878)
5244807845,Ciwan Hotel,41.004823,28.965626,tourism:hotel,,hotel,,,POINT (28.965626 41.004823)
5244807846,Loor Hotel,41.004806,28.96568,tourism:hotel,,hotel,,,POINT (28.96568 41.004806)
5244807847,Hira Lokantası,41.004832,28.965649,amenity:restaurant,restaurant,,,,POINT (28.965649 41.004832)
5244807854,Gedikpaşa Konağı,41.005556,28.966663,tourism:hotel,,hotel,,,POINT (28.966663 41.005556)
5244807857,Beyazit Han Suites,41.006494,28.967121,tourism:motel,,motel,,,POINT (28.967121 41.006494)
5244807863,Metin Han,41.007192,28.968658,tourism:motel,,motel,,,POINT (28.968658 41.007192)
5244807868,Aklar Kavafiye,41.007836,28.969096,amenity:library,library,,,,POINT (28.969096 41.007836)
5244807872,Karababa Türbesi,41.008301,28.969208,historic:tomb,,,tomb,,POINT (28.969208 41.008301)
5244807873,Şekerbank,41.008486,28.969327,amenity:bank,bank,,,,POINT (28.969327 41.008486)
5244807875,Ağaoğlu Döviz,41.0085,28.969081,amenity:bureau_de_change,bureau_de_change,,,,POINT (28.969081 41.0085)
5244807879,Garanti Bankası,41.008551,28.968733,amenity:bank,bank,,,,POINT (28.968733 41.008551)
5244807881,QNB,41.008567,28.968445,amenity:bank,bank,,,,POINT (28.968445 41.008567)
5244807882,Merzifonlu Kara Mustafa Paşa Medresesi,41.008669,28.967937,tourism:attraction,,attraction,,,POINT (28.967937 41.008669)
5244807883,Yahya Kemal Museum,41.008741,28.967614,tourism:museum,,museum,,,POINT (28.967614 41.008741)
5244807884,Göçmen Börekçisi,41.008698,28.967437,amenity:restaurant,restaurant,,,,POINT (28.967437 41.008698)
5244807886,Ayhan Eczanesi,41.008761,28.967162,amenity:pharmacy,pharmacy,,,,POINT (28.967162 41.008761)
5244807887,Şar Restaurant,41.008779,28.967066,amenity:restaurant,restaurant,,,,POINT (28.967066 41.008779)
5244807888,Denizbank,41.008796,28.966884,amenity:bank,bank,,,,POINT (28.966884 41.008796)
5244807889,Yapı Kredi,41.008828,28.966618,amenity:bank,bank,,,,POINT (28.966618 41.008828)
5244807890,Ziraat Katılım,41.008882,28.966424,amenity:bank,bank,,,,POINT (28.966424 41.008882)
5244807891,Koska,41.008739,28.967277,amenity:restaurant,restaurant,,,,POINT (28.967277 41.008739)
5244807899,Alpinn Hotel,41.008231,28.965903,tourism:hotel,,hotel,,,POINT (28.965903 41.008231)
5244807900,The President Hotel,41.00776,28.96578,tourism:hotel,,hotel,,,POINT (28.96578 41.00776)
5244807903,Divan Kebap Döner Salonu,41.006975,28.965368,amenity:restaurant,restaurant,,,,POINT (28.965368 41.006975)
5244807904,Özhanedan,41.006746,28.965294,amenity:restaurant,restaurant,,,,POINT (28.965294 41.006746)
5244807905,Harran Hotel,41.006366,28.965079,tourism:hotel,,hotel,,,POINT (28.965079 41.006366)
5244807906,Kestrel Park Hotel,41.006181,28.965019,tourism:hotel,,hotel,,,POINT (28.965019 41.006181)
5244807907,Süryani Kilisesi,41.00601,28.965,amenity:place_of_worship,place_of_worship,,,,POINT (28.965 41.00601)
5244807910,Hotel Beyazsaray,41.005578,28.964715,tourism:hotel,,hotel,,,POINT (28.964715 41.005578)
5244807911,Özbek Samsa Senter,41.005477,28.96466,amenity:fast_food,fast_food,,,,POINT (28.96466 41.005477)
5244807912,Özbek Taomlari Lezzet,41.005351,28.964611,amenity:restaurant,restaurant,,,,POINT (28.964611 41.005351)
5244807922,Beydağı,41.011274,28.97078,amenity:restaurant,restaurant,,,,POINT (28.97078 41.011274)
5244807923,Dürümcü Ömer Usta,41.011193,28.970799,amenity:restaurant,restaurant,,,,POINT (28.970799 41.011193)
5244807932,Dürümcü Raif Usta,41.010962,28.970945,amenity:restaurant,restaurant,,,,POINT (28.970945 41.010962)
5244807935,Kilisli Dönerci,41.010867,28.970781,amenity:fast_food,fast_food,,,,POINT (28.970781 41.010867)
5244807937,Kamer Büfe 2,41.010676,28.971211,amenity:fast_food,fast_food,,,,POINT (28.971211 41.010676)
5244807938,Nuruosmaniye Kutuphanesi,41.010589,28.97101,amenity:library,library,,,,POINT (28.97101 41.010589)
5244807939,Börekci Cemil Usta,41.010416,28.971349,amenity:fast_food,fast_food,,,,POINT (28.971349 41.010416)
5244807948,Doydukmu,41.009438,28.967874,amenity:restaurant,restaurant,,,,POINT (28.967874 41.009438)
5244807950,Beyazit Sarayi Restorant,41.009391,28.967473,amenity:restaurant,restaurant,,,,POINT (28.967473 41.009391)
5244807955,Saaf-İ Kebap Salonu,41.009776,28.967799,amenity:restaurant,restaurant,,,,POINT (28.967799 41.009776)
5244807956,Gelgör Kebap Salonu,41.009815,28.968147,amenity:restaurant,restaurant,,,,POINT (28.968147 41.009815)
5244807957,Mardin Et Ve Kebap Salonu,41.009837,28.968607,amenity:restaurant,restaurant,,,,POINT (28.968607 41.009837)
5244807960,Bolca Köfte Ve Piliç Çevirme,41.009668,28.968252,amenity:restaurant,restaurant,,,,POINT (28.968252 41.009668)
5244807961,Karadeniz Köfte ve Yemek Salonu,41.009669,28.968455,amenity:restaurant,restaurant,,,,POINT (28.968455 41.009669)
5244807964,Cennet Ev Yemekleri,41.009725,28.968934,amenity:restaurant,restaurant,,,,POINT (28.968934 41.009725)
5244807965,Alrayan Restaurant,41.009692,28.969123,amenity:restaurant,restaurant,,,,POINT (28.969123 41.009692)
5244807969,Döner Bank,41.009296,28.968889,amenity:fast_food,fast_food,,,,POINT (28.968889 41.009296)
5244807970,Ciğerci Üçleri,41.009515,28.968572,amenity:restaurant,restaurant,,,,POINT (28.968572 41.009515)
5244807971,Orhan Usta Et Lokantası,41.009579,28.968468,amenity:restaurant,restaurant,,,,POINT (28.968468 41.009579)
5244807972,Unsal Kebap,41.00959,28.968324,amenity:restaurant,restaurant,,,,POINT (28.968324 41.00959)
5244807976,Yıldız Kebap,41.009265,28.96794,amenity:restaurant,restaurant,,,,POINT (28.96794 41.009265)
5244807977,Tadım Köfte Salonu,41.009235,28.967687,amenity:restaurant,restaurant,,,,POINT (28.967687 41.009235)
5244807978,Al Rayan Restoran,41.009146,28.967503,amenity:restaurant,restaurant,,,,POINT (28.967503 41.009146)
5244807979,Western Union,41.008938,28.967626,amenity:money_transfer,money_transfer,,,,POINT (28.967626 41.008938)
5244807985,Çorlulu Alipaşa Madresesi,41.008912,28.968318,tourism:attraction,,attraction,,,POINT (28.968318 41.008912)
5244807989,Bosna,41.008804,28.968532,amenity:restaurant,restaurant,,,,POINT (28.968532 41.008804)
5244809852,Ceylan Cafeterya,41.007604,28.967252,amenity:cafe,cafe,,,,POINT (28.967252 41.007604)
5244809855,Güloğlu Baklava ve Börek Salonu,41.00798,28.967226,amenity:restaurant,restaurant,,,,POINT (28.967226 41.00798)
5244809857,Şar Restaurant,41.008095,28.967263,amenity:restaurant,restaurant,,,,POINT (28.967263 41.008095)
5244809858,Istanbul Restaurant,41.0082,28.967299,amenity:restaurant,restaurant,,,,POINT (28.967299 41.0082)
5244809859,Sarnıç Nargile Cafe,41.008305,28.967066,amenity:cafe,cafe,,,,POINT (28.967066 41.008305)
5244809862,Aslı Börek,41.008278,28.967329,amenity:restaurant,restaurant,,,,POINT (28.967329 41.008278)
5244809863,Fatih Köfte,41.008321,28.9675,amenity:restaurant,restaurant,,,,POINT (28.9675 41.008321)
5244809865,İstanbul Fetih Cemiyeti,41.008475,28.967374,amenity:library,library,,,,POINT (28.967374 41.008475)
5244809866,Burger King,41.008562,28.967392,amenity:fast_food,fast_food,,,,POINT (28.967392 41.008562)
5244809867,Vaha Cafe ve Restaurant,41.008007,28.967598,amenity:restaurant,restaurant,,,,POINT (28.967598 41.008007)
5244809868,Bıçakçılar,41.007938,28.96748,amenity:restaurant,restaurant,,,,POINT (28.96748 41.007938)
5244809869,Divani Ali Hotel,41.007909,28.967785,tourism:hotel,,hotel,,,POINT (28.967785 41.007909)
5244809870,Amcabey Dürüm Kebap Salonu,41.007999,28.967829,amenity:restaurant,restaurant,,,,POINT (28.967829 41.007999)
5244809874,Halkbank,41.008364,28.968092,amenity:bank,bank,,,,POINT (28.968092 41.008364)
5244809876,Medusa Cafe,41.008197,28.968215,amenity:cafe,cafe,,,,POINT (28.968215 41.008197)
5244809877,Antakya Restaurant,41.008429,28.968318,amenity:restaurant,restaurant,,,,POINT (28.968318 41.008429)
5244809878,Anatolia Restaurant,41.008419,28.968122,amenity:restaurant,restaurant,,,,POINT (28.968122 41.008419)
5244809892,Fırat Büfe,41.007468,28.968491,amenity:fast_food,fast_food,,,,POINT (28.968491 41.007468)
5244809900,Bizim Hotel,41.007765,28.967802,tourism:hotel,,hotel,,,POINT (28.967802 41.007765)
5244809902,Gaziantepli Altınoğlu Baklava,41.007897,28.967092,amenity:restaurant,restaurant,,,,POINT (28.967092 41.007897)
5244809903,Aziz Usta,41.007799,28.966756,amenity:restaurant,restaurant,,,,POINT (28.966756 41.007799)
5244809909,Paşa Tost,41.00813,28.966948,amenity:fast_food,fast_food,,,,POINT (28.966948 41.00813)
5244809915,Gedikpaşa Buffet,41.008379,28.967525,amenity:fast_food,fast_food,,,,POINT (28.967525 41.008379)
5244809916,Anar Kardeşler Köftecisi,41.008497,28.967157,amenity:restaurant,restaurant,,,,POINT (28.967157 41.008497)
5244809917,Meşhur Unkapanı Pilavcısı,41.008406,28.967074,amenity:restaurant,restaurant,,,,POINT (28.967074 41.008406)
5244809918,Hotel Padova,41.008439,28.966927,tourism:hotel,,hotel,,,POINT (28.966927 41.008439)
5244810024,Özen Lokantası,41.008646,28.966196,amenity:restaurant,restaurant,,,,POINT (28.966196 41.008646)
5244810295,Historial Hotel,41.00506,28.965371,tourism:motel,,motel,,,POINT (28.965371 41.00506)
5244810296,İkizler Pilav ve Dürüm Evi,41.00497,28.965105,amenity:restaurant,restaurant,,,,POINT (28.965105 41.00497)
5244810297,Ureni Cafe,41.005049,28.965167,amenity:cafe,cafe,,,,POINT (28.965167 41.005049)
5244810300,Yeni Eczanesi,41.005161,28.965417,amenity:pharmacy,pharmacy,,,,POINT (28.965417 41.005161)
5244810302,Hotel Yasmin,41.005192,28.965248,tourism:hotel,,hotel,,,POINT (28.965248 41.005192)
5244810304,May Hotel,41.005531,28.96547,tourism:hotel,,hotel,,,POINT (28.96547 41.005531)
5244810306,Şehzade Ocakbaşı Restaurant,41.005648,28.965223,amenity:restaurant,restaurant,,,,POINT (28.965223 41.005648)
5244810309,Doppio Hotel,41.00536,28.966148,tourism:hotel,,hotel,,,POINT (28.966148 41.00536)
5244810310,Elif Köfte Salonu,41.005694,28.965933,amenity:restaurant,restaurant,,,,POINT (28.965933 41.005694)
5244810316,Delil Döner,41.006256,28.9653,amenity:restaurant,restaurant,,,,POINT (28.9653 41.006256)
5244810319,Aynen Dürüm Ciğer,41.006418,28.966044,amenity:fast_food,fast_food,,,,POINT (28.966044 41.006418)
5244810621,Konya Etli Ekmek Salonu,41.006763,28.966248,amenity:restaurant,restaurant,,,,POINT (28.966248 41.006763)
5244810626,Gür Kebap,41.006617,28.966535,amenity:restaurant,restaurant,,,,POINT (28.966535 41.006617)
5244810628,Aslı Cafe Express,41.00663,28.966913,amenity:cafe,cafe,,,,POINT (28.966913 41.00663)
5244810631,Obansuites,41.007141,28.967006,tourism:motel,,motel,,,POINT (28.967006 41.007141)
5244810635,Coşkun Han,41.006928,28.967742,tourism:motel,,motel,,,POINT (28.967742 41.006928)
5244810636,Altın Şiş Kebap Salonu,41.006695,28.967831,amenity:restaurant,restaurant,,,,POINT (28.967831 41.006695)
5244810638,Develi Pide Salonu,41.006652,28.967322,amenity:restaurant,restaurant,,,,POINT (28.967322 41.006652)
5244810639,Köşem,41.006708,28.967141,amenity:restaurant,restaurant,,,,POINT (28.967141 41.006708)
5244810641,Grand Bazaar Hotel,41.007012,28.965906,tourism:hotel,,hotel,,,POINT (28.965906 41.007012)
5244810643,Enderun Hotel,41.006966,28.96568,tourism:hotel,,hotel,,,POINT (28.96568 41.006966)
5244810644,Fırat Ocakbaşı,41.007007,28.965528,amenity:restaurant,restaurant,,,,POINT (28.965528 41.007007)
5244811430,Meşhur Pilavcı,41.01229,28.969227,amenity:restaurant,restaurant,,,,POINT (28.969227 41.01229)
5244811437,Yılmaz Köfte,41.012479,28.968126,amenity:restaurant,restaurant,,,,POINT (28.968126 41.012479)
5244811455,Garanti Bankası,41.013362,28.970358,amenity:bank,bank,,,,POINT (28.970358 41.013362)
5244811465,Dönerci Sadık Usta,41.011624,28.969914,amenity:fast_food,fast_food,,,,POINT (28.969914 41.011624)
5244811466,Türkiye İş Bankası,41.011623,28.970279,amenity:bank,bank,,,,POINT (28.970279 41.011623)
5244811471,Fahri Usta,41.011186,28.96935,amenity:restaurant,restaurant,,,,POINT (28.96935 41.011186)
5244811473,Nadir Döviz,41.011154,28.969118,amenity:bureau_de_change,bureau_de_change,,,,POINT (28.969118 41.011154)
5244811474,Zincirli Han,41.011179,28.968891,tourism:motel,,motel,,,POINT (28.968891 41.011179)
5244811475,Yunus Büfe,41.01148,28.968848,amenity:fast_food,fast_food,,,,POINT (28.968848 41.01148)
5244811476,Imam Ali Han,41.011532,28.968807,tourism:motel,,motel,,,POINT (28.968807 41.011532)
5244811479,Atlas Döviz,41.012069,28.96831,amenity:bureau_de_change,bureau_de_change,,,,POINT (28.96831 41.012069)
5244811480,UPT,41.012191,28.968233,amenity:money_transfer,money_transfer,,,,POINT (28.968233 41.012191)
5244811486,Közde Kanatçı Reco,41.012753,28.967622,amenity:restaurant,restaurant,,,,POINT (28.967622 41.012753)
5244812070,Dostlar Tiyatrosu,41.018978,28.964817,amenity:theatre,theatre,,,,POINT (28.964817 41.018978)
5244812071,Han Çay Ocağı,41.019038,28.9647,amenity:cafe,cafe,,,,POINT (28.9647 41.019038)
5244812072,Aras Kargo,41.019191,28.964604,amenity:post_office,post_office,,,,POINT (28.964604 41.019191)
5244812076,Tarihi Eminönü Balıkçısı,41.019062,28.965164,amenity:restaurant,restaurant,,,,POINT (28.965164 41.019062)
5244812077,Eminönü Balikçisi ve Cafe,41.01903,28.965252,amenity:restaurant,restaurant,,,,POINT (28.965252 41.01903)
5244812078,Küffette Köfte,41.018954,28.96538,amenity:restaurant,restaurant,,,,POINT (28.96538 41.018954)
5244812079,Yapı Kredi,41.018903,28.96566,amenity:atm,atm,,,,POINT (28.96566 41.018903)
5244812080,QNB Finansbank,41.01892,28.965583,amenity:atm,atm,,,,POINT (28.965583 41.01892)
5244812085,Sehrin Teras,41.018564,28.966154,amenity:cafe,cafe,,,,POINT (28.966154 41.018564)
5244812090,Hancı Cafe,41.018372,28.966913,amenity:fast_food,fast_food,,,,POINT (28.966913 41.018372)
5244812097,Tarihi Özkan Koftecisi,41.017336,28.968077,amenity:restaurant,restaurant,,,,POINT (28.968077 41.017336)
5244812102,Gala Kokoreç,41.018148,28.968058,amenity:fast_food,fast_food,,,,POINT (28.968058 41.018148)
5244812103,Hasırcılar Kebap Salonu,41.01821,28.967499,amenity:restaurant,restaurant,,,,POINT (28.967499 41.01821)
5244812108,Mavi Haliç Pide Salonu,41.01797,28.967589,amenity:restaurant,restaurant,,,,POINT (28.967589 41.01797)
5244812119,Köfteci Yaşar,41.017985,28.968527,amenity:restaurant,restaurant,,,,POINT (28.968527 41.017985)
5244812125,Marmara Belediyeler Birliği,41.019008,28.968739,amenity:townhall,townhall,,,,POINT (28.968739 41.019008)
5244812128,Golden Night,41.019346,28.96732,amenity:restaurant,restaurant,,,,POINT (28.96732 41.019346)
5247591823,golden ottoman hotel,41.019974,28.963501,tourism:hotel,,hotel,,,POINT (28.963501 41.019974)
5247862321,Yunus Emre Hotel,41.004327,28.975404,tourism:hotel,,hotel,,,POINT (28.975404 41.004327)
5250313321,Hanegah,41.018212,28.952818,amenity:cafe,cafe,,,,POINT (28.952818 41.018212)
5256637722,Unnamed POI,41.00507,28.965791,tourism:guest_house,,guest_house,,,POINT (28.965791 41.00507)
5262249021,Martini meyhanesi,41.008723,28.95409,amenity:nightclub,nightclub,,,,POINT (28.95409 41.008723)
5270794516,Lalezar Çay Bahçesi,41.01654,28.962168,amenity:cafe,cafe,,,,POINT (28.962168 41.01654)
5272095922,Umit İstanbul otel,41.005611,28.954421,tourism:hotel,,hotel,,,POINT (28.954421 41.005611)
5283967123,Unnamed POI,41.014787,28.942764,amenity:restaurant,restaurant,,,,POINT (28.942764 41.014787)
5299346922,Grand Yavuz,41.006252,28.969382,tourism:apartment,,apartment,,,POINT (28.969382 41.006252)
5302097621,Unnamed POI,41.009951,28.96717,amenity:atm,atm,,,,POINT (28.96717 41.009951)
5325483532,Unnamed POI,41.007405,28.978012,amenity:bench,bench,,,,POINT (28.978012 41.007405)
5330315221,Unnamed POI,41.006063,28.925044,amenity:waste_disposal,waste_disposal,,,,POINT (28.925044 41.006063)
5340499425,KOKOREÇÇİ,41.010671,28.970463,amenity:fast_food,fast_food,,,,POINT (28.970463 41.010671)
5346492723,مطعم اسماك,41.00524,28.957036,amenity:restaurant,restaurant,,,,POINT (28.957036 41.00524)
5348257413,İstanbul yabancı diller bölümü,41.015495,28.961372,amenity:university,university,,,,POINT (28.961372 41.015495)
5366015432,Kral Burger,41.012521,28.931369,amenity:fast_food,fast_food,,,,POINT (28.931369 41.012521)
5366015433,Odabaşı Çiğbörekçisi,41.01229,28.930183,amenity:food_court,food_court,,,,POINT (28.930183 41.01229)
5366015435,Dörtler Kuruyemiş,41.012264,28.930524,amenity:marketplace,marketplace,,,,POINT (28.930524 41.012264)
5366015436,Köşem Gıda,41.012158,28.929809,amenity:marketplace,marketplace,,,,POINT (28.929809 41.012158)
5372700481,Pilavcı Fevzi,41.007462,28.970958,amenity:restaurant,restaurant,,,,POINT (28.970958 41.007462)
5372700482,Kuveyt Türk,41.008371,28.970665,amenity:bank,bank,,,,POINT (28.970665 41.008371)
5372736549,TEB,41.008508,28.968978,amenity:bank,bank,,,,POINT (28.968978 41.008508)
5372736551,Cozy Pub & Restaurant,41.00826,28.974363,amenity:restaurant,restaurant,,,,POINT (28.974363 41.00826)
5372736552,Karaman Döviz,41.00826,28.974343,amenity:bureau_de_change,bureau_de_change,,,,POINT (28.974343 41.00826)
5372736553,Pasha Restaurant,41.008259,28.974427,amenity:restaurant,restaurant,,,,POINT (28.974427 41.008259)
5381944622,Marmaryn hotel,41.006544,28.954867,tourism:hotel,,hotel,,,POINT (28.954867 41.006544)
5392712227,İstanbul Üniversitesi İktisat Fakültesi Ek Bina 2,41.012958,28.960527,amenity:university,university,,,,POINT (28.960527 41.012958)
5395306821,Kebaq肉捲,41.017213,28.969554,amenity:fast_food,fast_food,,,,POINT (28.969554 41.017213)
5416491924,فندق مهند وعلي,41.006214,28.954319,tourism:hotel,,hotel,,,POINT (28.954319 41.006214)
5429323926,Eyüp Sultan Lokumcusu,41.021694,28.961876,tourism:artwork,,artwork,,,POINT (28.961876 41.021694)
5440995527,Beso Restaurant Bistro,41.008684,28.97408,amenity:restaurant,restaurant,,,,POINT (28.97408 41.008684)
5441010621,Old Istanbul Cuisine,41.01025,28.97563,amenity:restaurant,restaurant,,,,POINT (28.97563 41.01025)
5448172328,Unnamed POI,41.010514,28.977325,amenity:cafe,cafe,,,,POINT (28.977325 41.010514)
5451290925,Unnamed POI,41.011106,28.968596,amenity:bureau_de_change,bureau_de_change,,,,POINT (28.968596 41.011106)
5473882155,Unnamed POI,41.01632,28.968872,amenity:telephone,telephone,,,,POINT (28.968872 41.01632)
5475973921,Unnamed POI,41.005356,28.975034,amenity:bicycle_parking,bicycle_parking,,,,POINT (28.975034 41.005356)
5475982723,Unnamed POI,41.006533,28.978088,amenity:bench,bench,,,,POINT (28.978088 41.006533)
5476005825,Unnamed POI,41.004606,28.974892,amenity:telephone,telephone,,,,POINT (28.974892 41.004606)
5476614247,İBB Şehzadebaşı Tıp Merkezi,41.016361,28.956571,amenity:clinic,clinic,,,,POINT (28.956571 41.016361)
5477387122,Unnamed POI,41.00787,28.977125,amenity:telephone,telephone,,,,POINT (28.977125 41.00787)
5478145623,Unnamed POI,41.012942,28.978876,amenity:toilets,toilets,,,,POINT (28.978876 41.012942)
5478162923,Unnamed POI,41.014625,28.985615,amenity:bench,bench,,,,POINT (28.985615 41.014625)
5478162924,Unnamed POI,41.014649,28.98561,amenity:waste_basket,waste_basket,,,,POINT (28.98561 41.014649)
5478162925,Sarayburnu Atatürk Anıtı,41.016263,28.986132,historic:memorial,,,memorial,,POINT (28.986132 41.016263)
5478771669,Nakşıdil Valide Sultan Çeşmesi,41.00616,28.980277,amenity:drinking_water,drinking_water,,,,POINT (28.980277 41.00616)
5480475142,The Empress Theodora,41.009942,28.978848,tourism:hotel,,hotel,,,POINT (28.978848 41.009942)
5480475146,The Han,41.01016,28.978858,amenity:restaurant,restaurant,,,,POINT (28.978858 41.01016)
5481070224,Vakıfbank,41.016447,28.930335,amenity:atm,atm,,,,POINT (28.930335 41.016447)
5481073726,Denizbank,41.008784,28.966944,amenity:atm,atm,,,,POINT (28.966944 41.008784)
5482189623,Unnamed POI,41.001562,28.971412,leisure:playground,,,,playground,POINT (28.971412 41.001562)
5482975729,PTT,41.016865,28.970352,amenity:post_office,post_office,,,,POINT (28.970352 41.016865)
5482975731,Unnamed POI,41.006601,28.963668,amenity:telephone,telephone,,,,POINT (28.963668 41.006601)
5482975732,Altun,41.005573,28.963965,tourism:hotel,,hotel,,,POINT (28.963965 41.005573)
5482975825,Unnamed POI,41.016838,28.970393,amenity:atm,atm,,,,POINT (28.970393 41.016838)
5482975826,Okyanus,41.017281,28.969719,amenity:cafe,cafe,,,,POINT (28.969719 41.017281)
5482975827,Sefa-i Hürrem Kafe,41.016617,28.966383,amenity:cafe,cafe,,,,POINT (28.966383 41.016617)
5482981325,Unnamed POI,41.01593,28.967804,amenity:toilets,toilets,,,,POINT (28.967804 41.01593)
5483159122,Denizbank,41.005085,28.963831,amenity:atm,atm,,,,POINT (28.963831 41.005085)
5483159123,Garanti Bankası,41.004878,28.96743,amenity:atm,atm,,,,POINT (28.96743 41.004878)
5483182921,TEB,41.005096,28.963781,amenity:atm,atm,,,,POINT (28.963781 41.005096)
5484108424,Sphendon Duvarı,41.004146,28.974577,tourism:information,,information,,,POINT (28.974577 41.004146)
5484108425,Mom's Garden,41.004629,28.975054,amenity:restaurant,restaurant,,,,POINT (28.975054 41.004629)
5485919321,McDonald's,41.002816,28.957016,amenity:fast_food,fast_food,,,,POINT (28.957016 41.002816)
5485919621,Caffè Nero,41.002794,28.956662,amenity:cafe,cafe,,,,POINT (28.956662 41.002794)
5485925122,Panista,41.002227,28.956265,amenity:fast_food,fast_food,,,,POINT (28.956265 41.002227)
5485953921,Unnamed POI,41.002991,28.955897,amenity:bicycle_rental,bicycle_rental,,,,POINT (28.955897 41.002991)
5487170221,Unnamed POI,41.020317,28.962504,tourism:hotel,,hotel,,,POINT (28.962504 41.020317)
5488484221,Unnamed POI,41.01441,28.955834,tourism:attraction,clock,attraction,,,POINT (28.955834 41.01441)
5488580121,Unnamed POI,41.014862,28.952916,amenity:toilets,toilets,,,,POINT (28.952916 41.014862)
5489256635,Vakıfbank,41.010322,28.973711,amenity:atm,atm,,,,POINT (28.973711 41.010322)
5489351425,Denizbank,41.010263,28.971926,amenity:bank,bank,,,,POINT (28.971926 41.010263)
5489351728,Şekerbank,41.008501,28.969351,amenity:atm,atm,,,,POINT (28.969351 41.008501)
5489353024,Unnamed POI,41.018082,28.968794,amenity:toilets,toilets,,,,POINT (28.968794 41.018082)
5489387921,Denizbank,41.011337,28.970149,amenity:bank,bank,,,,POINT (28.970149 41.011337)
5489388021,Türk ocagi,41.008781,28.973342,amenity:cafe,cafe,,,,POINT (28.973342 41.008781)
5489388121,Yapı Kredi,41.008174,28.973538,amenity:atm,atm,,,,POINT (28.973538 41.008174)
5492935521,Istasyon park hotel,41.003729,28.962034,tourism:hotel,,hotel,,,POINT (28.962034 41.003729)
5494133921,Grand Rosa Hotel,41.008554,28.965856,tourism:hotel,,hotel,,,POINT (28.965856 41.008554)
5504959936,Ağan hotel,41.013044,28.976933,tourism:hotel,,hotel,,,POINT (28.976933 41.013044)
5516504221,Divas Hotel,41.005476,28.97201,tourism:hotel,,hotel,,,POINT (28.97201 41.005476)
5523629322,Tavuk Dünyası,41.011656,28.975148,amenity:fast_food,fast_food,,,,POINT (28.975148 41.011656)
5524927821,Unnamed POI,41.014285,28.968314,amenity:cafe,cafe,,,,POINT (28.968314 41.014285)
5529094344,Fatih 2 No'lu Aile Sağlığı Merkezi,41.022428,28.951744,amenity:clinic,clinic,,,,POINT (28.951744 41.022428)
5529094345,Fatih 13 No'lu Aile Sağlığı Merkezi,41.020016,28.941215,amenity:clinic,clinic,,,,POINT (28.941215 41.020016)
5529094346,Hekimoğlu Aile Sağlığı Merkezi,41.007964,28.931699,amenity:clinic,clinic,,,,POINT (28.931699 41.007964)
5529094347,Hüsambey Aile Sağlığı Merkezi,41.019666,28.956722,amenity:clinic,clinic,,,,POINT (28.956722 41.019666)
5529094348,Kocamustafa Paşa Aile Sağlığı Merkezi,41.002594,28.930261,amenity:clinic,clinic,,,,POINT (28.930261 41.002594)
5529094349,Kumkapı Aile Sağlığı Merkezi,41.004669,28.967614,amenity:clinic,clinic,,,,POINT (28.967614 41.004669)
5529094350,Marmara Aile Sağlığı Merkezi,41.001263,28.932346,amenity:clinic,clinic,,,,POINT (28.932346 41.001263)
5529094352,Mevlanakapı Aile Sağlığı Merkezi,41.010517,28.925469,amenity:clinic,clinic,,,,POINT (28.925469 41.010517)
5529094353,Seyitömer aile Sağlığı Merkezi,41.006699,28.944355,amenity:clinic,clinic,,,,POINT (28.944355 41.006699)
5529094354,Sofular Aile Sağlığı Merkezi,41.016107,28.950794,amenity:clinic,clinic,,,,POINT (28.950794 41.016107)
5529094355,Topkapı Aile Sağlığı Merkezi,41.019704,28.930097,amenity:clinic,clinic,,,,POINT (28.930097 41.019704)
5529400837,Legacy Ottoman Roof Bar,41.015719,28.974234,amenity:bar,bar,,,,POINT (28.974234 41.015719)
5558149521,Unnamed POI,41.012217,28.956737,tourism:hotel,,hotel,,,POINT (28.956737 41.012217)
5558764421,Unnamed POI,41.01246,28.957195,tourism:hotel,,hotel,,,POINT (28.957195 41.01246)
5558764521,Unnamed POI,41.012474,28.957204,tourism:hotel,,hotel,,,POINT (28.957204 41.012474)
5560292321,Unnamed POI,41.011435,28.950769,leisure:sauna,,,,sauna,POINT (28.950769 41.011435)
5574205621,Unnamed POI,41.01445,28.941447,tourism:caravan_site,,caravan_site,,,POINT (28.941447 41.01445)
5575540622,Unnamed POI,41.010459,28.975632,amenity:restaurant,restaurant,,,,POINT (28.975632 41.010459)
5575567921,Unnamed POI,41.006182,28.980059,amenity:restaurant,restaurant,,,,POINT (28.980059 41.006182)
5575606021,Armada Teras,41.003866,28.981637,amenity:restaurant,restaurant,,,,POINT (28.981637 41.003866)
5581334622,Ali Baba Kanaat Lokantası,41.015246,28.963464,amenity:cafe,cafe,,,,POINT (28.963464 41.015246)
5582970225,Unnamed POI,41.016861,28.95427,amenity:cafe,cafe,,,,POINT (28.95427 41.016861)
5582989023,Unnamed POI,41.00494,28.953999,amenity:cafe,cafe,,,,POINT (28.953999 41.00494)
5582989024,Unnamed POI,41.005,28.953936,amenity:cafe,cafe,,,,POINT (28.953936 41.005)
5585706322,Unnamed POI,41.00463,28.964707,amenity:bar,bar,,,,POINT (28.964707 41.00463)
5587508621,Oben suite,41.00699,28.966946,tourism:apartment,,apartment,,,POINT (28.966946 41.00699)
5590147522,Fethiye İlkokulu,41.029206,28.945963,amenity:school,school,,,,POINT (28.945963 41.029206)
5590148821,Şehit Fikret Metin .,41.028369,28.945705,amenity:school,school,,,,POINT (28.945705 41.028369)
5595815746,Carvan Hotel,41.005751,28.970991,tourism:hotel,,hotel,,,POINT (28.970991 41.005751)
5599608787,Akdamar Lokantasi,41.013943,28.976027,amenity:restaurant,restaurant,,,,POINT (28.976027 41.013943)
5599994986,Surp Kevork Kilisesi,41.001865,28.933147,historic:yes,place_of_worship,attraction,yes,,POINT (28.933147 41.001865)
5600011543,Surp Hagop Kilisesi,41.008106,28.934747,amenity:place_of_worship,place_of_worship,,,,POINT (28.934747 41.008106)
5601700821,Süleymaniye Hamamı,41.015903,28.965661,leisure:sauna,,,,sauna,POINT (28.965661 41.015903)
5607713423,Fener Restaurant,41.004045,28.964013,amenity:restaurant,restaurant,,,,POINT (28.964013 41.004045)
5609470204,Turkey Tours and Travel,41.007837,28.973497,tourism:information,,information,,,POINT (28.973497 41.007837)
5625137021,Mahmiye,41.008555,28.976156,amenity:restaurant,restaurant,,,,POINT (28.976156 41.008555)
5636816221,Kupeli,41.003742,28.969153,tourism:hotel,,hotel,,,POINT (28.969153 41.003742)
5637096520,Bezmialem Vakıf Üniversitesi Fatih Polikliniği,41.017883,28.94954,amenity:clinic,clinic,,,,POINT (28.94954 41.017883)
5659496621,Unnamed POI,41.015048,28.973427,amenity:water_point,water_point,,,,POINT (28.973427 41.015048)
5663541617,Unnamed POI,41.018174,28.971854,amenity:toilets,toilets,,,,POINT (28.971854 41.018174)
5663545066,Unnamed POI,41.009268,28.979788,amenity:toilets,toilets,,,,POINT (28.979788 41.009268)
5663545921,Şadırvan,41.008323,28.978992,amenity:fountain,fountain,,,,POINT (28.978992 41.008323)
5663548058,Unnamed POI,41.019427,28.966399,amenity:bench,bench,,,,POINT (28.966399 41.019427)
5663865522,عيادة الدكتور ناصر يوسف,41.013294,28.939506,amenity:dentist,dentist,,,,POINT (28.939506 41.013294)
5664263022,Unnamed POI,41.005238,28.97408,amenity:restaurant,restaurant,,,,POINT (28.97408 41.005238)
5665463134,Güvenç Konyalı,41.014331,28.975486,amenity:restaurant,restaurant,,,,POINT (28.975486 41.014331)
5669568475,Özel Bezmialem Vakıf Üniversitesi Fatih Semt Polikliniği,41.018098,28.949418,amenity:clinic,clinic,,,,POINT (28.949418 41.018098)
5672633532,Unnamed POI,41.019513,28.968873,amenity:ferry_terminal,ferry_terminal,,,,POINT (28.968873 41.019513)
5672864364,Eminönü İskelesi,41.017132,28.976271,amenity:ferry_terminal,ferry_terminal,,,,POINT (28.976271 41.017132)
5674712021,Ipek Serigrafi,41.012966,28.974988,tourism:artwork,,artwork,,,POINT (28.974988 41.012966)
5678862423,Unnamed POI,41.016761,28.970637,tourism:attraction,,attraction,,,POINT (28.970637 41.016761)
5680020322,Brew Coffe Works,41.015657,28.973896,amenity:cafe,cafe,,,,POINT (28.973896 41.015657)
5680097921,Kahvesi Ethem Tezcakar,41.010609,28.968223,amenity:cafe,cafe,,,,POINT (28.968223 41.010609)
5680098121,Archive Cafe & Winehouse,41.003506,28.980613,amenity:cafe,cafe,,,,POINT (28.980613 41.003506)
5691728921,My Boutique Hotel,41.019808,28.961876,tourism:hotel,,hotel,,,POINT (28.961876 41.019808)
5710046243,Moma's Cafe Restaurant,41.015812,28.976004,amenity:cafe,cafe,,,,POINT (28.976004 41.015812)
5711438723,Hotel Vicenza,41.012148,28.957354,tourism:hotel,,hotel,,,POINT (28.957354 41.012148)
5711463022,Black Bird Cafe,41.012255,28.955855,amenity:cafe,cafe,,,,POINT (28.955855 41.012255)
5717779824,Osmanlı Kebapçısı,41.017938,28.968709,amenity:restaurant,restaurant,,,,POINT (28.968709 41.017938)
5729753221,Dolphin,41.005404,28.96397,tourism:hotel,,hotel,,,POINT (28.96397 41.005404)
5730571724,Unnamed POI,41.01081,28.958156,tourism:apartment,,apartment,,,POINT (28.958156 41.01081)
5736695138,Unnamed POI,41.008906,28.968081,amenity:cafe,cafe,,,,POINT (28.968081 41.008906)
5739586344,Unnamed POI,41.012715,28.983917,historic:ruins,,,ruins,,POINT (28.983917 41.012715)
5743237121,Mivan,41.006271,28.96943,amenity:cafe,cafe,,,,POINT (28.96943 41.006271)
5761977853,Unnamed POI,41.003968,28.964266,amenity:restaurant,restaurant,,,,POINT (28.964266 41.003968)
5762009358,Unnamed POI,41.032609,28.948047,amenity:restaurant,restaurant,,,,POINT (28.948047 41.032609)
5780396653,Kral Kokoreç,41.015074,28.973361,amenity:fast_food,fast_food,,,,POINT (28.973361 41.015074)
5787843345,Eğrikapı,41.036473,28.939398,historic:city_gate,,,city_gate,,POINT (28.939398 41.036473)
5789714753,Unnamed POI,41.03163,28.945175,amenity:cafe,cafe,,,,POINT (28.945175 41.03163)
5814692954,faza,41.010486,28.946229,tourism:hotel,,hotel,,,POINT (28.946229 41.010486)
5817897755,Sırdaş Lokanta,41.016747,28.950346,amenity:restaurant,restaurant,,,,POINT (28.950346 41.016747)
5818857554,Unnamed POI,41.007353,28.952762,tourism:viewpoint,,viewpoint,,,POINT (28.952762 41.007353)
5824750472,Buyuk sahinler,41.008434,28.95869,tourism:hotel,,hotel,,,POINT (28.95869 41.008434)
5825305955,Unnamed POI,41.015166,28.973052,amenity:fast_food,fast_food,,,,POINT (28.973052 41.015166)
5840112085,Nobel hostel,41.004728,28.979534,tourism:apartment,,apartment,,,POINT (28.979534 41.004728)
5840178087,Grand Unal Hotel,41.00591,28.954292,tourism:hotel,,hotel,,,POINT (28.954292 41.00591)
5848640687,Unnamed POI,41.014826,28.971325,amenity:bank,bank,,,,POINT (28.971325 41.014826)
5851116635,Berk Guesthouse - Grandma's House,41.00624,28.98059,tourism:hotel,,hotel,,,POINT (28.98059 41.00624)
5851894585,Unnamed POI,41.006125,28.960141,amenity:nursing_home,nursing_home,,,,POINT (28.960141 41.006125)
5873815187,Darkhill,41.008847,28.959536,tourism:hotel,,hotel,,,POINT (28.959536 41.008847)
5874273287,Unnamed POI,41.015139,28.971427,amenity:ice_cream,ice_cream,,,,POINT (28.971427 41.015139)
5890552485,Unnamed POI,41.013176,28.940689,tourism:hotel,,hotel,,,POINT (28.940689 41.013176)
5901141887,Unnamed POI,41.010359,28.958796,tourism:hotel,,hotel,,,POINT (28.958796 41.010359)
5913825486,Unnamed POI,41.010638,28.975258,amenity:restaurant,restaurant,,,,POINT (28.975258 41.010638)
5937138993,Unnamed POI,41.008417,28.958276,tourism:hotel,,hotel,,,POINT (28.958276 41.008417)
5939165085,Cheers Hostel,41.010133,28.977863,tourism:hotel,,hotel,,,POINT (28.977863 41.010133)
5953007770,Unnamed POI,41.014507,28.968501,tourism:viewpoint,,viewpoint,,,POINT (28.968501 41.014507)
5956947987,Unnamed POI,41.012265,28.955978,amenity:bureau_de_change,bureau_de_change,,,,POINT (28.955978 41.012265)
5958060386,Unnamed POI,41.006084,28.973284,amenity:cafe,cafe,,,,POINT (28.973284 41.006084)
5958061185,Unnamed POI,41.013503,28.978742,tourism:hostel,,hostel,,,POINT (28.978742 41.013503)
5962347986,Unnamed POI,41.005145,28.964296,amenity:pub,pub,,,,POINT (28.964296 41.005145)
5964386386,Unnamed POI,41.007236,28.95605,tourism:motel,,motel,,,POINT (28.95605 41.007236)
5969447786,Unnamed POI,41.011519,28.950029,amenity:restaurant,restaurant,,,,POINT (28.950029 41.011519)
5969447787,Sarıyer,41.013151,28.975155,amenity:fast_food,fast_food,,,,POINT (28.975155 41.013151)
5981248112,Unnamed POI,41.014736,28.974026,amenity:fast_food,fast_food,,,,POINT (28.974026 41.014736)
5985089186,Unnamed POI,41.013597,28.981641,historic:monument,,,monument,,POINT (28.981641 41.013597)
6010430185,Unnamed POI,41.008685,28.962667,tourism:caravan_site,,caravan_site,,,POINT (28.962667 41.008685)
6015750885,مطعم حضرموت,41.020255,28.941854,amenity:restaurant,restaurant,,,,POINT (28.941854 41.020255)
6022831685,Deniz,41.002863,28.974095,tourism:hotel,,hotel,,,POINT (28.974095 41.002863)
6023090990,Unnamed POI,41.003147,28.970237,amenity:fountain,fountain,,,,POINT (28.970237 41.003147)
6037752085,Unnamed POI,41.011474,28.972073,tourism:artwork,,artwork,,,POINT (28.972073 41.011474)
6038894685,Unnamed POI,41.006761,28.977964,amenity:bicycle_parking,bicycle_parking,,,,POINT (28.977964 41.006761)
6038894686,Unnamed POI,41.007326,28.979794,amenity:waste_disposal,waste_disposal,,,,POINT (28.979794 41.007326)
6038894785,Unnamed POI,41.007751,28.978547,amenity:bicycle_parking,bicycle_parking,,,,POINT (28.978547 41.007751)
6044397694,Unnamed POI,41.004168,28.968934,amenity:waste_disposal,waste_disposal,,,,POINT (28.968934 41.004168)
6044443213,Unnamed POI,41.003339,28.967671,amenity:waste_disposal,waste_disposal,,,,POINT (28.967671 41.003339)
6045599785,Ozi Pizza and Pasta,41.00533,28.973358,amenity:restaurant,restaurant,,,,POINT (28.973358 41.00533)
6049415685,Unnamed POI,41.005472,28.97949,tourism:hostel,,hostel,,,POINT (28.97949 41.005472)
6050661385,Unnamed POI,41.007616,28.951623,tourism:hotel,,hotel,,,POINT (28.951623 41.007616)
6064311986,Unnamed POI,41.003363,28.974772,amenity:restaurant,restaurant,,,,POINT (28.974772 41.003363)
6072311186,PTT,41.00686,28.963212,amenity:post_office,post_office,,,,POINT (28.963212 41.00686)
6098351786,"Akşemsettin Mah.Muhtarhüsni Sok No.39/5, Fatih, İstanbul, Turkey.",41.017137,28.946342,tourism:apartment,,apartment,,,POINT (28.946342 41.017137)
6110416385,Unnamed POI,41.0029,28.970468,leisure:playground,,,,playground,POINT (28.970468 41.0029)
6132533387,Yolsanat,40.99441,28.927367,amenity:cafe,cafe,,,,POINT (28.927367 40.99441)
6139118085,Marmara Cafe,41.01503,28.974951,amenity:cafe,cafe,,,,POINT (28.974951 41.01503)
6153737886,المدينة,41.011327,28.950019,amenity:restaurant,restaurant,,,,POINT (28.950019 41.011327)
6157229585,Habb Cafe,41.026481,28.958234,amenity:cafe,cafe,,,,POINT (28.958234 41.026481)
6160620779,Unnamed POI,41.007884,28.977739,amenity:waste_basket,waste_basket,,,,POINT (28.977739 41.007884)
6161372126,Sunlife oldcity Hotel,41.009537,28.975028,tourism:hotel,,hotel,,,POINT (28.975028 41.009537)
6168853485,Ünsal Lamba,41.01122,28.967506,tourism:artwork,,artwork,,,POINT (28.967506 41.01122)
6184472885,Unnamed POI,41.01234,28.94055,tourism:hotel,,hotel,,,POINT (28.94055 41.01234)
6186457987,Ozgur Kasap,41.013941,28.975409,amenity:restaurant,restaurant,,,,POINT (28.975409 41.013941)
6189668275,The Sultanahmet,41.012343,28.94401,tourism:information,,information,,,POINT (28.94401 41.012343)
6190974457,Unnamed POI,41.025515,28.950077,amenity:shelter,shelter,,,,POINT (28.950077 41.025515)
6190974458,Unnamed POI,41.025551,28.95015,amenity:shelter,shelter,,,,POINT (28.95015 41.025551)
6190974459,Unnamed POI,41.025587,28.950222,amenity:shelter,shelter,,,,POINT (28.950222 41.025587)
6190974460,Unnamed POI,41.02563,28.9503,amenity:shelter,shelter,,,,POINT (28.9503 41.02563)
6190974461,Unnamed POI,41.025706,28.950447,amenity:shelter,shelter,,,,POINT (28.950447 41.025706)
6190974462,Unnamed POI,41.025729,28.950507,amenity:shelter,shelter,,,,POINT (28.950507 41.025729)
6190974463,Unnamed POI,41.025757,28.95055,amenity:shelter,shelter,,,,POINT (28.95055 41.025757)
6190974464,Unnamed POI,41.025792,28.950609,amenity:shelter,shelter,,,,POINT (28.950609 41.025792)
6190974465,Unnamed POI,41.026156,28.94978,amenity:shelter,shelter,,,,POINT (28.94978 41.026156)
6190974466,Unnamed POI,41.026136,28.949844,amenity:shelter,shelter,,,,POINT (28.949844 41.026136)
6190974467,Unnamed POI,41.026095,28.949912,amenity:shelter,shelter,,,,POINT (28.949912 41.026095)
6190974468,Unnamed POI,41.026062,28.949956,amenity:shelter,shelter,,,,POINT (28.949956 41.026062)
6190974469,Unnamed POI,41.025955,28.949976,amenity:shelter,shelter,,,,POINT (28.949976 41.025955)
6190974470,Unnamed POI,41.02597,28.950164,amenity:shelter,shelter,,,,POINT (28.950164 41.02597)
6190974471,Unnamed POI,41.02589,28.949995,amenity:shelter,shelter,,,,POINT (28.949995 41.02589)
6190974472,Unnamed POI,41.025764,28.949352,amenity:shelter,shelter,,,,POINT (28.949352 41.025764)
6190974473,Unnamed POI,41.025793,28.949413,amenity:shelter,shelter,,,,POINT (28.949413 41.025793)
6190974474,Unnamed POI,41.025864,28.949489,amenity:shelter,shelter,,,,POINT (28.949489 41.025864)
6190974475,Unnamed POI,41.02576,28.949559,amenity:shelter,shelter,,,,POINT (28.949559 41.02576)
6190974476,Unnamed POI,41.025745,28.949686,amenity:shelter,shelter,,,,POINT (28.949686 41.025745)
6190974477,Unnamed POI,41.025772,28.949757,amenity:shelter,shelter,,,,POINT (28.949757 41.025772)
6190974478,Unnamed POI,41.02581,28.949803,amenity:shelter,shelter,,,,POINT (28.949803 41.02581)
6190974479,Unnamed POI,41.025883,28.949817,amenity:shelter,shelter,,,,POINT (28.949817 41.025883)
6190974480,Unnamed POI,41.025982,28.94974,amenity:shelter,shelter,,,,POINT (28.94974 41.025982)
6190974481,Unnamed POI,41.025806,28.950305,amenity:shelter,shelter,,,,POINT (28.950305 41.025806)
6190974482,Unnamed POI,41.02605,28.950088,amenity:shelter,shelter,,,,POINT (28.950088 41.02605)
6233164456,Unnamed POI,41.001984,28.954174,amenity:ferry_terminal,ferry_terminal,,,,POINT (28.954174 41.001984)
6255578648,Biblos,41.008461,28.971968,amenity:bureau_de_change,bureau_de_change,,,,POINT (28.971968 41.008461)
6255814286,Baran ET & Mangal,41.017461,28.954851,amenity:restaurant,restaurant,,,,POINT (28.954851 41.017461)
6257713687,كراند ايمن,41.005796,28.954834,tourism:hotel,,hotel,,,POINT (28.954834 41.005796)
6265083085,Saas,41.011934,28.954454,tourism:hotel,,hotel,,,POINT (28.954454 41.011934)
6270698585,Unnamed POI,41.002931,28.974149,tourism:hotel,,hotel,,,POINT (28.974149 41.002931)
6270722986,فندق السلطان,41.011029,28.955381,tourism:hotel,,hotel,,,POINT (28.955381 41.011029)
6274260488,Sultanahmet Kahvesi,41.008336,28.975348,amenity:cafe,cafe,,,,POINT (28.975348 41.008336)
6288254684,Kırımlı Çibörek,41.015213,28.929371,amenity:restaurant,restaurant,,,,POINT (28.929371 41.015213)
6291047935,Unnamed POI,41.006027,28.953292,amenity:taxi,taxi,,,,POINT (28.953292 41.006027)
6291296586,Unnamed POI,41.011658,28.955424,amenity:taxi,taxi,,,,POINT (28.955424 41.011658)
6291296587,Unnamed POI,41.012358,28.959253,amenity:taxi,taxi,,,,POINT (28.959253 41.012358)
6291515890,Unnamed POI,41.01038,28.969726,amenity:restaurant,restaurant,,,,POINT (28.969726 41.01038)
6292908011,Unnamed POI,41.003155,28.95734,amenity:taxi,taxi,,,,POINT (28.95734 41.003155)
6296619895,Kroren Restaurant,41.017486,28.929711,amenity:restaurant,restaurant,,,,POINT (28.929711 41.017486)
6324422485,Bamli cafe,41.015998,28.973434,amenity:cafe,cafe,,,,POINT (28.973434 41.015998)
6324428785,Hafiz Mustafa 1864,41.016011,28.97336,amenity:cafe,cafe,,,,POINT (28.97336 41.016011)
6324489285,Kasap Döner,41.008253,28.974562,amenity:cafe,cafe,,,,POINT (28.974562 41.008253)
6325038685,Mam coffe,41.008275,28.974167,amenity:cafe,cafe,,,,POINT (28.974167 41.008275)
6325038686,Coffee Me,41.013414,28.974951,amenity:cafe,cafe,,,,POINT (28.974951 41.013414)
6325275991,Unnamed POI,41.005042,28.970211,amenity:toilets,toilets,,,,POINT (28.970211 41.005042)
6325275992,Luna Istanbul,41.005157,28.969981,amenity:cafe,cafe,,,,POINT (28.969981 41.005157)
6325811285,Unnamed POI,41.00731,28.971135,tourism:hotel,,hotel,,,POINT (28.971135 41.00731)
6328738686,Relax Mode Laleli,41.0089,28.959523,amenity:restaurant,restaurant,,,,POINT (28.959523 41.0089)
6329723989,Unnamed POI,41.015509,28.972277,amenity:cafe,cafe,,,,POINT (28.972277 41.015509)
6329932085,Poika Coffee,41.00834,28.975021,amenity:cafe,cafe,,,,POINT (28.975021 41.00834)
6344766185,Ziya,41.013935,28.975718,amenity:restaurant,restaurant,,,,POINT (28.975718 41.013935)
6352641893,Unnamed POI,41.005206,28.966603,tourism:guest_house,,guest_house,,,POINT (28.966603 41.005206)
6352641894,Unnamed POI,41.014608,28.96788,tourism:guest_house,,guest_house,,,POINT (28.96788 41.014608)
6354022385,Akin Büfe,41.009567,28.966295,amenity:cafe,cafe,,,,POINT (28.966295 41.009567)
6355871287,Unnamed POI,41.007414,28.95802,amenity:restaurant,restaurant,,,,POINT (28.95802 41.007414)
6356489886,Sultanahamet Köftecisi,41.007964,28.97731,amenity:restaurant,restaurant,,,,POINT (28.97731 41.007964)
6356595586,Çağri restaurant,41.006919,28.954026,amenity:restaurant,restaurant,,,,POINT (28.954026 41.006919)
6357583085,Unnamed POI,41.030695,28.93877,tourism:picnic_site,,picnic_site,,,POINT (28.93877 41.030695)
6359661486,Kumkapi cafe Nargile,41.004523,28.964564,amenity:cafe,cafe,,,,POINT (28.964564 41.004523)
6359663185,Kumkapı Hünkar,41.003415,28.965081,amenity:restaurant,restaurant,,,,POINT (28.965081 41.003415)
6360039960,Unnamed POI,41.01238,28.967531,tourism:apartment,,apartment,,,POINT (28.967531 41.01238)
6360755987,Unnamed POI,41.005148,28.973604,tourism:apartment,,apartment,,,POINT (28.973604 41.005148)
6362953387,Unnamed POI,41.005486,28.973841,amenity:cafe,cafe,,,,POINT (28.973841 41.005486)
6364378288,Unnamed POI,41.01905,28.968547,amenity:toilets,toilets,,,,POINT (28.968547 41.01905)
6367428588,Gaziantep kozde kunafe kebap salonu,41.01548,28.972917,amenity:cafe,cafe,,,,POINT (28.972917 41.01548)
6370106285,Mişaň öýü,41.011052,28.954463,tourism:guest_house,,guest_house,,,POINT (28.954463 41.011052)
6373152085,Prison of Anemas,41.038414,28.940798,tourism:attraction,,attraction,,,POINT (28.940798 41.038414)
6373152086,Unnamed POI,41.026135,28.950152,tourism:attraction,,attraction,,,POINT (28.950152 41.026135)
6383409904,Periodent Dental Clinic,41.013734,28.937106,amenity:dentist,dentist,,,,POINT (28.937106 41.013734)
6386357393,Fatih Hamamı,41.017158,28.943607,amenity:public_bath,public_bath,,,,POINT (28.943607 41.017158)
6389240387,Unnamed POI,41.012834,28.978125,amenity:atm,atm,,,,POINT (28.978125 41.012834)
6390414985,Denizbank,41.015649,28.971884,amenity:bank,bank,,,,POINT (28.971884 41.015649)
6390414987,ING,41.015211,28.97474,amenity:bank,bank,,,,POINT (28.97474 41.015211)
6390543885,peşrevzade,41.014328,28.974861,amenity:cafe,cafe,,,,POINT (28.974861 41.014328)
6390544085,Unnamed POI,41.01563,28.973007,amenity:fast_food,fast_food,,,,POINT (28.973007 41.01563)
6390544087,Şekerbank,41.015792,28.973069,amenity:bank,bank,,,,POINT (28.973069 41.015792)
6394219985,Mado,41.008148,28.975783,amenity:cafe,cafe,,,,POINT (28.975783 41.008148)
6432744585,Social House Istanbul,41.007056,28.973376,tourism:hotel,,hotel,,,POINT (28.973376 41.007056)
6432801437,Turgut Reis,41.013533,28.987321,historic:memorial,,,memorial,,POINT (28.987321 41.013533)
6434110785,Ahır Kapı Fish House,41.003308,28.97985,amenity:restaurant,restaurant,,,,POINT (28.97985 41.003308)
6436937209,Sifa hamami,41.004227,28.975526,leisure:sauna,,,,sauna,POINT (28.975526 41.004227)
6438081685,Unnamed POI,41.012117,28.980266,amenity:fountain,fountain,,,,POINT (28.980266 41.012117)
6439033985,Unnamed POI,41.008283,28.97754,amenity:restaurant,restaurant,,,,POINT (28.97754 41.008283)
6439176686,Unnamed POI,41.002675,28.981397,tourism:viewpoint,,viewpoint,,,POINT (28.981397 41.002675)
6440130587,Unnamed POI,41.009622,28.965187,amenity:bench,bench,,,,POINT (28.965187 41.009622)
6441389996,Unnamed POI,41.008667,28.974398,amenity:restaurant,restaurant,,,,POINT (28.974398 41.008667)
6443868487,Unnamed POI,41.003454,28.974386,tourism:hotel,,hotel,,,POINT (28.974386 41.003454)
6443936487,Unnamed POI,41.00342,28.975115,amenity:cafe,cafe,,,,POINT (28.975115 41.00342)
6445543290,Unnamed POI,41.032281,28.945742,amenity:cafe,cafe,,,,POINT (28.945742 41.032281)
6448606495,Aslan Home Apart,41.013677,28.975469,tourism:hotel,,hotel,,,POINT (28.975469 41.013677)
6449136888,Havuzbaşı Restoran Yenikapı,41.001744,28.960891,amenity:restaurant,restaurant,,,,POINT (28.960891 41.001744)
6450592985,Marmarion,41.008844,28.962754,amenity:restaurant,restaurant,,,,POINT (28.962754 41.008844)
6454239685,Artvin Döviz,41.008934,28.966249,amenity:bureau_de_change,bureau_de_change,,,,POINT (28.966249 41.008934)
6457294386,Unnamed POI,41.013717,28.975949,amenity:toilets,toilets,,,,POINT (28.975949 41.013717)
6457625186,Merdivenli Yokuş Evleri,41.031306,28.946227,tourism:attraction,,attraction,,,POINT (28.946227 41.031306)
6461554485,Servet Döviz,41.009204,28.962888,amenity:bureau_de_change,bureau_de_change,,,,POINT (28.962888 41.009204)
6464014887,Unnamed POI,41.015424,28.970597,amenity:toilets,toilets,,,,POINT (28.970597 41.015424)
6466135286,Atölye Kafasi,41.027931,28.956161,amenity:cafe,cafe,,,,POINT (28.956161 41.027931)
6469396985,Unnamed POI,41.00824,28.971643,amenity:ice_cream,ice_cream,,,,POINT (28.971643 41.00824)
6491302385,Unnamed POI,41.003846,28.97177,amenity:restaurant,restaurant,,,,POINT (28.97177 41.003846)
6510541085,Turgut Kebab Pide,41.004667,28.979142,amenity:restaurant,restaurant,,,,POINT (28.979142 41.004667)
6515323886,Yabaci,41.006108,28.97325,amenity:restaurant,restaurant,,,,POINT (28.97325 41.006108)
6518576187,Unnamed POI,41.010687,28.96924,amenity:bureau_de_change,bureau_de_change,,,,POINT (28.96924 41.010687)
6518579985,Unnamed POI,41.009805,28.967364,amenity:bureau_de_change,bureau_de_change,,,,POINT (28.967364 41.009805)
6521591285,Byzantion Bistro & Restaurant,41.010177,28.954433,amenity:restaurant,restaurant,,,,POINT (28.954433 41.010177)
6531662837,Sofular Hamamı,41.013729,28.948784,amenity:public_bath,public_bath,,,,POINT (28.948784 41.013729)
6556825185,Unnamed POI,41.014335,28.976256,amenity:place_of_worship,place_of_worship,,,,POINT (28.976256 41.014335)
6567536250,Alternatif Bank,41.013705,28.974828,amenity:bank,bank,,,,POINT (28.974828 41.013705)
6571330685,karaman hotel,41.008131,28.951373,tourism:hotel,,hotel,,,POINT (28.951373 41.008131)
6573807585,Unnamed POI,41.008692,28.959989,tourism:hotel,,hotel,,,POINT (28.959989 41.008692)
6577115086,صيرفه حسين علي خضير,41.015159,28.975224,tourism:hostel,,hostel,,,POINT (28.975224 41.015159)
6578141086,Linfer hotel,41.007888,28.951746,tourism:hotel,,hotel,,,POINT (28.951746 41.007888)
6588315786,Unnamed POI,41.011831,28.955545,amenity:cafe,cafe,,,,POINT (28.955545 41.011831)
6594722585,Behzadem Cafe Restaurant,41.011577,28.959217,amenity:restaurant,restaurant,,,,POINT (28.959217 41.011577)
6600322489,Unnamed POI,41.010056,28.978884,amenity:cafe,cafe,,,,POINT (28.978884 41.010056)
6609340686,Unnamed POI,41.02181,28.943243,amenity:atm,atm,,,,POINT (28.943243 41.02181)
6609340785,Unnamed POI,41.022574,28.941224,tourism:artwork,,artwork,,,POINT (28.941224 41.022574)
6611507885,ياسين اسطنبول,41.016558,28.943742,tourism:hostel,,hostel,,,POINT (28.943742 41.016558)
6611507985,ياسين استنبول,41.016563,28.944101,tourism:hostel,,hostel,,,POINT (28.944101 41.016563)
6624378685,Unnamed POI,41.01106,28.957225,amenity:pub,pub,,,,POINT (28.957225 41.01106)
6642588885,Unnamed POI,41.003289,28.971715,tourism:apartment,,apartment,,,POINT (28.971715 41.003289)
6662592985,Fatih Belediyesi çatladikapi sosyal tesisi,41.001667,28.973533,amenity:restaurant,restaurant,,,,POINT (28.973533 41.001667)
6665917986,أطيب فلافل,41.010151,28.947806,amenity:restaurant,restaurant,,,,POINT (28.947806 41.010151)
6681268891,Kubbe Istambul,41.014466,28.968764,amenity:library,library,,,,POINT (28.968764 41.014466)
6687920577,Unnamed POI,41.016932,28.976127,amenity:ticket_validator,ticket_validator,,,,POINT (28.976127 41.016932)
6687929885,Unnamed POI,41.017372,28.975032,amenity:ticket_validator,ticket_validator,,,,POINT (28.975032 41.017372)
6695836073,Akgün otopark,41.02305,28.9301,amenity:parking,parking,,,,POINT (28.9301 41.02305)
6697728468,Shabby Guesthouse,41.006111,28.980746,tourism:hostel,,hostel,,,POINT (28.980746 41.006111)
6705044338,Automat,41.002917,28.938925,amenity:vending_machine,vending_machine,,,,POINT (28.938925 41.002917)
6705058178,Parking IsPark,41.0001,28.942306,amenity:parking,parking,,,,POINT (28.942306 41.0001)
6721197885,Unnamed POI,41.004608,28.962864,tourism:hotel,,hotel,,,POINT (28.962864 41.004608)
6731413485,Haskral Hatay Sofrasi,41.012586,28.949009,amenity:restaurant,restaurant,,,,POINT (28.949009 41.012586)
6732844986,Haskral Hatay Sofrasi,41.012592,28.948989,amenity:restaurant,restaurant,,,,POINT (28.948989 41.012592)
6742103886,Unnamed POI,41.006092,28.980198,amenity:restaurant,restaurant,,,,POINT (28.980198 41.006092)
6757978886,Sultan Osman Hamami,41.006375,28.973467,leisure:fitness_centre,,,,fitness_centre,POINT (28.973467 41.006375)
6763640185,Hüner Ev Yemekleri,41.016582,28.937327,amenity:restaurant,restaurant,,,,POINT (28.937327 41.016582)
6772394616,Unnamed POI,41.010048,28.947039,amenity:ticket_validator,ticket_validator,,,,POINT (28.947039 41.010048)
6772394619,Unnamed POI,41.009942,28.947006,amenity:ticket_validator,ticket_validator,,,,POINT (28.947006 41.009942)
6773083786,Unnamed POI,41.012109,28.957039,tourism:hotel,,hotel,,,POINT (28.957039 41.012109)
6773083787,Unnamed POI,41.015979,28.957338,tourism:hotel,,hotel,,,POINT (28.957338 41.015979)
6783390887,Unnamed POI,41.004134,28.975188,tourism:museum,,museum,,,POINT (28.975188 41.004134)
6791515459,Özel Masal Treni Anaokulu,41.024312,28.943876,amenity:kindergarten,kindergarten,,,,POINT (28.943876 41.024312)
6806297985,Unnamed POI,41.008822,28.962794,tourism:hotel,,hotel,,,POINT (28.962794 41.008822)
6810179485,Unnamed POI,41.007743,28.955073,tourism:hotel,,hotel,,,POINT (28.955073 41.007743)
6812382787,Unnamed POI,41.008537,28.974853,amenity:cafe,cafe,,,,POINT (28.974853 41.008537)
6815610086,Saray,41.00375,28.971801,amenity:restaurant,restaurant,,,,POINT (28.971801 41.00375)
6817854887,Unnamed POI,41.01423,28.974832,amenity:post_box,post_box,,,,POINT (28.974832 41.01423)
6820054086,Unnamed POI,41.01419,28.973975,amenity:post_box,post_box,,,,POINT (28.973975 41.01419)
6821171585,Unnamed POI,41.012245,28.956979,amenity:restaurant,restaurant,,,,POINT (28.956979 41.012245)
6823338285,My Home Sultanahmet Hotel,41.006472,28.970181,tourism:hotel,,hotel,,,POINT (28.970181 41.006472)
6828179586,Unnamed POI,41.010395,28.947792,tourism:hotel,,hotel,,,POINT (28.947792 41.010395)
6828189285,Unnamed POI,41.010387,28.947799,tourism:hotel,,hotel,,,POINT (28.947799 41.010387)
6828668385,Unnamed POI,41.000907,28.948501,amenity:toilets,toilets,,,,POINT (28.948501 41.000907)
6828668585,Grand Hilarium Hotel,41.006082,28.954131,tourism:hotel,,hotel,,,POINT (28.954131 41.006082)
6829721889,Unnamed POI,41.010207,28.947412,tourism:hotel,,hotel,,,POINT (28.947412 41.010207)
6831017888,Unnamed POI,41.01039,28.947825,tourism:hostel,,hostel,,,POINT (28.947825 41.01039)
6831022185,Unnamed POI,41.010396,28.947812,tourism:hostel,,hostel,,,POINT (28.947812 41.010396)
6831732587,Unnamed POI,41.010587,28.94801,tourism:hostel,,hostel,,,POINT (28.94801 41.010587)
6844074841,Jaymaz Ud,41.024674,28.957422,tourism:artwork,,artwork,,,POINT (28.957422 41.024674)
6896227885,Pak Pide,41.014592,28.967995,amenity:restaurant,restaurant,,,,POINT (28.967995 41.014592)
6899820885,La Galera,41.004142,28.969399,amenity:cafe,cafe,,,,POINT (28.969399 41.004142)
6903343853,Unnamed POI,41.014409,28.97841,amenity:parking,parking,,,,POINT (28.97841 41.014409)
6903351875,İstasyon Hotel,41.01465,28.976869,tourism:hotel,,hotel,,,POINT (28.976869 41.01465)
6903431218,Grand Seigneur,41.014202,28.977507,tourism:hotel,,hotel,,,POINT (28.977507 41.014202)
6914442986,Fatih Sultan Mehmet Anıtı,41.030347,28.937023,historic:memorial,,,memorial,,POINT (28.937023 41.030347)
6916379085,İstanbul’un Orta Noktası,41.013123,28.957839,historic:memorial,,,memorial,,POINT (28.957839 41.013123)
6918936586,Kahve deposu,41.015659,28.974869,amenity:cafe,cafe,,,,POINT (28.974869 41.015659)
6918936587,Kahve deposu,41.015307,28.974869,amenity:cafe,cafe,,,,POINT (28.974869 41.015307)
6919584585,Unnamed POI,41.005187,28.970552,tourism:apartment,,apartment,,,POINT (28.970552 41.005187)
6919835285,Unnamed POI,41.031073,28.952306,tourism:viewpoint,,viewpoint,,,POINT (28.952306 41.031073)
6927080285,fioka te plastikes,41.01538,28.967431,amenity:place_of_worship,place_of_worship,,,,POINT (28.967431 41.01538)
6927676385,caffe me pamje nga bonstilli,41.017358,28.964725,amenity:internet_cafe,internet_cafe,,,,POINT (28.964725 41.017358)
6929789085,Kyanus Gemi Cafe,41.035773,28.94854,amenity:cafe,cafe,,,,POINT (28.94854 41.035773)
6932157487,Ahmet Rasim Anadolu Lisesi,41.024691,28.943716,amenity:school,school,,,,POINT (28.943716 41.024691)
6939034086,Unnamed POI,41.019746,28.948973,amenity:toilets,toilets,,,,POINT (28.948973 41.019746)
6939050386,İlim Yayma Cemiyeti Fatih Sahn-ı Semân Eğitim Merkezi,41.019359,28.948306,amenity:school,school,,,,POINT (28.948306 41.019359)
6939062285,Ayşe Sultan Çeşmesi,41.013902,28.95612,amenity:fountain,fountain,,,,POINT (28.95612 41.013902)
6939603515,Mirar Sinan,41.015836,28.962776,amenity:restaurant,restaurant,,,,POINT (28.962776 41.015836)
6939653172,Süleymaniye Coffee House,41.01575,28.961976,amenity:cafe,cafe,,,,POINT (28.961976 41.01575)
6939657816,Kuru Fasulyeci Süleyman,41.015443,28.963249,amenity:restaurant,restaurant,,,,POINT (28.963249 41.015443)
6939659398,Beydagi,41.015726,28.962887,amenity:restaurant,restaurant,,,,POINT (28.962887 41.015726)
6942719485,BirBen,41.016218,28.973157,amenity:cafe,cafe,,,,POINT (28.973157 41.016218)
6960247785,Asur Hotel,41.013215,28.976715,amenity:restaurant,restaurant,,,,POINT (28.976715 41.013215)
6960616185,Unnamed POI,41.004414,28.962283,tourism:hotel,,hotel,,,POINT (28.962283 41.004414)
6961502688,Döviz,41.015006,28.975514,amenity:bureau_de_change,bureau_de_change,,,,POINT (28.975514 41.015006)
6961507386,Hanzade Terrace Restaurant,41.006445,28.970054,amenity:restaurant,restaurant,,,,POINT (28.970054 41.006445)
6968661858,Vita Mia Gelato,41.013932,28.976806,amenity:ice_cream,ice_cream,,,,POINT (28.976806 41.013932)
6968663232,Coffee Factory,41.01195,28.97828,amenity:cafe,cafe,,,,POINT (28.97828 41.01195)
6968663233,The Constantine Hotel,41.012021,28.978278,tourism:hotel,,hotel,,,POINT (28.978278 41.012021)
6968692361,Esmer Chef Fish House,41.015816,28.976069,amenity:restaurant,restaurant,,,,POINT (28.976069 41.015816)
6991616985,Unnamed POI,41.008571,28.976124,amenity:restaurant,restaurant,,,,POINT (28.976124 41.008571)
7010848886,URFALİMSAVAKUSTA,41.012901,28.94843,amenity:restaurant,restaurant,,,,POINT (28.94843 41.012901)
7014934107,Divella Bistro Restaurant,41.006432,28.980818,amenity:restaurant,restaurant,,,,POINT (28.980818 41.006432)
7021235690,Tatpita Boşnak Böreği,41.011164,28.959245,amenity:restaurant,restaurant,,,,POINT (28.959245 41.011164)
7021236414,Sütlü Kahve,41.011379,28.959187,amenity:cafe,cafe,,,,POINT (28.959187 41.011379)
7036816785,Lezzet-i Sark,41.017078,28.969287,amenity:restaurant,restaurant,,,,POINT (28.969287 41.017078)
7044425086,Unnamed POI,41.017259,28.968982,tourism:attraction,,attraction,,,POINT (28.968982 41.017259)
7046871685,Unnamed POI,41.012547,28.957303,tourism:hotel,,hotel,,,POINT (28.957303 41.012547)
7054588287,Unnamed POI,41.013843,28.970172,amenity:pharmacy,pharmacy,,,,POINT (28.970172 41.013843)
7055231785,Aura Balat,41.026765,28.957717,amenity:cafe,cafe,,,,POINT (28.957717 41.026765)
7057331337,Unnamed POI,41.022652,28.931214,amenity:bench,bench,,,,POINT (28.931214 41.022652)
7057356120,Unnamed POI,41.018998,28.949672,amenity:bench,bench,,,,POINT (28.949672 41.018998)
7064473285,Unnamed POI,41.01508,28.967535,amenity:community_centre,community_centre,,,,POINT (28.967535 41.01508)
7070372185,Unnamed POI,41.003916,28.971519,tourism:hostel,,hostel,,,POINT (28.971519 41.003916)
7071567587,Mirilayon,41.011521,28.954586,tourism:hotel,,hotel,,,POINT (28.954586 41.011521)
7075596686,Tanrıdağ Uygur Restaurant,41.013487,28.937653,amenity:restaurant,restaurant,,,,POINT (28.937653 41.013487)
7080450485,Unnamed POI,41.01123,28.961333,leisure:sauna,,,,sauna,POINT (28.961333 41.01123)
7090566391,Karadeniz Pide Vefa,41.017279,28.958318,amenity:restaurant,restaurant,,,,POINT (28.958318 41.017279)
7100274085,Kudus,41.011618,28.949657,amenity:restaurant,restaurant,,,,POINT (28.949657 41.011618)
7108569085,Teteria Narguile,41.008548,28.970712,amenity:cafe,cafe,,,,POINT (28.970712 41.008548)
7109062286,Tarihi Cemberlitas Muhallebicisi,41.007963,28.971486,amenity:restaurant,restaurant,,,,POINT (28.971486 41.007963)
7109322585,Unnamed POI,41.016016,28.970102,amenity:fast_food,fast_food,,,,POINT (28.970102 41.016016)
7109331886,Ziraat Bankası,41.018774,28.967317,amenity:atm,atm,,,,POINT (28.967317 41.018774)
7110450385,Unnamed POI,41.019183,28.960225,tourism:hotel,,hotel,,,POINT (28.960225 41.019183)
7154243585,Oba Restaurant,41.006209,28.964979,amenity:restaurant,restaurant,,,,POINT (28.964979 41.006209)
7162138785,hotel antusa,41.009471,28.976898,tourism:hotel,,hotel,,,POINT (28.976898 41.009471)
7196887786,Lamp Hotel,41.004523,28.979057,tourism:hotel,,hotel,,,POINT (28.979057 41.004523)
7214317385,Unnamed POI,41.027791,28.95615,amenity:cafe,cafe,,,,POINT (28.95615 41.027791)
7226576985,Unnamed POI,41.007525,28.951905,tourism:apartment,,apartment,,,POINT (28.951905 41.007525)
7232184085,Unnamed POI,41.012071,28.956071,tourism:hotel,,hotel,,,POINT (28.956071 41.012071)
7234964285,Saklı Bahçe,41.012141,28.934238,amenity:cafe,cafe,,,,POINT (28.934238 41.012141)
7244829297,Unnamed POI,41.012666,28.984071,amenity:waste_basket,waste_basket,,,,POINT (28.984071 41.012666)
7247672388,Unnamed POI,41.00524,28.97602,amenity:toilets,toilets,,,,POINT (28.97602 41.00524)
7329562011,Unnamed POI,41.010556,28.978935,amenity:waste_basket,waste_basket,,,,POINT (28.978935 41.010556)
7329562012,Unnamed POI,41.010564,28.978925,amenity:waste_basket,waste_basket,,,,POINT (28.978925 41.010564)
7354613643,Unnamed POI,41.015647,28.974358,amenity:waste_basket,waste_basket,,,,POINT (28.974358 41.015647)
7363117227,Acil Tıp Kliniği,41.002851,28.937076,amenity:hospital,hospital,,,,POINT (28.937076 41.002851)
7369176307,Bezmialem Vakıf Üniversitesi Tıp Fakültesi Acil Tıp,41.019992,28.934855,amenity:hospital,hospital,,,,POINT (28.934855 41.019992)
7508878030,Unnamed POI,41.002382,28.965006,amenity:bench,bench,,,,POINT (28.965006 41.002382)
7516656593,Unnamed POI,41.020676,28.959119,amenity:restaurant,restaurant,,,,POINT (28.959119 41.020676)
7603034369,Unnamed POI,40.999188,28.934176,amenity:bench,bench,,,,POINT (28.934176 40.999188)
7603034370,Unnamed POI,40.999222,28.934208,amenity:bench,bench,,,,POINT (28.934208 40.999222)
7703025852,Unnamed POI,41.013658,28.977982,amenity:ticket_validator,ticket_validator,,,,POINT (28.977982 41.013658)
7728502585,Unnamed POI,41.016124,28.966395,amenity:cafe,cafe,,,,POINT (28.966395 41.016124)
7737183091,Unnamed POI,41.008981,28.982143,tourism:viewpoint,,viewpoint,,,POINT (28.982143 41.008981)
7794400285,Unnamed POI,41.012026,28.970331,amenity:toilets,toilets,,,,POINT (28.970331 41.012026)
7816100108,Zerina,41.023042,28.960955,amenity:restaurant,restaurant,,,,POINT (28.960955 41.023042)
7864511585,Balkan Lokantası,41.013632,28.974779,amenity:restaurant,restaurant,,,,POINT (28.974779 41.013632)
7872060239,Seyitömer Aile Sağlığı Merkezi,41.006934,28.933002,amenity:clinic,clinic,,,,POINT (28.933002 41.006934)
7878317494,Mado,41.008316,28.97546,amenity:cafe,cafe,,,,POINT (28.97546 41.008316)
7891212885,Gala Kokoreç,41.014438,28.974762,amenity:fast_food,fast_food,,,,POINT (28.974762 41.014438)
7896553285,Three partners cafe & restaurant,41.003514,28.973502,amenity:restaurant,restaurant,,,,POINT (28.973502 41.003514)
7896553385,Bitlisli,41.01371,28.975576,amenity:restaurant,restaurant,,,,POINT (28.975576 41.01371)
7896642785,Saltanat fish & kebab house,41.009165,28.975513,amenity:restaurant,restaurant,,,,POINT (28.975513 41.009165)
7906079586,Unnamed POI,41.004345,28.98001,amenity:restaurant,restaurant,,,,POINT (28.98001 41.004345)
7924204785,Unnamed POI,41.00574,28.96903,tourism:guest_house,,guest_house,,,POINT (28.96903 41.00574)
7925217807,Fatih Belediyesi Topkapı Kütüphanesi,41.019645,28.925312,amenity:library,library,,,,POINT (28.925312 41.019645)
7965878586,Unnamed POI,41.015202,28.976876,amenity:toilets,toilets,,,,POINT (28.976876 41.015202)
7966760789,Unnamed POI,41.008316,28.973892,amenity:restaurant,restaurant,,,,POINT (28.973892 41.008316)
7975460685,ATİLLA ÖZEFE HAOUSE,41.003927,28.972772,tourism:apartment,,apartment,,,POINT (28.972772 41.003927)
8000668487,Unnamed POI,41.01398,28.976144,amenity:cafe,cafe,,,,POINT (28.976144 41.01398)
8038741485,Unnamed POI,41.0064,28.980869,amenity:cafe,cafe,,,,POINT (28.980869 41.0064)
8063958079,İstanbul İmam Hatip Lisesi,41.029814,28.946358,amenity:school,school,,,,POINT (28.946358 41.029814)
8063990523,Fethiye Özel Öğrenci Yurdu,41.029849,28.946106,amenity:social_facility,social_facility,,,,POINT (28.946106 41.029849)
8064771685,Unnamed POI,41.00525,28.963363,amenity:cafe,cafe,,,,POINT (28.963363 41.00525)
8064771785,Unnamed POI,41.005875,28.965886,amenity:cafe,cafe,,,,POINT (28.965886 41.005875)
8071755852,Unnamed POI,41.012122,28.930848,amenity:toilets,toilets,,,,POINT (28.930848 41.012122)
8071775993,Unnamed POI,41.013518,28.970146,amenity:toilets,toilets,,,,POINT (28.970146 41.013518)
8085788984,Sarayburnu İsbike İstasyonu,41.015887,28.98649,amenity:bicycle_rental,bicycle_rental,,,,POINT (28.98649 41.015887)
8085814700,Unnamed POI,41.01592,28.98656,amenity:waste_basket,waste_basket,,,,POINT (28.98656 41.01592)
8085826666,Unnamed POI,41.00522,28.984236,amenity:bench,bench,,,,POINT (28.984236 41.00522)
8088572819,Unnamed POI,41.015821,28.966293,tourism:viewpoint,,viewpoint,,,POINT (28.966293 41.015821)
8091078318,Otantik,41.009721,28.97622,amenity:restaurant,restaurant,,,,POINT (28.97622 41.009721)
8137735680,İstanbul Üniversitesi Tıp Fakültesi Hastanesi,41.016862,28.93396,amenity:hospital,hospital,,,,POINT (28.93396 41.016862)
8186776145,Unnamed POI,41.017493,28.973775,amenity:ticket_validator,ticket_validator,,,,POINT (28.973775 41.017493)
8186776147,Unnamed POI,41.017369,28.973748,amenity:ticket_validator,ticket_validator,,,,POINT (28.973748 41.017369)
8186776153,Unnamed POI,41.017542,28.973337,amenity:ticket_validator,ticket_validator,,,,POINT (28.973337 41.017542)
8186776155,Unnamed POI,41.017412,28.972976,amenity:ticket_validator,ticket_validator,,,,POINT (28.972976 41.017412)
8186776156,Unnamed POI,41.017572,28.972987,amenity:ticket_validator,ticket_validator,,,,POINT (28.972987 41.017572)
8186776157,Unnamed POI,41.017384,28.973332,amenity:ticket_validator,ticket_validator,,,,POINT (28.973332 41.017384)
8205092817,Unnamed POI,41.015448,28.985107,tourism:museum,,museum,,,POINT (28.985107 41.015448)
8222825817,Unnamed POI,41.015056,28.975432,amenity:fast_food,fast_food,,,,POINT (28.975432 41.015056)
8226852509,Vander Valk İstanbul Hotel,41.011198,28.95842,tourism:hotel,,hotel,,,POINT (28.95842 41.011198)
8243380817,Unnamed POI,41.011523,28.954418,tourism:hotel,,hotel,,,POINT (28.954418 41.011523)
8247183034,Bombay Masala Indian Restaurant,41.008116,28.971662,amenity:restaurant,restaurant,,,,POINT (28.971662 41.008116)
8277311717,Harmony hotel teras,41.002641,28.973571,tourism:viewpoint,,viewpoint,,,POINT (28.973571 41.002641)
8288859117,Unnamed POI,41.008975,28.967934,amenity:cafe,cafe,,,,POINT (28.967934 41.008975)
8379844220,Unnamed POI,41.013802,28.976961,amenity:restaurant,restaurant,,,,POINT (28.976961 41.013802)
8418045788,Basketbol Sahası,41.004792,28.921911,leisure:park,,,,park,POINT (28.921911 41.004792)
8468053017,Grace Rooftop Restaurant,41.006259,28.973669,amenity:restaurant,restaurant,,,,POINT (28.973669 41.006259)
8510417717,Unnamed POI,41.003816,28.965147,amenity:restaurant,restaurant,,,,POINT (28.965147 41.003816)
8513449417,Sultanhmet terrace restaurant,41.005116,28.979075,amenity:restaurant,restaurant,,,,POINT (28.979075 41.005116)
8540133117,Unnamed POI,41.011663,28.957901,amenity:restaurant,restaurant,,,,POINT (28.957901 41.011663)
8553081917,BEHZADEM KEBAB & FİSH HOUSE,41.011597,28.959271,amenity:restaurant,restaurant,,,,POINT (28.959271 41.011597)
8560670817,Unnamed POI,41.017173,28.953103,amenity:restaurant,restaurant,,,,POINT (28.953103 41.017173)
8572555517,YONCA,41.00688,28.95841,amenity:restaurant,restaurant,,,,POINT (28.95841 41.00688)
8589156375,Unnamed POI,41.019308,28.950651,amenity:drinking_water,drinking_water,,,,POINT (28.950651 41.019308)
8589156376,Unnamed POI,41.019535,28.950666,amenity:waste_basket,waste_basket,,,,POINT (28.950666 41.019535)
8602030544,Unnamed POI,41.01495,28.975741,amenity:ticket_validator,ticket_validator,,,,POINT (28.975741 41.01495)
8602030552,Unnamed POI,41.015497,28.976085,amenity:ticket_validator,ticket_validator,,,,POINT (28.976085 41.015497)
8602032994,Unnamed POI,41.011874,28.978343,amenity:ticket_validator,ticket_validator,,,,POINT (28.978343 41.011874)
8602033003,Unnamed POI,41.012391,28.978491,amenity:ticket_validator,ticket_validator,,,,POINT (28.978491 41.012391)
8602048866,Unnamed POI,41.00816,28.975213,amenity:ticket_validator,ticket_validator,,,,POINT (28.975213 41.00816)
8602048869,Unnamed POI,41.008108,28.97521,amenity:ticket_validator,ticket_validator,,,,POINT (28.97521 41.008108)
8602048874,Unnamed POI,41.008097,28.97587,amenity:ticket_validator,ticket_validator,,,,POINT (28.97587 41.008097)
8602048878,Unnamed POI,41.008047,28.975867,amenity:ticket_validator,ticket_validator,,,,POINT (28.975867 41.008047)
8602063912,Unnamed POI,41.00891,28.966999,amenity:ticket_validator,ticket_validator,,,,POINT (28.966999 41.00891)
8602063913,Unnamed POI,41.008971,28.967026,amenity:ticket_validator,ticket_validator,,,,POINT (28.967026 41.008971)
8602063915,Unnamed POI,41.009044,28.967036,amenity:ticket_validator,ticket_validator,,,,POINT (28.967036 41.009044)
8602063916,Unnamed POI,41.009163,28.966368,amenity:ticket_validator,ticket_validator,,,,POINT (28.966368 41.009163)
8602077954,Unnamed POI,41.008508,28.970778,amenity:ticket_validator,ticket_validator,,,,POINT (28.970778 41.008508)
8602077955,Unnamed POI,41.008427,28.970767,amenity:ticket_validator,ticket_validator,,,,POINT (28.970767 41.008427)
8602077957,Unnamed POI,41.008374,28.971488,amenity:ticket_validator,ticket_validator,,,,POINT (28.971488 41.008374)
8602077959,Unnamed POI,41.008464,28.971468,amenity:ticket_validator,ticket_validator,,,,POINT (28.971468 41.008464)
8602097519,Unnamed POI,41.009086,28.966342,amenity:ticket_validator,ticket_validator,,,,POINT (28.966342 41.009086)
8602097521,Unnamed POI,41.009024,28.966331,amenity:ticket_validator,ticket_validator,,,,POINT (28.966331 41.009024)
8602130229,Unnamed POI,41.009644,28.953608,amenity:ticket_validator,ticket_validator,,,,POINT (28.953608 41.009644)
8602130230,Unnamed POI,41.009531,28.953642,amenity:ticket_validator,ticket_validator,,,,POINT (28.953642 41.009531)
8602138601,Unnamed POI,41.010895,28.943485,amenity:ticket_validator,ticket_validator,,,,POINT (28.943485 41.010895)
8623029392,Unnamed POI,41.015122,28.933727,amenity:ticket_validator,ticket_validator,,,,POINT (28.933727 41.015122)
8623029395,Unnamed POI,41.015027,28.933634,amenity:ticket_validator,ticket_validator,,,,POINT (28.933634 41.015027)
8623029396,Unnamed POI,41.01542,28.933114,amenity:ticket_validator,ticket_validator,,,,POINT (28.933114 41.01542)
8623029397,Unnamed POI,41.015325,28.93302,amenity:ticket_validator,ticket_validator,,,,POINT (28.93302 41.015325)
8623037792,Unnamed POI,41.018198,28.927358,amenity:ticket_validator,ticket_validator,,,,POINT (28.927358 41.018198)
8623037798,Unnamed POI,41.018122,28.927299,amenity:ticket_validator,ticket_validator,,,,POINT (28.927299 41.018122)
8625244017,Sur 2 hotel,41.005389,28.955511,tourism:hotel,,hotel,,,POINT (28.955511 41.005389)
8625244117,Unnamed POI,41.006004,28.954885,amenity:waste_disposal,waste_disposal,,,,POINT (28.954885 41.006004)
8625244217,Grand Milan Hotel,41.004816,28.955895,tourism:hotel,,hotel,,,POINT (28.955895 41.004816)
8625563017,Unnamed POI,41.002937,28.956021,amenity:shelter,shelter,,,,POINT (28.956021 41.002937)
8625563117,Unnamed POI,41.002836,28.955963,leisure:playground,,,,playground,POINT (28.955963 41.002836)
8626698219,Unnamed POI,41.017097,28.963922,amenity:toilets,toilets,,,,POINT (28.963922 41.017097)
8626698617,Unnamed POI,41.013128,28.959979,amenity:toilets,toilets,,,,POINT (28.959979 41.013128)
8636465617,Unnamed POI,41.018649,28.965852,amenity:toilets,toilets,,,,POINT (28.965852 41.018649)
8636465717,Unnamed POI,41.017821,28.967592,amenity:toilets,toilets,,,,POINT (28.967592 41.017821)
8636465817,Unnamed POI,41.007202,28.954872,amenity:pharmacy,pharmacy,,,,POINT (28.954872 41.007202)
8644261517,reydel hotel,41.0203,28.962386,tourism:hotel,,hotel,,,POINT (28.962386 41.0203)
8666382917,Unnamed POI,41.013433,28.942385,tourism:caravan_site,,caravan_site,,,POINT (28.942385 41.013433)
8699129769,Unnamed POI,41.015157,28.977946,amenity:bench,bench,,,,POINT (28.977946 41.015157)
8699129770,Unnamed POI,41.015157,28.978045,amenity:bench,bench,,,,POINT (28.978045 41.015157)
8699129771,Unnamed POI,41.015164,28.978158,amenity:bench,bench,,,,POINT (28.978158 41.015164)
8699129772,Unnamed POI,41.01517,28.978288,amenity:bench,bench,,,,POINT (28.978288 41.01517)
8699129773,Unnamed POI,41.01472,28.977591,amenity:toilets,toilets,,,,POINT (28.977591 41.01472)
8699169212,PTT Müzesi,41.014715,28.973899,tourism:museum,,museum,,,POINT (28.973899 41.014715)
8699197213,Unnamed POI,41.004,28.97498,amenity:toilets,toilets,,,,POINT (28.97498 41.004)
8699238719,Yaşar Kemal,40.997455,28.941699,tourism:artwork,,artwork,,,POINT (28.941699 40.997455)
8699238720,Unnamed POI,41.00015,28.939835,amenity:toilets,toilets,,,,POINT (28.939835 41.00015)
8702469384,Unnamed POI,41.00523,28.965701,amenity:toilets,toilets,,,,POINT (28.965701 41.00523)
8702469385,Unnamed POI,41.007316,28.965629,amenity:toilets,toilets,,,,POINT (28.965629 41.007316)
8702482477,Unnamed POI,41.010512,28.982798,amenity:toilets,toilets,,,,POINT (28.982798 41.010512)
8702493522,TEB,41.012826,28.978144,amenity:atm,atm,,,,POINT (28.978144 41.012826)
8735018410,Mehmet Akif Ersoy Parkı,41.007768,28.975445,leisure:park,,,,park,POINT (28.975445 41.007768)
8771469619,كنافة نابلسي,41.020386,28.948628,amenity:restaurant,restaurant,,,,POINT (28.948628 41.020386)
8812268717,Newemin,41.007401,28.949294,tourism:hotel,,hotel,,,POINT (28.949294 41.007401)
8829968818,Köfteci Arnavut,41.032618,28.948064,amenity:cafe,cafe,,,,POINT (28.948064 41.032618)
8829972417,Meshur Dönerci,41.012722,28.966077,amenity:cafe,cafe,,,,POINT (28.966077 41.012722)
8829972517,balik ekmek,41.00892,28.96755,amenity:cafe,cafe,,,,POINT (28.96755 41.00892)
8839753117,Çinaralti Cafe,41.01535,28.974288,amenity:cafe,cafe,,,,POINT (28.974288 41.01535)
8842876518,Tarini Eminönü kahvecisi,41.01641,28.973791,amenity:cafe,cafe,,,,POINT (28.973791 41.01641)
8844311517,Levent Börek,41.015916,28.973611,amenity:cafe,cafe,,,,POINT (28.973611 41.015916)
8846342717,Unnamed POI,41.01171,28.941296,amenity:restaurant,restaurant,,,,POINT (28.941296 41.01171)
8860759018,Unnamed POI,41.014205,28.943543,amenity:restaurant,restaurant,,,,POINT (28.943543 41.014205)
8863187019,Melek Lokantasi,41.01612,28.931006,amenity:restaurant,restaurant,,,,POINT (28.931006 41.01612)
8916085600,Alparslan Mesleki ve Teknik Anadolu Lisesi,41.024438,28.930927,amenity:school,school,,,,POINT (28.930927 41.024438)
8916085609,Gate of Rhegion,41.014097,28.92199,historic:yes,,,yes,,POINT (28.92199 41.014097)
8916085610,Gate of Rhegion,41.014086,28.922069,historic:yes,,,yes,,POINT (28.922069 41.014086)
8946621245,Yedikule İsbike İstasyonu,40.988411,28.922657,amenity:bicycle_rental,bicycle_rental,,,,POINT (28.922657 40.988411)
8946621247,Narlıkapı İsbike İstasyonu,40.996024,28.932544,amenity:bicycle_rental,bicycle_rental,,,,POINT (28.932544 40.996024)
8946621248,Yenikapı Parkı İsbike İstasyonu,41.001854,28.938962,amenity:bicycle_rental,bicycle_rental,,,,POINT (28.938962 41.001854)
8946621250,Avrasya Gösteri Merkezi İsbike İstasyonu,41.000546,28.943428,amenity:bicycle_rental,bicycle_rental,,,,POINT (28.943428 41.000546)
8946621251,Yenikapı Güvenlik Önü İsbike İstasyonu,41.000859,28.94902,amenity:bicycle_rental,bicycle_rental,,,,POINT (28.94902 41.000859)
8946621252,Kumkapı İsbike İstasyonu,41.00278,28.961131,amenity:bicycle_rental,bicycle_rental,,,,POINT (28.961131 41.00278)
8946621253,Deniz Feneri İsbike İstasyonu,41.001948,28.977958,amenity:bicycle_rental,bicycle_rental,,,,POINT (28.977958 41.001948)
8946621256,Sirkeci-1 İsbike İstasyonu,41.016486,28.976784,amenity:bicycle_rental,bicycle_rental,,,,POINT (28.976784 41.016486)
8946621257,Sirkeci-2 İsbike İstasyonu,41.016408,28.977026,amenity:bicycle_rental,bicycle_rental,,,,POINT (28.977026 41.016408)
8969305833,Lale Bahçesi,41.013755,28.984855,leisure:garden,,,,garden,POINT (28.984855 41.013755)
8978073974,Unnamed POI,41.015378,28.933057,amenity:ticket_validator,ticket_validator,,,,POINT (28.933057 41.015378)
8978073978,Unnamed POI,41.015081,28.933671,amenity:ticket_validator,ticket_validator,,,,POINT (28.933671 41.015081)
9007931517,Unnamed POI,41.004037,28.97305,tourism:motel,,motel,,,POINT (28.97305 41.004037)
9012042617,Unnamed POI,41.012928,28.978062,tourism:hotel,,hotel,,,POINT (28.978062 41.012928)
9024948317,Unnamed POI,41.009967,28.97599,tourism:hotel,,hotel,,,POINT (28.97599 41.009967)
9038886716,Unnamed POI,41.011648,28.940801,amenity:ticket_validator,ticket_validator,,,,POINT (28.940801 41.011648)
9038926428,Unnamed POI,41.011951,28.940099,amenity:ticket_validator,ticket_validator,,,,POINT (28.940099 41.011951)
9040148772,Unnamed POI,41.009644,28.959466,amenity:ticket_validator,ticket_validator,,,,POINT (28.959466 41.009644)
9040148774,Unnamed POI,41.009564,28.959462,amenity:ticket_validator,ticket_validator,,,,POINT (28.959462 41.009564)
9043424918,Arapça Kafe,41.004521,28.979734,amenity:restaurant,restaurant,,,,POINT (28.979734 41.004521)
9051987017,Hotel Öz Villa,41.007721,28.951715,tourism:hotel,,hotel,,,POINT (28.951715 41.007721)
9061144517,Unnamed POI,41.005113,28.964571,amenity:bar,bar,,,,POINT (28.964571 41.005113)
9073766200,Boutique California,41.00263,28.973391,tourism:hotel,,hotel,,,POINT (28.973391 41.00263)
9073796941,Unnamed POI,41.003056,28.97324,amenity:waste_disposal,waste_disposal,,,,POINT (28.97324 41.003056)
9090515189,Tarihi Leziz Pide Fırını,41.018639,28.96475,amenity:restaurant,restaurant,,,,POINT (28.96475 41.018639)
9113079217,Beyt Halep Cafe & Restaurant,41.010108,28.948054,amenity:restaurant,restaurant,,,,POINT (28.948054 41.010108)
9113079417,Unnamed POI,41.008158,28.94931,amenity:restaurant,restaurant,,,,POINT (28.94931 41.008158)
9126827717,بدلات عرس,41.020781,28.946562,tourism:artwork,,artwork,,,POINT (28.946562 41.020781)
9134994817,Unnamed POI,41.006326,28.981382,amenity:restaurant,restaurant,,,,POINT (28.981382 41.006326)
9135814317,Unnamed POI,41.031965,28.948447,amenity:cafe,cafe,,,,POINT (28.948447 41.031965)
9136083617,بنطرون,41.014848,28.971804,tourism:artwork,,artwork,,,POINT (28.971804 41.014848)
9141687153,Meşhur Sarıyer Börekçisi,41.011619,28.953682,amenity:restaurant,restaurant,,,,POINT (28.953682 41.011619)
9161145426,Fatih Merkez Kütüphanesi,41.01756,28.940365,amenity:library,library,,,,POINT (28.940365 41.01756)
9161909717,Unnamed POI,41.022251,28.959894,tourism:hotel,,hotel,,,POINT (28.959894 41.022251)
9162042117,Starbucks,41.008474,28.969477,amenity:cafe,cafe,,,,POINT (28.969477 41.008474)
9164553817,Unnamed POI,41.00352,28.976726,tourism:hotel,,hotel,,,POINT (28.976726 41.00352)
9206305917,Beyazit Kulesi,41.011394,28.964682,historic:monument,,,monument,,POINT (28.964682 41.011394)
9217070484,Türk Eczacılık Tarihi İhtisas Müzesi,41.010849,28.963116,tourism:museum,,museum,,,POINT (28.963116 41.010849)
9217099231,İstanbul Üniversitesi Rıdvan Çelikel Arkeoloji Müzesi,41.009856,28.960116,tourism:museum,,museum,,,POINT (28.960116 41.009856)
9225745817,Mir suites,41.009855,28.977437,tourism:apartment,,apartment,,,POINT (28.977437 41.009855)
9230743217,Osi pizza & Pasta,41.004951,28.973158,amenity:restaurant,restaurant,,,,POINT (28.973158 41.004951)
9260480917,Otel Lebon Old City,41.002933,28.97826,tourism:hotel,,hotel,,,POINT (28.97826 41.002933)
9271413402,Grand Oral Hotel,41.006103,28.954294,tourism:hotel,,hotel,,,POINT (28.954294 41.006103)
9283646105,Orientbank Hotel Istanbul,41.015179,28.972389,tourism:hotel,,hotel,,,POINT (28.972389 41.015179)
9291082817,Unnamed POI,41.016456,28.966225,amenity:cafe,cafe,,,,POINT (28.966225 41.016456)
9293970196,Change Office,41.009092,28.967571,amenity:bureau_de_change,bureau_de_change,,,,POINT (28.967571 41.009092)
9322091018,Dürümcü Mustafa,41.010671,28.971015,amenity:cafe,cafe,,,,POINT (28.971015 41.010671)
9327537918,Unnamed POI,41.012711,28.966072,amenity:cafe,cafe,,,,POINT (28.966072 41.012711)
9338004418,Unnamed POI,41.009549,28.974157,amenity:cafe,cafe,,,,POINT (28.974157 41.009549)
9343115217,Unnamed POI,41.008633,28.97603,amenity:cafe,cafe,,,,POINT (28.97603 41.008633)
9343115317,Unnamed POI,41.008229,28.974426,amenity:restaurant,restaurant,,,,POINT (28.974426 41.008229)
9347289717,Unnamed POI,41.017157,28.966166,amenity:cafe,cafe,,,,POINT (28.966166 41.017157)
9348513417,Unnamed POI,41.012328,28.981784,amenity:toilets,toilets,,,,POINT (28.981784 41.012328)
9352886917,Unnamed POI,41.012794,28.970566,amenity:cafe,cafe,,,,POINT (28.970566 41.012794)
9352904817,Unnamed POI,41.011385,28.969016,tourism:viewpoint,,viewpoint,,,POINT (28.969016 41.011385)
9353360717,Unnamed POI,41.014491,28.974602,amenity:restaurant,restaurant,,,,POINT (28.974602 41.014491)
9360370217,Unnamed POI,41.015083,28.972365,amenity:cafe,cafe,,,,POINT (28.972365 41.015083)
9360767418,Unnamed POI,41.013793,28.969101,amenity:cafe,cafe,,,,POINT (28.969101 41.013793)
9360777017,Unnamed POI,41.013421,28.968723,tourism:viewpoint,,viewpoint,,,POINT (28.968723 41.013421)
9360889117,Unnamed POI,41.015252,28.972752,amenity:cafe,cafe,,,,POINT (28.972752 41.015252)
9378272217,Unnamed POI,41.005791,28.954385,tourism:hotel,,hotel,,,POINT (28.954385 41.005791)
9379863017,Unnamed POI,41.012552,28.97425,tourism:hotel,,hotel,,,POINT (28.97425 41.012552)
9380169917,Unnamed POI,41.013419,28.976564,tourism:hotel,,hotel,,,POINT (28.976564 41.013419)
9383576823,Akar,41.014917,28.963049,amenity:restaurant,restaurant,,,,POINT (28.963049 41.014917)
9386536117,Queb Lounge,41.00552,28.980438,amenity:restaurant,restaurant,,,,POINT (28.980438 41.00552)
9393008311,Mini house,41.00645,28.96858,tourism:hotel,,hotel,,,POINT (28.96858 41.00645)
9393008312,Nakkaş Sarnıcı,41.004102,28.975153,tourism:attraction,,attraction,,,POINT (28.975153 41.004102)
9394967118,Unnamed POI,41.01009,28.977923,tourism:viewpoint,,viewpoint,,,POINT (28.977923 41.01009)
9396648818,Unnamed POI,41.013486,28.981492,leisure:playground,,,,playground,POINT (28.981492 41.013486)
9396688117,Unnamed POI,41.014645,28.978592,tourism:viewpoint,,viewpoint,,,POINT (28.978592 41.014645)
9396964217,Unnamed POI,41.012205,28.980935,tourism:viewpoint,,viewpoint,,,POINT (28.980935 41.012205)
9407672371,Gardenia Bistro Restaurant,41.003165,28.971362,amenity:cafe,cafe,,,,POINT (28.971362 41.003165)
9410434317,degirmencioglu,41.011655,28.97003,amenity:cafe,cafe,,,,POINT (28.97003 41.011655)
9410434417,Değirmencioğlu,41.011497,28.969874,amenity:cafe,cafe,,,,POINT (28.969874 41.011497)
9412340118,Unnamed POI,41.012506,28.956293,amenity:cafe,cafe,,,,POINT (28.956293 41.012506)
9422951017,Unnamed POI,41.00861,28.976086,amenity:restaurant,restaurant,,,,POINT (28.976086 41.00861)
9457760518,Unnamed POI,41.015724,28.974101,tourism:hotel,,hotel,,,POINT (28.974101 41.015724)
9480292265,Oruçgazi Ortaokulu,41.012279,28.952915,amenity:school,school,,,,POINT (28.952915 41.012279)
9480319207,Final Özel Öğretim Kursu,41.018633,28.927452,amenity:school,school,,,,POINT (28.927452 41.018633)
9480325262,Kent Cafe,41.0126,28.939474,amenity:cafe,cafe,,,,POINT (28.939474 41.0126)
9480329226,Adana Güneş Kebap,41.016953,28.956147,amenity:restaurant,restaurant,,,,POINT (28.956147 41.016953)
9480332225,Anas Chicken,41.010079,28.948163,amenity:restaurant,restaurant,,,,POINT (28.948163 41.010079)
9480332617,Domino's,41.010939,28.944663,amenity:fast_food,fast_food,,,,POINT (28.944663 41.010939)
9490592455,Paribu Cineverse,41.014613,28.944959,amenity:cinema,cinema,,,,POINT (28.944959 41.014613)
9490592456,Tavuk Dünyası,41.014174,28.945648,amenity:fast_food,fast_food,,,,POINT (28.945648 41.014174)
9490592457,McDonald's,41.014209,28.945268,amenity:fast_food,fast_food,,,,POINT (28.945268 41.014209)
9490592460,Burger King,41.014276,28.945164,amenity:fast_food,fast_food,,,,POINT (28.945164 41.014276)
9490592469,Watsons,41.014476,28.945595,amenity:pharmacy,pharmacy,,,,POINT (28.945595 41.014476)
9492168110,Pidem,41.014175,28.945441,amenity:restaurant,restaurant,,,,POINT (28.945441 41.014175)
9521418617,Unnamed POI,41.01254,28.978087,amenity:restaurant,restaurant,,,,POINT (28.978087 41.01254)
9521568963,Colorful houses,41.029576,28.947632,tourism:attraction,,attraction,,,POINT (28.947632 41.029576)
9521931481,Balat iskelesi,41.034819,28.949324,amenity:ferry_terminal,ferry_terminal,,,,POINT (28.949324 41.034819)
9543297917,Unnamed POI,41.003509,28.969832,tourism:apartment,,apartment,,,POINT (28.969832 41.003509)
9547534017,Amida house,41.003116,28.97687,tourism:hotel,,hotel,,,POINT (28.97687 41.003116)
9547538717,Amida,41.00329,28.977083,tourism:hotel,,hotel,,,POINT (28.977083 41.00329)
9560644978,Şirin Han Hotel,41.015517,28.972266,tourism:hotel,,hotel,,,POINT (28.972266 41.015517)
9580709917,Unnamed POI,41.009766,28.977651,tourism:hotel,,hotel,,,POINT (28.977651 41.009766)
9580735017,Lokma rumeli,41.016486,28.979486,amenity:restaurant,restaurant,,,,POINT (28.979486 41.016486)
9584848878,Acar Büfe - Hocapaşa Menemencisi,41.014042,28.975426,amenity:restaurant,restaurant,,,,POINT (28.975426 41.014042)
9585484817,quedada,41.010972,28.968723,amenity:cafe,cafe,,,,POINT (28.968723 41.010972)
9609786052,Alemdar Restaurant,41.00953,28.978528,amenity:restaurant,restaurant,,,,POINT (28.978528 41.00953)
9621298717,Cafe Dora,41.031544,28.94866,amenity:cafe,cafe,,,,POINT (28.94866 41.031544)
9648158217,نوبل,41.013017,28.94759,tourism:guest_house,,guest_house,,,POINT (28.94759 41.013017)
9665262887,Grand Peninsula hotel,41.005156,28.980417,tourism:hotel,,hotel,,,POINT (28.980417 41.005156)
9670693024,Unnamed POI,41.008744,28.971402,amenity:bureau_de_change,bureau_de_change,,,,POINT (28.971402 41.008744)
9671302218,Unnamed POI,41.00811,28.974672,amenity:pharmacy,pharmacy,,,,POINT (28.974672 41.00811)
9673774512,GlobalDo Coin Store,41.012567,28.975416,amenity:money_transfer,money_transfer,,,,POINT (28.975416 41.012567)
9673774513,NakitCoins,41.008779,28.97138,amenity:money_transfer,money_transfer,,,,POINT (28.97138 41.008779)
9677054205,Hotel Otağ,41.01968,28.96164,tourism:hotel,,hotel,,,POINT (28.96164 41.01968)
9677882619,HSBC,41.009865,28.973191,amenity:bank,bank,,,,POINT (28.973191 41.009865)
9685132928,Unnamed POI,41.012313,28.967607,amenity:toilets,toilets,,,,POINT (28.967607 41.012313)
9688042817,Balat,41.031642,28.946479,amenity:cafe,cafe,,,,POINT (28.946479 41.031642)
9688152917,Popstel,41.030185,28.950564,amenity:cafe,cafe,,,,POINT (28.950564 41.030185)
9705374417,Unnamed POI,41.014856,28.973501,amenity:fast_food,fast_food,,,,POINT (28.973501 41.014856)
9718412474,Özbar döviz,41.004948,28.979411,amenity:bureau_de_change,bureau_de_change,,,,POINT (28.979411 41.004948)
9722432917,Tarihi kardeşler börek ve pideci,41.017269,28.968158,amenity:restaurant,restaurant,,,,POINT (28.968158 41.017269)
9732000517,Yanbol sinagog,41.033268,28.946336,historic:monument,,,monument,,POINT (28.946336 41.033268)
9741817096,Unnamed POI,41.034262,28.947758,amenity:ticket_validator,ticket_validator,,,,POINT (28.947758 41.034262)
9741817102,Unnamed POI,41.034317,28.947852,amenity:ticket_validator,ticket_validator,,,,POINT (28.947852 41.034317)
9741817103,Unnamed POI,41.03379,28.94837,amenity:ticket_validator,ticket_validator,,,,POINT (28.94837 41.03379)
9741817108,Unnamed POI,41.033739,28.948279,amenity:ticket_validator,ticket_validator,,,,POINT (28.948279 41.033739)
9741817116,Unnamed POI,41.02857,28.954922,amenity:ticket_validator,ticket_validator,,,,POINT (28.954922 41.02857)
9741820094,Unnamed POI,41.024475,28.96002,amenity:ticket_validator,ticket_validator,,,,POINT (28.96002 41.024475)
9741820103,Unnamed POI,41.023958,28.96065,amenity:ticket_validator,ticket_validator,,,,POINT (28.96065 41.023958)
9741820104,Unnamed POI,41.023935,28.960493,amenity:ticket_validator,ticket_validator,,,,POINT (28.960493 41.023935)
9741824818,Unnamed POI,41.028475,28.954894,amenity:ticket_validator,ticket_validator,,,,POINT (28.954894 41.028475)
9741824821,Unnamed POI,41.028676,28.954104,amenity:ticket_validator,ticket_validator,,,,POINT (28.954104 41.028676)
9754756617,Unnamed POI,41.011643,28.978112,amenity:atm,atm,,,,POINT (28.978112 41.011643)
9759363126,Unnamed POI,41.014349,28.936742,amenity:bench,bench,,,,POINT (28.936742 41.014349)
9759363127,Unnamed POI,41.01439,28.936774,amenity:bench,bench,,,,POINT (28.936774 41.01439)
9759363128,Unnamed POI,41.014285,28.936721,amenity:bench,bench,,,,POINT (28.936721 41.014285)
9759374953,Unnamed POI,41.015267,28.936859,amenity:waste_disposal,waste_disposal,,,,POINT (28.936859 41.015267)
9759374954,Unnamed POI,41.015279,28.936872,amenity:waste_disposal,waste_disposal,,,,POINT (28.936872 41.015279)
9759374955,Unnamed POI,41.015292,28.936883,amenity:waste_disposal,waste_disposal,,,,POINT (28.936883 41.015292)
9763606420,Zeynep Pide and Lahmacun,41.005206,28.969298,amenity:fast_food,fast_food,,,,POINT (28.969298 41.005206)
9763759044,Unnamed POI,41.017808,28.973974,amenity:ticket_validator,ticket_validator,,,,POINT (28.973974 41.017808)
9766050017,Unnamed POI,41.006371,28.954588,tourism:hotel,,hotel,,,POINT (28.954588 41.006371)
9773508256,Aksaray Taksi Dolmuş Durağı,41.012935,28.946612,amenity:taxi,taxi,,,,POINT (28.946612 41.012935)
9775466857,HAN 1772 HOTEL,41.01483,28.974059,tourism:hotel,,hotel,,,POINT (28.974059 41.01483)
9776695918,Unnamed POI,41.010669,28.975355,amenity:restaurant,restaurant,,,,POINT (28.975355 41.010669)
9776966896,Ist Pay,41.009716,28.955095,amenity:money_transfer,money_transfer,,,,POINT (28.955095 41.009716)
9777670114,More Cafe,41.031554,28.948785,amenity:cafe,cafe,,,,POINT (28.948785 41.031554)
9777700081,Oses Cigkofte,41.031997,28.948381,amenity:fast_food,fast_food,,,,POINT (28.948381 41.031997)
9777700653,Le Cafe Da palation,41.03203,28.948302,amenity:cafe,cafe,,,,POINT (28.948302 41.03203)
9777721634,Hanimeli Cafe,41.031942,28.948326,amenity:cafe,cafe,,,,POINT (28.948326 41.031942)
9777725039,Rumeli Vatan Lokantasi,41.009259,28.975259,amenity:restaurant,restaurant,,,,POINT (28.975259 41.009259)
9782157317,Unnamed POI,41.014431,28.967859,tourism:viewpoint,,viewpoint,,,POINT (28.967859 41.014431)
9782808310,Kovboy'un Yeri Coffee Station,41.01462,28.976973,amenity:cafe,cafe,,,,POINT (28.976973 41.01462)
9782808313,Green Garden Cafe,41.014223,28.978588,amenity:restaurant,restaurant,,,,POINT (28.978588 41.014223)
9782808314,Prepeed Cafe,41.01414,28.979121,amenity:cafe,cafe,,,,POINT (28.979121 41.01414)
9783089118,Beltur,41.012518,28.978838,amenity:cafe,cafe,,,,POINT (28.978838 41.012518)
9783089122,Basilisis Hotel,41.010337,28.978057,tourism:hotel,,hotel,,,POINT (28.978057 41.010337)
9783089123,Modern Sultun Hotel,41.010201,28.977949,tourism:hotel,,hotel,,,POINT (28.977949 41.010201)
9785245256,Kayatas,41.019906,28.962346,amenity:restaurant,restaurant,,,,POINT (28.962346 41.019906)
9785288299,Unnamed POI,41.001672,28.976626,leisure:fitness_station,,,,fitness_station,POINT (28.976626 41.001672)
9785325000,24/7 Kebap Salonu,41.020091,28.962468,amenity:fast_food,fast_food,,,,POINT (28.962468 41.020091)
9785338497,Kadioglu Et Lokantasi,41.019872,28.962465,amenity:restaurant,restaurant,,,,POINT (28.962465 41.019872)
9785352319,Unnamed POI,41.019969,28.962531,amenity:restaurant,restaurant,,,,POINT (28.962531 41.019969)
9785354258,Lezzet Koftecisi,41.020054,28.962444,amenity:fast_food,fast_food,,,,POINT (28.962444 41.020054)
9800192234,Rodion Hotel,41.020027,28.962051,tourism:hotel,,hotel,,,POINT (28.962051 41.020027)
9800214504,Ferah,41.020095,28.962152,tourism:hotel,,hotel,,,POINT (28.962152 41.020095)
9801964473,Anas Chicken,41.017453,28.969455,amenity:fast_food,fast_food,,,,POINT (28.969455 41.017453)
9826078217,فندق عشتار,41.00641,28.95389,tourism:hotel,,hotel,,,POINT (28.95389 41.00641)
9826080818,فندق اشر,41.006263,28.954206,tourism:hotel,,hotel,,,POINT (28.954206 41.006263)
9833780518,Hesap Dokumu,41.004637,28.971102,amenity:restaurant,restaurant,,,,POINT (28.971102 41.004637)
9833781418,Duygu Aile Salonu,41.017521,28.953863,amenity:restaurant,restaurant,,,,POINT (28.953863 41.017521)
9833781517,Uğur Büryan,41.017095,28.955432,amenity:restaurant,restaurant,,,,POINT (28.955432 41.017095)
9833781617,Şırdancı Mehmet,41.017681,28.954293,amenity:restaurant,restaurant,,,,POINT (28.954293 41.017681)
9833781817,Kıztaşı Muhamlebicisi,41.016173,28.949255,amenity:cafe,cafe,,,,POINT (28.949255 41.016173)
9846134917,Buhara Ocakbası,41.010252,28.975331,amenity:restaurant,restaurant,,,,POINT (28.975331 41.010252)
9848170610,Saka Çeşmesi,41.013336,28.969011,amenity:drinking_water,drinking_water,,,,POINT (28.969011 41.013336)
9861029294,Unnamed POI,41.021122,28.962998,amenity:ticket_validator,ticket_validator,,,,POINT (28.962998 41.021122)
9867832017,Rainbow stairs,41.016589,28.966676,tourism:attraction,,attraction,,,POINT (28.966676 41.016589)
9868455217,Unnamed POI,41.014454,28.98236,amenity:toilets,toilets,,,,POINT (28.98236 41.014454)
9884607118,Unnamed POI,41.003946,28.9697,tourism:apartment,,apartment,,,POINT (28.9697 41.003946)
9891572920,Tarihi Nişanca Hamamı,41.005612,28.961496,leisure:sauna,,,,sauna,POINT (28.961496 41.005612)
9891610417,Unnamed POI,41.008828,28.933522,tourism:apartment,,apartment,,,POINT (28.933522 41.008828)
9897543817,Denizbank,41.011832,28.938817,amenity:bank,bank,,,,POINT (28.938817 41.011832)
9920492532,My Dream Istanbul Hotel,41.013218,28.977322,tourism:hotel,,hotel,,,POINT (28.977322 41.013218)
9924403117,Cumaa Bazaar,41.011094,28.940427,tourism:attraction,,attraction,,,POINT (28.940427 41.011094)
9929491117,Unnamed POI,41.006131,28.981914,tourism:hotel,,hotel,,,POINT (28.981914 41.006131)
9930070621,Unnamed POI,41.030078,28.950969,amenity:cafe,cafe,,,,POINT (28.950969 41.030078)
9934399617,İshak Paşa Palace by Signature Hotels,41.006444,28.981932,tourism:hotel,,hotel,,,POINT (28.981932 41.006444)
9937320323,Pak Pide Pizza Salonu,41.014566,28.967822,amenity:fast_food,fast_food,,,,POINT (28.967822 41.014566)
9946577218,Istanbul Sydney hotel,41.004216,28.962382,tourism:hotel,,hotel,,,POINT (28.962382 41.004216)
9948196917,Unnamed POI,41.00906,28.975541,amenity:fast_food,fast_food,,,,POINT (28.975541 41.00906)
9950496829,Tarihi hocapashe lokantalar,41.013801,28.975126,amenity:fast_food,fast_food,,,,POINT (28.975126 41.013801)
9950496929,Mavi Bufe,41.014922,28.973399,amenity:fast_food,fast_food,,,,POINT (28.973399 41.014922)
9950497918,Simit,41.01029,28.974087,amenity:fast_food,fast_food,,,,POINT (28.974087 41.01029)
9962653117,Unnamed POI,41.005565,28.954594,tourism:hotel,,hotel,,,POINT (28.954594 41.005565)
9976808418,Naz hotel,41.006768,28.958576,tourism:motel,,motel,,,POINT (28.958576 41.006768)
9988046618,Pan-Cake House,41.029856,28.950783,amenity:cafe,cafe,,,,POINT (28.950783 41.029856)
9988065417,Fida Cafe,41.029905,28.950709,amenity:cafe,cafe,,,,POINT (28.950709 41.029905)
9988069817,Vanilla Balat,41.029952,28.950802,amenity:cafe,cafe,,,,POINT (28.950802 41.029952)
9992681458,Happie Balat,41.03306,28.94664,amenity:cafe,cafe,,,,POINT (28.94664 41.03306)
9998872617,Hostel Sultan Ahmet,41.005762,28.9807,tourism:hostel,,hostel,,,POINT (28.9807 41.005762)
9998872717,Balkan Lokantasi,41.013875,28.975963,amenity:restaurant,restaurant,,,,POINT (28.975963 41.013875)
10001940618,Unnamed POI,41.006248,28.971114,tourism:hotel,,hotel,,,POINT (28.971114 41.006248)
10001953117,Unnamed POI,41.006312,28.970926,tourism:hotel,,hotel,,,POINT (28.970926 41.006312)
10007827617,Unnamed POI,41.011457,28.958395,tourism:hotel,,hotel,,,POINT (28.958395 41.011457)
10015446717,Unnamed POI,41.008765,28.974989,amenity:bicycle_parking,bicycle_parking,,,,POINT (28.974989 41.008765)
10026495417,Unnamed POI,41.006579,28.959164,amenity:motorcycle_parking,motorcycle_parking,,,,POINT (28.959164 41.006579)
10033127979,Sarıyer Börekçişi,41.022718,28.960487,amenity:fast_food,fast_food,,,,POINT (28.960487 41.022718)
10033646139,Muzenin kahvesı,41.011452,28.982278,amenity:cafe,cafe,,,,POINT (28.982278 41.011452)
10044870517,جيري فتار قهوة ومطعم,41.016949,28.966261,amenity:restaurant,restaurant,,,,POINT (28.966261 41.016949)
10052834117,Unnamed POI,41.017362,28.964378,amenity:cafe,cafe,,,,POINT (28.964378 41.017362)
10055898317,Unnamed POI,41.030067,28.95091,amenity:cafe,cafe,,,,POINT (28.95091 41.030067)
10058110918,Unnamed POI,41.014489,28.984618,amenity:bench,bench,,,,POINT (28.984618 41.014489)
10058111917,Unnamed POI,41.014386,28.984472,amenity:bench,bench,,,,POINT (28.984472 41.014386)
10058111918,Unnamed POI,41.014427,28.984506,amenity:bench,bench,,,,POINT (28.984506 41.014427)
10058111919,Unnamed POI,41.014373,28.984888,amenity:bench,bench,,,,POINT (28.984888 41.014373)
10066765016,Aycan Sultan Apart Hotel,41.002949,28.976449,tourism:hotel,,hotel,,,POINT (28.976449 41.002949)
10066765417,Big Point Cafe & Restaurant,41.010179,28.961331,amenity:cafe,cafe,,,,POINT (28.961331 41.010179)
10067218317,Malaysta,41.009978,28.976281,amenity:restaurant,restaurant,,,,POINT (28.976281 41.009978)
10069944421,Unnamed POI,41.008541,28.950239,amenity:cafe,cafe,,,,POINT (28.950239 41.008541)
10073446418,İstanbul Üniversitesi Su Bölümeri Fakültesi,41.012022,28.960631,amenity:university,university,,,,POINT (28.960631 41.012022)
10073730417,Emanet Dolapları,41.015672,28.972471,tourism:artwork,,artwork,,,POINT (28.972471 41.015672)
10074005021,Yapı Kredi,41.013118,28.955634,amenity:atm,atm,,,,POINT (28.955634 41.013118)
10074005022,Vakıfbank,41.013135,28.955654,amenity:atm,atm,,,,POINT (28.955654 41.013135)
10076013317,İetanbul Emanet dolapları,41.015656,28.972456,tourism:information,,information,,,POINT (28.972456 41.015656)
10082183195,Diamond City Hotels Yenikapı,41.006957,28.952024,tourism:hotel,,hotel,,,POINT (28.952024 41.006957)
10086919271,Unnamed POI,41.008839,28.968236,amenity:toilets,toilets,,,,POINT (28.968236 41.008839)
10087576517,Dürüm Yiyelim,41.01586,28.97278,amenity:restaurant,restaurant,,,,POINT (28.97278 41.01586)
10087576617,Elmalar Cafe & Restaurant,41.015888,28.97271,amenity:cafe,cafe,,,,POINT (28.97271 41.015888)
10098614217,فندق كلاريوس,41.01009,28.954442,tourism:hotel,,hotel,,,POINT (28.954442 41.01009)
10103455617,Fatih,41.005616,28.972608,tourism:guest_house,,guest_house,,,POINT (28.972608 41.005616)
10103816403,Hacibayram Hotel,41.005795,28.974191,tourism:hotel,,hotel,,,POINT (28.974191 41.005795)
10115772682,Unnamed POI,41.005312,28.974165,tourism:hotel,,hotel,,,POINT (28.974165 41.005312)
10127887983,Keyci Hatun Parkı,41.007752,28.942825,leisure:park,,,,park,POINT (28.942825 41.007752)
10127897731,İSPARK Millet Caddesi,41.009982,28.946068,amenity:parking,parking,,,,POINT (28.946068 41.009982)
10127897756,Şef Burger,41.00642,28.95008,amenity:fast_food,fast_food,,,,POINT (28.95008 41.00642)
10142739775,Lebap Restaurant,41.011096,28.953818,amenity:restaurant,restaurant,,,,POINT (28.953818 41.011096)
10148911717,Unnamed POI,41.00433,28.964429,amenity:restaurant,restaurant,,,,POINT (28.964429 41.00433)
10154200217,Unnamed POI,41.003964,28.964075,tourism:hotel,,hotel,,,POINT (28.964075 41.003964)
10175179517,Sultanahmet Endless Hotel,41.003535,28.971608,tourism:motel,,motel,,,POINT (28.971608 41.003535)
10175179518,Seaway Hotel,41.006063,28.982202,tourism:hostel,,hostel,,,POINT (28.982202 41.006063)
10176882470,Unnamed POI,41.014037,28.965866,amenity:waste_disposal,waste_disposal,,,,POINT (28.965866 41.014037)
10178410575,The Rounder's,41.005428,28.980282,amenity:pub,pub,,,,POINT (28.980282 41.005428)
10178410576,Enbaba Kebap,41.00484,28.967322,amenity:fast_food,fast_food,,,,POINT (28.967322 41.00484)
10178410583,Garanti Bankası,41.008664,28.971025,amenity:atm,atm,,,,POINT (28.971025 41.008664)
10178410586,Green,41.003968,28.965002,amenity:restaurant,restaurant,,,,POINT (28.965002 41.003968)
10178410591,Akbank,41.009615,28.966107,amenity:atm,atm,,,,POINT (28.966107 41.009615)
10178410592,QNB Finansbank,41.008701,28.97102,amenity:atm,atm,,,,POINT (28.97102 41.008701)
10178410593,Ziraat Bankası,41.008715,28.971011,amenity:atm,atm,,,,POINT (28.971011 41.008715)
10178410594,Yapı Kredi,41.008733,28.971003,amenity:atm,atm,,,,POINT (28.971003 41.008733)
10178410595,Akbank,41.008754,28.970993,amenity:atm,atm,,,,POINT (28.970993 41.008754)
10178410596,TEB,41.008775,28.970982,amenity:atm,atm,,,,POINT (28.970982 41.008775)
10178410597,Yapı Kredi,41.008684,28.971027,amenity:atm,atm,,,,POINT (28.971027 41.008684)
10178410598,Kumkapı Afrodit Restaurant,41.003451,28.965298,amenity:restaurant,restaurant,,,,POINT (28.965298 41.003451)
10178410599,Türkiye İş Bankası,41.008644,28.971027,amenity:atm,atm,,,,POINT (28.971027 41.008644)
10178410600,Akbank,41.008618,28.971028,amenity:atm,atm,,,,POINT (28.971028 41.008618)
10178410601,HSBC,41.009892,28.973213,amenity:atm,atm,,,,POINT (28.973213 41.009892)
10178410602,Rasital,41.005364,28.979866,amenity:restaurant,restaurant,,,,POINT (28.979866 41.005364)
10178410603,Şato,41.005334,28.980163,amenity:restaurant,restaurant,,,,POINT (28.980163 41.005334)
10178410606,Kumkapı Hoş,41.004202,28.964584,amenity:restaurant,restaurant,,,,POINT (28.964584 41.004202)
10178410607,Kumkapı Saki,41.004096,28.964708,amenity:restaurant,restaurant,,,,POINT (28.964708 41.004096)
10178410608,Golden Sand Hotel,41.004377,28.965005,tourism:hotel,,hotel,,,POINT (28.965005 41.004377)
10178410609,Unnamed POI,41.004923,28.967532,amenity:cafe,cafe,,,,POINT (28.967532 41.004923)
10178410610,Erciyes Cafe & Restaurant,41.005019,28.969999,amenity:restaurant,restaurant,,,,POINT (28.969999 41.005019)
10178410611,Buhara 93 Restaurant,41.004452,28.975175,amenity:restaurant,restaurant,,,,POINT (28.975175 41.004452)
10178410612,The First Ottoman Apartments Lounge,41.004424,28.964534,tourism:guest_house,,guest_house,,,POINT (28.964534 41.004424)
10178410613,Kartallar Denizki Restaurant,41.004096,28.964907,amenity:restaurant,restaurant,,,,POINT (28.964907 41.004096)
10178410614,Kumkapı Evren Restaurant,41.004021,28.964766,amenity:restaurant,restaurant,,,,POINT (28.964766 41.004021)
10178410616,Neyzen,41.003896,28.96487,amenity:restaurant,restaurant,,,,POINT (28.96487 41.003896)
10178438617,Gölçek Restaurant,41.003734,28.964969,amenity:restaurant,restaurant,,,,POINT (28.964969 41.003734)
10178438618,Kırımızı Karides Balık Restaurant,41.003722,28.965182,amenity:restaurant,restaurant,,,,POINT (28.965182 41.003722)
10178438619,Peyk Away Coffee,41.00701,28.972181,amenity:cafe,cafe,,,,POINT (28.972181 41.00701)
10178438621,Four-G Hotel,41.006001,28.973157,tourism:hotel,,hotel,,,POINT (28.973157 41.006001)
10178438628,Kalem Restaurant,41.006172,28.973224,amenity:restaurant,restaurant,,,,POINT (28.973224 41.006172)
10178438629,Sultanahmet Olimpic Hotel,41.006838,28.972358,tourism:hotel,,hotel,,,POINT (28.972358 41.006838)
10178438631,Unnamed POI,41.004571,28.966619,amenity:restaurant,restaurant,,,,POINT (28.966619 41.004571)
10178438639,The Ottoman Sand Door Lounge,41.00406,28.965057,amenity:bar,bar,,,,POINT (28.965057 41.00406)
10178438641,Cafe Damak,41.00394,28.96519,amenity:cafe,cafe,,,,POINT (28.96519 41.00394)
10178438642,Germenicia Hotel,41.003963,28.96565,tourism:hotel,,hotel,,,POINT (28.96565 41.003963)
10178438645,İnci Teras Restaurant,41.004648,28.979448,amenity:restaurant,restaurant,,,,POINT (28.979448 41.004648)
10178438646,Kumkapı Albatros,41.003578,28.96526,amenity:restaurant,restaurant,,,,POINT (28.96526 41.003578)
10178438647,Çapari,41.003616,28.965053,amenity:restaurant,restaurant,,,,POINT (28.965053 41.003616)
10178438648,Akvaryum Restaurant,41.003659,28.96522,amenity:restaurant,restaurant,,,,POINT (28.96522 41.003659)
10178438649,Zem Hotel,41.006055,28.970647,tourism:hotel,,hotel,,,POINT (28.970647 41.006055)
10178438653,Hotel Fehmi Bey,41.005538,28.973752,tourism:hotel,,hotel,,,POINT (28.973752 41.005538)
10178438654,Kadırga Antik Hotel,41.005879,28.970546,tourism:hotel,,hotel,,,POINT (28.970546 41.005879)
10178438658,Unnamed POI,41.005245,28.969634,amenity:post_office,post_office,,,,POINT (28.969634 41.005245)
10178438659,Kadırga Cafe & Restaurant,41.004781,28.968185,amenity:restaurant,restaurant,,,,POINT (28.968185 41.004781)
10178438660,Nasip et Kebap,41.004886,28.967456,amenity:fast_food,fast_food,,,,POINT (28.967456 41.004886)
10178438663,Apollon Restaurant,41.005883,28.973511,amenity:restaurant,restaurant,,,,POINT (28.973511 41.005883)
10178438664,Kaki Umbrella Restaurant Terrace,41.004868,28.979593,amenity:restaurant,restaurant,,,,POINT (28.979593 41.004868)
10178438668,Elif Cafe,41.005374,28.978414,amenity:cafe,cafe,,,,POINT (28.978414 41.005374)
10178552790,Imagine Istanbul - Sultanahmet,41.005434,28.9697,tourism:hotel,,hotel,,,POINT (28.9697 41.005434)
10183104124,Afghan Faryab restaurant,41.005036,28.958007,amenity:restaurant,restaurant,,,,POINT (28.958007 41.005036)
10183104128,White Palace Hotel,41.003991,28.966502,tourism:hotel,,hotel,,,POINT (28.966502 41.003991)
10183104129,Tavra hotel,41.003945,28.963722,tourism:hotel,,hotel,,,POINT (28.963722 41.003945)
10196872217,Velvet,41.031105,28.9487,amenity:cafe,cafe,,,,POINT (28.9487 41.031105)
10199239417,Unnamed POI,41.020695,28.940136,tourism:motel,,motel,,,POINT (28.940136 41.020695)
10202022522,Unnamed POI,41.003886,28.973653,leisure:fitness_station,,,,fitness_station,POINT (28.973653 41.003886)
10206749532,Lale Sultan,41.00445,28.971353,amenity:restaurant,restaurant,,,,POINT (28.971353 41.00445)
10206857392,İBB Ahmet Kabaklı Kütüphanesi,41.01961,28.939875,amenity:library,library,,,,POINT (28.939875 41.01961)
10235736710,Nasip-Et kebap,41.004906,28.967506,amenity:restaurant,restaurant,,,,POINT (28.967506 41.004906)
10239391609,Unnamed POI,41.010288,28.953948,amenity:bureau_de_change,bureau_de_change,,,,POINT (28.953948 41.010288)
10241846609,Unnamed POI,41.006998,28.970509,tourism:hotel,,hotel,,,POINT (28.970509 41.006998)
10245074209,Unnamed POI,41.011183,28.967272,amenity:cafe,cafe,,,,POINT (28.967272 41.011183)
10262114509,Unnamed POI,41.014741,28.97036,amenity:bank,bank,,,,POINT (28.97036 41.014741)
10284693110,Vodina Caddesi,41.030324,28.950098,tourism:attraction,,attraction,,,POINT (28.950098 41.030324)
10284693111,Kiremit Caddesi,41.029534,28.947637,tourism:attraction,,attraction,,,POINT (28.947637 41.029534)
10284696709,Topkapi Sarayı,41.011344,28.983203,tourism:museum,,museum,,,POINT (28.983203 41.011344)
10284707909,Merdıvenli Yokuş,41.031253,28.946205,tourism:attraction,,attraction,,,POINT (28.946205 41.031253)
10285718536,İBB Kara Surları Mevlanakapı Kütüphanesi,41.014673,28.922071,amenity:library,library,,,,POINT (28.922071 41.014673)
10286508940,Unnamed POI,41.013396,28.975918,amenity:ticket_validator,ticket_validator,,,,POINT (28.975918 41.013396)
10289654439,Unnamed POI,41.027199,28.951491,amenity:toilets,toilets,,,,POINT (28.951491 41.027199)
10296535709,Velvet Cafe Balat,41.031132,28.948745,amenity:cafe,cafe,,,,POINT (28.948745 41.031132)
10296542409,Maison Balat,41.03083,28.94964,amenity:cafe,cafe,,,,POINT (28.94964 41.03083)
10312923111,Cofte Budur,41.032231,28.947576,amenity:cafe,cafe,,,,POINT (28.947576 41.032231)
10541943909,Primero hotel,41.007109,28.969854,tourism:hotel,,hotel,,,POINT (28.969854 41.007109)
10556440309,Cronton,41.015576,28.972481,tourism:hotel,,hotel,,,POINT (28.972481 41.015576)
10583735005,Unnamed POI,41.030034,28.951307,amenity:restaurant,restaurant,,,,POINT (28.951307 41.030034)
10583738805,Olive Garden,41.004605,28.971156,amenity:restaurant,restaurant,,,,POINT (28.971156 41.004605)
10583742605,Unnamed POI,41.013793,28.975518,amenity:cafe,cafe,,,,POINT (28.975518 41.013793)
10583747005,Unnamed POI,41.00818,28.977251,amenity:restaurant,restaurant,,,,POINT (28.977251 41.00818)
10583748105,Unnamed POI,41.003652,28.979241,amenity:restaurant,restaurant,,,,POINT (28.979241 41.003652)
10589342905,Istanbul Anatolian cuisine,41.003401,28.972321,amenity:restaurant,restaurant,,,,POINT (28.972321 41.003401)
10589884317,Yemek Sepeti Market,41.005392,28.950092,amenity:marketplace,marketplace,,,,POINT (28.950092 41.005392)
10591242905,Apart La Mia,41.003263,28.971554,tourism:apartment,,apartment,,,POINT (28.971554 41.003263)
10596351605,Cabra Loca Coffee,41.014988,28.973716,amenity:restaurant,restaurant,,,,POINT (28.973716 41.014988)
10599304205,Balıkçı Murat Abi - Balık ekmek,41.004879,28.969634,amenity:cafe,cafe,,,,POINT (28.969634 41.004879)
10599617805,Tourist İnformation,41.011298,28.948971,tourism:information,,information,,,POINT (28.948971 41.011298)
10675734100,Mimar Sinan,41.009595,28.978923,tourism:artwork,,artwork,,,POINT (28.978923 41.009595)
10675765355,Unnamed POI,41.009661,28.97892,amenity:fast_food,fast_food,,,,POINT (28.97892 41.009661)
10675964726,Unnamed POI,41.007378,28.97928,amenity:bicycle_parking,bicycle_parking,,,,POINT (28.97928 41.007378)
10682574115,Unnamed POI,41.007889,28.978313,tourism:information,,information,,,POINT (28.978313 41.007889)
10698058065,Unnamed POI,41.015475,28.976149,amenity:ticket_validator,ticket_validator,,,,POINT (28.976149 41.015475)
10698058067,Unnamed POI,41.014925,28.975804,amenity:ticket_validator,ticket_validator,,,,POINT (28.975804 41.014925)
10722632605,Costera Hotel,41.004203,28.966618,tourism:hotel,,hotel,,,POINT (28.966618 41.004203)
10729900011,Unnamed POI,41.011252,28.978715,amenity:fountain,fountain,,,,POINT (28.978715 41.011252)
10729900012,Unnamed POI,41.011336,28.978708,amenity:fountain,fountain,,,,POINT (28.978708 41.011336)
10729900013,Unnamed POI,41.011111,28.978721,amenity:fountain,fountain,,,,POINT (28.978721 41.011111)
10735111735,Silivrikapı Hypogeum,41.006603,28.9219,historic:tomb,,,tomb,,POINT (28.9219 41.006603)
10736314005,vakif otolaryngology park,41.011626,28.952579,amenity:parking,parking,,,,POINT (28.952579 41.011626)
10736314105,Unnamed POI,41.009997,28.951888,amenity:cafe,cafe,,,,POINT (28.951888 41.009997)
10736489328,Unnamed POI,40.988988,28.919957,tourism:information,,information,,,POINT (28.919957 40.988988)
10736489330,Theodosian Walls,40.989001,28.919959,tourism:information,,information,,,POINT (28.919959 40.989001)
10738474298,Mevlana,41.007384,28.972187,amenity:restaurant,restaurant,,,,POINT (28.972187 41.007384)
10741574605,Pilavcı Mehmet,41.004444,28.965678,amenity:fast_food,fast_food,,,,POINT (28.965678 41.004444)
10743530006,Unnamed POI,41.023532,28.960119,amenity:toilets,toilets,,,,POINT (28.960119 41.023532)
10743534005,Unnamed POI,41.0319,28.948377,amenity:toilets,toilets,,,,POINT (28.948377 41.0319)
10744918905,Unnamed POI,41.008498,28.953131,amenity:bureau_de_change,bureau_de_change,,,,POINT (28.953131 41.008498)
10745422107,Unnamed POI,41.005658,28.958167,amenity:fast_food,fast_food,,,,POINT (28.958167 41.005658)
10760754105,Kırım Tatar Türkleri kültür evi,41.014116,28.937418,amenity:community_centre,community_centre,,,,POINT (28.937418 41.014116)
10781256505,Unnamed POI,41.003465,28.968908,amenity:cafe,cafe,,,,POINT (28.968908 41.003465)
10781264705,Изил,41.003369,28.968932,amenity:cafe,cafe,,,,POINT (28.968932 41.003369)
10782468639,Unnamed POI,41.006204,28.924855,leisure:fitness_station,,,,fitness_station,POINT (28.924855 41.006204)
10782468640,Unnamed POI,41.006076,28.924761,leisure:playground,,,,playground,POINT (28.924761 41.006076)
10789644905,Ptt,41.007524,28.979348,amenity:post_office,post_office,,,,POINT (28.979348 41.007524)
10792720605,Forno Fırın İşletmeciliği,41.029682,28.950474,amenity:cafe,cafe,,,,POINT (28.950474 41.029682)
10793991105,Valiz Satış Noktası,41.015701,28.97249,tourism:artwork,,artwork,,,POINT (28.97249 41.015701)
10796933905,Unnamed POI,41.030932,28.949325,amenity:restaurant,restaurant,,,,POINT (28.949325 41.030932)
10822872909,Balat Pide Lahmacun,41.032631,28.94598,amenity:restaurant,restaurant,,,,POINT (28.94598 41.032631)
10855599805,Unnamed POI,41.010675,28.971103,amenity:bureau_de_change,bureau_de_change,,,,POINT (28.971103 41.010675)
10857717905,Unnamed POI,41.006618,28.966772,tourism:hotel,,hotel,,,POINT (28.966772 41.006618)
10931855706,Unnamed POI,41.022383,28.931506,tourism:hotel,,hotel,,,POINT (28.931506 41.022383)
10936628562,Süleymaniye Kütüphanesi,41.015541,28.962701,amenity:library,library,,,,POINT (28.962701 41.015541)
10951492305,Unnamed POI,41.017995,28.965344,amenity:restaurant,restaurant,,,,POINT (28.965344 41.017995)
10976628822,Roofstar Bosphorus,41.012598,28.966087,amenity:food_court,food_court,,,,POINT (28.966087 41.012598)
10978877966,Roofstar Bosphorus,41.012579,28.96614,amenity:fast_food,fast_food,,,,POINT (28.96614 41.012579)
11002665634,Fülâne,41.013974,28.977751,amenity:restaurant,restaurant,,,,POINT (28.977751 41.013974)
11006008339,Yerebatan Sarnıcı,41.00848,28.978383,historic:cistern,,attraction,cistern,,POINT (28.978383 41.00848)
11006008368,Unnamed POI,41.008626,28.971176,tourism:information,,information,,,POINT (28.971176 41.008626)
11010212494,Unnamed POI,41.010461,28.987686,amenity:bench,bench,,,,POINT (28.987686 41.010461)
11010212495,Unnamed POI,41.003266,28.981878,amenity:bench,bench,,,,POINT (28.981878 41.003266)
11010228323,Unnamed POI,41.00828,28.986631,amenity:bench,bench,,,,POINT (28.986631 41.00828)
11010228324,Unnamed POI,41.003894,28.9825,amenity:bench,bench,,,,POINT (28.9825 41.003894)
11010228325,Unnamed POI,41.001966,28.978554,amenity:bench,bench,,,,POINT (28.978554 41.001966)
11010229195,Unnamed POI,41.003512,28.982162,amenity:bench,bench,,,,POINT (28.982162 41.003512)
11010236616,Unnamed POI,41.008768,28.977546,amenity:bureau_de_change,bureau_de_change,,,,POINT (28.977546 41.008768)
11010236617,Unnamed POI,41.006018,28.985484,amenity:bench,bench,,,,POINT (28.985484 41.006018)
11010236618,Unnamed POI,41.003754,28.982374,amenity:bench,bench,,,,POINT (28.982374 41.003754)
11010236619,Unnamed POI,41.002315,28.980276,amenity:bench,bench,,,,POINT (28.980276 41.002315)
11010244830,Unnamed POI,41.00578,28.985164,amenity:bench,bench,,,,POINT (28.985164 41.00578)
11010244831,Unnamed POI,41.002947,28.9815,amenity:bench,bench,,,,POINT (28.9815 41.002947)
11010244832,Unnamed POI,41.002068,28.979447,amenity:bench,bench,,,,POINT (28.979447 41.002068)
11010244833,Unnamed POI,41.00195,28.978169,amenity:bench,bench,,,,POINT (28.978169 41.00195)
11010244917,Unnamed POI,41.008056,28.986549,amenity:bench,bench,,,,POINT (28.986549 41.008056)
11010245357,Unnamed POI,41.009146,28.987071,amenity:bench,bench,,,,POINT (28.987071 41.009146)
11010245358,Unnamed POI,41.002252,28.98013,amenity:bench,bench,,,,POINT (28.98013 41.002252)
11010245620,Unnamed POI,41.007044,28.986177,amenity:bench,bench,,,,POINT (28.986177 41.007044)
11010245621,Unnamed POI,41.005153,28.984091,amenity:bench,bench,,,,POINT (28.984091 41.005153)
11010245622,Unnamed POI,41.001989,28.978924,amenity:bench,bench,,,,POINT (28.978924 41.001989)
11010245894,Unnamed POI,41.005315,28.984358,amenity:bench,bench,,,,POINT (28.984358 41.005315)
11010245895,Unnamed POI,41.002705,28.981138,amenity:bench,bench,,,,POINT (28.981138 41.002705)
11010246093,Unnamed POI,41.008847,28.986916,amenity:waste_basket,waste_basket,,,,POINT (28.986916 41.008847)
11010246095,Unnamed POI,41.004682,28.983317,amenity:bench,bench,,,,POINT (28.983317 41.004682)
11010246144,Unnamed POI,41.002577,28.980882,amenity:bench,bench,,,,POINT (28.980882 41.002577)
11010246249,Unnamed POI,41.010862,28.987727,amenity:bench,bench,,,,POINT (28.987727 41.010862)
11010246250,Unnamed POI,41.00755,28.986358,amenity:bench,bench,,,,POINT (28.986358 41.00755)
11010246251,Unnamed POI,41.005474,28.984638,amenity:bench,bench,,,,POINT (28.984638 41.005474)
11010246252,Unnamed POI,41.003327,28.981968,amenity:bench,bench,,,,POINT (28.981968 41.003327)
11010246253,Unnamed POI,41.001953,28.978236,amenity:bench,bench,,,,POINT (28.978236 41.001953)
11010250548,Unnamed POI,41.006569,28.985968,amenity:bench,bench,,,,POINT (28.985968 41.006569)
11010250549,Unnamed POI,41.004828,28.983541,amenity:bench,bench,,,,POINT (28.983541 41.004828)
11010250550,Unnamed POI,41.003044,28.981638,amenity:bench,bench,,,,POINT (28.981638 41.003044)
11010250551,Unnamed POI,41.00244,28.980606,amenity:bench,bench,,,,POINT (28.980606 41.00244)
11010253687,Unnamed POI,41.009362,28.987192,amenity:bench,bench,,,,POINT (28.987192 41.009362)
11010253688,Unnamed POI,41.005007,28.983819,amenity:bench,bench,,,,POINT (28.983819 41.005007)
11010253689,Unnamed POI,41.00251,28.980759,amenity:bench,bench,,,,POINT (28.980759 41.00251)
11010254698,Unnamed POI,41.00197,28.97875,amenity:bench,bench,,,,POINT (28.97875 41.00197)
11010255143,DHL,41.008654,28.977659,amenity:post_office,post_office,,,,POINT (28.977659 41.008654)
11010255144,Unnamed POI,41.008694,28.986846,amenity:bench,bench,,,,POINT (28.986846 41.008694)
11010255346,Unnamed POI,41.007799,28.986453,amenity:bench,bench,,,,POINT (28.986453 41.007799)
11010255347,Unnamed POI,41.005621,28.984892,amenity:bench,bench,,,,POINT (28.984892 41.005621)
11010255348,Unnamed POI,41.003427,28.982066,amenity:bench,bench,,,,POINT (28.982066 41.003427)
11010255349,Unnamed POI,41.002857,28.981377,amenity:bench,bench,,,,POINT (28.981377 41.002857)
11010255449,Unnamed POI,41.010151,28.987591,amenity:bench,bench,,,,POINT (28.987591 41.010151)
11010255450,Unnamed POI,41.003138,28.98175,amenity:bench,bench,,,,POINT (28.98175 41.003138)
11010255741,Unnamed POI,41.009649,28.987343,amenity:bench,bench,,,,POINT (28.987343 41.009649)
11010255742,Unnamed POI,41.006142,28.985613,amenity:bench,bench,,,,POINT (28.985613 41.006142)
11010255743,Unnamed POI,41.002112,28.979628,amenity:bench,bench,,,,POINT (28.979628 41.002112)
11010258068,Unnamed POI,41.007335,28.986286,amenity:bench,bench,,,,POINT (28.986286 41.007335)
11010258342,Unnamed POI,41.009857,28.987468,amenity:bench,bench,,,,POINT (28.987468 41.009857)
11010258343,Unnamed POI,41.002643,28.981015,amenity:bench,bench,,,,POINT (28.981015 41.002643)
11010258344,Unnamed POI,41.002124,28.979677,amenity:waste_basket,waste_basket,,,,POINT (28.979677 41.002124)
11010260461,Sarayburnu Otopark,41.016861,28.984061,amenity:parking,parking,,,,POINT (28.984061 41.016861)
11010260464,Unnamed POI,41.002798,28.981293,amenity:bench,bench,,,,POINT (28.981293 41.002798)
11010260949,Unnamed POI,41.003624,28.982254,amenity:bench,bench,,,,POINT (28.982254 41.003624)
11010260950,Unnamed POI,41.002045,28.979281,amenity:bench,bench,,,,POINT (28.979281 41.002045)
11010261314,Unnamed POI,41.003984,28.982588,amenity:bench,bench,,,,POINT (28.982588 41.003984)
11010261612,Unnamed POI,41.0022,28.97996,amenity:bench,bench,,,,POINT (28.97996 41.0022)
11010263815,Unnamed POI,41.002148,28.97977,amenity:bench,bench,,,,POINT (28.97977 41.002148)
11010263816,Unnamed POI,41.002016,28.979094,amenity:bench,bench,,,,POINT (28.979094 41.002016)
11010264207,Unnamed POI,41.008921,28.986955,amenity:bench,bench,,,,POINT (28.986955 41.008921)
11010264208,Unnamed POI,41.001961,28.978395,amenity:bench,bench,,,,POINT (28.978395 41.001961)
11010264340,Unnamed POI,41.008449,28.986694,amenity:bench,bench,,,,POINT (28.986694 41.008449)
11010264341,Unnamed POI,41.006308,28.985766,amenity:bench,bench,,,,POINT (28.985766 41.006308)
11010264342,Unnamed POI,41.002334,28.980377,amenity:bench,bench,,,,POINT (28.980377 41.002334)
11019688505,Roof Haliç Hotel,41.019864,28.963465,tourism:hotel,,hotel,,,POINT (28.963465 41.019864)
11019981807,mare mosso caffè e vendite,41.034077,28.946383,amenity:cafe,cafe,,,,POINT (28.946383 41.034077)
11020844512,Yaşayan Mutfak,41.0097,28.976672,amenity:cafe,cafe,,,,POINT (28.976672 41.0097)
11046722206,Unnamed POI,41.015461,28.971776,amenity:pub,pub,,,,POINT (28.971776 41.015461)
11049357405,مطعم كباب بغداد,41.01305,28.946543,amenity:restaurant,restaurant,,,,POINT (28.946543 41.01305)
11091786205,Unnamed POI,41.006556,28.966291,tourism:hotel,,hotel,,,POINT (28.966291 41.006556)
11092418505,Pilavci Semsi Usta,41.004349,28.96507,amenity:fast_food,fast_food,,,,POINT (28.96507 41.004349)
11107630706,AlengiR Cafe,41.023298,28.960653,amenity:cafe,cafe,,,,POINT (28.960653 41.023298)
11110306206,Hayal Restaurant,41.017014,28.973236,amenity:fast_food,fast_food,,,,POINT (28.973236 41.017014)
11117686134,Unnamed POI,41.012117,28.980304,amenity:bench,bench,,,,POINT (28.980304 41.012117)
11117686135,Unnamed POI,41.012146,28.98029,amenity:bench,bench,,,,POINT (28.98029 41.012146)
11117686136,Unnamed POI,41.012151,28.980271,amenity:bench,bench,,,,POINT (28.980271 41.012151)
11117686137,Unnamed POI,41.01215,28.980252,amenity:bench,bench,,,,POINT (28.980252 41.01215)
11117686138,Unnamed POI,41.012091,28.980261,amenity:bench,bench,,,,POINT (28.980261 41.012091)
11117686139,Unnamed POI,41.012102,28.980232,amenity:bench,bench,,,,POINT (28.980232 41.012102)
11117686140,Unnamed POI,41.012128,28.980226,amenity:bench,bench,,,,POINT (28.980226 41.012128)
11127294727,Shell,41.016634,28.955042,amenity:fuel,fuel,,,,POINT (28.955042 41.016634)
11130582405,Unnamed POI,41.014289,28.975368,amenity:atm,atm,,,,POINT (28.975368 41.014289)
11132579705,فندقنه,41.008668,28.954425,amenity:shower,shower,,,,POINT (28.954425 41.008668)
11132579805,فندقنه ( هداب ),41.008658,28.954251,amenity:shower,shower,,,,POINT (28.954251 41.008658)
11134926505,Unnamed POI,41.010363,28.946032,amenity:shower,shower,,,,POINT (28.946032 41.010363)
11134926605,Unnamed POI,41.008174,28.950982,amenity:shower,shower,,,,POINT (28.950982 41.008174)
11139097006,Unnamed POI,41.011067,28.95394,amenity:shower,shower,,,,POINT (28.95394 41.011067)
11143550449,Unnamed POI,41.017304,28.972519,amenity:bicycle_parking,bicycle_parking,,,,POINT (28.972519 41.017304)
11143992097,Terrace,41.009989,28.976532,tourism:viewpoint,,viewpoint,,,POINT (28.976532 41.009989)
11144622105,Unnamed POI,41.016965,28.986645,tourism:viewpoint,,viewpoint,,,POINT (28.986645 41.016965)
11153703256,Unnamed POI,41.018366,28.96951,amenity:ticket_validator,ticket_validator,,,,POINT (28.96951 41.018366)
11153703258,Unnamed POI,41.0183,28.969486,amenity:ticket_validator,ticket_validator,,,,POINT (28.969486 41.0183)
11153703260,Unnamed POI,41.018223,28.97047,amenity:ticket_validator,ticket_validator,,,,POINT (28.97047 41.018223)
11153703262,Unnamed POI,41.018147,28.970448,amenity:ticket_validator,ticket_validator,,,,POINT (28.970448 41.018147)
11157702242,Unnamed POI,41.021181,28.963099,amenity:ticket_validator,ticket_validator,,,,POINT (28.963099 41.021181)
11167178136,YapıKredi,41.01802,28.972914,amenity:atm,atm,,,,POINT (28.972914 41.01802)
11167178137,İşbank,41.018018,28.972899,amenity:atm,atm,,,,POINT (28.972899 41.018018)
11167178138,Akbank,41.018011,28.972839,amenity:atm,atm,,,,POINT (28.972839 41.018011)
11167178139,GarantiBBVA,41.018008,28.972818,amenity:atm,atm,,,,POINT (28.972818 41.018008)
11167178140,Ziraat,41.018006,28.972799,amenity:atm,atm,,,,POINT (28.972799 41.018006)
11167178154,Unnamed POI,41.018106,28.97223,amenity:bench,bench,,,,POINT (28.97223 41.018106)
11167178155,Unnamed POI,41.018125,28.972354,amenity:bench,bench,,,,POINT (28.972354 41.018125)
11167178156,Unnamed POI,41.018142,28.972469,amenity:bench,bench,,,,POINT (28.972469 41.018142)
11167178157,Unnamed POI,41.01816,28.97258,amenity:bench,bench,,,,POINT (28.97258 41.01816)
11167206413,Unnamed POI,41.018079,28.970523,amenity:vending_machine,vending_machine,,,,POINT (28.970523 41.018079)
11167206414,Unnamed POI,41.018068,28.970519,amenity:vending_machine,vending_machine,,,,POINT (28.970519 41.018068)
11173610037,Eliza Hotel,41.007526,28.96808,tourism:hotel,,hotel,,,POINT (28.96808 41.007526)
11174312937,Unnamed POI,41.01123,28.965292,amenity:fast_food,fast_food,,,,POINT (28.965292 41.01123)
11175957240,Faf suite home,41.003612,28.96416,tourism:hotel,,hotel,,,POINT (28.96416 41.003612)
11182615181,Unnamed POI,41.003943,28.960587,amenity:drinking_water,drinking_water,,,,POINT (28.960587 41.003943)
11197368538,Unnamed POI,41.00689,28.954153,tourism:hotel,,hotel,,,POINT (28.954153 41.00689)
11197368539,Unnamed POI,41.006914,28.954135,tourism:hotel,,hotel,,,POINT (28.954135 41.006914)
11212829440,Han Atlas Üzbek Restaurant,41.005789,28.962071,amenity:restaurant,restaurant,,,,POINT (28.962071 41.005789)
11212829444,Bena Ice Cream,41.009124,28.970216,amenity:ice_cream,ice_cream,,,,POINT (28.970216 41.009124)
11212844738,NURETTiN USTA alpedo ice cream,41.003514,28.965089,amenity:ice_cream,ice_cream,,,,POINT (28.965089 41.003514)
11212855637,Turkish Ice Cream,41.009612,28.978543,amenity:ice_cream,ice_cream,,,,POINT (28.978543 41.009612)
11219235337,Unnamed POI,41.004108,28.969422,amenity:restaurant,restaurant,,,,POINT (28.969422 41.004108)
11219235338,Unnamed POI,41.006158,28.968999,amenity:restaurant,restaurant,,,,POINT (28.968999 41.006158)
11219252937,Unnamed POI,41.004653,28.96514,amenity:restaurant,restaurant,,,,POINT (28.96514 41.004653)
11219254737,Unnamed POI,41.004898,28.969922,amenity:restaurant,restaurant,,,,POINT (28.969922 41.004898)
11219254837,Unnamed POI,41.00477,28.970885,amenity:restaurant,restaurant,,,,POINT (28.970885 41.00477)
11257712537,KA Hotel & Suites,41.004597,28.967156,tourism:hotel,,hotel,,,POINT (28.967156 41.004597)
11257731337,Gloria Jeans,41.004566,28.967095,amenity:cafe,cafe,,,,POINT (28.967095 41.004566)
11257808037,Unnamed POI,41.015175,28.955615,leisure:playground,,,,playground,POINT (28.955615 41.015175)
11265105037,Hasanpaşa Konaği,41.009257,28.961273,amenity:restaurant,restaurant,,,,POINT (28.961273 41.009257)
11279164200,Seyri,41.015531,28.959064,tourism:hotel,,hotel,,,POINT (28.959064 41.015531)
11279183770,Unnamed POI,41.032332,28.947772,amenity:cafe,cafe,,,,POINT (28.947772 41.032332)
11281508269,Sevda Gazozcusu,41.033449,28.946533,amenity:cafe,cafe,,,,POINT (28.946533 41.033449)
11281508270,Fetih Iskembe,41.033512,28.946538,amenity:restaurant,restaurant,,,,POINT (28.946538 41.033512)
11286456569,Istanbul Dervish Ceremony,41.008313,28.977516,amenity:community_centre,community_centre,,,,POINT (28.977516 41.008313)
11298643469,Unnamed POI,41.004698,28.9659,tourism:apartment,,apartment,,,POINT (28.9659 41.004698)
11331440494,Unnamed POI,41.010396,28.956852,historic:city_gate,,,city_gate,,POINT (28.956852 41.010396)
11331440495,Unnamed POI,41.009744,28.956202,historic:city_gate,,,city_gate,,POINT (28.956202 41.009744)
11341589706,Cetinport,41.014598,28.977301,tourism:hotel,,hotel,,,POINT (28.977301 41.014598)
11341593119,Garden mezze,41.014521,28.977339,amenity:restaurant,restaurant,,,,POINT (28.977339 41.014521)
11363528864,Unnamed POI,41.000182,28.945035,amenity:toilets,toilets,,,,POINT (28.945035 41.000182)
11367879069,Unnamed POI,41.0148,28.975319,amenity:internet_cafe,internet_cafe,,,,POINT (28.975319 41.0148)
11375123135,Cozy Garden Restaurant Cafe,41.013861,28.977145,amenity:restaurant,restaurant,,,,POINT (28.977145 41.013861)
11377439063,Espressolab,41.013224,28.975046,amenity:cafe,cafe,,,,POINT (28.975046 41.013224)
11377536296,Istanbul kitchen,41.010319,28.975517,amenity:cafe,cafe,,,,POINT (28.975517 41.010319)
11377595761,Unnamed POI,41.010233,28.974923,amenity:pharmacy,pharmacy,,,,POINT (28.974923 41.010233)
11377595762,Unnamed POI,41.010322,28.973216,amenity:atm,atm,,,,POINT (28.973216 41.010322)
11377657571,Sirius Coin,41.010102,28.971175,amenity:money_transfer,money_transfer,,,,POINT (28.971175 41.010102)
11384540169,Graziella Gold Hotel,41.007134,28.953014,tourism:hotel,,hotel,,,POINT (28.953014 41.007134)
11408820969,Unnamed POI,41.007677,28.947107,tourism:apartment,,apartment,,,POINT (28.947107 41.007677)
11409079450,Opet,41.003702,28.949943,amenity:fuel,fuel,,,,POINT (28.949943 41.003702)
11455235769,Ramo ustra doner,41.034162,28.946192,amenity:fast_food,fast_food,,,,POINT (28.946192 41.034162)
11465488070,Unnamed POI,41.008403,28.970446,amenity:bureau_de_change,bureau_de_change,,,,POINT (28.970446 41.008403)
11477161769,Unnamed POI,41.007253,28.945794,tourism:viewpoint,,viewpoint,,,POINT (28.945794 41.007253)
11491671358,Unnamed POI,41.039318,28.944301,amenity:ticket_validator,ticket_validator,,,,POINT (28.944301 41.039318)
11491671361,Unnamed POI,41.039684,28.943626,amenity:ticket_validator,ticket_validator,,,,POINT (28.943626 41.039684)
11491671364,Unnamed POI,41.039387,28.94437,amenity:ticket_validator,ticket_validator,,,,POINT (28.94437 41.039387)
11491671367,Unnamed POI,41.039792,28.943643,amenity:ticket_validator,ticket_validator,,,,POINT (28.943643 41.039792)
11502767719,Van Taxi Istanbul,41.005248,28.972806,amenity:taxi,taxi,,,,POINT (28.972806 41.005248)
11502796623,Van Taxi Istanbul,41.005002,28.965448,amenity:taxi,taxi,,,,POINT (28.965448 41.005002)
11528657995,İBB Çapa Kent Lokantası,41.014432,28.934424,amenity:restaurant,restaurant,,,,POINT (28.934424 41.014432)
11528657999,İBB Sultanahmet Kent Lokantası,41.009599,28.977531,amenity:restaurant,restaurant,,,,POINT (28.977531 41.009599)
11584351669,Kuveloğlu Han,41.018829,28.965006,tourism:information,,information,,,POINT (28.965006 41.018829)
11611477869,Unnamed POI,41.007604,28.94284,amenity:restaurant,restaurant,,,,POINT (28.94284 41.007604)
11613065369,Dervish Han Boutique Hotel,41.015266,28.975706,tourism:hotel,,hotel,,,POINT (28.975706 41.015266)
11652185269,Van Kıymalımm,41.017644,28.955044,amenity:fast_food,fast_food,,,,POINT (28.955044 41.017644)
11658068569,aprilis deluxe hotel,41.006531,28.970014,tourism:hotel,,hotel,,,POINT (28.970014 41.006531)
11658213969,Unnamed POI,41.006551,28.970347,amenity:restaurant,restaurant,,,,POINT (28.970347 41.006551)
11694384222,Downtown Sirkeci Hotel,41.013322,28.977887,tourism:hotel,,hotel,,,POINT (28.977887 41.013322)
11729934270,Zeyrekhane,41.019915,28.957708,amenity:cafe,cafe,,,,POINT (28.957708 41.019915)
11732284670,Lucky Hotel Istanbul,41.020014,28.962964,tourism:hotel,,hotel,,,POINT (28.962964 41.020014)
11738370678,Unnamed POI,41.012299,28.959437,amenity:bicycle_parking,bicycle_parking,,,,POINT (28.959437 41.012299)
11760868169,Unnamed POI,41.015982,28.958116,tourism:guest_house,,guest_house,,,POINT (28.958116 41.015982)
11775710259,Unnamed POI,41.004979,28.982075,amenity:toilets,toilets,,,,POINT (28.982075 41.004979)
11775710260,Unnamed POI,41.00342,28.96207,amenity:toilets,toilets,,,,POINT (28.96207 41.00342)
11780348640,Patológia,41.003674,28.938335,amenity:hospital,hospital,,,,POINT (28.938335 41.003674)
11790117569,Fatih Belediyesi Sosyal Tesisleri Sultanahmet,41.006946,28.97544,amenity:cafe,cafe,,,,POINT (28.97544 41.006946)
11793844469,Develi1912 Samatya,40.999992,28.931937,amenity:restaurant,restaurant,,,,POINT (28.931937 40.999992)
11794180669,Eirene Tower Sanat Galerisi,41.01451,28.968697,tourism:gallery,,gallery,,,POINT (28.968697 41.01451)
11812060145,Istanbul,41.017684,28.970559,tourism:artwork,,artwork,,,POINT (28.970559 41.017684)
11812060146,Sultanahmet Camii,41.005932,28.975848,tourism:information,,information,,,POINT (28.975848 41.005932)
11812060147,Unnamed POI,41.005894,28.975446,historic:memorial,,,memorial,,POINT (28.975446 41.005894)
11812060148,Unnamed POI,41.006998,28.978746,amenity:fountain,fountain,,,,POINT (28.978746 41.006998)
11812060167,İBRAHİM PAŞA SARAYI,41.006062,28.9751,tourism:information,,information,,,POINT (28.9751 41.006062)
11812158190,Yılanlı Sütun,41.005632,28.975007,tourism:information,,information,,,POINT (28.975007 41.005632)
11812158191,Örme Dikilitaş,41.00533,28.974771,tourism:information,,information,,,POINT (28.974771 41.00533)
11812158192,ŞAR-I ŞAHMERAN,41.007205,28.972427,tourism:artwork,,artwork,,,POINT (28.972427 41.007205)
11812158193,Unnamed POI,41.007359,28.972599,tourism:artwork,,artwork,,,POINT (28.972599 41.007359)
11812158194,OMNISCIENT,41.00743,28.972609,tourism:artwork,,artwork,,,POINT (28.972609 41.00743)
11812158195,SIR,41.007476,28.972601,tourism:artwork,,artwork,,,POINT (28.972601 41.007476)
11812158196,Unnamed POI,41.009649,28.968873,tourism:artwork,,artwork,,,POINT (28.968873 41.009649)
11812158197,NURUOSMANİYE KÜLLİYESİ,41.0101,28.970134,tourism:information,,information,,,POINT (28.970134 41.0101)
11812158198,İbrahim Müteferrika,41.010326,28.966057,tourism:artwork,,artwork,,,POINT (28.966057 41.010326)
11812453791,Sirkeci Garı,41.015206,28.976351,tourism:information,,information,,,POINT (28.976351 41.015206)
11812527479,Unnamed POI,41.018026,28.96934,amenity:toilets,toilets,,,,POINT (28.96934 41.018026)
11812565355,III. Ahmet Çeşmesi,41.008135,28.981302,tourism:information,,information,,,POINT (28.981302 41.008135)
11812576770,Unnamed POI,41.011325,28.983759,tourism:artwork,,artwork,,,POINT (28.983759 41.011325)
11812576771,Unnamed POI,41.011354,28.983893,tourism:artwork,,artwork,,,POINT (28.983893 41.011354)
11812576772,2. AVLU 2nd COURTYARD,41.011496,28.98348,tourism:information,,information,,,POINT (28.98348 41.011496)
11812576773,II. AVLU DİVAN - ADALET MEYDANI,41.011587,28.983309,tourism:information,,information,,,POINT (28.983309 41.011587)
11812576798,2. AVLU 2nd COURTYARD,41.011615,28.983159,tourism:information,,information,,,POINT (28.983159 41.011615)
11813287018,Sohum Kalesi Kitâbesi,41.012383,28.984036,historic:memorial,,,memorial,,POINT (28.984036 41.012383)
11813287022,Unnamed POI,41.012644,28.983788,historic:memorial,,,memorial,,POINT (28.983788 41.012644)
11813287023,Unnamed POI,41.012618,28.983732,historic:memorial,,,memorial,,POINT (28.983732 41.012618)
11813287026,Unnamed POI,41.01306,28.984366,tourism:information,,information,,,POINT (28.984366 41.01306)
11813287027,Unnamed POI,41.013341,28.984523,amenity:clock,clock,,,,POINT (28.984523 41.013341)
11813287049,Unnamed POI,41.011373,28.984239,tourism:artwork,,artwork,,,POINT (28.984239 41.011373)
11813287051,Unnamed POI,41.011424,28.984271,tourism:artwork,,artwork,,,POINT (28.984271 41.011424)
11816727569,Hampton by Hilton Istanbul Sirkeci,41.01358,28.973775,tourism:hotel,,hotel,,,POINT (28.973775 41.01358)
11828695667,Unnamed POI,41.007014,28.943921,tourism:viewpoint,,viewpoint,,,POINT (28.943921 41.007014)
11828724974,Unnamed POI,41.006861,28.94374,amenity:cafe,cafe,,,,POINT (28.94374 41.006861)
11834882670,Mehmet Erkoyuncu Sakatat ve Et Pazari,41.017855,28.955527,amenity:cafe,cafe,,,,POINT (28.955527 41.017855)
11844655774,Unnamed POI,41.014755,28.987361,amenity:bench,bench,,,,POINT (28.987361 41.014755)
11844660381,Unnamed POI,41.015863,28.987101,amenity:bench,bench,,,,POINT (28.987101 41.015863)
11844660382,Unnamed POI,41.014381,28.982324,amenity:waste_basket,waste_basket,,,,POINT (28.982324 41.014381)
11844666032,Unnamed POI,41.0154,28.987204,amenity:bench,bench,,,,POINT (28.987204 41.0154)
11844670287,Unnamed POI,41.015246,28.987238,amenity:bench,bench,,,,POINT (28.987238 41.015246)
11844684659,Unnamed POI,41.014576,28.987424,amenity:bench,bench,,,,POINT (28.987424 41.014576)
11844684660,Unnamed POI,41.015664,28.987147,amenity:bench,bench,,,,POINT (28.987147 41.015664)
11844686322,Unnamed POI,41.015185,28.987246,amenity:bench,bench,,,,POINT (28.987246 41.015185)
11844686854,Unnamed POI,41.015326,28.987219,amenity:bench,bench,,,,POINT (28.987219 41.015326)
11844687500,Unnamed POI,41.01577,28.987093,amenity:bench,bench,,,,POINT (28.987093 41.01577)
11844690754,Unnamed POI,41.015541,28.98717,amenity:bench,bench,,,,POINT (28.98717 41.015541)
11844690755,Unnamed POI,41.014415,28.982416,amenity:bench,bench,,,,POINT (28.982416 41.014415)
11844692187,Unnamed POI,41.015467,28.987191,amenity:bench,bench,,,,POINT (28.987191 41.015467)
11844692713,Unnamed POI,41.016005,28.987027,amenity:bench,bench,,,,POINT (28.987027 41.016005)
11866484979,Unnamed POI,41.026031,28.950564,amenity:waste_basket,waste_basket,,,,POINT (28.950564 41.026031)
11866484980,Unnamed POI,41.026014,28.95059,amenity:waste_basket,waste_basket,,,,POINT (28.95059 41.026014)
11866509574,Unnamed POI,41.026026,28.950576,amenity:shelter,shelter,,,,POINT (28.950576 41.026026)
11866509575,Unnamed POI,41.026036,28.950659,amenity:waste_basket,waste_basket,,,,POINT (28.950659 41.026036)
11867279469,Ayasofya Tarih ve Deneyim Müzesi,41.006455,28.975367,tourism:museum,,museum,,,POINT (28.975367 41.006455)
11883728940,Unnamed POI,41.016851,28.976565,amenity:ticket_validator,ticket_validator,,,,POINT (28.976565 41.016851)
11884264269,Sultan Ahmet Park Havuzu,41.007215,28.978268,amenity:fountain,fountain,,,,POINT (28.978268 41.007215)
11885165228,Unnamed POI,41.024529,28.960118,amenity:ticket_validator,ticket_validator,,,,POINT (28.960118 41.024529)
11889122673,Unnamed POI,41.020631,28.963508,amenity:ticket_validator,ticket_validator,,,,POINT (28.963508 41.020631)
11889122674,Unnamed POI,41.020698,28.963602,amenity:ticket_validator,ticket_validator,,,,POINT (28.963602 41.020698)
11891404971,Unnamed POI,41.015399,28.972533,amenity:restaurant,restaurant,,,,POINT (28.972533 41.015399)
11893377370,Unnamed POI,41.005983,28.97923,amenity:cafe,cafe,,,,POINT (28.97923 41.005983)
11893377371,Unnamed POI,41.00629,28.980638,amenity:restaurant,restaurant,,,,POINT (28.980638 41.00629)
11893377372,Unnamed POI,41.00499,28.971652,amenity:cafe,cafe,,,,POINT (28.971652 41.00499)
11893467169,Tarihi Pasahan Konagi,41.016838,28.954429,amenity:restaurant,restaurant,,,,POINT (28.954429 41.016838)
11895862570,Unnamed POI,41.015286,28.972566,tourism:viewpoint,,viewpoint,,,POINT (28.972566 41.015286)
11908036086,Yapı Kredi,41.008137,28.9782,amenity:atm,atm,,,,POINT (28.9782 41.008137)
11908036087,Yapı Kredi,41.007825,28.977191,amenity:atm,atm,,,,POINT (28.977191 41.007825)
11908036096,Yapı Kredi,41.008917,28.977599,amenity:atm,atm,,,,POINT (28.977599 41.008917)
11908036098,Yapı Kredi,41.007565,28.977361,amenity:atm,atm,,,,POINT (28.977361 41.007565)
11909633764,Unnamed POI,41.025919,28.931261,amenity:bicycle_parking,bicycle_parking,,,,POINT (28.931261 41.025919)
11935187569,Verseca Hotel,41.005541,28.966936,tourism:hotel,,hotel,,,POINT (28.966936 41.005541)
11942706869,Luggage Storage & Lockers 24/7,41.01992,28.962907,tourism:information,,information,,,POINT (28.962907 41.01992)
11944791570,Linda Port Hotel,41.004052,28.964257,tourism:hotel,,hotel,,,POINT (28.964257 41.004052)
11949902569,Kiraz Coffee,41.037653,28.943709,amenity:cafe,cafe,,,,POINT (28.943709 41.037653)
11950456869,Unnamed POI,41.011111,28.943727,amenity:fast_food,fast_food,,,,POINT (28.943727 41.011111)
11950456870,Unnamed POI,41.020725,28.962797,tourism:hotel,,hotel,,,POINT (28.962797 41.020725)
11950456969,Unnamed POI,41.029479,28.950823,amenity:restaurant,restaurant,,,,POINT (28.950823 41.029479)
11962728469,Unnamed POI,41.005562,28.97368,amenity:cafe,cafe,,,,POINT (28.97368 41.005562)
11966140369,Golden Stone Hotel,41.006226,28.957129,tourism:hotel,,hotel,,,POINT (28.957129 41.006226)
11966785507,Lalinn Hotel,41.002659,28.977755,tourism:hotel,,hotel,,,POINT (28.977755 41.002659)
11968450324,Topkapu,41.008801,28.981162,amenity:cafe,cafe,,,,POINT (28.981162 41.008801)
11968976514,Unnamed POI,41.008085,28.974832,amenity:atm,atm,,,,POINT (28.974832 41.008085)
11970900769,The First Ottoman Lounge,41.004468,28.964438,amenity:restaurant,restaurant,,,,POINT (28.964438 41.004468)
11977690669,As You Sea Seafood & Kepab,41.004011,28.978975,amenity:restaurant,restaurant,,,,POINT (28.978975 41.004011)
11980521869,Doyuran Ev Yemekleri,41.004111,28.964435,amenity:restaurant,restaurant,,,,POINT (28.964435 41.004111)
11980554269,Ulusoy Cafe & Pastane,41.004031,28.964427,amenity:restaurant,restaurant,,,,POINT (28.964427 41.004031)
11998999269,Restohan,41.013445,28.978543,amenity:restaurant,restaurant,,,,POINT (28.978543 41.013445)
11999281269,Unnamed POI,41.022582,28.92985,tourism:hotel,,hotel,,,POINT (28.92985 41.022582)
12003591869,Unnamed POI,41.033613,28.943875,tourism:viewpoint,,viewpoint,,,POINT (28.943875 41.033613)
12004756369,Unnamed POI,41.029607,28.951932,amenity:restaurant,restaurant,,,,POINT (28.951932 41.029607)
12004758169,Tarihi Fener işkembecisi,41.029668,28.951862,amenity:restaurant,restaurant,,,,POINT (28.951862 41.029668)
12004770669,Unnamed POI,41.029743,28.951815,amenity:cafe,cafe,,,,POINT (28.951815 41.029743)
12007229469,Unnamed POI,41.015198,28.953966,amenity:water_point,water_point,,,,POINT (28.953966 41.015198)
12019926571,Hamam Hostel 1469,41.019886,28.9622,tourism:hostel,,hostel,,,POINT (28.9622 41.019886)
12022588446,Unnamed POI,41.028755,28.954126,amenity:ticket_validator,ticket_validator,,,,POINT (28.954126 41.028755)
12066723969,Unnamed POI,41.010428,28.977002,tourism:attraction,,attraction,,,POINT (28.977002 41.010428)
12072875369,Unnamed POI,41.005497,28.962599,amenity:fast_food,fast_food,,,,POINT (28.962599 41.005497)
12092654169,Unnamed POI,40.99146,28.927039,amenity:toilets,toilets,,,,POINT (28.927039 40.99146)
12098772701,Emek saray,41.0116,28.958285,amenity:restaurant,restaurant,,,,POINT (28.958285 41.0116)
12102295183,Unnamed POI,41.012006,28.9671,amenity:toilets,toilets,,,,POINT (28.9671 41.012006)
12102845899,Unnamed POI,41.002972,28.971957,amenity:toilets,toilets,,,,POINT (28.971957 41.002972)
12114517369,Adana Kebap,41.003677,28.98017,amenity:fast_food,fast_food,,,,POINT (28.98017 41.003677)
12143531301,GEN PLUS HÔTEL,41.02618,28.958422,tourism:hotel,,hotel,,,POINT (28.958422 41.02618)
12151282096,1. Avalu,41.009201,28.981573,tourism:information,,information,,,POINT (28.981573 41.009201)
12151688243,Unnamed POI,41.018652,28.949582,amenity:waste_basket,waste_basket,,,,POINT (28.949582 41.018652)
12151688244,Unnamed POI,41.018792,28.949558,amenity:waste_basket,waste_basket,,,,POINT (28.949558 41.018792)
12151688245,Unnamed POI,41.018632,28.949638,amenity:bench,bench,,,,POINT (28.949638 41.018632)
12151688246,Unnamed POI,41.018798,28.949729,amenity:waste_basket,waste_basket,,,,POINT (28.949729 41.018798)
12151688247,Unnamed POI,41.018766,28.949764,amenity:waste_basket,waste_basket,,,,POINT (28.949764 41.018766)
12151688248,Unnamed POI,41.018824,28.949666,amenity:bench,bench,,,,POINT (28.949666 41.018824)
12151688249,Unnamed POI,41.018747,28.949526,amenity:bench,bench,,,,POINT (28.949526 41.018747)
12151688250,Unnamed POI,41.01864,28.949701,amenity:waste_basket,waste_basket,,,,POINT (28.949701 41.01864)
12151688251,Unnamed POI,41.018813,28.949598,amenity:waste_basket,waste_basket,,,,POINT (28.949598 41.018813)
12151688252,Unnamed POI,41.018719,28.949777,amenity:bench,bench,,,,POINT (28.949777 41.018719)
12151688253,Unnamed POI,41.018664,28.94975,amenity:waste_basket,waste_basket,,,,POINT (28.94975 41.018664)
12151688254,Unnamed POI,41.01869,28.94954,amenity:waste_basket,waste_basket,,,,POINT (28.94954 41.01869)
12156704152,Unnamed POI,41.004729,28.962916,tourism:hotel,,hotel,,,POINT (28.962916 41.004729)
12156704153,Unnamed POI,41.004751,28.962854,tourism:hotel,,hotel,,,POINT (28.962854 41.004751)
12156764834,EYÜL MARKET,41.004735,28.962557,amenity:marketplace,marketplace,,,,POINT (28.962557 41.004735)
12190204301,Unnamed POI,41.014252,28.951869,amenity:parking,parking,,,,POINT (28.951869 41.014252)
12192660501,Sultan Tugrha Hotel,41.00363,28.980262,tourism:hotel,,hotel,,,POINT (28.980262 41.00363)
12194031801,Unnamed POI,41.00609,28.975811,amenity:bicycle_parking,bicycle_parking,,,,POINT (28.975811 41.00609)
12198945774,Unnamed POI,41.003968,28.981762,amenity:atm,atm,,,,POINT (28.981762 41.003968)
12206541316,Unnamed POI,41.006534,28.978362,amenity:ice_cream,ice_cream,,,,POINT (28.978362 41.006534)
12206593005,Unnamed POI,41.007194,28.975867,amenity:ice_cream,ice_cream,,,,POINT (28.975867 41.007194)
12206601167,Istanbulkart,41.008041,28.975769,amenity:vending_machine,vending_machine,,,,POINT (28.975769 41.008041)
12208997977,Old Hipodrom,41.003498,28.973678,amenity:restaurant,restaurant,,,,POINT (28.973678 41.003498)
12213520174,Gazi Ahmed Paşa Çeşmesi,41.020654,28.92933,amenity:water_point,water_point,,,,POINT (28.92933 41.020654)
12227834301,Hanedan Hotel,41.00608,28.981283,tourism:hotel,,hotel,,,POINT (28.981283 41.00608)
12243524937,Fethiye Müzesi,41.02921,28.946518,tourism:museum,,museum,,,POINT (28.946518 41.02921)
12246343601,Unnamed POI,41.009258,28.966342,amenity:atm,atm,,,,POINT (28.966342 41.009258)
12252425377,Kofte restaurant,41.011875,28.941256,amenity:restaurant,restaurant,,,,POINT (28.941256 41.011875)
12254566936,Root'inn,41.015001,28.974344,amenity:cafe,cafe,,,,POINT (28.974344 41.015001)
12299305309,Unnamed POI,41.007364,28.972352,amenity:vending_machine,vending_machine,,,,POINT (28.972352 41.007364)
12299491545,Unnamed POI,41.014355,28.985565,amenity:bench,bench,,,,POINT (28.985565 41.014355)
12299572855,Unnamed POI,41.016595,28.984529,amenity:toilets,toilets,,,,POINT (28.984529 41.016595)
12301074673,Olden 1772,41.014928,28.974104,amenity:restaurant,restaurant,,,,POINT (28.974104 41.014928)
12311485567,Ziyafet kuzu çevirme İstanbul,41.013691,28.977044,amenity:restaurant,restaurant,,,,POINT (28.977044 41.013691)
12312405432,Taç Burger,41.034036,28.946507,amenity:fast_food,fast_food,,,,POINT (28.946507 41.034036)
12312719163,İBB Kara Surları Belgradkapı Kitaplığı,40.999348,28.920598,amenity:library,library,,,,POINT (28.920598 40.999348)
12312742216,İBB Bulgur Palas Kütüphanesi,41.006995,28.944046,historic:building,library,,building,,POINT (28.944046 41.006995)
12312757401,İBB Saraçhane Kütüphane,41.013292,28.954593,amenity:library,library,,,,POINT (28.954593 41.013292)
12319472058,Xenia,41.003756,28.98055,tourism:hotel,,hotel,,,POINT (28.98055 41.003756)
12319472060,Art,41.003796,28.98048,amenity:cafe,cafe,,,,POINT (28.98048 41.003796)
12319575228,Unnamed POI,41.003215,28.982065,amenity:bench,bench,,,,POINT (28.982065 41.003215)
12325453048,Caffè Nero,41.030266,28.950088,amenity:cafe,cafe,,,,POINT (28.950088 41.030266)
12338777501,Central Hotel,41.012622,28.974797,tourism:hotel,,hotel,,,POINT (28.974797 41.012622)
12339920801,Green Hill,41.007067,28.973316,amenity:restaurant,restaurant,,,,POINT (28.973316 41.007067)
12346458362,Balat Atik Cafe,41.03174,28.948465,amenity:cafe,cafe,,,,POINT (28.948465 41.03174)
12347693511,Old Port Hotel,41.014335,28.976223,tourism:hotel,,hotel,,,POINT (28.976223 41.014335)
12347693523,Unnamed POI,41.015044,28.976072,amenity:atm,atm,,,,POINT (28.976072 41.015044)
12347693525,Unnamed POI,41.015066,28.976084,amenity:atm,atm,,,,POINT (28.976084 41.015066)
12347693526,Unnamed POI,41.01502,28.97606,amenity:atm,atm,,,,POINT (28.97606 41.01502)
12347693527,Unnamed POI,41.015001,28.976049,amenity:atm,atm,,,,POINT (28.976049 41.015001)
12347693531,Sultanıa Restaurant,41.012595,28.977623,amenity:restaurant,restaurant,,,,POINT (28.977623 41.012595)
12347693534,Centrum Suites Hotel,41.012988,28.977011,tourism:hotel,,hotel,,,POINT (28.977011 41.012988)
12347693535,Rose Amida Restaurant,41.013012,28.976975,amenity:restaurant,restaurant,,,,POINT (28.976975 41.013012)
12347693536,No 15,41.012998,28.977023,amenity:cafe,cafe,,,,POINT (28.977023 41.012998)
12347693538,Ti Amo Bistro Cafe & Restarant,41.013261,28.977117,amenity:restaurant,restaurant,,,,POINT (28.977117 41.013261)
12347693539,Hotel Levni Plus,41.013302,28.977171,tourism:hotel,,hotel,,,POINT (28.977171 41.013302)
12347693541,Tarihi Sirkeci Dönercisi,41.013501,28.977218,amenity:fast_food,fast_food,,,,POINT (28.977218 41.013501)
12347693542,Asilzade Hotel,41.013564,28.977143,tourism:hotel,,hotel,,,POINT (28.977143 41.013564)
12347693544,The Coff's,41.013922,28.977041,amenity:cafe,cafe,,,,POINT (28.977041 41.013922)
12347693548,Point Hotel,41.013987,28.977074,tourism:hotel,,hotel,,,POINT (28.977074 41.013987)
12347693549,Nova Roma Restaurant,41.014019,28.977084,amenity:restaurant,restaurant,,,,POINT (28.977084 41.014019)
12347693550,Sirkeci Family Hotel,41.014084,28.977117,tourism:hotel,,hotel,,,POINT (28.977117 41.014084)
12347693551,Sirkeci Sultan Restaurant,41.014153,28.977133,amenity:restaurant,restaurant,,,,POINT (28.977133 41.014153)
12347693552,4 Angel's Hotel,41.014003,28.97722,tourism:hotel,,hotel,,,POINT (28.97722 41.014003)
12347693556,Sultan Sofrası İkram,41.014347,28.976644,amenity:restaurant,restaurant,,,,POINT (28.976644 41.014347)
12347693558,Hocapaşa Fish & Kebab,41.013879,28.976426,amenity:restaurant,restaurant,,,,POINT (28.976426 41.013879)
12347693559,Antep Kebap Lahmacun,41.014373,28.976568,amenity:restaurant,restaurant,,,,POINT (28.976568 41.014373)
12347693561,Hacı Beyaz Chef,41.014368,28.976857,amenity:restaurant,restaurant,,,,POINT (28.976857 41.014368)
12347693563,Garanti Bankası,41.014576,28.975762,amenity:bank,bank,,,,POINT (28.975762 41.014576)
12347693565,Seres Old City,41.013782,28.97693,tourism:hotel,,hotel,,,POINT (28.97693 41.013782)
12348591901,Coffee 4,41.009125,28.975234,amenity:cafe,cafe,,,,POINT (28.975234 41.009125)
12351753235,Yedikule hisarı,40.993173,28.9231,leisure:park,,,,park,POINT (28.9231 40.993173)
12353408260,Brown Mansion Oldcity,41.003899,28.969525,tourism:hotel,,hotel,,,POINT (28.969525 41.003899)
12353422803,Bogenville,41.004194,28.969345,amenity:restaurant,restaurant,,,,POINT (28.969345 41.004194)
12356494881,Unnamed POI,41.03075,28.939199,amenity:toilets,toilets,,,,POINT (28.939199 41.03075)
12356495063,Unnamed POI,41.016978,28.965958,tourism:viewpoint,,viewpoint,,,POINT (28.965958 41.016978)
12356558196,Unnamed POI,41.034176,28.940516,amenity:toilets,toilets,,,,POINT (28.940516 41.034176)
12369186601,Mytra Hotel,41.005694,28.981275,tourism:hotel,,hotel,,,POINT (28.981275 41.005694)
12369747201,Safir restaurant,41.004934,28.979109,amenity:restaurant,restaurant,,,,POINT (28.979109 41.004934)
12374422255,Kasap Osman,41.013897,28.975572,amenity:restaurant,restaurant,,,,POINT (28.975572 41.013897)
12382547352,Arkadyos Sütunu,41.007736,28.943061,historic:ruins,,,ruins,,POINT (28.943061 41.007736)
12395938402,Novelty Hotel Istanbul,41.011233,28.958294,tourism:hotel,,hotel,,,POINT (28.958294 41.011233)
12419571301,Unnamed POI,41.008129,28.972813,tourism:hotel,,hotel,,,POINT (28.972813 41.008129)
12423292401,Dürümcü - Destan Kebap & Dürüm,41.039173,28.943263,amenity:fast_food,fast_food,,,,POINT (28.943263 41.039173)
12423303001,Cafe Ma,41.037732,28.941281,amenity:cafe,cafe,,,,POINT (28.941281 41.037732)
12437918802,Efzen Hotel,41.002938,28.976374,tourism:hotel,,hotel,,,POINT (28.976374 41.002938)
12460734532,Unnamed POI,41.012002,28.946596,leisure:park,,,,park,POINT (28.946596 41.012002)
12475644802,Nos Hotel,41.002946,28.976542,tourism:hotel,,hotel,,,POINT (28.976542 41.002946)
12496720445,Semaver,41.002296,28.978252,amenity:cafe,cafe,,,,POINT (28.978252 41.002296)
12647184069,Unnamed POI,41.012921,28.975399,amenity:ticket_validator,ticket_validator,,,,POINT (28.975399 41.012921)
12651875858,Anadolu,41.009849,28.976191,amenity:restaurant,restaurant,,,,POINT (28.976191 41.009849)
12660716125,Unnamed POI,40.993618,28.927096,amenity:ticket_validator,ticket_validator,,,,POINT (28.927096 40.993618)
12660716151,Unnamed POI,40.999517,28.932742,amenity:ticket_validator,ticket_validator,,,,POINT (28.932742 40.999517)
12660716166,Unnamed POI,41.003322,28.963352,amenity:ticket_validator,ticket_validator,,,,POINT (28.963352 41.003322)
12660716180,Unnamed POI,41.004747,28.952064,amenity:ticket_validator,ticket_validator,,,,POINT (28.952064 41.004747)
12660718810,Unnamed POI,41.014943,28.978187,amenity:ticket_validator,ticket_validator,,,,POINT (28.978187 41.014943)
12685511613,Airport Taxi Istanbul,41.029919,28.949863,amenity:taxi,taxi,,,,POINT (28.949863 41.029919)
12723110334,Unnamed POI,41.011796,28.92265,amenity:shelter,shelter,,,,POINT (28.92265 41.011796)
12723110335,Unnamed POI,41.01172,28.922673,amenity:shelter,shelter,,,,POINT (28.922673 41.01172)
12723110336,Unnamed POI,41.011639,28.922699,amenity:shelter,shelter,,,,POINT (28.922699 41.011639)
12723110337,Unnamed POI,41.011577,28.922711,amenity:shelter,shelter,,,,POINT (28.922711 41.011577)
12723110338,Unnamed POI,41.011508,28.922725,amenity:shelter,shelter,,,,POINT (28.922725 41.011508)
12723110339,Unnamed POI,41.012055,28.923192,amenity:shelter,shelter,,,,POINT (28.923192 41.012055)
12723110340,Unnamed POI,41.012,28.923188,amenity:shelter,shelter,,,,POINT (28.923188 41.012)
12723110341,Unnamed POI,41.011854,28.923186,amenity:shelter,shelter,,,,POINT (28.923186 41.011854)
12723110342,Unnamed POI,41.011924,28.923186,amenity:shelter,shelter,,,,POINT (28.923186 41.011924)
12723110343,Unnamed POI,41.011786,28.923184,amenity:shelter,shelter,,,,POINT (28.923184 41.011786)
12723110417,Unnamed POI,41.007493,28.922891,amenity:shelter,shelter,,,,POINT (28.922891 41.007493)
12723110418,Unnamed POI,41.007465,28.922976,amenity:shelter,shelter,,,,POINT (28.922976 41.007465)
12723110419,Unnamed POI,41.007266,28.922774,amenity:shelter,shelter,,,,POINT (28.922774 41.007266)
12723110420,Unnamed POI,41.007248,28.922864,amenity:shelter,shelter,,,,POINT (28.922864 41.007248)
12723110421,Unnamed POI,41.007274,28.922539,amenity:shelter,shelter,,,,POINT (28.922539 41.007274)
12723110422,Unnamed POI,41.007303,28.922401,amenity:shelter,shelter,,,,POINT (28.922401 41.007303)
12723110423,Unnamed POI,41.007422,28.922474,amenity:shelter,shelter,,,,POINT (28.922474 41.007422)
12723110424,Unnamed POI,41.007382,28.922576,amenity:shelter,shelter,,,,POINT (28.922576 41.007382)
12723110425,Unnamed POI,41.007196,28.922333,amenity:shelter,shelter,,,,POINT (28.922333 41.007196)
12723110426,Unnamed POI,41.007056,28.92232,amenity:shelter,shelter,,,,POINT (28.92232 41.007056)
12723110427,Unnamed POI,41.007038,28.922441,amenity:shelter,shelter,,,,POINT (28.922441 41.007038)
12723110428,Unnamed POI,41.007156,28.92247,amenity:shelter,shelter,,,,POINT (28.92247 41.007156)
12723110429,Unnamed POI,41.007034,28.92262,amenity:shelter,shelter,,,,POINT (28.92262 41.007034)
12723110430,Unnamed POI,41.007003,28.922727,amenity:shelter,shelter,,,,POINT (28.922727 41.007003)
12723110431,Unnamed POI,41.006831,28.922672,amenity:shelter,shelter,,,,POINT (28.922672 41.006831)
12723110432,Unnamed POI,41.006854,28.922569,amenity:shelter,shelter,,,,POINT (28.922569 41.006854)
12723110433,Unnamed POI,41.006905,28.922381,amenity:shelter,shelter,,,,POINT (28.922381 41.006905)
12723110434,Unnamed POI,41.007633,28.922611,amenity:shelter,shelter,,,,POINT (28.922611 41.007633)
12723110435,Unnamed POI,41.007698,28.922614,amenity:shelter,shelter,,,,POINT (28.922614 41.007698)
12723110436,Unnamed POI,41.007756,28.922632,amenity:shelter,shelter,,,,POINT (28.922632 41.007756)
12723110437,Unnamed POI,41.007883,28.922753,amenity:shelter,shelter,,,,POINT (28.922753 41.007883)
12723110438,Unnamed POI,41.007767,28.923514,amenity:shelter,shelter,,,,POINT (28.923514 41.007767)
12725504137,Unnamed POI,41.006732,28.97568,amenity:toilets,toilets,,,,POINT (28.97568 41.006732)
12728785603,Unnamed POI,41.018443,28.969179,amenity:fast_food,fast_food,,,,POINT (28.969179 41.018443)
12729151863,Unnamed POI,41.019087,28.96854,amenity:toilets,toilets,,,,POINT (28.96854 41.019087)
12729221281,Derya,41.018528,28.970745,amenity:fast_food,fast_food,,,,POINT (28.970745 41.018528)
12730717459,Unnamed POI,41.014431,28.98226,amenity:place_of_worship,place_of_worship,,,,POINT (28.98226 41.014431)
12730749151,Unnamed POI,41.014442,28.982315,amenity:toilets,toilets,,,,POINT (28.982315 41.014442)
12731029250,Unnamed POI,41.015483,28.986811,amenity:waste_basket,waste_basket,,,,POINT (28.986811 41.015483)
12732718360,Müzenin Kahvesi,41.01161,28.98073,amenity:cafe,cafe,,,,POINT (28.98073 41.01161)
12735239158,Yellow Bull İstanbul Hotel,41.004461,28.963426,tourism:hotel,,hotel,,,POINT (28.963426 41.004461)
12753658153,Sultan Süleyman Palace,41.004035,28.971747,tourism:hotel,,hotel,,,POINT (28.971747 41.004035)
12758474701,Unnamed POI,41.008078,28.976495,amenity:restaurant,restaurant,,,,POINT (28.976495 41.008078)
12763289501,Aram Nenessa Hotel,41.00896,28.95242,tourism:hotel,,hotel,,,POINT (28.95242 41.00896)
12765893601,Unnamed POI,41.013993,28.976613,amenity:cafe,cafe,,,,POINT (28.976613 41.013993)
12766787301,Unnamed POI,41.009446,28.962221,historic:archaeological_site,,,archaeological_site,,POINT (28.962221 41.009446)
12766787501,Unnamed POI,41.009412,28.962619,historic:archaeological_site,,,archaeological_site,,POINT (28.962619 41.009412)
12768472401,Padişah Mahfili - Yeni Cami,41.016893,28.972777,historic:castle,,,castle,,POINT (28.972777 41.016893)
12768856301,Tayba Falafel Ve Pide,41.010913,28.944839,amenity:restaurant,restaurant,,,,POINT (28.944839 41.010913)
12769362201,Solomon's Mansion Hotel,41.014863,28.961167,tourism:hotel,,hotel,,,POINT (28.961167 41.014863)
12783839101,Warung Nusantara Indonesian Restaurant,41.01581,28.931284,amenity:restaurant,restaurant,,,,POINT (28.931284 41.01581)
12786379006,Good Night Hotel,41.005867,28.9695,tourism:hotel,,hotel,,,POINT (28.9695 41.005867)
12787318496,Koçak Pansiyon,41.003386,28.952938,tourism:hotel,,hotel,,,POINT (28.952938 41.003386)
12833903339,Çınçınlı Çeşme,41.03525,28.944122,amenity:drinking_water,drinking_water,,,,POINT (28.944122 41.03525)
12840972659,Unnamed POI,41.02014,28.958619,tourism:viewpoint,,viewpoint,,,POINT (28.958619 41.02014)
12840982297,Biter Hotel,41.020839,28.958656,tourism:hotel,,hotel,,,POINT (28.958656 41.020839)
12840982313,Mutlu Büfe,41.030992,28.936575,amenity:fast_food,fast_food,,,,POINT (28.936575 41.030992)
12840996839,Unnamed POI,41.028945,28.936322,leisure:playground,,,,playground,POINT (28.936322 41.028945)
12841005961,Unnamed POI,41.012374,28.967513,amenity:bureau_de_change,bureau_de_change,,,,POINT (28.967513 41.012374)
12841015307,Unnamed POI,41.019788,28.958093,tourism:viewpoint,,viewpoint,,,POINT (28.958093 41.019788)
12841017740,Unnamed POI,41.034657,28.940677,leisure:playground,,,,playground,POINT (28.940677 41.034657)
12855224101,K. Ayasofya Art Cafe,41.002736,28.972978,amenity:cafe,cafe,,,,POINT (28.972978 41.002736)
12884126301,Sweet Hotel Istanbul,41.020102,28.963098,tourism:hotel,,hotel,,,POINT (28.963098 41.020102)
12898913052,Yeni Karadeniz pide,41.010365,28.975876,amenity:fast_food,fast_food,,,,POINT (28.975876 41.010365)
12913063792,Virtuatlas Online Taxi (Airport Taxi Istanbul),41.003804,28.973831,amenity:taxi,taxi,,,,POINT (28.973831 41.003804)
12913966273,Sirkeci Quietness Hotel,41.014134,28.977666,tourism:hotel,,hotel,,,POINT (28.977666 41.014134)
12919296456,Unnamed POI,41.004452,28.966727,amenity:drinking_water,drinking_water,,,,POINT (28.966727 41.004452)
12919297052,Unnamed POI,41.013771,28.962588,amenity:drinking_water,drinking_water,,,,POINT (28.962588 41.013771)
12919303675,Unnamed POI,41.008357,28.973221,amenity:drinking_water,drinking_water,,,,POINT (28.973221 41.008357)
12919306233,Unnamed POI,41.008931,28.978636,amenity:drinking_water,drinking_water,,,,POINT (28.978636 41.008931)
12919307708,Unnamed POI,41.005193,28.969354,amenity:drinking_water,drinking_water,,,,POINT (28.969354 41.005193)
12919309064,Unnamed POI,41.008541,28.970244,amenity:drinking_water,drinking_water,,,,POINT (28.970244 41.008541)
12919310506,Unnamed POI,41.015135,28.963701,amenity:drinking_water,drinking_water,,,,POINT (28.963701 41.015135)
12919315814,Unnamed POI,41.007074,28.97664,amenity:drinking_water,drinking_water,,,,POINT (28.97664 41.007074)
12945229563,Süleymaniye Çikolatacısı,41.013031,28.960732,amenity:cafe,cafe,,,,POINT (28.960732 41.013031)
12954682201,Sultan Süleyman Hamam Traditional Turkish Bath - Antusa Palace,41.008815,28.975315,leisure:sauna,,,,sauna,POINT (28.975315 41.008815)
12954682301,Munhanie Restaurant,41.003623,28.972377,amenity:restaurant,restaurant,,,,POINT (28.972377 41.003623)
12954682801,Diva fish kebab restaurant,41.00364,28.979274,amenity:restaurant,restaurant,,,,POINT (28.979274 41.00364)
12958860198,Unnamed POI,41.010251,28.966624,amenity:fountain,fountain,,,,POINT (28.966624 41.010251)
12959659469,MANDI SEBAM,41.012678,28.94101,amenity:restaurant,restaurant,,,,POINT (28.94101 41.012678)
12981283475,Unnamed POI,41.018129,28.972916,amenity:ticket_validator,ticket_validator,,,,POINT (28.972916 41.018129)
13026654305,Sinemasal House,41.031894,28.948667,amenity:arts_centre,arts_centre,,,,POINT (28.948667 41.031894)
13058706444,Blue Gilroy Hotel,41.00696,28.972933,tourism:hotel,,hotel,,,POINT (28.972933 41.00696)
13073193000,Ahırkapı İskelesi,41.003581,28.982374,amenity:ferry_terminal,ferry_terminal,,,,POINT (28.982374 41.003581)
13073199023,Unnamed POI,41.004918,28.982009,amenity:bicycle_parking,bicycle_parking,,,,POINT (28.982009 41.004918)
13094040818,Tarihi Kemer Kalıntısı,41.021825,28.952164,historic:ruins,,,ruins,,POINT (28.952164 41.021825)
13109094293,İpekyolu Otel,41.005417,28.981976,tourism:hotel,,hotel,,,POINT (28.981976 41.005417)
13109125034,Unnamed POI,41.004919,28.975406,amenity:parking,parking,,,,POINT (28.975406 41.004919)
13109125035,Sultanahmet Turizm Taksi,41.006582,28.981778,amenity:taxi,taxi,,,,POINT (28.981778 41.006582)
13109409503,Sultanahmet Coşkun Hotel,41.005064,28.963947,tourism:hotel,,hotel,,,POINT (28.963947 41.005064)
13123455010,Unnamed POI,41.004708,28.951842,amenity:toilets,toilets,,,,POINT (28.951842 41.004708)
13179738781,Unnamed POI,40.998967,28.940298,amenity:bicycle_parking,bicycle_parking,,,,POINT (28.940298 40.998967)
13186922861,Le Petit Maison,41.002729,28.973836,tourism:hotel,,hotel,,,POINT (28.973836 41.002729)
13186922862,Sunrise,41.003701,28.975107,amenity:pub,pub,,,,POINT (28.975107 41.003701)
13186922865,Sah Sultan,41.008002,28.977004,amenity:ice_cream,ice_cream,,,,POINT (28.977004 41.008002)
13186922866,Hotel Sultan Hill,41.004876,28.975708,tourism:hotel,,hotel,,,POINT (28.975708 41.004876)
13186922871,Unnamed POI,41.009975,28.970075,amenity:toilets,toilets,,,,POINT (28.970075 41.009975)
13186922882,Unnamed POI,41.002555,28.973769,amenity:fast_food,fast_food,,,,POINT (28.973769 41.002555)
13186922883,Blue Ottoman Hotel,41.004842,28.975824,tourism:hotel,,hotel,,,POINT (28.975824 41.004842)
13186922884,Unnamed POI,41.004891,28.975914,amenity:fast_food,fast_food,,,,POINT (28.975914 41.004891)
13204568901,Raimond Hotel,41.004905,28.965378,tourism:hotel,,hotel,,,POINT (28.965378 41.004905)
13204905930,Oses Çiğköfte Vefa,41.013318,28.961086,amenity:restaurant,restaurant,,,,POINT (28.961086 41.013318)
13208436902,Artlocalist,41.0301,28.950518,amenity:cafe,cafe,,,,POINT (28.950518 41.0301)
13208445801,Unnamed POI,41.030057,28.950596,amenity:cafe,cafe,,,,POINT (28.950596 41.030057)
13249285924,Hotel Meretto İstanbul,41.010236,28.954136,tourism:hotel,,hotel,,,POINT (28.954136 41.010236)
13253198680,Emre Hostel,41.006027,28.981546,tourism:hostel,,hostel,,,POINT (28.981546 41.006027)
13253198689,Telve Otopark,41.003972,28.978834,amenity:parking,parking,,,,POINT (28.978834 41.003972)
13272149001,New Balat café restaurant,41.030568,28.949824,amenity:restaurant,restaurant,,,,POINT (28.949824 41.030568)
13272149101,lotiz lounge hookah,41.011804,28.958389,amenity:restaurant,restaurant,,,,POINT (28.958389 41.011804)
13284326001,Unnamed POI,41.019228,28.964474,amenity:drinking_water,drinking_water,,,,POINT (28.964474 41.019228)
13286970301,Rhythm Hotel,41.003578,28.96488,tourism:hotel,,hotel,,,POINT (28.96488 41.003578)
13299789101,Обмен валют и криптовалют 2Change,41.010373,28.973929,amenity:bureau_de_change,bureau_de_change,,,,POINT (28.973929 41.010373)
13301179005,Unnamed POI,41.008013,28.9773,amenity:bureau_de_change,bureau_de_change,,,,POINT (28.9773 41.008013)
13301238501,Unnamed POI,41.014395,28.944932,amenity:bureau_de_change,bureau_de_change,,,,POINT (28.944932 41.014395)
13311609701,The Moss Hotel,41.020139,28.961114,tourism:hotel,,hotel,,,POINT (28.961114 41.020139)
13326664501,Unnamed POI,41.012694,28.96601,amenity:toilets,toilets,,,,POINT (28.96601 41.012694)
13350370301,Sağır Han,41.014385,28.968338,amenity:arts_centre,arts_centre,,,,POINT (28.968338 41.014385)
13354394103,Unnamed POI,41.017169,28.970334,amenity:atm,atm,,,,POINT (28.970334 41.017169)
13357412994,Unnamed POI,41.004434,28.982064,amenity:parking_entrance,parking_entrance,,,,POINT (28.982064 41.004434)
13357454623,Nimelceyş Kabiri,41.004969,28.981862,historic:tomb,,,tomb,,POINT (28.981862 41.004969)
13357454624,Hasan Baba Kabri,41.004447,28.981597,historic:tomb,,,tomb,,POINT (28.981597 41.004447)
13357454625,Bizans Lahdi,41.004353,28.981218,historic:memorial,,,memorial,,POINT (28.981218 41.004353)
13357454626,Nimelceyş Kabiri,41.003963,28.981908,historic:tomb,,,tomb,,POINT (28.981908 41.003963)
13357454648,Ahırkapı Feneri Çeşmesi,41.008435,28.986364,amenity:fountain,fountain,,,,POINT (28.986364 41.008435)
13357454659,Hasbahçe Kapısı,41.01455,28.986604,historic:city_gate,,,city_gate,,POINT (28.986604 41.01455)
13357454667,Unnamed POI,41.005779,28.982448,amenity:waste_disposal,waste_disposal,,,,POINT (28.982448 41.005779)
13357454668,Unnamed POI,41.005793,28.98142,amenity:waste_disposal,waste_disposal,,,,POINT (28.98142 41.005793)
13357454669,Unnamed POI,41.006461,28.981334,amenity:waste_disposal,waste_disposal,,,,POINT (28.981334 41.006461)
13366676001,Ahmet Efendi,41.00383,28.964114,tourism:hotel,,hotel,,,POINT (28.964114 41.00383)
13385771381,IV. Mehmet Türbesi,41.016086,28.97179,historic:tomb,,,tomb,,POINT (28.97179 41.016086)
13385771382,Sultan Abdulaziz Han kabri,41.008552,28.972579,historic:tomb,,,tomb,,POINT (28.972579 41.008552)
13385771383,V. Murat Türbesi,41.016147,28.971712,historic:tomb,,,tomb,,POINT (28.971712 41.016147)
13385771384,II. Abdülhamid Türbesi,41.008635,28.972596,historic:tomb,,,tomb,,POINT (28.972596 41.008635)
13387561048,Sarayburnu Limanı,41.017336,28.983205,amenity:ferry_terminal,ferry_terminal,,,,POINT (28.983205 41.017336)
13396860927,Old Instanbul Rooftop Terrace,41.013641,28.976304,amenity:restaurant,restaurant,,,,POINT (28.976304 41.013641)
13396860929,McDonald's,41.016174,28.976256,amenity:fast_food,fast_food,,,,POINT (28.976256 41.016174)
13396860930,Biryani Palace,41.01611,28.976168,amenity:restaurant,restaurant,,,,POINT (28.976168 41.01611)
13396860931,Espresso Lab,41.010654,28.967479,amenity:cafe,cafe,,,,POINT (28.967479 41.010654)
13396860935,Unnamed POI,41.009255,28.978441,amenity:fast_food,fast_food,,,,POINT (28.978441 41.009255)
13396860942,Sher Restaurant,41.013375,28.976632,amenity:restaurant,restaurant,,,,POINT (28.976632 41.013375)
13396860943,Sushi Palace,41.006518,28.981897,amenity:restaurant,restaurant,,,,POINT (28.981897 41.006518)
13396860945,La Perla Coffee,41.013467,28.976497,amenity:cafe,cafe,,,,POINT (28.976497 41.013467)
13396860946,Unnamed POI,41.013844,28.975722,amenity:drinking_water,drinking_water,,,,POINT (28.975722 41.013844)
13396860947,Mr. Dumpling,41.013948,28.975941,amenity:restaurant,restaurant,,,,POINT (28.975941 41.013948)
13396860948,Buyruk Esnaf Lokantasi,41.013902,28.976145,amenity:restaurant,restaurant,,,,POINT (28.976145 41.013902)
13396860950,Antik,41.0104,28.978511,amenity:restaurant,restaurant,,,,POINT (28.978511 41.0104)
13396860951,Asur Hotel,41.013346,28.976769,tourism:hotel,,hotel,,,POINT (28.976769 41.013346)
13431433981,Unnamed POI,41.009233,28.966482,amenity:atm,atm,,,,POINT (28.966482 41.009233)
13431435324,Unnamed POI,41.004911,28.976536,amenity:toilets,toilets,,,,POINT (28.976536 41.004911)
13431435341,Turizm Polisi,41.007423,28.98154,amenity:police,police,,,,POINT (28.98154 41.007423)
13433929620,Unnamed POI,41.004048,28.965569,amenity:waste_disposal,waste_disposal,,,,POINT (28.965569 41.004048)
13433942494,Gülhane Pazarı,41.012503,28.978575,amenity:marketplace,marketplace,,,,POINT (28.978575 41.012503)
13452482601,Baraka Balat Café,41.028784,28.949624,amenity:cafe,cafe,,,,POINT (28.949624 41.028784)
13467805192,Yeşilköy Tavuk&Tavuk,41.007307,28.953224,amenity:restaurant,restaurant,,,,POINT (28.953224 41.007307)
13467805200,Unnamed POI,41.006984,28.953743,amenity:atm,atm,,,,POINT (28.953743 41.006984)
13467814001,Simit Café Restaurant,41.005923,28.953982,amenity:restaurant,restaurant,,,,POINT (28.953982 41.005923)
13467823856,Kebab Dünyası Cafe&Restaurant,41.006429,28.953831,amenity:restaurant,restaurant,,,,POINT (28.953831 41.006429)
13477910347,Unnamed POI,41.005039,28.95231,amenity:bicycle_parking,bicycle_parking,,,,POINT (28.95231 41.005039)
13477910385,Unnamed POI,41.010961,28.94855,amenity:toilets,toilets,,,,POINT (28.94855 41.010961)
13478051082,Unnamed POI,41.009128,28.951169,amenity:parking_entrance,parking_entrance,,,,POINT (28.951169 41.009128)
13478051086,Unnamed POI,41.009163,28.950699,amenity:parking_entrance,parking_entrance,,,,POINT (28.950699 41.009163)
13530207351,Hoca Ahmet Yesevi Parkı,41.002865,28.97139,leisure:park,,,,park,POINT (28.97139 41.002865)
13530207354,Çayıroğlu Parkı,41.002954,28.975128,leisure:playground,,,,playground,POINT (28.975128 41.002954)
13530207358,Küçük Ayasofya Turizm Taksi,41.003195,28.97419,amenity:taxi,taxi,,,,POINT (28.97419 41.003195)
13552505201,Milonga Armada,41.00356,28.981266,amenity:dancing_school,dancing_school,,,,POINT (28.981266 41.00356)
13565832354,Belgrad Kapı,40.999831,28.920477,historic:city_gate,,,city_gate,,POINT (28.920477 40.999831)
13602762049,İstanbulkart,41.01511,28.976107,amenity:vending_machine,vending_machine,,,,POINT (28.976107 41.01511)
13602762050,İstanbulkart,41.015089,28.976096,amenity:vending_machine,vending_machine,,,,POINT (28.976096 41.015089)
13602762053,Unnamed POI,41.014984,28.976506,tourism:information,,information,,,POINT (28.976506 41.014984)
13602762062,Unnamed POI,41.017716,28.969712,amenity:bicycle_parking,bicycle_parking,,,,POINT (28.969712 41.017716)
13602762063,Unnamed POI,41.017646,28.969836,amenity:bench,bench,,,,POINT (28.969836 41.017646)
13602762064,Unnamed POI,41.017662,28.96981,amenity:bench,bench,,,,POINT (28.96981 41.017662)
13602762065,Unnamed POI,41.017695,28.969835,amenity:bench,bench,,,,POINT (28.969835 41.017695)
13602762066,Unnamed POI,41.017787,28.969915,amenity:bench,bench,,,,POINT (28.969915 41.017787)
13602762067,Unnamed POI,41.017764,28.969898,amenity:bench,bench,,,,POINT (28.969898 41.017764)
13602762068,Unnamed POI,41.017771,28.969946,amenity:bench,bench,,,,POINT (28.969946 41.017771)
13602762069,Unnamed POI,41.01775,28.969932,amenity:bench,bench,,,,POINT (28.969932 41.01775)
13615790287,Lausos Sarayı'nın Kalıntıları,41.007586,28.975554,historic:archaeological_site,,,archaeological_site,,POINT (28.975554 41.007586)
13633321736,Banc public,41.006928,28.976539,amenity:bench,bench,,,,POINT (28.976539 41.006928)
13633323911,Banc public,41.006946,28.976561,amenity:bench,bench,,,,POINT (28.976561 41.006946)
13633331954,Unnamed POI,41.006965,28.976587,amenity:waste_basket,waste_basket,,,,POINT (28.976587 41.006965)
13635188807,Unnamed POI,41.00229,28.973349,historic:ruins,,,ruins,,POINT (28.973349 41.00229)
13635188827,Turizm Polisi,41.005102,28.974975,amenity:police,police,,,,POINT (28.974975 41.005102)
13635188835,Unnamed POI,41.006475,28.953145,amenity:atm,atm,,,,POINT (28.953145 41.006475)
13635188836,Unnamed POI,41.006447,28.953154,amenity:atm,atm,,,,POINT (28.953154 41.006447)
13635188837,Unnamed POI,41.00642,28.953162,amenity:atm,atm,,,,POINT (28.953162 41.00642)
13635188838,Unnamed POI,41.006388,28.953172,amenity:atm,atm,,,,POINT (28.953172 41.006388)
13635188843,İstanbulkart Otomatı,41.005194,28.953727,amenity:vending_machine,vending_machine,,,,POINT (28.953727 41.005194)
