poi_id,name,lat,lon,poi_group,poi_category,amenity,tourism,historic,leisure,geometry,mapped_node_id,distance_to_node_m,mapped_node_lon,mapped_node_lat
5103810805,1453 Cafe,41.01777,28.929053,food,amenity:cafe,cafe,,,,POINT (28.929053 41.01777),1059137459,32.96838106740946,28.9294139,41.0178873
5115937988,7 Gün Kahve Cafe,41.010153,28.929154,food,amenity:cafe,cafe,,,,POINT (28.929154 41.010153),1057574424,6.4304156116257465,28.9291396,41.0102098
5113480876,Abu abdo,41.020302,28.948558,food,amenity:cafe,cafe,,,,POINT (28.948558 41.020302),4884590237,14.734379031758523,28.9486571,41.0204114
5106133718,Afrikano Cafe,41.011579,28.938206,food,amenity:cafe,cafe,,,,POINT (28.938206 41.011579),316964804,31.959001769127465,28.9378492,41.0116796
5081265962,Akasya Cafe ve Kebap,41.013444,28.944685,food,amenity:cafe,cafe,,,,POINT (28.944685 41.013444),1059239841,15.384494529905078,28.9448308,41.0133601
6354022385,Akin Büfe,41.009567,28.966295,food,amenity:cafe,cafe,,,,POINT (28.966295 41.009567),3802207357,11.285016477551206,28.966419,41.0096063
5113620718,Ala turcs coffe point,41.012501,28.978648,food,amenity:cafe,cafe,,,,POINT (28.978648 41.012501),31678593,11.020084308436875,28.9785492,41.0124357
5107245415,Albayrak Kafe,41.00661,28.924246,food,amenity:cafe,cafe,,,,POINT (28.924246 41.00661),12723110489,19.30750950514594,28.9240197,41.0066414
11107630706,AlengiR Cafe,41.023298,28.960653,food,amenity:cafe,cafe,,,,POINT (28.960653 41.023298),10613834524,10.951039581780334,28.9606181,41.0233929
5581334622,Ali Baba Kanaat Lokantası,41.015246,28.963464,food,amenity:cafe,cafe,,,,POINT (28.963464 41.015246),10073446335,15.757783565808703,28.9634281,41.0151069
5115937365,Ali Paşa Konağı,41.006899,28.934957,food,amenity:cafe,cafe,,,,POINT (28.934957 41.006899),1057577362,13.4193524943462,28.9349727,41.0067789
5111215141,Altay Büfe,41.006018,28.938578,food,amenity:cafe,cafe,,,,POINT (28.938578 41.006018),1058893937,5.302869698076908,28.938532,41.0059853
5244801919,Altonita Marmara Cafe,41.003143,28.975018,food,amenity:cafe,cafe,,,,POINT (28.975018 41.003143),13530207352,7.088277797786596,28.9750438,41.0030823
5113615116,Altın marpuç cafe,41.030552,28.938668,food,amenity:cafe,cafe,,,,POINT (28.938668 41.030552),1064575075,18.635692018024326,28.9384662,41.0304819
5081442494,Ammoti Nargile Cafe,41.02341,28.960555,food,amenity:cafe,cafe,,,,POINT (28.960555 41.02341),10613834524,5.624615138547448,28.9606181,41.0233929
5108843722,Anatolian House Cafe,41.008467,28.973879,food,amenity:cafe,cafe,,,,POINT (28.973879 41.008467),13431435318,22.10735788962669,28.9739224,41.0082709
5112750832,Anemas Cafe,41.038212,28.941596,food,amenity:cafe,cafe,,,,POINT (28.941596 41.038212),10610579914,11.465682705098512,28.9414885,41.0382757
5110342145,Anit kafe,41.014798,28.960412,food,amenity:cafe,cafe,,,,POINT (28.960412 41.014798),1936898032,27.12025000597796,28.960726,41.0147401
5243949941,Antik cafe,41.021062,28.94588,food,amenity:cafe,cafe,,,,POINT (28.94588 41.021062),1060106902,13.099947607853998,28.9459173,41.0211764
5113465232,Araf coffe,41.01832,28.952749,food,amenity:cafe,cafe,,,,POINT (28.952749 41.01832),1061625001,29.1341721563906,28.9529921,41.0181329
5113465241,Araf coffe lab,41.018507,28.9531,food,amenity:cafe,cafe,,,,POINT (28.9531 41.018507),1061624548,29.55011844731111,28.9533632,41.0183304
5113612625,Arap Gıda,41.029022,28.944438,food,amenity:cafe,cafe,,,,POINT (28.944438 41.029022),1064222666,9.486389501282824,28.9443841,41.028947
5113128235,Aras Baklava Pasta ve Cafe,41.008098,28.953728,food,amenity:cafe,cafe,,,,POINT (28.953728 41.008098),278366676,19.288096944978967,28.9535921,41.0082379
5244802012,Arch Bistro,41.004636,28.971313,food,amenity:cafe,cafe,,,,POINT (28.971313 41.004636),248137315,11.759691242283026,28.9711774,41.0046627
5680098121,Archive Cafe & Winehouse,41.003506,28.980613,food,amenity:cafe,cafe,,,,POINT (28.980613 41.003506),3370712783,25.004268662722307,28.9807937,41.0036848
5088192755,Arkadaşım Cafe,41.001951,28.936157,food,amenity:cafe,cafe,,,,POINT (28.936157 41.001951),1035582633,33.372157936637805,28.9357716,41.001877
5075962032,Arslan cafe,41.012256,28.949235,food,amenity:cafe,cafe,,,,POINT (28.949235 41.012256),10660877744,10.281284254325953,28.94933,41.0123144
12319472060,Art,41.003796,28.98048,food,amenity:cafe,cafe,,,,POINT (28.98048 41.003796),566635078,17.925846945899494,28.980287,41.0037269
13208436902,Artlocalist,41.0301,28.950518,food,amenity:cafe,cafe,,,,POINT (28.950518 41.0301),1102729588,9.890672616814733,28.9504025,41.0301179
5112966977,Arzum cafe nargile,41.003185,28.953224,food,amenity:cafe,cafe,,,,POINT (28.953224 41.003185),11046283812,14.329109014785427,28.9533843,41.0032294
5099062160,As bilardo cafe,41.007513,28.947463,food,amenity:cafe,cafe,,,,POINT (28.947463 41.007513),1058892382,15.44587450212985,28.9473351,41.0076129
5244810628,Aslı Cafe Express,41.00663,28.966913,food,amenity:cafe,cafe,,,,POINT (28.966913 41.00663),3081292069,10.041481484240688,28.9670159,41.0066761
5115938122,Asmalı Cafe,41.007272,28.928666,food,amenity:cafe,cafe,,,,POINT (28.928666 41.007272),316968592,24.6801789483384,28.9286472,41.0074935
5113465268,Asrı sani cay evi,41.018169,28.951437,food,amenity:cafe,cafe,,,,POINT (28.951437 41.018169),1061625104,23.995433494178627,28.9516499,41.0183131
5113465000,Asude,41.017506,28.951581,food,amenity:cafe,cafe,,,,POINT (28.951581 41.017506),1061625158,13.004726681954148,28.9514308,41.0175349
5115940980,Atabarı,41.00225,28.932896,food,amenity:cafe,cafe,,,,POINT (28.932896 41.00225),1036041178,17.951927872425376,28.9328254,41.0020976
6466135286,Atölye Kafasi,41.027931,28.956161,food,amenity:cafe,cafe,,,,POINT (28.956161 41.027931),3364807812,22.419037150231734,28.9559025,41.0279822
7055231785,Aura Balat,41.026765,28.957717,food,amenity:cafe,cafe,,,,POINT (28.957717 41.026765),1059527263,20.838544983695733,28.9579495,41.026699
5088197342,Avunç Çay Evi,40.999671,28.928034,food,amenity:cafe,cafe,,,,POINT (28.928034 40.999671),1035581465,20.728046013517414,28.9282516,40.9997592
5243951428,Aylishie cafe,41.021578,28.944237,food,amenity:cafe,cafe,,,,POINT (28.944237 41.021578),1060106872,29.90360068645575,28.9439434,41.0217305
5110344556,Ağa kapısı,41.017405,28.96451,food,amenity:cafe,cafe,,,,POINT (28.96451 41.017405),311375343,21.543926663872348,28.964414,41.0172253
5107245391,Aşikar Cafe,41.007098,28.930566,food,amenity:cafe,cafe,,,,POINT (28.930566 41.007098),13596806813,14.077554727533503,28.9306261,41.0072162
5112749119,Aşk-ı Rüba kafe,41.032847,28.945931,food,amenity:cafe,cafe,,,,POINT (28.945931 41.032847),1102850654,12.85750039436021,28.9460827,41.0328636
5088190913,Bab-ı Ali Kafe,41.003859,28.936322,food,amenity:cafe,cafe,,,,POINT (28.936322 41.003859),1036041287,37.489061644201875,28.9364913,41.003547
5111214101,Baba Ali cafe,41.003954,28.936433,food,amenity:cafe,cafe,,,,POINT (28.936433 41.003954),1036041287,45.520059740568854,28.9364913,41.003547
5110344581,Babi ali kahvasi,41.016749,28.965647,food,amenity:cafe,cafe,,,,POINT (28.965647 41.016749),311375340,19.60036901637125,28.9657872,41.016608
5113465230,Babi yaren,41.018168,28.952713,food,amenity:cafe,cafe,,,,POINT (28.952713 41.018168),1061625001,23.73866542276011,28.9529921,41.0181329
5113465222,Babüsselam,41.017857,28.95216,food,amenity:cafe,cafe,,,,POINT (28.95216 41.017857),1061625106,10.6424865153789,28.9520992,41.017941
5115933161,Bahar Büfe,40.999986,28.930768,food,amenity:cafe,cafe,,,,POINT (28.930768 40.999986),1035581788,12.772622791635904,28.9309147,40.9999554
5099058122,Bahar Cafe,41.006734,28.942064,food,amenity:cafe,cafe,,,,POINT (28.942064 41.006734),1058893992,25.89407755114482,28.9418785,41.0069201
9688042817,Balat,41.031642,28.946479,food,amenity:cafe,cafe,,,,POINT (28.946479 41.031642),1102850430,5.568492540509788,28.9464496,41.0316869
5112749758,Balat - Ali Denizci,41.033554,28.944282,food,amenity:cafe,cafe,,,,POINT (28.944282 41.033554),1102850684,27.16170094847665,28.9444587,41.0333493
12346458362,Balat Atik Cafe,41.03174,28.948465,food,amenity:cafe,cafe,,,,POINT (28.948465 41.03174),1102850540,30.245908861125812,28.9483134,41.0319868
5081445117,Balat Kahvesi,41.026074,28.958353,food,amenity:cafe,cafe,,,,POINT (28.958353 41.026074),2379807076,18.993654699990454,28.9583932,41.0262421
5112749734,Balat Nargile Cafe,41.032179,28.945548,food,amenity:cafe,cafe,,,,POINT (28.945548 41.032179),1102850569,14.877822553813868,28.9455077,41.0320487
5112749094,Balat Çay Evi,41.033224,28.946259,food,amenity:cafe,cafe,,,,POINT (28.946259 41.033224),1102850685,6.780923105854696,28.9463362,41.0332421
5106127795,Baltepe,41.026189,28.948073,food,amenity:cafe,cafe,,,,POINT (28.948073 41.026189),1061754785,32.12272417497056,28.9478653,41.0264317
10599304205,Balıkçı Murat Abi - Balık ekmek,41.004879,28.969634,food,amenity:cafe,cafe,,,,POINT (28.969634 41.004879),12823777799,9.428299271047145,28.9697463,41.0048763
5111215142,Bambam,41.006083,28.938707,food,amenity:cafe,cafe,,,,POINT (28.938707 41.006083),1058893937,18.26637219888588,28.938532,41.0059853
6324422485,Bamli cafe,41.015998,28.973434,food,amenity:cafe,cafe,,,,POINT (28.973434 41.015998),278344475,15.901793322933102,28.9734733,41.0158581
13452482601,Baraka Balat Café,41.028784,28.949624,food,amenity:cafe,cafe,,,,POINT (28.949624 41.028784),1102729667,16.003193591265592,28.9496786,41.0286461
5106132748,Barısta Cafe,41.013993,28.935348,food,amenity:cafe,cafe,,,,POINT (28.935348 41.013993),316924497,33.06736905758695,28.9357378,41.0139491
5113481328,Başak çay evi,41.021914,28.948982,food,amenity:cafe,cafe,,,,POINT (28.948982 41.021914),1061624285,9.054489969092186,28.9489199,41.0218474
5113500232,Bellis Cafe,41.006837,28.971697,food,amenity:cafe,cafe,,,,POINT (28.971697 41.006837),275605220,12.658692897404283,28.9715854,41.0067604
3499179015,Beltaş Cafe and Restaurant,41.014048,28.980612,food,amenity:cafe,cafe,,,,POINT (28.980612 41.014048),3078464286,25.520066161727236,28.9806096,41.0138185
9783089118,Beltur,41.012518,28.978838,food,amenity:cafe,cafe,,,,POINT (28.978838 41.012518),8025543156,16.647023701618583,28.9789631,41.0124018
5073094762,Best Kahve,41.012726,28.947826,food,amenity:cafe,cafe,,,,POINT (28.947826 41.012726),1059852319,38.39125428379201,28.9482235,41.012555
5075962029,Best house cafe,41.013025,28.948493,food,amenity:cafe,cafe,,,,POINT (28.948493 41.013025),1059852984,15.750622048462775,28.948431,41.0131587
5113465231,Beyrut,41.018253,28.952635,food,amenity:cafe,cafe,,,,POINT (28.952635 41.018253),1061625001,32.801196777527196,28.9529921,41.0181329
4462010814,Beyza Sebzeli Doner,41.017041,28.967876,food,amenity:cafe,cafe,,,,POINT (28.967876 41.017041),311372820,7.196766607655482,28.9679513,41.017072
5110344584,Beyzadem kafe,41.017249,28.964372,food,amenity:cafe,cafe,,,,POINT (28.964372 41.017249),311375343,4.400172433521345,28.964414,41.0172253
5113465239,Bezmi safa,41.018457,28.952445,food,amenity:cafe,cafe,,,,POINT (28.952445 41.018457),1061625020,32.04579586435212,28.9523675,41.0187392
10066765417,Big Point Cafe & Restaurant,41.010179,28.961331,food,amenity:cafe,cafe,,,,POINT (28.961331 41.010179),31678562,56.38847131623465,28.9612865,41.009673
6942719485,BirBen,41.016218,28.973157,food,amenity:cafe,cafe,,,,POINT (28.973157 41.016218),252235687,19.060267289711685,28.9733529,41.0163048
5711463022,Black Bird Cafe,41.012255,28.955855,food,amenity:cafe,cafe,,,,POINT (28.955855 41.012255),256098769,9.071729171960556,28.9559629,41.0122602
5110345636,Blue moon cafe,41.011702,28.975052,food,amenity:cafe,cafe,,,,POINT (28.975052 41.011702),4780684917,16.579571725079013,28.9751265,41.0115639
5106132762,Bolulu Hasan Usta,41.014833,28.933541,food,amenity:cafe,cafe,,,,POINT (28.933541 41.014833),10096318354,16.33236305109227,28.9336142,41.0149691
5680020322,Brew Coffe Works,41.015657,28.973896,food,amenity:cafe,cafe,,,,POINT (28.973896 41.015657),252235555,41.389649960321314,28.9743734,41.0155632
5144584531,Brew Coffeeworks,41.015844,28.973703,food,amenity:cafe,cafe,,,,POINT (28.973703 41.015844),278344475,19.335457146575393,28.9734733,41.0158581
5113590294,Brio Cafe,41.007757,28.94396,food,amenity:cafe,cafe,,,,POINT (28.94396 41.007757),1058996194,6.21160885900855,28.9440262,41.007732
5113465011,Bumara,41.019191,28.95101,food,amenity:cafe,cafe,,,,POINT (28.95101 41.019191),2371737279,17.219804002835588,28.9509536,41.0190421
5088192726,CAFE KAMELYA,41.000947,28.933897,food,amenity:cafe,cafe,,,,POINT (28.933897 41.000947),2370778762,5.068058125173035,28.9338671,41.0009866
5099040206,Cadde 14 Çay Evi,41.004565,28.943722,food,amenity:cafe,cafe,,,,POINT (28.943722 41.004565),1058996287,32.2442660538653,28.9438295,41.0042866
3499102997,Cafe 1453,41.017761,28.928928,food,amenity:cafe,cafe,,,,POINT (28.928928 41.017761),2373177357,27.750435057425214,28.9286263,41.0176587
5113465226,Cafe 1453,41.017986,28.952535,food,amenity:cafe,cafe,,,,POINT (28.952535 41.017986),3364897331,10.872169050835637,28.9526566,41.0179522
5113598508,Cafe 56,41.011019,28.938885,food,amenity:cafe,cafe,,,,POINT (28.938885 41.011019),1058995758,29.529361439070122,28.9385352,41.0109898
5110344555,Cafe 90lar,41.017382,28.964496,food,amenity:cafe,cafe,,,,POINT (28.964496 41.017382),311375343,18.733246321488885,28.964414,41.0172253
5113495699,Cafe Alkan,41.026002,28.938614,food,amenity:cafe,cafe,,,,POINT (28.938614 41.026002),1060490847,16.640003666627706,28.9384289,41.0260558
5107305859,Cafe Bistmal,41.008007,28.94939,food,amenity:cafe,cafe,,,,POINT (28.94939 41.008007),1058892500,28.431773547188588,28.9493311,41.0082588
5115939288,Cafe Cengiz,41.010525,28.93196,food,amenity:cafe,cafe,,,,POINT (28.93196 41.010525),10653574157,30.788282266032475,28.932325,41.0105534
10178438641,Cafe Damak,41.00394,28.96519,food,amenity:cafe,cafe,,,,POINT (28.96519 41.00394),2370393236,19.03484253086772,28.9650332,41.0038163
5113590313,Cafe De Keyf,41.008878,28.947394,food,amenity:cafe,cafe,,,,POINT (28.947394 41.008878),1058892473,11.620289143896361,28.9473605,41.0087766
5108828638,Cafe De More,41.014214,28.977404,food,amenity:cafe,cafe,,,,POINT (28.977404 41.014214),3079738264,13.749715758986888,28.9772471,41.0141783
9621298717,Cafe Dora,41.031544,28.94866,food,amenity:cafe,cafe,,,,POINT (28.94866 41.031544),1102850539,9.984722609556334,28.9487645,41.031501
5113472203,Cafe Dostlar,41.0065,28.923122,food,amenity:cafe,cafe,,,,POINT (28.923122 41.0065),13565832327,6.529958240554062,28.923175,41.006457
5110347235,Cafe Erdoğmuş,41.016305,28.974048,food,amenity:cafe,cafe,,,,POINT (28.974048 41.016305),10617341087,57.496297986465756,28.973486,41.0166009
5107245414,Cafe Esnaf,41.006636,28.924427,food,amenity:cafe,cafe,,,,POINT (28.924427 41.006636),12723110490,12.316681982826912,28.9244969,41.0067334
5115939265,Cafe Flu,41.009534,28.936752,food,amenity:cafe,cafe,,,,POINT (28.936752 41.009534),413329060,20.95829337110431,28.9369837,41.0094636
5113465229,Cafe Fırat,41.018081,28.952752,food,amenity:cafe,cafe,,,,POINT (28.952752 41.018081),3364897331,16.406646842775753,28.9526566,41.0179522
5108843755,Cafe Grande,41.008219,28.974988,food,amenity:cafe,cafe,,,,POINT (28.974988 41.008219),7711133787,7.79087805124678,28.9750654,41.0081803
5113599425,Cafe Gündoğdu,41.010046,28.938663,food,amenity:cafe,cafe,,,,POINT (28.938663 41.010046),1058995805,22.468507238420152,28.9389165,41.0099809
5088194868,Cafe Harput,41.000022,28.931679,food,amenity:cafe,cafe,,,,POINT (28.931679 41.000022),1035580900,8.925700944316734,28.9317724,41.0000604
5088197345,Cafe Köşk,40.999817,28.930705,food,amenity:cafe,cafe,,,,POINT (28.930705 40.999817),1035581788,23.37787630536482,28.9309147,40.9999554
5244801976,Cafe La Galera,41.004164,28.969241,food,amenity:cafe,cafe,,,,POINT (28.969241 41.004164),275608460,9.856547766453307,28.9692199,41.0042512
3660214031,Cafe Lindo,41.010403,28.977144,food,amenity:cafe,cafe,,,,POINT (28.977144 41.010403),1646281948,7.36486277140264,28.9771412,41.0103368
12423303001,Cafe Ma,41.037732,28.941281,food,amenity:cafe,cafe,,,,POINT (28.941281 41.037732),3367763572,14.14993839234357,28.9411253,41.037683
5107305847,Cafe Mari,41.007422,28.949361,food,amenity:cafe,cafe,,,,POINT (28.949361 41.007422),1058892498,17.738633870507975,28.9493138,41.0075775
5244806747,Cafe Mola,41.00897,28.970391,food,amenity:cafe,cafe,,,,POINT (28.970391 41.00897),3082166481,27.36607726096745,28.9701868,41.0091619
5106132755,Cafe Mor,41.014499,28.934328,food,amenity:cafe,cafe,,,,POINT (28.934328 41.014499),1295933748,41.0321232266327,28.9347983,41.0143978
3660215264,Cafe Park,41.010754,28.948092,food,amenity:cafe,cafe,,,,POINT (28.948092 41.010754),13477910383,34.78019398776802,28.9482691,41.0110368
5113126701,Cafe Patika,41.005256,28.93082,food,amenity:cafe,cafe,,,,POINT (28.93082 41.005256),13596871519,4.707190413012712,28.9308415,41.0052951
3090798088,Cafe Rumist,41.006155,28.981168,food,amenity:cafe,cafe,,,,POINT (28.981168 41.006155),278004973,12.017047198915883,28.9811167,41.0062559
5117628584,Cafe Society,41.017394,28.969548,food,amenity:cafe,cafe,,,,POINT (28.969548 41.017394),1620494638,15.543208824122043,28.9697311,41.0173727
5026474513,Cafe Vatan,41.012256,28.946271,food,amenity:cafe,cafe,,,,POINT (28.946271 41.012256),2366981643,38.503129491502456,28.9467059,41.0123665
5113462481,Cafe dem,41.016853,28.951378,food,amenity:cafe,cafe,,,,POINT (28.951378 41.016853),1061625204,13.340318404019325,28.9514224,41.0167378
5111215197,Cafe deniz,41.006318,28.938171,food,amenity:cafe,cafe,,,,POINT (28.938171 41.006318),1058996014,10.845954676498941,28.9382756,41.0063753
5113611512,Cafe draman,41.029307,28.943044,food,amenity:cafe,cafe,,,,POINT (28.943044 41.029307),1064222494,11.336531417821233,28.9430045,41.0294045
5113612629,Cafe draman,41.028874,28.944788,food,amenity:cafe,cafe,,,,POINT (28.944788 41.028874),1064222535,7.819001742009051,28.9447272,41.0288207
5113599442,Cafe erdoğan,41.008564,28.940313,food,amenity:cafe,cafe,,,,POINT (28.940313 41.008564),1058995824,38.68553992791295,28.9402441,41.008908
5113471037,Cafe klas,41.016687,28.951509,food,amenity:cafe,cafe,,,,POINT (28.951509 41.016687),1061625204,9.203112806635653,28.9514224,41.0167378
5103810813,Cafe limosa,41.017144,28.930246,food,amenity:cafe,cafe,,,,POINT (28.930246 41.017144),10656725147,25.8084693856559,28.9300467,41.0169672
5113598491,Cafe murat,41.010366,28.941058,food,amenity:cafe,cafe,,,,POINT (28.941058 41.010366),1058995791,13.303957563975544,28.9409332,41.0104398
5243951422,Cafein,41.021314,28.944898,food,amenity:cafe,cafe,,,,POINT (28.944898 41.021314),1060106876,22.46966574298744,28.9451505,41.0212466
5110347236,Caffein dünyası,41.016424,28.973826,food,amenity:cafe,cafe,,,,POINT (28.973826 41.016424),10617341087,34.65021915388576,28.973486,41.0166009
5485919621,Caffè Nero,41.002794,28.956662,food,amenity:cafe,cafe,,,,POINT (28.956662 41.002794),13530207249,28.60689482610104,28.9564612,41.0025861
12325453048,Caffè Nero,41.030266,28.950088,food,amenity:cafe,cafe,,,,POINT (28.950088 41.030266),1102729611,6.603305122509539,28.9501667,41.0302674
3107414918,Café Sultan,41.017206,28.96435,food,amenity:cafe,cafe,,,,POINT (28.96435 41.017206),311375343,5.782462654519933,28.964414,41.0172253
5108843379,Cagaloglu Hamam Cafeterya,41.010518,28.975867,food,amenity:cafe,cafe,,,,POINT (28.975867 41.010518),1646281962,4.198491133629342,28.9758763,41.0104809
5243951969,Cake & K,41.01966,28.94391,food,amenity:cafe,cafe,,,,POINT (28.94391 41.01966),1060106863,29.84098198113036,28.9436301,41.0198256
5113125301,Can Can Cafe,41.00379,28.931253,food,amenity:cafe,cafe,,,,POINT (28.931253 41.00379),1036041051,17.932864849938465,28.9311367,41.0036547
5108828626,Can Restaurant ve Cafe,41.01392,28.977935,food,amenity:cafe,cafe,,,,POINT (28.977935 41.01392),278366512,17.85283630080225,28.9779556,41.0140798
4747734124,Caribou Coffee,41.010174,28.972885,food,amenity:cafe,cafe,,,,POINT (28.972885 41.010174),269716718,33.120997020150874,28.972493,41.010209
5111215156,Carrahpasa park cafe,41.006536,28.940145,food,amenity:cafe,cafe,,,,POINT (28.940145 41.006536),10127764442,11.56103333482823,28.9400356,41.0064728
5115940988,Catsaray Cafe,41.002934,28.933956,food,amenity:cafe,cafe,,,,POINT (28.933956 41.002934),1036040651,5.430804838684388,28.9339766,41.0029803
5075961009,Cengiz cafe,41.015495,28.949285,food,amenity:cafe,cafe,,,,POINT (28.949285 41.015495),6529513518,12.290541273515906,28.9492607,41.015604
5244809852,Ceylan Cafeterya,41.007604,28.967252,food,amenity:cafe,cafe,,,,POINT (28.967252 41.007604),1937948666,9.159897419629386,28.9671846,41.0075392
5113486786,Chay,41.016365,28.965836,food,amenity:cafe,cafe,,,,POINT (28.965836 41.016365),311375340,27.328837549394414,28.9657872,41.016608
5113500752,Chefkat1,41.021082,28.946342,food,amenity:cafe,cafe,,,,POINT (28.946342 41.021082),10263288067,36.95532541624714,28.9465836,41.0208041
12348591901,Coffee 4,41.009125,28.975234,food,amenity:cafe,cafe,,,,POINT (28.975234 41.009125),3274753070,20.837843186232174,28.975098,41.0092818
4145039607,Coffee Department,41.032912,28.945798,food,amenity:cafe,cafe,,,,POINT (28.945798 41.032912),1103230164,9.308414157163751,28.9457777,41.0329943
5112749114,Coffee Department,41.03292,28.945779,food,amenity:cafe,cafe,,,,POINT (28.945779 41.03292),1103230164,8.262514268624255,28.9457777,41.0329943
6968663232,Coffee Factory,41.01195,28.97828,food,amenity:cafe,cafe,,,,POINT (28.97828 41.01195),11165697759,8.992135540529706,28.9783078,41.0118719
5113486804,Coffee Gutta,41.014588,28.962591,food,amenity:cafe,cafe,,,,POINT (28.962591 41.014588),311367421,8.792885892602987,28.9625864,41.014509
6325038686,Coffee Me,41.013414,28.974951,food,amenity:cafe,cafe,,,,POINT (28.974951 41.013414),2379693987,39.96903192654346,28.9754049,41.0135231
4587702691,Coffetopia,41.016492,28.973394,food,amenity:cafe,cafe,,,,POINT (28.973394 41.016492),10617341087,14.360004482115308,28.973486,41.0166009
10312923111,Cofte Budur,41.032231,28.947576,food,amenity:cafe,cafe,,,,POINT (28.947576 41.032231),1102850545,7.4518884385834845,28.9476635,41.0322426
5106132743,Cucina Cafe,41.012916,28.937555,food,amenity:cafe,cafe,,,,POINT (28.937555 41.012916),316926025,26.205414099652376,28.9378596,41.0128639
5112749116,Cumbalı Kahve,41.03303,28.945848,food,amenity:cafe,cafe,,,,POINT (28.945848 41.03303),1103230164,7.108330425979047,28.9457777,41.0329943
5113592148,DEEP LOUNGE,41.009633,28.938023,food,amenity:cafe,cafe,,,,POINT (28.938023 41.009633),1058995954,26.883935344720182,28.9378088,41.0094532
5113465240,Dayılar Çay Ocağı,41.01861,28.952442,food,amenity:cafe,cafe,,,,POINT (28.952442 41.01861),1061625020,15.66714512112909,28.9523675,41.0187392
5081265966,Dergah cafe,41.014574,28.942912,food,amenity:cafe,cafe,,,,POINT (28.942912 41.014574),2371697946,9.157655265591881,28.9430035,41.0146189
5112750850,Derin Cafe,41.038688,28.944457,food,amenity:cafe,cafe,,,,POINT (28.944457 41.038688),1060431481,21.636851754075543,28.9447105,41.0386519
5113465237,Dersaadet,41.018417,28.952483,food,amenity:cafe,cafe,,,,POINT (28.952483 41.018417),1061625020,37.11434440184944,28.9523675,41.0187392
5112749757,Derviş Baba Kahvehanesi,41.033659,28.944255,food,amenity:cafe,cafe,,,,POINT (28.944255 41.033659),1102850684,38.44268433105487,28.9444587,41.0333493
5111215176,Dess cafe,41.007216,28.942269,food,amenity:cafe,cafe,,,,POINT (28.942269 41.007216),10603505285,11.914533364689346,28.9423129,41.0071141
9410434417,Değirmencioğlu,41.011497,28.969874,food,amenity:cafe,cafe,,,,POINT (28.969874 41.011497),311371096,17.91095022580756,28.9697297,41.0116157
5081274094,Dilek Pastanesi,41.015057,28.951407,food,amenity:cafe,cafe,,,,POINT (28.951407 41.015057),1059852284,18.663221211554646,28.9511866,41.0150343
5243951429,Dirilish cafe,41.021641,28.944151,food,amenity:cafe,cafe,,,,POINT (28.944151 41.021641),1060106872,20.05892751465777,28.9439434,41.0217305
5113465013,Divan,41.018785,28.951254,food,amenity:cafe,cafe,,,,POINT (28.951254 41.018785),2371737279,38.11096791935634,28.9509536,41.0190421
5113465019,Diyar Cafe,41.018217,28.951823,food,amenity:cafe,cafe,,,,POINT (28.951823 41.018217),2371737278,4.645093102256959,28.9518197,41.0181753
5100825054,Dondurmacı Maraş,41.01892,28.93296,food,amenity:cafe,cafe,,,,POINT (28.93296 41.01892),901512807,16.84484956396682,28.9329899,41.0187702
5107305897,Dostlar Çay Evi,41.008203,28.949104,food,amenity:cafe,cafe,,,,POINT (28.949104 41.008203),10068617936,16.40900021677047,28.9492841,41.0082605
5108843757,Dostlar Çay Evi,41.008392,28.974864,food,amenity:cafe,cafe,,,,POINT (28.974864 41.008392),275611821,23.268539697613466,28.9751041,41.0084967
5088197324,Dostlar çay evi,41.000889,28.932438,food,amenity:cafe,cafe,,,,POINT (28.932438 41.000889),1036040933,4.709444659013923,28.9324608,41.0008503
5113598503,Doğan cafe,41.011287,28.939816,food,amenity:cafe,cafe,,,,POINT (28.939816 41.011287),487079714,54.02904238686297,28.93994,41.0117638
5107305903,Dua Cafe,41.008369,28.948222,food,amenity:cafe,cafe,,,,POINT (28.948222 41.008369),1058892538,21.17044257682011,28.9480111,41.0082645
5112834038,Dubai cafe,41.008016,28.951661,food,amenity:cafe,cafe,,,,POINT (28.951661 41.008016),1058892571,24.5008389498988,28.9515971,41.008231
5112834036,Dubai cafe mini,41.007639,28.951643,food,amenity:cafe,cafe,,,,POINT (28.951643 41.007639),1058892573,5.890309142123854,28.951592,41.0076026
5026474507,Durak Pub,41.01055,28.947516,food,amenity:cafe,cafe,,,,POINT (28.947516 41.01055),1059240057,4.297372052882518,28.947538,41.0105849
5112834092,Durak cafe ve börek,41.008953,28.95258,food,amenity:cafe,cafe,,,,POINT (28.95258 41.008953),13530207340,23.654402451280717,28.952309,41.0090116
5108836418,Duran Nargile Cafe,41.014071,28.975355,food,amenity:cafe,cafe,,,,POINT (28.975355 41.014071),3079738266,11.156073695379957,28.975425,41.0139857
5113465014,Duvardibi,41.018501,28.951481,food,amenity:cafe,cafe,,,,POINT (28.951481 41.018501),1061625104,25.245459394259505,28.9516499,41.0183131
9322091018,Dürümcü Mustafa,41.010671,28.971015,food,amenity:cafe,cafe,,,,POINT (28.971015 41.010671),10226426312,21.10076394970175,28.9709475,41.0108538
5088192813,Efecan Cafe,40.997597,28.929535,food,amenity:cafe,cafe,,,,POINT (28.929535 40.997597),1035581185,32.59421207445737,28.929923,40.99761
10178438668,Elif Cafe,41.005374,28.978414,food,amenity:cafe,cafe,,,,POINT (28.978414 41.005374),13482454519,8.897447402555805,28.9783434,41.0054337
5087168317,Elit Cafe,40.995453,28.926099,food,amenity:cafe,cafe,,,,POINT (28.926099 40.995453),1034388569,28.960917603093446,28.9264073,40.99557
5081442493,Elma Nane Cafe ve Nargile,41.023251,28.960723,food,amenity:cafe,cafe,,,,POINT (28.960723 41.023251),10613834524,18.06668973735389,28.9606181,41.0233929
10087576617,Elmalar Cafe & Restaurant,41.015888,28.97271,food,amenity:cafe,cafe,,,,POINT (28.97271 41.015888),3083509875,3.49575349429384,28.9727139,41.0159193
5099065465,Emek Cafe,41.008473,28.946723,food,amenity:cafe,cafe,,,,POINT (28.946723 41.008473),1058892375,31.408956721860218,28.9463586,41.0084084
5107247577,Emek Kıraathanesi,41.005386,28.929241,food,amenity:cafe,cafe,,,,POINT (28.929241 41.005386),1057575929,26.994359994049876,28.9289323,41.0053177
5026474511,Emri Cafe,41.011554,28.947391,food,amenity:cafe,cafe,,,,POINT (28.947391 41.011554),1059240044,21.432574017796913,28.9472773,41.0117266
5113623091,En la luna terace cafe & bar,41.005949,28.979203,food,amenity:cafe,cafe,,,,POINT (28.979203 41.005949),1325246136,29.967578330743564,28.9794945,41.0061047
5115939275,English Spoken Cafe Fındıkzade,41.010813,28.93778,food,amenity:cafe,cafe,,,,POINT (28.93778 41.010813),316925794,27.61150455275715,28.9378502,41.0110556
3802274673,Erenler Nargile,41.009061,28.968577,food,amenity:cafe,cafe,,,,POINT (28.968577 41.009061),3082166446,24.45093450493026,28.9688684,41.0090612
5113465235,Eski kafa,41.018327,28.95257,food,amenity:cafe,cafe,,,,POINT (28.95257 41.018327),1061625001,41.471592614491044,28.9529921,41.0181329
5113481409,Esnaf çay evi,41.022586,28.950777,food,amenity:cafe,cafe,,,,POINT (28.950777 41.022586),1061624398,19.68784192702921,28.9508299,41.0224135
13396860931,Espresso Lab,41.010654,28.967479,food,amenity:cafe,cafe,,,,POINT (28.967479 41.010654),3082517869,12.815077007875903,28.9674975,41.0105396
5243945215,Espressolab,41.017327,28.949616,food,amenity:cafe,cafe,,,,POINT (28.949616 41.017327),1059851524,17.36189626272847,28.9496468,41.0174814
11377439063,Espressolab,41.013224,28.975046,food,amenity:cafe,cafe,,,,POINT (28.975046 41.013224),31678636,23.070395700718024,28.9750091,41.0130184
3498778674,Eylül Cafe,41.015553,28.952402,food,amenity:cafe,cafe,,,,POINT (28.952402 41.015553),10660814372,7.71519685408561,28.9523226,41.015518
5106132778,Faruk Güllüoğlu,41.01594,28.931379,food,amenity:cafe,cafe,,,,POINT (28.931379 41.01594),316924346,10.50586223396735,28.9314122,41.0160311
11790117569,Fatih Belediyesi Sosyal Tesisleri Sultanahmet,41.006946,28.97544,food,amenity:cafe,cafe,,,,POINT (28.97544 41.006946),3076865601,46.02929489670751,28.9757999,41.0072584
5103810797,Fatih Belediyesi Topkapı Sosyal Tesisleri,41.020583,28.925575,food,amenity:cafe,cafe,,,,POINT (28.925575 41.020583),13382492033,26.20007556278594,28.925697,41.0207999
5113471039,Fatih cafe,41.016745,28.951546,food,amenity:cafe,cafe,,,,POINT (28.951546 41.016745),1061625204,10.400735682906989,28.9514224,41.0167378
5243950931,Fatih chy evi,41.019579,28.945321,food,amenity:cafe,cafe,,,,POINT (28.945321 41.019579),1060106996,4.434034897418985,28.9453627,41.0196035
5243950959,Fatih tea & cafe,41.020991,28.944082,food,amenity:cafe,cafe,,,,POINT (28.944082 41.020991),2371623901,11.185850544402651,28.9439701,41.0210457
5106122993,Fatih Çay Evi,41.016597,28.952206,food,amenity:cafe,cafe,,,,POINT (28.952206 41.016597),3541432980,14.12163877314933,28.9520435,41.0165639
5244806741,Fehmi Soydan Çay Ocağı,41.009416,28.969649,food,amenity:cafe,cafe,,,,POINT (28.969649 41.009416),277129975,18.669315588608836,28.9695389,41.0092701
3658723809,Fes Cafe,41.009974,28.971677,food,amenity:cafe,cafe,,,,POINT (28.971677 41.009974),311371050,24.24110912459298,28.971679,41.010192
5115933181,Fetih 1453 Aile Çay Evi,41.000684,28.929559,food,amenity:cafe,cafe,,,,POINT (28.929559 41.000684),1035581816,3.761875415774972,28.929522,41.0007031
9988065417,Fida Cafe,41.029905,28.950709,food,amenity:cafe,cafe,,,,POINT (28.950709 41.029905),9797231521,5.5713897170502396,28.9506979,41.0299544
5111215124,Focaccia Cafe,41.005095,28.935703,food,amenity:cafe,cafe,,,,POINT (28.935703 41.005095),1036041024,16.506153829063063,28.9358957,41.0051248
10792720605,Forno Fırın İşletmeciliği,41.029682,28.950474,food,amenity:cafe,cafe,,,,POINT (28.950474 41.029682),1102729623,4.850306460525364,28.9504651,41.0297251
5110342162,Furkan cafe,41.01605,28.959004,food,amenity:cafe,cafe,,,,POINT (28.959004 41.01605),512541822,14.087234211461597,28.9591562,41.0161035
4940583961,Fırat,41.011369,28.933614,food,amenity:cafe,cafe,,,,POINT (28.933614 41.011369),316925788,30.353793229210943,28.9334775,41.0111162
5111205418,Ganyan,41.019431,28.960843,food,amenity:cafe,cafe,,,,POINT (28.960843 41.019431),1260180638,6.385079745511494,28.9607964,41.0193856
5113599479,Ganyan,41.00861,28.940822,food,amenity:cafe,cafe,,,,POINT (28.940822 41.00861),1058995926,10.921147699262109,28.9408824,41.008523
5113127744,Ganyan Cafe,41.00386,28.931244,food,amenity:cafe,cafe,,,,POINT (28.931244 41.00386),1057578144,22.364511112399764,28.9314864,41.0037764
5113609934,Ganyan cafe,41.030251,28.937248,food,amenity:cafe,cafe,,,,POINT (28.937248 41.030251),13064870243,12.460870844487603,28.9372249,41.0301403
5113620703,Ganyan cafe,41.013767,28.979075,food,amenity:cafe,cafe,,,,POINT (28.979075 41.013767),278366504,11.577965214351556,28.9790721,41.0138711
5108827983,Gar Börekcisi,41.014532,28.97638,food,amenity:cafe,cafe,,,,POINT (28.97638 41.014532),269719185,13.411627162196641,28.9762859,41.0144345
9407672371,Gardenia Bistro Restaurant,41.003165,28.971362,food,amenity:cafe,cafe,,,,POINT (28.971362 41.003165),10729308245,7.909626197706216,28.971441,41.0032038
5244796175,Gaziantep Sweets,41.016745,28.969902,food,amenity:cafe,cafe,,,,POINT (28.969902 41.016745),768679867,38.09483874625047,28.9695611,41.0169713
6367428588,Gaziantep kozde kunafe kebap salonu,41.01548,28.972917,food,amenity:cafe,cafe,,,,POINT (28.972917 41.01548),10617543055,34.55011645146896,28.9729534,41.0157895
5106132744,Gazoz Kapaa Cafe,41.012975,28.937429,food,amenity:cafe,cafe,,,,POINT (28.937429 41.012975),316926025,38.18259644538435,28.9378596,41.0128639
5112749101,Gizemli Kahve Balat,41.033165,28.945,food,amenity:cafe,cafe,,,,POINT (28.945 41.033165),1102850524,28.475895296132855,28.9446684,41.0332199
5108827984,Glamour Nargile ve Cafe,41.014522,28.976407,food,amenity:cafe,cafe,,,,POINT (28.976407 41.014522),269719185,14.067688378441497,28.9762859,41.0144345
11257731337,Gloria Jeans,41.004566,28.967095,food,amenity:cafe,cafe,,,,POINT (28.967095 41.004566),248137308,20.375794645978665,28.9672268,41.0047199
4674290489,Godiva,41.010836,28.968465,food,amenity:cafe,cafe,,,,POINT (28.968465 41.010836),3898630906,4.427325499079671,28.9684469,41.0107986
5243950783,Golden mix,41.020167,28.941481,food,amenity:cafe,cafe,,,,POINT (28.941481 41.020167),12825913092,14.837328355380311,28.9413071,41.0201913
3090853855,Green Corner,41.00883,28.978769,food,amenity:cafe,cafe,,,,POINT (28.978769 41.00883),13433942467,20.370327515377678,28.9786549,41.0089917
5107245393,Guest Net Cafe,41.007098,28.930348,food,amenity:cafe,cafe,,,,POINT (28.930348 41.007098),13596806814,22.046062250569754,28.9300964,41.0071551
5244796184,Gurmania,41.016289,28.970332,food,amenity:cafe,cafe,,,,POINT (28.970332 41.016289),311371084,6.900628474214782,28.9704133,41.0162984
5113557361,Görgülü,41.01,28.945534,food,amenity:cafe,cafe,,,,POINT (28.945534 41.01),10127897732,29.070394184208066,28.945514,41.010261
5106132761,Görgülü Cafe,41.014772,28.933754,food,amenity:cafe,cafe,,,,POINT (28.933754 41.014772),10096318336,18.97277620375622,28.9336863,41.0149348
4293748389,Gül Çay Evi,41.01347,28.961237,food,amenity:cafe,cafe,,,,POINT (28.961237 41.01347),10073446405,7.875598284098446,28.9611893,41.013531
5115939235,Gül Çay Evi,41.009019,28.93151,food,amenity:cafe,cafe,,,,POINT (28.93151 41.009019),316924109,17.694938543962778,28.9313005,41.0090372
5113487036,Gül çay evi,41.013489,28.961262,food,amenity:cafe,cafe,,,,POINT (28.961262 41.013489),10073446405,7.68228151639701,28.9611893,41.013531
5110342195,Gülsoy cafe,41.014243,28.958915,food,amenity:cafe,cafe,,,,POINT (28.958915 41.014243),1262447343,14.709051187921968,28.95875,41.0141983
6157229585,Habb Cafe,41.026481,28.958234,food,amenity:cafe,cafe,,,,POINT (28.958234 41.026481),8782021576,11.88245914557224,28.9582292,41.0265878
3104180391,Hafiz Mustafa 1864,41.014612,28.975651,food,amenity:cafe,cafe,,,,POINT (28.975651 41.014612),13433994429,10.92683326411359,28.975622,41.0147078
6324428785,Hafiz Mustafa 1864,41.016011,28.97336,food,amenity:cafe,cafe,,,,POINT (28.97336 41.016011),278344475,19.478698386132077,28.9734733,41.0158581
5108843097,Hafız Mustafa Edebiyat Kıraathanesi,41.008045,28.976584,food,amenity:cafe,cafe,,,,POINT (28.976584 41.008045),2666803154,11.929807175163738,28.9765113,41.0079528
5113611496,Hakan cafe,41.029916,28.940968,food,amenity:cafe,cafe,,,,POINT (28.940968 41.029916),1064222060,23.530984347382955,28.9412148,41.0298154
5111215722,Hakimoglu cafe,41.00601,28.935467,food,amenity:cafe,cafe,,,,POINT (28.935467 41.00601),1057577343,25.039230108794733,28.9357354,41.0059116
5244807636,Hakkı Zade,41.010309,28.97295,food,amenity:cafe,cafe,,,,POINT (28.97295 41.010309),3083371818,26.644221553387133,28.9728544,41.0105375
5110344557,Haliç kafe,41.01895,28.963239,food,amenity:cafe,cafe,,,,POINT (28.963239 41.01895),9981973445,22.02573735665723,28.9630113,41.0190486
5244812071,Han Çay Ocağı,41.019038,28.9647,food,amenity:cafe,cafe,,,,POINT (28.9647 41.019038),3085937882,25.53994525259496,28.9645203,41.0192234
5250313321,Hanegah,41.018212,28.952818,food,amenity:cafe,cafe,,,,POINT (28.952818 41.018212),1061625001,17.05020583992488,28.9529921,41.0181329
5113465016,Hanifi dayı,41.018381,28.951584,food,amenity:cafe,cafe,,,,POINT (28.951584 41.018381),1061625104,9.358002123536215,28.9516499,41.0183131
9777721634,Hanimeli Cafe,41.031942,28.948326,food,amenity:cafe,cafe,,,,POINT (28.948326 41.031942),1102850540,5.092419018623325,28.9483134,41.0319868
5115938009,Hanımelleri,41.008536,28.930275,food,amenity:cafe,cafe,,,,POINT (28.930275 41.008536),817265347,13.374822738889605,28.9304123,41.0084749
9992681458,Happie Balat,41.03306,28.94664,food,amenity:cafe,cafe,,,,POINT (28.94664 41.03306),1102850488,7.687248418542342,28.9467211,41.0330922
5108843058,Harabbe Cafe,41.008438,28.976192,food,amenity:cafe,cafe,,,,POINT (28.976192 41.008438),1454266229,12.815440337977856,28.9763407,41.0084117
5099060713,Hasan keyf nargile cafe,41.008182,28.951029,food,amenity:cafe,cafe,,,,POINT (28.951029 41.008182),10069899604,17.503187882104587,28.9508338,41.0082375
5113590284,Haseki Cafe,41.008913,28.942408,food,amenity:cafe,cafe,,,,POINT (28.942408 41.008913),1058996267,12.845729034269521,28.9425427,41.0088581
5113590308,Haseki Cafe,41.008429,28.946182,food,amenity:cafe,cafe,,,,POINT (28.946182 41.008429),1058892375,14.994374291135848,28.9463586,41.0084084
5244801890,Havuzbaşı,41.004336,28.974708,food,amenity:cafe,cafe,,,,POINT (28.974708 41.004336),13109125019,10.148681736055917,28.974783,41.0044076
5110342212,Hayal Cafe,41.01327,28.961154,food,amenity:cafe,cafe,,,,POINT (28.961154 41.01327),311367423,4.279778825616772,28.9611774,41.0133042
5113620626,Hayat cafe,41.003584,28.979313,food,amenity:cafe,cafe,,,,POINT (28.979313 41.003584),278004979,6.475168120576418,28.979262,41.0035403
5113471045,Hayhay kahve,41.017453,28.951356,food,amenity:cafe,cafe,,,,POINT (28.951356 41.017453),1061625158,11.059734789217066,28.9514308,41.0175349
5110342193,Hermes cafe,41.014398,28.959041,food,amenity:cafe,cafe,,,,POINT (28.959041 41.014398),1260080447,26.29051836275864,28.959122,41.0146264
5243951416,Hezurfen,41.021249,28.945607,food,amenity:cafe,cafe,,,,POINT (28.945607 41.021249),1060106902,27.254983128791483,28.9459173,41.0211764
5110344546,Hilal büfe,41.017777,28.967085,food,amenity:cafe,cafe,,,,POINT (28.967085 41.017777),1261054728,14.020636432748436,28.9670371,41.0178978
4528496190,Hira Lokantası,41.004714,28.965758,food,amenity:cafe,cafe,,,,POINT (28.965758 41.004714),2370393247,12.145592787922201,28.9658903,41.0046697
5108836363,Hotel Yasmak,41.012542,28.977705,food,amenity:cafe,cafe,,,,POINT (28.977705 41.012542),3079738236,21.62092452674128,28.9779305,41.0124479
2508662415,Husnu Ala Cafe,41.017923,28.965111,food,amenity:cafe,cafe,,,,POINT (28.965111 41.017923),1261054648,10.862126695681939,28.9651755,41.0180077
5075961002,Huzur Cafe,41.013573,28.946688,food,amenity:cafe,cafe,,,,POINT (28.946688 41.013573),2371697935,26.43994572545633,28.9464296,41.0134369
5110344554,Hüsnü ala cafe,41.01785,28.965068,food,amenity:cafe,cafe,,,,POINT (28.965068 41.01785),1261054648,19.718871477498727,28.9651755,41.0180077
5110342169,Imperial Cafe,41.015988,28.957944,food,amenity:cafe,cafe,,,,POINT (28.957944 41.015988),1260095487,19.56898401657358,28.9581712,41.0160278
5115937371,Irmak Çay Evi,41.007544,28.93669,food,amenity:cafe,cafe,,,,POINT (28.93669 41.007544),1057576954,23.47993267196793,28.936662,41.0073339
5106528627,Isiyaman čig koftecisi,41.004879,28.965341,food,amenity:cafe,cafe,,,,POINT (28.965341 41.004879),248137304,17.282661575674148,28.9651379,41.0048532
11377536296,Istanbul kitchen,41.010319,28.975517,food,amenity:cafe,cafe,,,,POINT (28.975517 41.010319),3079788605,6.8812446963055205,28.9755483,41.0103762
3785353693,Istanyol Cafe,41.031836,28.93739,food,amenity:cafe,cafe,,,,POINT (28.93739 41.031836),9797204119,21.09883326345798,28.9376341,41.0317902
5076115927,Istasyon kahvesi,40.993928,28.926972,food,amenity:cafe,cafe,,,,POINT (28.926972 40.993928),1034388242,14.012854623812292,28.9271379,40.9939138
463142937,Java Studio Istanbul,41.005597,28.979318,food,amenity:cafe,cafe,,,,POINT (28.979318 41.005597),356404378,30.266965492673414,28.9789782,41.0056883
5106122303,Joury Cafe,41.025058,28.940408,food,amenity:cafe,cafe,,,,POINT (28.940408 41.025058),2370840005,19.646117121611795,28.9403624,41.0252313
5113620620,Joy Cafe Restaurant & Shisha Lounge,41.003615,28.979266,food,amenity:cafe,cafe,,,,POINT (28.979266 41.003615),278004979,8.313052141218993,28.979262,41.0035403
12855224101,K. Ayasofya Art Cafe,41.002736,28.972978,food,amenity:cafe,cafe,,,,POINT (28.972978 41.002736),1194549295,23.22658573288472,28.9728875,41.0025386
5113592166,KAHVE KÖŞEM,41.010874,28.938596,food,amenity:cafe,cafe,,,,POINT (28.938596 41.010874),1058995758,13.850149125699467,28.9385352,41.0109898
5115937984,Kaan Çay Evi,41.010605,28.928869,food,amenity:cafe,cafe,,,,POINT (28.928869 41.010605),1057574433,4.497158894432419,28.928921,41.0106148
5112749115,Kadraj Cafe,41.033004,28.945913,food,amenity:cafe,cafe,,,,POINT (28.945913 41.033004),1103230164,11.399828846100577,28.9457777,41.0329943
5244802020,Kadırga Çay Evi,41.005031,28.970506,food,amenity:cafe,cafe,,,,POINT (28.970506 41.005031),275605024,27.379106642822922,28.9701951,41.0051057
5111206122,Kahve 1,41.019833,28.961592,food,amenity:cafe,cafe,,,,POINT (28.961592 41.019833),3085947146,11.480967063939502,28.961679,41.0197533
5243945195,Kahve Durağı,41.017773,28.949189,food,amenity:cafe,cafe,,,,POINT (28.949189 41.017773),9760089527,38.47202674458733,28.9490124,41.0180923
5116617721,Kahve Dünyası,41.010114,28.972035,food,amenity:cafe,cafe,,,,POINT (28.972035 41.010114),311371050,31.10460238676058,28.971679,41.010192
5111215725,Kahve cikolata,41.006642,28.935553,food,amenity:cafe,cafe,,,,POINT (28.935553 41.006642),3363433223,14.356079882156672,28.9355548,41.0067711
6918936586,Kahve deposu,41.015659,28.974869,food,amenity:cafe,cafe,,,,POINT (28.974869 41.015659),13602762042,38.4096553938293,28.9744658,41.0154954
6918936587,Kahve deposu,41.015307,28.974869,food,amenity:cafe,cafe,,,,POINT (28.974869 41.015307),278344485,20.260824270435823,28.9750226,41.0151664
5076114613,Kahvealti,40.99545,28.926482,food,amenity:cafe,cafe,,,,POINT (28.926482 40.99545),1034388569,14.742798085228273,28.9264073,40.99557
5106132751,Kahverengi Cafe,41.014151,28.935006,food,amenity:cafe,cafe,,,,POINT (28.935006 41.014151),1295933748,32.50838356328385,28.9347983,41.0143978
5680097921,Kahvesi Ethem Tezcakar,41.010609,28.968223,food,amenity:cafe,cafe,,,,POINT (28.968223 41.010609),3898631852,0.781414154157795,28.9682318,41.0106113
5113599445,Karadeniz cafe,41.00824,28.939994,food,amenity:cafe,cafe,,,,POINT (28.939994 41.00824),1058995912,7.643566361302468,28.9399223,41.0082824
5243951418,Karadeniz kardeşler,41.021295,28.945309,food,amenity:cafe,cafe,,,,POINT (28.945309 41.021295),1060106876,14.344863761046588,28.9451505,41.0212466
2696278000,Karafırın,41.005002,28.979491,food,amenity:cafe,cafe,,,,POINT (28.979491 41.005002),278004976,22.135716673101644,28.9793458,41.0048358
5113464991,Kardesler cafe,41.017102,28.951702,food,amenity:cafe,cafe,,,,POINT (28.951702 41.017102),1061625174,11.846131592921708,28.9518172,41.0171636
5113615740,Kariye Cafe,41.030926,28.937906,food,amenity:cafe,cafe,,,,POINT (28.937906 41.030926),1064574961,22.31996652434497,28.9379728,41.0311203
5113615119,Kariye Pembe Köşk Aile Çay Bahçesi Cafe,41.031278,28.938562,food,amenity:cafe,cafe,,,,POINT (28.938562 41.031278),10610563937,13.941546332693243,28.9386462,41.0313861
6324489285,Kasap Döner,41.008253,28.974562,food,amenity:cafe,cafe,,,,POINT (28.974562 41.008253),13431435312,14.746631812573359,28.9743879,41.0082349
5088194865,Kebab ve Pide Dünyası,40.999688,28.931215,food,amenity:cafe,cafe,,,,POINT (28.931215 40.999688),1035580904,7.855164246554134,28.9312384,40.9996196
5081265939,Kent Cafe,41.011754,28.941178,food,amenity:cafe,cafe,,,,POINT (28.941178 41.011754),1057437398,16.453525631285594,28.9410153,41.0116714
9480325262,Kent Cafe,41.0126,28.939474,food,amenity:cafe,cafe,,,,POINT (28.939474 41.0126),10093559832,10.019847922879205,28.9393639,41.0125651
11949902569,Kiraz Coffee,41.037653,28.943709,food,amenity:cafe,cafe,,,,POINT (28.943709 41.037653),1103230085,6.430583360954917,28.9437203,41.0375958
5113590259,Kivi cafe,41.010751,28.941083,food,amenity:cafe,cafe,,,,POINT (28.941083 41.010751),1058995747,15.364633861768038,28.9409371,41.0108345
5088197321,Konak Internet cafe,41.00011,28.931309,food,amenity:cafe,cafe,,,,POINT (28.931309 41.00011),1035581609,12.097867980652325,28.9311899,41.0001713
5113125964,Konak Kafe,41.003712,28.923179,food,amenity:cafe,cafe,,,,POINT (28.923179 41.003712),3363004585,54.54528741116403,28.9232969,41.0032296
5113483388,Konak çay evi,41.022552,28.947099,food,amenity:cafe,cafe,,,,POINT (28.947099 41.022552),1061622774,16.69878209373395,28.946903,41.0225782
5088194873,Korkmaz Cafe,41.003911,28.932425,food,amenity:cafe,cafe,,,,POINT (28.932425 41.003911),1036041045,17.855406974231006,28.9324801,41.0040661
5244803052,Kosk Cafe,41.003312,28.972137,food,amenity:cafe,cafe,,,,POINT (28.972137 41.003312),2361227093,18.281090929444375,28.9721096,41.0031489
5088194900,Kosk Nargile Cafe,41.003268,28.93065,food,amenity:cafe,cafe,,,,POINT (28.93065 41.003268),1036041052,28.391720415672165,28.9306738,41.0035227
5110347239,Koska,41.016456,28.973419,food,amenity:cafe,cafe,,,,POINT (28.973419 41.016456),10617341087,17.06458807945757,28.973486,41.0166009
9782808310,Kovboy'un Yeri Coffee Station,41.01462,28.976973,food,amenity:cafe,cafe,,,,POINT (28.976973 41.01462),3817864006,9.285759701542565,28.9770214,41.0146951
6359661486,Kumkapi cafe Nargile,41.004523,28.964564,food,amenity:cafe,cafe,,,,POINT (28.964564 41.004523),4776703738,21.446120712416693,28.9647031,41.0043612
5244796179,Kurukahveci Mehmet Efendi,41.016553,28.970274,food,amenity:cafe,cafe,,,,POINT (28.970274 41.016553),3184760684,5.680284935236103,28.9703273,41.0165215
5244796173,Kurukahveci Nuri Toplar,41.016771,28.969856,food,amenity:cafe,cafe,,,,POINT (28.969856 41.016771),768679867,33.28977277997789,28.9695611,41.0169713
5112750916,Kuytu Balat,41.03387,28.946495,food,amenity:cafe,cafe,,,,POINT (28.946495 41.03387),10613252747,30.01555142393625,28.9464144,41.034133
4883625123,Kuşu Çai,41.01239,28.925925,food,amenity:cafe,cafe,,,,POINT (28.925925 41.01239),316968726,34.1417569865232,28.9261303,41.0126551
6929789085,Kyanus Gemi Cafe,41.035773,28.94854,food,amenity:cafe,cafe,,,,POINT (28.94854 41.035773),2378683512,12.906449430554732,28.9486925,41.0357575
8829968818,Köfteci Arnavut,41.032618,28.948064,food,amenity:cafe,cafe,,,,POINT (28.948064 41.032618),1102850546,13.172778045050023,28.9479093,41.0325976
5110344571,Kösem Büfe,41.018603,28.965669,food,amenity:cafe,cafe,,,,POINT (28.965669 41.018603),10617237815,12.136638793698484,28.9658128,41.0185911
5113557371,Köşem Aile Çay Bahçesi,41.009671,28.946753,food,amenity:cafe,cafe,,,,POINT (28.946753 41.009671),1058892485,6.021918275469769,28.9467735,41.0096191
5113599441,Köşem Cafe,41.008777,28.94073,food,amenity:cafe,cafe,,,,POINT (28.94073 41.008777),1058995818,9.788109887649108,28.9408409,41.0088043
5107305900,Köşem Çay Evi,41.008198,28.948648,food,amenity:cafe,cafe,,,,POINT (28.948648 41.008198),1058892555,8.612698159190169,28.948619,41.0082723
3090853852,Küçük Ev,41.00826,28.976797,food,amenity:cafe,cafe,,,,POINT (28.976797 41.00826),1454266219,23.717887056581798,28.9765244,41.0082036
5100823709,Kılıç kıraathanesi,41.01729,28.931615,food,amenity:cafe,cafe,,,,POINT (28.931615 41.01729),1059137337,14.72000608511227,28.9317904,41.0172932
9833781817,Kıztaşı Muhamlebicisi,41.016173,28.949255,food,amenity:cafe,cafe,,,,POINT (28.949255 41.016173),6529513519,27.13343658969561,28.9493336,41.0159363
6899820885,La Galera,41.004142,28.969399,food,amenity:cafe,cafe,,,,POINT (28.969399 41.004142),275608460,19.321352249470817,28.9692199,41.0042512
13396860945,La Perla Coffee,41.013467,28.976497,food,amenity:cafe,cafe,,,,POINT (28.976497 41.013467),278366486,11.91879498457273,28.9763597,41.0134945
5270794516,Lalezar Çay Bahçesi,41.01654,28.962168,food,amenity:cafe,cafe,,,,POINT (28.962168 41.01654),30215226,23.642050400636176,28.9623402,41.0163717
5081610954,Lavinia cafe ve börek,40.998051,28.924038,food,amenity:cafe,cafe,,,,POINT (28.924038 40.998051),1034388000,21.296424197434334,28.9241941,40.9979
5106124129,Laviola,41.020068,28.940998,food,amenity:cafe,cafe,,,,POINT (28.940998 41.020068),12825913092,29.333075022664307,28.9413071,41.0201913
9777700653,Le Cafe Da palation,41.03203,28.948302,food,amenity:cafe,cafe,,,,POINT (28.948302 41.03203),1102850540,4.8978772020287265,28.9483134,41.0319868
5243951411,Lemonada,41.021138,28.945339,food,amenity:cafe,cafe,,,,POINT (28.945339 41.021138),1060106876,19.897283337462273,28.9451505,41.0212466
5113465233,Lena,41.018283,28.952602,food,amenity:cafe,cafe,,,,POINT (28.952602 41.018283),1061625001,36.73826768194562,28.9529921,41.0181329
8844311517,Levent Börek,41.015916,28.973611,food,amenity:cafe,cafe,,,,POINT (28.973611 41.015916),278344475,13.225812275589607,28.9734733,41.0158581
5108843539,Limon Cafe,41.009746,28.97655,food,amenity:cafe,cafe,,,,POINT (28.97655 41.009746),3179959794,10.64569633747108,28.9764414,41.0097955
5111215775,Lomga,41.003905,28.944179,food,amenity:cafe,cafe,,,,POINT (28.944179 41.003905),1058894004,0.6230874465677873,28.9441842,41.003901
5104610627,Loor,41.004827,28.965591,food,amenity:cafe,cafe,,,,POINT (28.965591 41.004827),2370393247,30.60588486137188,28.9658903,41.0046697
6325275992,Luna Istanbul,41.005157,28.969981,food,amenity:cafe,cafe,,,,POINT (28.969981 41.005157),275605024,18.849713156380215,28.9701951,41.0051057
5081442490,Mabed Kafe,41.023139,28.960866,food,amenity:cafe,cafe,,,,POINT (28.960866 41.023139),12022588411,15.720945095151512,28.9610393,41.0230852
3498778692,Mado,41.01757,28.949326,food,amenity:cafe,cafe,,,,POINT (28.949326 41.01757),1059851524,28.660830303474523,28.9496468,41.0174814
4286623821,Mado,41.00935,28.954362,food,amenity:cafe,cafe,,,,POINT (28.954362 41.00935),13478061301,30.214852083938464,28.9540121,41.0094142
5108843047,Mado,41.008109,28.976025,food,amenity:cafe,cafe,,,,POINT (28.976025 41.008109),8602048881,10.768647776097763,28.9758967,41.0081113
5110347259,Mado,41.015158,28.975705,food,amenity:cafe,cafe,,,,POINT (28.975705 41.015158),10617354303,7.969343554013388,28.975783,41.0151989
5113128103,Mado,41.009363,28.954476,food,amenity:cafe,cafe,,,,POINT (28.954476 41.009363),256098791,37.042992747960625,28.954521,41.0096944
5113500762,Mado,41.020521,28.946893,food,amenity:cafe,cafe,,,,POINT (28.946893 41.020521),9760089529,4.770889374472327,28.9468362,41.0205189
5113592184,Mado,41.01189,28.939101,food,amenity:cafe,cafe,,,,POINT (28.939101 41.01189),7711133828,24.113840025999828,28.9393256,41.0120253
5243945211,Mado,41.017611,28.949359,food,amenity:cafe,cafe,,,,POINT (28.949359 41.017611),1059851524,28.11921926423218,28.9496468,41.0174814
6394219985,Mado,41.008148,28.975783,food,amenity:cafe,cafe,,,,POINT (28.975783 41.008148),8602048874,9.231225174083024,28.9758696,41.0080968
7878317494,Mado,41.008316,28.97546,food,amenity:cafe,cafe,,,,POINT (28.97546 41.008316),8602048856,18.31537368059867,28.9754803,41.008152
5113483632,Mahzen cafe,41.020704,28.949005,food,amenity:cafe,cafe,,,,POINT (28.949005 41.020704),1061623932,19.253077765135895,28.9487861,41.020756
10296542409,Maison Balat,41.03083,28.94964,food,amenity:cafe,cafe,,,,POINT (28.94964 41.03083),2371733281,39.92422779009744,28.9501143,41.03086
6325038685,Mam coffe,41.008275,28.974167,food,amenity:cafe,cafe,,,,POINT (28.974167 41.008275),13431435312,19.06438154193588,28.9743879,41.0082349
5112834090,Maranda cafe,41.008992,28.95193,food,amenity:cafe,cafe,,,,POINT (28.95193 41.008992),13530207338,12.941470944918256,28.9517807,41.0090212
5112750838,Maria Kafe,41.038969,28.943101,food,amenity:cafe,cafe,,,,POINT (28.943101 41.038969),1066632150,18.655509876909004,28.9428803,41.0389481
5112736056,Markopaşa,41.014941,28.968898,food,amenity:cafe,cafe,,,,POINT (28.968898 41.014941),10628385994,18.350116748002364,28.9691033,41.0149979
6139118085,Marmara Cafe,41.01503,28.974951,food,amenity:cafe,cafe,,,,POINT (28.974951 41.01503),10617347201,12.263400662559762,28.974835,41.0149629
5115940978,Marmara Kafe,41.002162,28.932791,food,amenity:cafe,cafe,,,,POINT (28.932791 41.002162),1036041178,7.720929250150539,28.9328254,41.0020976
5081265972,Marmara cafe,41.015471,28.941749,food,amenity:cafe,cafe,,,,POINT (28.941749 41.015471),10090682094,19.274019817417912,28.9416909,41.0156387
5112966976,Marmara türkü evi ve cafe,41.003127,28.953155,food,amenity:cafe,cafe,,,,POINT (28.953155 41.003127),11046283812,22.358473197252525,28.9533843,41.0032294
5099060705,Marmaray cafe nargile,41.00645,28.951538,food,amenity:cafe,cafe,,,,POINT (28.951538 41.00645),1058892578,7.403488963327461,28.9516204,41.0064262
5112967006,Marmaray gargom cafe,41.00645,28.951747,food,amenity:cafe,cafe,,,,POINT (28.951747 41.00645),1058892578,10.947910816101745,28.9516204,41.0064262
5112971838,Marmaray çay evi,41.006852,28.9517,food,amenity:cafe,cafe,,,,POINT (28.9517 41.006852),1058892575,19.19468797695097,28.9515882,41.0070026
5113500303,Marmaris bufe,41.006132,28.973233,food,amenity:cafe,cafe,,,,POINT (28.973233 41.006132),31678606,9.886324946669756,28.9731154,41.0061266
5107247590,Masal Büfe ve Cafe,41.006806,28.930653,food,amenity:cafe,cafe,,,,POINT (28.930653 41.006806),13596806812,7.534306849486683,28.9306779,41.0068711
5088190879,Matya Kafe,40.99955,28.931921,food,amenity:cafe,cafe,,,,POINT (28.931921 40.99955),1035580905,8.823501264972416,28.9319396,40.9994719
5081264691,Mawal Cafe,41.01118,28.944002,food,amenity:cafe,cafe,,,,POINT (28.944002 41.01118),1059239800,33.62392346792378,28.9439924,41.0108777
5108843532,Mayas Corner Cafe,41.009418,28.976742,food,amenity:cafe,cafe,,,,POINT (28.976742 41.009418),1646281964,11.47294955605496,28.9768783,41.0094262
5243950778,Mazaj cafe,41.019923,28.941109,food,amenity:cafe,cafe,,,,POINT (28.941109 41.019923),1060107067,29.81284188553927,28.9407596,41.0198741
5244809876,Medusa Cafe,41.008197,28.968215,food,amenity:cafe,cafe,,,,POINT (28.968215 41.008197),3081525003,41.23581228532187,28.9682224,41.0085678
11834882670,Mehmet Erkoyuncu Sakatat ve Et Pazari,41.017855,28.955527,food,amenity:cafe,cafe,,,,POINT (28.955527 41.017855),3361072462,18.98438698515663,28.955417,41.0180042
5081442491,Mekan Cafe,41.023122,28.960894,food,amenity:cafe,cafe,,,,POINT (28.960894 41.023122),12022588411,12.857812023631766,28.9610393,41.0230852
5107247534,Melis Çay Evi,41.005592,28.930277,food,amenity:cafe,cafe,,,,POINT (28.930277 41.005592),1057576292,7.323690742015667,28.9303335,41.0056422
5106124132,Merdane Cafe,41.019815,28.94059,food,amenity:cafe,cafe,,,,POINT (28.94059 41.019815),1060107067,15.67283664513091,28.9407596,41.0198741
5113615732,Merdane hamur cafe,41.030406,28.937383,food,amenity:cafe,cafe,,,,POINT (28.937383 41.030406),1064575035,6.999807246817162,28.9374128,41.0303472
5106124379,Merhaba Pastaneleri,41.016132,28.952196,food,amenity:cafe,cafe,,,,POINT (28.952196 41.016132),1061625326,22.497106795493295,28.9521555,41.015932
5081442451,Merkez Cafe,41.022538,28.959871,food,amenity:cafe,cafe,,,,POINT (28.959871 41.022538),1061754083,14.75129926797134,28.9597393,41.0226259
8829972417,Meshur Dönerci,41.012722,28.966077,food,amenity:cafe,cafe,,,,POINT (28.966077 41.012722),30215248,13.057005350611801,28.965995,41.0126222
5112728873,Metro pasta cafe,41.011304,28.959233,food,amenity:cafe,cafe,,,,POINT (28.959233 41.011304),7784240485,28.600296424510198,28.9593583,41.0115432
5103810782,Meva Cafe,41.019837,28.927879,food,amenity:cafe,cafe,,,,POINT (28.927879 41.019837),2378713431,13.85113193642008,28.9280441,41.0198375
4587211490,Mezopotamya Nergile Cafe and Resturant,41.013907,28.977663,food,amenity:cafe,cafe,,,,POINT (28.977663 41.013907),2370332234,14.577786835827958,28.9776299,41.0137783
4577117092,Meşale Cafe,41.00559,28.978647,food,amenity:cafe,cafe,,,,POINT (28.978647 41.00559),3279422229,27.970497109459934,28.9783635,41.0054577
5113620681,Mihri Cafe,41.007115,28.979295,food,amenity:cafe,cafe,,,,POINT (28.979295 41.007115),278004957,33.763213088687564,28.9791606,41.0068288
5113487027,Mihri şah cafe,41.017134,28.964476,food,amenity:cafe,cafe,,,,POINT (28.964476 41.017134),311375343,11.407141173095146,28.964414,41.0172253
5110344573,Mim Kafe,41.017534,28.9673,food,amenity:cafe,cafe,,,,POINT (28.9673 41.017534),2379738160,4.40742540918066,28.967331,41.017502
4472516794,Mimar Sinan Teras Kafe,41.01742,28.96395,food,amenity:cafe,cafe,,,,POINT (28.96395 41.01742),4516155305,22.607807161775312,28.9636864,41.0173778
5110344586,Mimar sinan kafe,41.017291,28.964248,food,amenity:cafe,cafe,,,,POINT (28.964248 41.017291),311375343,15.72685229630421,28.964414,41.0172253
5113465238,Minder nargile,41.01849,28.952407,food,amenity:cafe,cafe,,,,POINT (28.952407 41.01849),1061625020,27.907271380252343,28.9523675,41.0187392
5107305831,Mini cafe,41.00876,28.948502,food,amenity:cafe,cafe,,,,POINT (28.948502 41.00876),1058892449,10.661582846177959,28.9486157,41.0088028
5113465228,Miraç Çay Evi,41.018057,28.952478,food,amenity:cafe,cafe,,,,POINT (28.952478 41.018057),3364897331,18.9820666301249,28.9526566,41.0179522
5107305878,Mirkelami Menemenci,41.009019,28.949739,food,amenity:cafe,cafe,,,,POINT (28.949739 41.009019),2371804459,40.09032333561014,28.9501579,41.0091924
5743237121,Mivan,41.006271,28.96943,food,amenity:cafe,cafe,,,,POINT (28.96943 41.006271),275600227,6.917381333719977,28.9693493,41.0062583
5112749755,Molla Aşkı Teras Cafe,41.033683,28.942947,food,amenity:cafe,cafe,,,,POINT (28.942947 41.033683),1103230133,22.29613052362124,28.9429439,41.0334825
5710046243,Moma's Cafe Restaurant,41.015812,28.976004,food,amenity:cafe,cafe,,,,POINT (28.976004 41.015812),3457689675,19.03745867278254,28.9761877,41.0159125
9777670114,More Cafe,41.031554,28.948785,food,amenity:cafe,cafe,,,,POINT (28.948785 41.031554),1102850539,6.13907617627877,28.9487645,41.031501
5115937364,Mue Cafe,41.00689,28.934892,food,amenity:cafe,cafe,,,,POINT (28.934892 41.00689),1057577362,14.08796838310826,28.9349727,41.0067789
5113462477,Muhabbeteyn,41.017155,28.950925,food,amenity:cafe,cafe,,,,POINT (28.950925 41.017155),1061625154,8.92963132924932,28.9509263,41.0172353
5106123807,Muhtar Cafe,41.021812,28.943954,food,amenity:cafe,cafe,,,,POINT (28.943954 41.021812),1060106872,9.105924520919006,28.9439434,41.0217305
10033646139,Muzenin kahvesı,41.011452,28.982278,food,amenity:cafe,cafe,,,,POINT (28.982278 41.011452),2674488920,11.37514347556786,28.9822969,41.0115533
5112750836,My Blue House,41.038299,28.943653,food,amenity:cafe,cafe,,,,POINT (28.943653 41.038299),3367729060,11.199506136680512,28.9437862,41.0383061
5113620696,My seka cafe,41.014565,28.979635,food,amenity:cafe,cafe,,,,POINT (28.979635 41.014565),11010266599,29.95293234025437,28.9796433,41.0142957
12732718360,Müzenin Kahvesi,41.01161,28.98073,food,amenity:cafe,cafe,,,,POINT (28.98073 41.01161),3424881158,31.53715734568039,28.9805375,41.0113664
5081265968,Nargila cafe,41.014931,28.942587,food,amenity:cafe,cafe,,,,POINT (28.942587 41.014931),2371697949,18.467740738987736,28.9425059,41.0150854
5113125320,Neco Kornet Dondurma,41.003508,28.930016,food,amenity:cafe,cafe,,,,POINT (28.930016 41.003508),1036041058,17.129575606672855,28.9301051,41.0033694
5088192818,Nergiz Market,40.998038,28.930038,food,amenity:cafe,cafe,,,,POINT (28.930038 40.998038),1035581171,15.179854980191923,28.9298651,40.9979979
974678810,Nev-i,41.027703,28.956579,food,amenity:cafe,cafe,,,,POINT (28.956579 41.027703),2378719428,11.80822452169477,28.9566572,41.0277913
5243952764,Nevada Coffee,41.01681,28.941464,food,amenity:cafe,cafe,,,,POINT (28.941464 41.01681),1060106974,22.39026804958545,28.9415557,41.0169991
5081445074,Nevi Cafe,41.027929,28.956468,food,amenity:cafe,cafe,,,,POINT (28.956468 41.027929),1061753230,13.38368048291579,28.9565086,41.0278126
5081442518,Nice Kafe ve Ev yemekleri,41.024528,28.958649,food,amenity:cafe,cafe,,,,POINT (28.958649 41.024528),1061753194,4.711115109813266,28.9587027,41.0245156
12347693536,No 15,41.012998,28.977023,food,amenity:cafe,cafe,,,,POINT (28.977023 41.012998),278366484,16.78229022277792,28.9769137,41.0131244
5111215754,Nokta,41.004642,28.934394,food,amenity:cafe,cafe,,,,POINT (28.934394 41.004642),1036040555,10.14547238449103,28.9344445,41.0047249
5088190901,Nokta internet cafe,41.004702,28.934358,food,amenity:cafe,cafe,,,,POINT (28.934358 41.004702),1036040555,7.692248469166692,28.9344445,41.0047249
5243952785,Nus nus,41.014648,28.944474,food,amenity:cafe,cafe,,,,POINT (28.944474 41.014648),1059851646,17.210665285531075,28.9443671,41.0145159
5482975826,Okyanus,41.017281,28.969719,food,amenity:cafe,cafe,,,,POINT (28.969719 41.017281),1620494638,10.246999109826412,28.9697311,41.0173727
5113486768,Okçular,41.027014,28.938743,food,amenity:cafe,cafe,,,,POINT (28.938743 41.027014),1060491381,25.307254423710113,28.9390048,41.0269009
5086061064,Onur Cafe,41.026153,28.955656,food,amenity:cafe,cafe,,,,POINT (28.955656 41.026153),1061754409,10.283349016719669,28.9556053,41.0260688
5113500318,Optimist cafe,41.005619,28.974622,food,amenity:cafe,cafe,,,,POINT (28.974622 41.005619),1645185386,10.44127231270324,28.9746216,41.0055251
5081264693,Orta Kahve,41.015009,28.941486,food,amenity:cafe,cafe,,,,POINT (28.941486 41.015009),1059239529,9.768204609799966,28.941526,41.0149265
5026474508,Osman Oğlu Cafe,41.010744,28.947781,food,amenity:cafe,cafe,,,,POINT (28.947781 41.010744),1059240030,15.914717091956769,28.9476018,41.0107909
5113481362,Osmanli çay evi,41.022916,28.948606,food,amenity:cafe,cafe,,,,POINT (28.948606 41.022916),10263288069,26.20373367876588,28.9486382,41.0231504
5243953079,Osmanlı cafe,41.032321,28.948128,food,amenity:cafe,cafe,,,,POINT (28.948128 41.032321),1060431418,24.27785981095217,28.9482462,41.0325203
3499195653,Ottoman Haimam Cafe,41.007073,28.981424,food,amenity:cafe,cafe,,,,POINT (28.981424 41.007073),277129913,29.449320262190696,28.9815959,41.0073039
5111215126,Oz antep tatlici,41.005419,28.936583,food,amenity:cafe,cafe,,,,POINT (28.936583 41.005419),2370778817,13.040399653043824,28.936471,41.0053377
5112749776,Pages Bookstore Cafe,41.031582,28.93865,food,amenity:cafe,cafe,,,,POINT (28.93865 41.031582),10610563936,8.869428773420339,28.9387556,41.0315779
5111215184,Pala cahve,41.007459,28.942891,food,amenity:cafe,cafe,,,,POINT (28.942891 41.007459),1058996265,22.610411450500454,28.9431495,41.0075164
5108843112,Palmiye Cafe,41.008484,28.977518,food,amenity:cafe,cafe,,,,POINT (28.977518 41.008484),3124384723,26.908064335613524,28.9773135,41.0086704
9988046618,Pan-Cake House,41.029856,28.950783,food,amenity:cafe,cafe,,,,POINT (28.950783 41.029856),9797231521,13.064247913847085,28.9506979,41.0299544
5109654676,Papeti Cafe,41.013181,28.932321,food,amenity:cafe,cafe,,,,POINT (28.932321 41.013181),412289927,15.856250554714283,28.9321803,41.0132762
5086061077,Pasha Hamam Cafe,41.025859,28.956253,food,amenity:cafe,cafe,,,,POINT (28.956253 41.025859),1061753375,38.57296808689321,28.9567015,41.0259355
5113126712,Pasta Sanatı,41.004605,28.931112,food,amenity:cafe,cafe,,,,POINT (28.931112 41.004605),1057576458,36.97568867601584,28.9311891,41.0049324
5111215168,Pasta cafe,41.006682,28.941089,food,amenity:cafe,cafe,,,,POINT (28.941089 41.006682),1058996227,5.720311271841124,28.9411142,41.0066342
5244801829,Patio Cafe,41.002751,28.971074,food,amenity:cafe,cafe,,,,POINT (28.971074 41.002751),2361227099,14.331387930146734,28.9712243,41.0028122
5113599454,Paşa,41.007295,28.93836,food,amenity:cafe,cafe,,,,POINT (28.93836 41.007295),1058996011,41.66835738210121,28.9379409,41.007094
5088194898,Paşa Sarayı Nargile Cafe,41.003264,28.930719,food,amenity:cafe,cafe,,,,POINT (28.930719 41.003264),1036041052,29.015154526120646,28.9306738,41.0035227
5088194880,Paşa Çay,41.003726,28.931724,food,amenity:cafe,cafe,,,,POINT (28.931724 41.003726),1036040877,12.261287290529383,28.9317057,41.0038354
5243952769,Pera Cafe,41.015786,28.942774,food,amenity:cafe,cafe,,,,POINT (28.942774 41.015786),2371706523,38.20051393916025,28.9429517,41.0154697
5113465236,Peron,41.018377,28.952522,food,amenity:cafe,cafe,,,,POINT (28.952522 41.018377),1061624454,42.24671268737315,28.9520686,41.0185423
10178438619,Peyk Away Coffee,41.00701,28.972181,food,amenity:cafe,cafe,,,,POINT (28.972181 41.00701),4780749715,14.045669546489162,28.9721407,41.0071326
5081265931,Pikinik Büfe,41.012733,28.94181,food,amenity:cafe,cafe,,,,POINT (28.94181 41.012733),1059239811,27.596688063178583,28.9418361,41.0129804
5111215742,Playstation,41.004286,28.93242,food,amenity:cafe,cafe,,,,POINT (28.93242 41.004286),1036041045,24.966478801494084,28.9324801,41.0040661
6329932085,Poika Coffee,41.00834,28.975021,food,amenity:cafe,cafe,,,,POINT (28.975021 41.00834),7711133787,18.144458155217983,28.9750654,41.0081803
9688152917,Popstel,41.030185,28.950564,food,amenity:cafe,cafe,,,,POINT (28.950564 41.030185),1102729588,15.465679577634484,28.9504025,41.0301179
9782808314,Prepeed Cafe,41.01414,28.979121,food,amenity:cafe,cafe,,,,POINT (28.979121 41.01414),278366504,30.180531893870253,28.9790721,41.0138711
5112749091,Reverence Balat,41.033231,28.946577,food,amenity:cafe,cafe,,,,POINT (28.946577 41.033231),1102850488,19.603442315273824,28.9467211,41.0330922
5112751033,Reverence Balat,41.033246,28.946579,food,amenity:cafe,cafe,,,,POINT (28.946579 41.033246),1102850685,20.370110938898957,28.9463362,41.0332421
5088192753,Reçete Cafe,41.001969,28.935995,food,amenity:cafe,cafe,,,,POINT (28.935995 41.001969),1035582633,21.356698802368854,28.9357716,41.001877
12254566936,Root'inn,41.015001,28.974344,food,amenity:cafe,cafe,,,,POINT (28.974344 41.015001),10617347201,41.412619788323894,28.974835,41.0149629
5243945184,Rumeli Cafe & Restaurant,41.017684,28.949264,food,amenity:cafe,cafe,,,,POINT (28.949264 41.017684),1059851524,39.229504351861074,28.9496468,41.0174814
4589956100,Rumeli Çikolatacısı,41.017687,28.949267,food,amenity:cafe,cafe,,,,POINT (28.949267 41.017687),1059851524,39.217240588999466,28.9496468,41.0174814
5108828654,Sagalasos Cafe İstanbul,41.014505,28.977278,food,amenity:cafe,cafe,,,,POINT (28.977278 41.014505),6903351874,25.94805397172787,28.9774699,41.014688
7234964285,Saklı Bahçe,41.012141,28.934238,food,amenity:cafe,cafe,,,,POINT (28.934238 41.012141),316926047,26.43122621116409,28.9342472,41.0123786
5100825072,Saklıbahçe Nargile Cafe,41.021481,28.926959,food,amenity:cafe,cafe,,,,POINT (28.926959 41.021481),1059137007,19.677772943443486,28.9270381,41.0213144
5088194829,Samatya Büfe,40.999624,28.931399,food,amenity:cafe,cafe,,,,POINT (28.931399 40.999624),1035581787,9.347259222170162,28.931318,40.9996817
5088190905,Samatya Cafe ve Van Kahvaltı Salonu,40.999307,28.932854,food,amenity:cafe,cafe,,,,POINT (28.932854 40.999307),1035580973,10.91037986752216,28.9327617,40.9992379
5108828690,Sarayburnu Aile Çay Bahçesi,41.017568,28.985708,food,amenity:cafe,cafe,,,,POINT (28.985708 41.017568),12382156880,25.98272769776185,28.9859844,41.0174626
3746916685,Sark Kahvesi,41.010567,28.967536,food,amenity:cafe,cafe,,,,POINT (28.967536 41.010567),3082517862,3.3946894507498517,28.9675632,41.0105444
5244809859,Sarnıç Nargile Cafe,41.008305,28.967066,food,amenity:cafe,cafe,,,,POINT (28.967066 41.008305),3081510979,12.207338360004309,28.9670034,41.0082059
5113465008,Satli kahve,41.019639,28.951807,food,amenity:cafe,cafe,,,,POINT (28.951807 41.019639),7244872125,12.34156583175208,28.9518916,41.0197298
4288291390,Sea front,41.017552,28.964466,food,amenity:cafe,cafe,,,,POINT (28.964466 41.017552),311375343,36.58846128626071,28.964414,41.0172253
5113620683,Sebil Cafe,41.007498,28.979634,food,amenity:cafe,cafe,,,,POINT (28.979634 41.007498),31678639,24.375662248146398,28.9796692,41.0072804
5108874525,Sedef Büfe,41.008126,28.973825,food,amenity:cafe,cafe,,,,POINT (28.973825 41.008126),3282349641,9.902508314259242,28.9739116,41.0081865
5086061116,Sedosh cafe,41.028702,28.952598,food,amenity:cafe,cafe,,,,POINT (28.952598 41.028702),364451385,11.08656370705705,28.9525507,41.0286089
5113127752,Sefa Cafe,41.005748,28.932444,food,amenity:cafe,cafe,,,,POINT (28.932444 41.005748),4540346428,20.748284490138747,28.9321996,41.0057197
5482975827,Sefa-i Hürrem Kafe,41.016617,28.966383,food,amenity:cafe,cafe,,,,POINT (28.966383 41.016617),30215239,19.260968160885742,28.9661658,41.0165609
5244812085,Sehrin Teras,41.018564,28.966154,food,amenity:cafe,cafe,,,,POINT (28.966154 41.018564),1261054643,18.05236302828412,28.9663104,41.0184525
5112834074,Sekiz kardşler patisseie cafe restaurant,41.00831,28.952908,food,amenity:cafe,cafe,,,,POINT (28.952908 41.00831),10263288029,30.157957044700005,28.9532613,41.0082602
5113483411,Selora,41.021088,28.948288,food,amenity:cafe,cafe,,,,POINT (28.948288 41.021088),1061622733,27.049011569722015,28.9483761,41.020854
12496720445,Semaver,41.002296,28.978252,food,amenity:cafe,cafe,,,,POINT (28.978252 41.002296),2316765894,43.80006846989346,28.9777371,41.0023605
11281508269,Sevda Gazozcusu,41.033449,28.946533,food,amenity:cafe,cafe,,,,POINT (28.946533 41.033449),1102850685,28.31558533991431,28.9463362,41.0332421
5244795905,Sevil Çay Ocağı,41.017046,28.968729,food,amenity:cafe,cafe,,,,POINT (28.968729 41.017046),3083509848,21.968006811138192,28.9686941,41.0172418
5113599489,Seylan Çay Evi,41.009491,28.946264,food,amenity:cafe,cafe,,,,POINT (28.946264 41.009491),1058892357,15.096356260952163,28.9464226,41.0095551
5106132786,Seyran,41.016348,28.930568,food,amenity:cafe,cafe,,,,POINT (28.930568 41.016348),10096318367,11.331605059536816,28.9305742,41.0164498
5243950770,Seyran,41.018016,28.944359,food,amenity:cafe,cafe,,,,POINT (28.944359 41.018016),1059852048,11.700051894728782,28.9444942,41.0179902
5109654672,Sezen Cafe,41.012843,28.93172,food,amenity:cafe,cafe,,,,POINT (28.93172 41.012843),316924160,49.076951809661104,28.9315342,41.0124245
5087179463,Sezercan cafe,40.996217,28.927425,food,amenity:cafe,cafe,,,,POINT (28.927425 40.996217),1034388135,11.11002481298932,28.9273794,40.9963108
5110342189,Simgur kafe,41.013406,28.960926,food,amenity:cafe,cafe,,,,POINT (28.960926 41.013406),311367423,23.93863521946467,28.9611774,41.0133042
5113487676,Simit Cafe,41.008123,28.973899,food,amenity:cafe,cafe,,,,POINT (28.973899 41.008123),3282349641,7.139603477068579,28.9739116,41.0081865
5243950721,Simit Cafe,41.016748,28.942191,food,amenity:cafe,cafe,,,,POINT (28.942191 41.016748),1059852065,21.43894404053997,28.9421928,41.0165552
5075929029,Simit Salonu,41.012235,28.940292,food,amenity:cafe,cafe,,,,POINT (28.940292 41.012235),9038926423,23.41861959132427,28.9400897,41.0120899
5075929061,Simit Salonu,41.010119,28.947953,food,amenity:cafe,cafe,,,,POINT (28.947953 41.010119),11532842214,27.36853856272814,28.9482238,41.0099818
5243949950,Simit Saray,41.021454,28.945509,food,amenity:cafe,cafe,,,,POINT (28.945509 41.021454),1061624086,35.06431524467152,28.9455157,41.0217693
5106132781,Simit Sarayı,41.016084,28.931084,food,amenity:cafe,cafe,,,,POINT (28.931084 41.016084),10096318361,16.501941124369566,28.9310314,41.016227
5110347260,Simit Sarayı,41.015282,28.975777,food,amenity:cafe,cafe,,,,POINT (28.975777 41.015282),10617354303,9.2540137747372,28.975783,41.0151989
5081274330,Simit salonu,41.009962,28.951631,food,amenity:cafe,cafe,,,,POINT (28.951631 41.009962),13530207333,6.480123273621306,28.9515894,41.0099129
5106132768,Simitçi Kahvesi,41.015116,28.933005,food,amenity:cafe,cafe,,,,POINT (28.933005 41.015116),412289931,14.884970443048763,28.9330345,41.015248
5053701524,Simurg,41.013444,28.961055,food,amenity:cafe,cafe,,,,POINT (28.961055 41.013444),10073446405,14.85115872279479,28.9611893,41.013531
5099040173,Sinekli Bakkal Çay Bahçesi,41.008262,28.947359,food,amenity:cafe,cafe,,,,POINT (28.947359 41.008262),10603586353,6.1802838675012275,28.9474195,41.0082303
5107245371,Sipahi Oğlu Cafe,41.004895,28.924692,food,amenity:cafe,cafe,,,,POINT (28.924692 41.004895),1055512592,26.296941726949846,28.9249995,41.0049406
5106132747,Sniper Coffee,41.013894,28.93555,food,amenity:cafe,cafe,,,,POINT (28.93555 41.013894),316924497,16.906107444076845,28.9357378,41.0139491
5194805323,Sofya kebab house,41.004745,28.970999,food,amenity:cafe,cafe,,,,POINT (28.970999 41.004745),248137315,17.545824234454635,28.9711774,41.0046627
5113471043,Sohbet Çay Evi,41.016891,28.951667,food,amenity:cafe,cafe,,,,POINT (28.951667 41.016891),1061625204,26.670770084970442,28.9514224,41.0167378
5243951382,Sola cafe,41.020202,28.945633,food,amenity:cafe,cafe,,,,POINT (28.945633 41.020202),1060106868,10.383852684522127,28.9455095,41.0202082
5113465012,Somuncu baba,41.019002,28.951097,food,amenity:cafe,cafe,,,,POINT (28.951097 41.019002),2371737279,12.830378714924922,28.9509536,41.0190421
3499249056,Son Osmanlı Nargile Cafe,41.015406,28.941901,food,amenity:cafe,cafe,,,,POINT (28.941901 41.015406),1059240231,21.95207586808468,28.9421171,41.0155173
5243950766,Special Cafe,41.018262,28.945281,food,amenity:cafe,cafe,,,,POINT (28.945281 41.018262),2379850486,18.59735959514856,28.9450951,41.0183531
2113030155,Starbucks,41.014481,28.945086,food,amenity:cafe,cafe,,,,POINT (28.945086 41.014481),1059851678,42.68033740610194,28.9454712,41.0147317
5081442497,Starbucks,41.024549,28.959158,food,amenity:cafe,cafe,,,,POINT (28.959158 41.024549),2378719423,27.167291827286274,28.9594797,41.0245209
5108843728,Starbucks,41.008334,28.973752,food,amenity:cafe,cafe,,,,POINT (28.973752 41.008334),13431435318,15.926944116456001,28.9739224,41.0082709
5243952762,Starbucks,41.017167,28.940939,food,amenity:cafe,cafe,,,,POINT (28.940939 41.017167),1060106940,21.899775656702392,28.9406807,41.0171386
9162042117,Starbucks,41.008474,28.969477,food,amenity:cafe,cafe,,,,POINT (28.969477 41.008474),277129980,9.723384807926072,28.9693989,41.0085386
5113592128,Sultan Cafe,41.008451,28.937445,food,amenity:cafe,cafe,,,,POINT (28.937445 41.008451),3371746129,14.170851754095318,28.9374992,41.0085717
6274260488,Sultanahmet Kahvesi,41.008336,28.975348,food,amenity:cafe,cafe,,,,POINT (28.975348 41.008336),8602048882,22.280295727105948,28.9751859,41.0081773
5113126642,Sunya Cafe,41.004038,28.931682,food,amenity:cafe,cafe,,,,POINT (28.931682 41.004038),1036040877,22.615738665058817,28.9317057,41.0038354
5113620685,Sur Cafe,41.010311,28.979179,food,amenity:cafe,cafe,,,,POINT (28.979179 41.010311),13433927174,34.463769811514325,28.9788206,41.0104624
5113615750,Sur cafe,41.031181,28.936368,food,amenity:cafe,cafe,,,,POINT (28.936368 41.031181),12356607908,12.030747244196023,28.9362273,41.03116
6939653172,Süleymaniye Coffee House,41.01575,28.961976,food,amenity:cafe,cafe,,,,POINT (28.961976 41.01575),13384266553,20.30101600560628,28.961845,41.0159035
12945229563,Süleymaniye Çikolatacısı,41.013031,28.960732,food,amenity:cafe,cafe,,,,POINT (28.960732 41.013031),3086131036,34.488081049775296,28.9605437,41.0133067
7021236414,Sütlü Kahve,41.011379,28.959187,food,amenity:cafe,cafe,,,,POINT (28.959187 41.011379),7784240485,23.236739279238005,28.9593583,41.0115432
5243945203,Sütlükahve,41.01904,28.947934,food,amenity:cafe,cafe,,,,POINT (28.947934 41.01904),1059851607,20.23998974231121,28.9478636,41.0192141
5107247588,Sılam Cafe,41.006957,28.930552,food,amenity:cafe,cafe,,,,POINT (28.930552 41.006957),13596806812,14.242229912154995,28.9306779,41.0068711
5115937998,Sıt-ar Cafe,41.009321,28.930793,food,amenity:cafe,cafe,,,,POINT (28.930793 41.009321),817265363,30.222152726653498,28.9304408,41.0092641
5113500285,T cafe,41.008111,28.971527,food,amenity:cafe,cafe,,,,POINT (28.971527 41.008111),8602077958,28.76512684021394,28.9715847,41.008366
5113592168,TADIM,41.011063,28.938705,food,amenity:cafe,cafe,,,,POINT (28.938705 41.011063),1058995758,16.408373747985177,28.9385352,41.0109898
5108837427,Tan Vakti,41.013759,28.97515,food,amenity:cafe,cafe,,,,POINT (28.97515 41.013759),11165697752,18.44106050985529,28.9749535,41.0138333
5113599723,Tarbuş Cafe,41.009813,28.945434,food,amenity:cafe,cafe,,,,POINT (28.945434 41.009813),2380739941,20.63385897765066,28.9452068,41.009884
5113465234,Tarihi At Pazarı,41.018498,28.952562,food,amenity:cafe,cafe,,,,POINT (28.952562 41.018498),1061625020,31.394227591181785,28.9523675,41.0187392
5113465269,Tarihi merkez çay evi,41.018136,28.951372,food,amenity:cafe,cafe,,,,POINT (28.951372 41.018136),1061625104,30.51861388863183,28.9516499,41.0183131
5113487043,Tarihi vezneciler külhan cafe,41.011464,28.961285,food,amenity:cafe,cafe,,,,POINT (28.961285 41.011464),10178682993,32.26036299427653,28.9611443,41.011194
8842876518,Tarini Eminönü kahvecisi,41.01641,28.973791,food,amenity:cafe,cafe,,,,POINT (28.973791 41.01641),10617341087,33.247527219499936,28.973486,41.0166009
5110347256,Tatlıcı Safa Sirkeci,41.014976,28.975606,food,amenity:cafe,cafe,,,,POINT (28.975606 41.014976),8602030539,3.5443080609437096,28.9756419,41.0149592
5115937376,Taç Cafe,41.008057,28.93695,food,amenity:cafe,cafe,,,,POINT (28.93695 41.008057),1058995962,13.077963610227341,28.9370442,41.0079633
5107305881,Tea House,41.008529,28.949775,food,amenity:cafe,cafe,,,,POINT (28.949775 41.008529),1058892518,4.499198501640243,28.9497964,41.0085661
5111206131,Teknik Internet cafe,41.020028,28.962236,food,amenity:cafe,cafe,,,,POINT (28.962236 41.020028),3085947154,7.010971100935676,28.9622944,41.0199829
5088190863,Telis Cafe,40.999454,28.932295,food,amenity:cafe,cafe,,,,POINT (28.932295 40.999454),1035580965,5.669534368613639,28.9322552,40.9994952
5113487026,Teras cafe,41.01694,28.964609,food,amenity:cafe,cafe,,,,POINT (28.964609 41.01694),311375342,21.20966980669704,28.9646459,41.0171287
5110344587,Teras kafe,41.017194,28.964388,food,amenity:cafe,cafe,,,,POINT (28.964388 41.017194),311375343,4.107494961927539,28.964414,41.0172253
5081443125,Terzioğlu cafe,41.024622,28.957229,food,amenity:cafe,cafe,,,,POINT (28.957229 41.024622),1061754292,3.888579701820428,28.9571986,41.0245956
7108569085,Teteria Narguile,41.008548,28.970712,food,amenity:cafe,cafe,,,,POINT (28.970712 41.008548),3181221421,3.5090587759036738,28.9707498,41.0085345
12347693544,The Coff's,41.013922,28.977041,food,amenity:cafe,cafe,,,,POINT (28.977041 41.013922),3079738258,11.15427168340036,28.977064,41.0138232
5244801972,The Corner Cafe,41.003699,28.969698,food,amenity:cafe,cafe,,,,POINT (28.969698 41.003699),275608484,8.468974236138557,28.969745,41.0037664
5081445066,The House Cafe,41.026414,28.958401,food,amenity:cafe,cafe,,,,POINT (28.958401 41.026414),2379807076,19.125630673149963,28.9583932,41.0262421
5113500242,Timeks cafe,41.004944,28.973621,food,amenity:cafe,cafe,,,,POINT (28.973621 41.004944),3075182593,15.626983416576252,28.9735421,41.0050713
5113620619,Topdeck,41.006231,28.980986,food,amenity:cafe,cafe,,,,POINT (28.980986 41.006231),278004973,11.311400538332798,28.9811167,41.0062559
5103810798,Topkapi Cafe,41.019746,28.92573,food,amenity:cafe,cafe,,,,POINT (28.92573 41.019746),2368765262,21.179101300068766,28.925817,41.0199248
11968450324,Topkapu,41.008801,28.981162,food,amenity:cafe,cafe,,,,POINT (28.981162 41.008801),31678654,18.332092283290624,28.9813197,41.0089151
5111212306,Truva,41.016213,28.973028,food,amenity:cafe,cafe,,,,POINT (28.973028 41.016213),252235465,21.05070245537978,28.9731127,41.0160348
5244801896,Turkish Street Cafe,41.003449,28.974962,food,amenity:cafe,cafe,,,,POINT (28.974962 41.003449),349271203,18.59557798329654,28.9749929,41.0036146
5107247603,Tuğra Pastanesi,41.006309,28.929118,food,amenity:cafe,cafe,,,,POINT (28.929118 41.006309),1057576118,4.990170415042358,28.9290675,41.0062853
5244807622,Türk Ocağı İstanbul Şubesi,41.008763,28.972495,food,amenity:cafe,cafe,,,,POINT (28.972495 41.008763),13431435311,42.665920388965134,28.9723709,41.0083909
5489388021,Türk ocagi,41.008781,28.973342,food,amenity:cafe,cafe,,,,POINT (28.973342 41.008781),269716442,17.288071774540494,28.9734961,41.0086778
5115933203,Türkiș Kafe,41.003469,28.930834,food,amenity:cafe,cafe,,,,POINT (28.930834 41.003469),1057576305,9.952794640884255,28.9307934,41.0035531
5244795903,Ugur Büfe ve Çayocağı,41.016918,28.968711,food,amenity:cafe,cafe,,,,POINT (28.968711 41.016918),3083509854,20.596119613797697,28.9684728,41.0169628
5113127741,Unkap Pastanesi,41.003935,28.931266,food,amenity:cafe,cafe,,,,POINT (28.931266 41.003935),1057578144,25.555293914457817,28.9314864,41.0037764
5244810297,Ureni Cafe,41.005049,28.965167,food,amenity:cafe,cafe,,,,POINT (28.965167 41.005049),248137304,21.908507239700878,28.9651379,41.0048532
5113126700,Uğur Çay Evi,41.005503,28.930986,food,amenity:cafe,cafe,,,,POINT (28.930986 41.005503),13596871521,14.131138519272106,28.9311177,41.0055822
5110342211,Vabens Cafe & Bistro,41.013074,28.960779,food,amenity:cafe,cafe,,,,POINT (28.960779 41.013074),3086131036,32.54664102189622,28.9605437,41.0133067
5110347242,Valide,41.016024,28.973013,food,amenity:cafe,cafe,,,,POINT (28.973013 41.016024),252235465,8.450553954603416,28.9731127,41.0160348
9988069817,Vanilla Balat,41.029952,28.950802,food,amenity:cafe,cafe,,,,POINT (28.950802 41.029952),9797231521,8.736177223613174,28.9506979,41.0299544
5081265960,Vatan Cafe,41.012107,28.946381,food,amenity:cafe,cafe,,,,POINT (28.946381 41.012107),1059239922,28.48844843345809,28.9463397,41.0118527
5110342187,Vefa Bozacısı 1876,41.015324,28.958418,food,amenity:cafe,cafe,,,,POINT (28.958418 41.015324),2370590079,21.84922407056145,28.958235,41.0151842
5053701523,Vefakar,41.013518,28.960538,food,amenity:cafe,cafe,,,,POINT (28.960538 41.013518),10617771287,17.892693468428646,28.9604812,41.0136731
10196872217,Velvet,41.031105,28.9487,food,amenity:cafe,cafe,,,,POINT (28.9487 41.031105),1102850639,30.968351364243635,28.9490144,41.031251
10296535709,Velvet Cafe Balat,41.031132,28.948745,food,amenity:cafe,cafe,,,,POINT (28.948745 41.031132),1102850639,26.18647524485913,28.9490144,41.031251
5081265932,Venezia Cafe,41.0125,28.941409,food,amenity:cafe,cafe,,,,POINT (28.941409 41.0125),1059239608,19.71000915071482,28.941367,41.0123256
5107305862,Vera Cafe,41.00835,28.949383,food,amenity:cafe,cafe,,,,POINT (28.949383 41.00835),1058892500,11.03652373169429,28.9493311,41.0082588
5113481347,Waterpipe,41.020889,28.949057,food,amenity:cafe,cafe,,,,POINT (28.949057 41.020889),1061624325,22.073956073427418,28.9492661,41.0207685
5106121842,Yale Cafe,41.016824,28.954338,food,amenity:cafe,cafe,,,,POINT (28.954338 41.016824),10660070279,13.218879543944633,28.9544785,41.0168778
5113470994,Yaren Çay Ocağı,41.014897,28.927532,food,amenity:cafe,cafe,,,,POINT (28.927532 41.014897),316968641,20.63009385427531,28.9277699,41.0148501
5081442489,Yarım Elma Kafe,41.02308,28.960943,food,amenity:cafe,cafe,,,,POINT (28.960943 41.02308),12022588411,8.099330504860419,28.9610393,41.0230852
5086061063,Yazicioglu Cafe,41.026028,28.955686,food,amenity:cafe,cafe,,,,POINT (28.955686 41.026028),1061754409,8.149268043681232,28.9556053,41.0260688
4225526502,Yaşar Çay Cafe,41.016564,28.950485,food,amenity:cafe,cafe,,,,POINT (28.950485 41.016564),3398293421,23.372262870434227,28.9506625,41.016726
11020844512,Yaşayan Mutfak,41.0097,28.976672,food,amenity:cafe,cafe,,,,POINT (28.976672 41.0097),3179959794,22.07154640082646,28.9764414,41.0097955
5113483662,Yedi emirler çay evi,41.020863,28.947167,food,amenity:cafe,cafe,,,,POINT (28.947167 41.020863),1061622686,22.940793469634226,28.9470465,41.0210482
5110344552,Yeditepe cafe,41.017122,28.966355,food,amenity:cafe,cafe,,,,POINT (28.966355 41.017122),1261054605,5.4014667886637024,28.9664124,41.017144
5113470974,Yeraltı Cafe,41.013482,28.923816,food,amenity:cafe,cafe,,,,POINT (28.923816 41.013482),1057575660,21.941745792347785,28.9237805,41.0132865
5113610076,Yeşil karadeniz kıraathanesi,41.031055,28.94472,food,amenity:cafe,cafe,,,,POINT (28.94472 41.031055),1102850457,4.591886311600322,28.9447398,41.0310165
6132533387,Yolsanat,40.99441,28.927367,food,amenity:cafe,cafe,,,,POINT (28.927367 40.99441),1034388055,29.4394012094839,28.9277148,40.9944444
5108843072,Yücer Han Çay Ocağı,41.00914,28.975704,food,amenity:cafe,cafe,,,,POINT (28.975704 41.00914),275612349,20.38983915458659,28.9755004,41.0090399
5113481391,Yıldırım çay evi,41.024172,28.948316,food,amenity:cafe,cafe,,,,POINT (28.948316 41.024172),10263288070,23.781716032118638,28.9485017,41.0243336
5075929028,Zaitoune Oglu tatlasi,41.012294,28.940187,food,amenity:cafe,cafe,,,,POINT (28.940187 41.012294),9038926423,24.118635586461014,28.9400897,41.0120899
5106123816,Zaitouneh Oğlu,41.020918,28.942452,food,amenity:cafe,cafe,,,,POINT (28.942452 41.020918),12825913094,8.485330286489528,28.9425529,41.0209127
11729934270,Zeyrekhane,41.019915,28.957708,food,amenity:cafe,cafe,,,,POINT (28.957708 41.019915),12840929399,36.4550166358278,28.9572822,41.0199804
5110345634,Zirve büfe,41.011908,28.974807,food,amenity:cafe,cafe,,,,POINT (28.974807 41.011908),2768450538,21.3368871650336,28.9749267,41.0120773
5113465252,Zuhal pastanesi,41.018732,28.952465,food,amenity:cafe,cafe,,,,POINT (28.952465 41.018732),1061625020,8.218959420689105,28.9523675,41.0187392
8829972517,balik ekmek,41.00892,28.96755,food,amenity:cafe,cafe,,,,POINT (28.96755 41.00892),13431433996,5.031246584674348,28.9674905,41.0089144
5040021621,bi kahve,41.014439,28.974736,food,amenity:cafe,cafe,,,,POINT (28.974736 41.014439),3402247668,11.411678043761675,28.9746011,41.0144259
9410434317,degirmencioglu,41.011655,28.97003,food,amenity:cafe,cafe,,,,POINT (28.97003 41.011655),311371096,25.572867849455076,28.9697297,41.0116157
5088192745,güçlü büfe,41.002167,28.936886,food,amenity:cafe,cafe,,,,POINT (28.936886 41.002167),1036041686,10.283167679642508,28.9367978,41.0022312
5243951400,joman's cafe,41.021194,28.944604,food,amenity:cafe,cafe,,,,POINT (28.944604 41.021194),2371623903,17.96480500708129,28.9444245,41.0212821
5113609519,karagümrük spor lokali cafe,41.026416,28.939977,food,amenity:cafe,cafe,,,,POINT (28.939977 41.026416),13382485574,21.525558726510408,28.9397664,41.0263054
11019981807,mare mosso caffè e vendite,41.034077,28.946383,food,amenity:cafe,cafe,,,,POINT (28.946383 41.034077),10613252747,6.760997895218061,28.9464144,41.034133
6390543885,peşrevzade,41.014328,28.974861,food,amenity:cafe,cafe,,,,POINT (28.974861 41.014328),3402247668,24.37229408354858,28.9746011,41.0144259
5110342153,pide cafe bestro,41.013541,28.961135,food,amenity:cafe,cafe,,,,POINT (28.961135 41.013541),10073446405,4.689652399048097,28.9611893,41.013531
5110342151,pipo kafe,41.013302,28.96103,food,amenity:cafe,cafe,,,,POINT (28.96103 41.013302),311367423,12.369729465589543,28.9611774,41.0133042
9585484817,quedada,41.010972,28.968723,food,amenity:cafe,cafe,,,,POINT (28.968723 41.010972),3082586181,11.96009317958624,28.9688633,41.010991
5110342148,sahra kafe,41.013422,28.960766,food,amenity:cafe,cafe,,,,POINT (28.960766 41.013422),3086131036,22.63307544155092,28.9605437,41.0133067
5244795904,salep kadem salepçilik,41.016992,28.968815,food,amenity:cafe,cafe,,,,POINT (28.968815 41.016992),3083509854,28.89304092755634,28.9684728,41.0169628
5243951420,sultan jepe,41.021312,28.944977,food,amenity:cafe,cafe,,,,POINT (28.944977 41.021312),1060106876,16.2709700131859,28.9451505,41.0212466
5110342147,tebessüm kafe,41.013444,28.961068,food,amenity:cafe,cafe,,,,POINT (28.961068 41.013444),10073446405,14.041561738921265,28.9611893,41.013531
5243951378,trend cafe,41.020361,28.945913,food,amenity:cafe,cafe,,,,POINT (28.945913 41.020361),1060106875,9.806467028108942,28.9459207,41.020449
5113481381,uğur pastanesi,41.023752,28.947679,food,amenity:cafe,cafe,,,,POINT (28.947679 41.023752),1061624045,22.606271467344413,28.9474277,41.0236786
5026474509,vay cafe,41.01091,28.947647,food,amenity:cafe,cafe,,,,POINT (28.947647 41.01091),4618151745,13.16953203989195,28.947673,41.0110268
5026474514,vay cafe,41.012867,28.945195,food,amenity:cafe,cafe,,,,POINT (28.945195 41.012867),2380735243,26.661861842611803,28.9452655,41.0131008
5110342171,vefa internet cafe,41.016838,28.958609,food,amenity:cafe,cafe,,,,POINT (28.958609 41.016838),311375350,16.791351953686085,28.9587984,41.0167892
5075962035,yeni kahve,41.012565,28.949086,food,amenity:cafe,cafe,,,,POINT (28.949086 41.012565),1059852770,11.019648880529965,28.9491876,41.0125022
5112749747,Çakırağa Çay Evi,41.032931,28.939584,food,amenity:cafe,cafe,,,,POINT (28.939584 41.032931),1064574865,12.41237542606297,28.939668,41.0330229
5243951992,Çarkicioglu kunefe,41.01867,28.943997,food,amenity:cafe,cafe,,,,POINT (28.943997 41.01867),1060106884,16.2691129955945,28.9439808,41.0185242
5113483379,Çay,41.021632,28.948058,food,amenity:cafe,cafe,,,,POINT (28.948058 41.021632),1061622767,13.45319363072933,28.9479041,41.021598
5243951387,Çay,41.020679,28.945095,food,amenity:cafe,cafe,,,,POINT (28.945095 41.020679),1060106869,7.694487969712454,28.9450074,41.0206995
5107245402,Çay Evi,41.006941,28.927568,food,amenity:cafe,cafe,,,,POINT (28.927568 41.006941),1057576038,37.2029226625073,28.9271294,41.0069899
5113125938,Çay Evi,41.004171,28.928847,food,amenity:cafe,cafe,,,,POINT (28.928847 41.004171),2380794371,18.019878281240803,28.9286953,41.0040563
5113127748,Çay Evi,41.005187,28.931549,food,amenity:cafe,cafe,,,,POINT (28.931549 41.005187),3363400945,29.96540278660291,28.9311921,41.005196
5088194825,Çay Evı,40.999931,28.931674,food,amenity:cafe,cafe,,,,POINT (28.931674 40.999931),1035581614,7.9364580186003355,28.9315806,40.9999198
5112749104,Çay Ocağı,41.033243,28.94458,food,amenity:cafe,cafe,,,,POINT (28.94458 41.033243),1102850524,7.8470880215174015,28.9446684,41.0332199
5081445083,Çaykur Özel Çaylar Satış Bayii,41.028746,28.952806,food,amenity:cafe,cafe,,,,POINT (28.952806 41.028746),364451385,26.287389368931535,28.9525507,41.0286089
4940583962,Çi Börek,41.011134,28.934419,food,amenity:cafe,cafe,,,,POINT (28.934419 41.011134),4601372338,12.528232049258309,28.9345598,41.0110965
5113462476,Çikolata hane,41.017253,28.950878,food,amenity:cafe,cafe,,,,POINT (28.950878 41.017253),1061625154,4.504948361405768,28.9509263,41.0172353
8839753117,Çinaralti Cafe,41.01535,28.974288,food,amenity:cafe,cafe,,,,POINT (28.974288 41.01535),13602762042,21.99836209892469,28.9744658,41.0154954
5075929041,Çobanoğlu,41.011112,28.94362,food,amenity:cafe,cafe,,,,POINT (28.94362 41.011112),2371631230,14.570532969424644,28.9435587,41.0109894
5113462472,Çobanoğlu Baklavacı,41.017466,28.950302,food,amenity:cafe,cafe,,,,POINT (28.950302 41.017466),1061625197,26.714259191309587,28.9504414,41.017682
5115940962,Çınar Cafe,41.000324,28.930751,food,amenity:cafe,cafe,,,,POINT (28.930751 41.000324),1035581607,12.22943772183839,28.930881,41.0003737
5113495951,Öz cafe,41.026749,28.936149,food,amenity:cafe,cafe,,,,POINT (28.936149 41.026749),1060491295,25.593056949392192,28.9361375,41.026519
5081442514,Özge Cafe,41.025361,28.958008,food,amenity:cafe,cafe,,,,POINT (28.958008 41.025361),1061753319,7.194635955843533,28.9580401,41.025421
5108843389,Özgün Çay Evi,41.010664,28.977166,food,amenity:cafe,cafe,,,,POINT (28.977166 41.010664),3079788591,17.639996971930938,28.9770198,41.01055
5107247558,Özgür Büfe,41.00418,28.929485,food,amenity:cafe,cafe,,,,POINT (28.929485 41.00418),1055513083,29.50030149313969,28.9292794,41.0039648
5243952002,çay evi,41.019238,28.943419,food,amenity:cafe,cafe,,,,POINT (28.943419 41.019238),1060107005,24.829299326094503,28.9435035,41.019024
5130480321,çikolata cafe,41.021239,28.945613,food,amenity:cafe,cafe,,,,POINT (28.945613 41.021239),1060106902,26.46061526347992,28.9459173,41.0211764
5110342161,özlem kafe,41.016014,28.959137,food,amenity:cafe,cafe,,,,POINT (28.959137 41.016014),512541822,10.081488677121794,28.9591562,41.0161035
5113481400,İlkerim cafe,41.023624,28.95145,food,amenity:cafe,cafe,,,,POINT (28.95145 41.023624),1061753677,20.641279541044938,28.9512461,41.0235201
5113594821,İnternet Cafe,41.009346,28.947908,food,amenity:cafe,cafe,,,,POINT (28.947908 41.009346),1058892458,38.948058039871455,28.9481322,41.0090393
5113620673,İstanbul Kahvehanesi,41.006212,28.978663,food,amenity:cafe,cafe,,,,POINT (28.978663 41.006212),3243465420,13.934352873819313,28.9785569,41.0061156
5110344548,Şafak Büfe,41.017826,28.966956,food,amenity:cafe,cafe,,,,POINT (28.966956 41.017826),1261054728,10.48982842023512,28.9670371,41.0178978
5113465223,Şam kahvesi,41.017839,28.952099,food,amenity:cafe,cafe,,,,POINT (28.952099 41.017839),1061625106,11.341910951366984,28.9520992,41.017941
5081442501,Şantiye,41.026041,28.958819,food,amenity:cafe,cafe,,,,POINT (28.958819 41.026041),1061753332,28.070259551863185,28.9585576,41.0261986
5106122985,Şefikoğluları Künefe,41.017159,28.954395,food,amenity:cafe,cafe,,,,POINT (28.954395 41.017159),10660070279,32.04323005545765,28.9544785,41.0168778
5100823715,Şehri destan Cafe,41.01693,28.931141,food,amenity:cafe,cafe,,,,POINT (28.931141 41.01693),1059137419,15.032128317205608,28.9312066,41.0168042
4944079421,Şehzade Nargile Cafe Restaurant,41.005846,28.933919,food,amenity:cafe,cafe,,,,POINT (28.933919 41.005846),3363412435,21.828562638589847,28.9336864,41.0059339
5113465020,Şelale çay evi,41.01796,28.952025,food,amenity:cafe,cafe,,,,POINT (28.952025 41.01796),1061625106,6.57390593428065,28.9520992,41.017941
5113480886,şam şerif,41.020086,28.948156,food,amenity:cafe,cafe,,,,POINT (28.948156 41.020086),2371712091,12.306736645421516,28.9480177,41.0200491
10781264705,Изил,41.003369,28.968932,food,amenity:cafe,cafe,,,,POINT (28.968932 41.003369),3075078796,19.005508213783987,28.9687878,41.0035008
5108828629,Кафе Стамбул,41.013405,28.978358,food,amenity:cafe,cafe,,,,POINT (28.978358 41.013405),3079738246,24.767883763992028,28.9781099,41.0135257
4299010989,Панорама Стамбула,41.016976,28.966256,food,amenity:cafe,cafe,,,,POINT (28.966256 41.016976),1261054605,22.82871115694112,28.9664124,41.017144
4318400191,محمد أفندي,41.016553,28.970383,food,amenity:cafe,cafe,,,,POINT (28.970383 41.016553),3083509873,2.025687527873424,28.9703599,41.0165583
5230181122,مطعم طربوش,41.010468,28.946386,food,amenity:cafe,cafe,,,,POINT (28.946386 41.010468),10093528155,33.30372997090387,28.9465776,41.0102057
5106132752,2 Lokma,41.014232,28.934838,food,amenity:restaurant,restaurant,,,,POINT (28.934838 41.014232),1295933748,18.73462926410474,28.9347983,41.0143978
5016287521,2017,41.010174,28.947996,food,amenity:restaurant,restaurant,,,,POINT (28.947996 41.010174),11532842214,28.67222205912381,28.9482238,41.0099818
5188756121,2K Chicken,41.016813,28.970432,food,amenity:restaurant,restaurant,,,,POINT (28.970432 41.016813),11812527287,11.026401808351132,28.9705325,41.0168769
5108843556,360 Panorama Cihannuma Restaurant,41.009146,28.977554,food,amenity:restaurant,restaurant,,,,POINT (28.977554 41.009146),4780788656,41.10426352571036,28.9773351,41.0094767
5112834045,37 sultan restaurant,41.008685,28.951606,food,amenity:restaurant,restaurant,,,,POINT (28.951606 41.008685),4286601068,37.77712127722077,28.9515932,41.0090246
5113620686,3B resturant,41.009867,28.978836,food,amenity:restaurant,restaurant,,,,POINT (28.978836 41.009867),13433927166,34.242436526743404,28.9785921,41.0096201
5081274323,63 Metro Pide,41.010516,28.951441,food,amenity:restaurant,restaurant,,,,POINT (28.951441 41.010516),990015289,7.558821909723148,28.9513525,41.0105033
4145039606,AGORA Meyhanesi 1890,41.033537,28.946766,food,amenity:restaurant,restaurant,,,,POINT (28.946766 41.033537),1590877531,15.03408205915548,28.9468634,41.0336505
2771801936,ANTEB Kebab & Pizza,41.008581,28.974044,food,amenity:restaurant,restaurant,,,,POINT (28.974044 41.008581),269716327,13.53479396198484,28.9741832,41.0086425
5100823691,ASRIN PASTANESi,41.019415,28.931988,food,amenity:restaurant,restaurant,,,,POINT (28.931988 41.019415),11036241529,13.222627029180158,28.9321353,41.0194573
5113470996,Abalı Quesillas Mexican Restaurant,41.015183,28.927596,food,amenity:restaurant,restaurant,,,,POINT (28.927596 41.015183),818879506,26.23597790050817,28.9278169,41.015016
5113598487,Abo şemso,41.009994,28.941061,food,amenity:restaurant,restaurant,,,,POINT (28.941061 41.009994),1058995844,13.150249235089694,28.9409149,41.0099512
9584848878,Acar Büfe - Hocapaşa Menemencisi,41.014042,28.975426,food,amenity:restaurant,restaurant,,,,POINT (28.975426 41.014042),3079738266,6.2608454295812335,28.975425,41.0139857
5110347273,Acemoğlu Baklavaları,41.016058,28.976222,food,amenity:restaurant,restaurant,,,,POINT (28.976222 41.016058),3457706707,14.984819070638416,28.9763164,41.0161724
5244796162,Acemoğlu Beklavaları,41.017297,28.968848,food,amenity:restaurant,restaurant,,,,POINT (28.968848 41.017297),3083509880,5.518114896188168,28.9688329,41.0173453
5113473738,Acıktım Kardeşler Pide Lahmacun Şehremini,41.012006,28.92475,food,amenity:restaurant,restaurant,,,,POINT (28.92475 41.012006),316974282,16.35326118531302,28.924943,41.0119855
5075962044,Acıktım dürüm evi,41.011591,28.950018,food,amenity:restaurant,restaurant,,,,POINT (28.950018 41.011591),990017839,7.793892860820302,28.9499525,41.0116407
5115937383,Ada Balık Evim,41.00936,28.937601,food,amenity:restaurant,restaurant,,,,POINT (28.937601 41.00936),1036040451,14.493856704653023,28.9377177,41.0094561
9480329226,Adana Güneş Kebap,41.016953,28.956147,food,amenity:restaurant,restaurant,,,,POINT (28.956147 41.016953),1061624202,19.618740982295268,28.9560294,41.0171055
5113599517,Adıvar Cafeteria,41.009511,28.945354,food,amenity:restaurant,restaurant,,,,POINT (28.945354 41.009511),2371640755,15.910539479194565,28.9451713,41.0094727
5110342166,Afacan büfe,41.015608,28.958845,food,amenity:restaurant,restaurant,,,,POINT (28.958845 41.015608),1260095496,10.536681226175507,28.9588246,41.0157015
5243950219,Affouri,41.017049,28.942568,food,amenity:restaurant,restaurant,,,,POINT (28.942568 41.017049),4620828422,19.5739241393786,28.9427182,41.0169143
10183104124,Afghan Faryab restaurant,41.005036,28.958007,food,amenity:restaurant,restaurant,,,,POINT (28.958007 41.005036),1018527964,19.193947262867272,28.9577806,41.0050606
5110342163,Ahmet usta dürüm,41.015527,28.958824,food,amenity:restaurant,restaurant,,,,POINT (28.958824 41.015527),1260095496,19.403607410600497,28.9588246,41.0157015
5243952776,Ahsen hatay sofrasi,41.015241,28.943519,food,amenity:restaurant,restaurant,,,,POINT (28.943519 41.015241),1059851833,29.031737344101884,28.9438177,41.0153728
5111214093,Ahtim,41.004318,28.943793,food,amenity:restaurant,restaurant,,,,POINT (28.943793 41.004318),1058996287,4.644565028326129,28.9438295,41.0042866
5099040204,Ahtım Köfte ve Ev Yemekleri,41.004392,28.943862,food,amenity:restaurant,restaurant,,,,POINT (28.943862 41.004392),1058996287,12.033089194324464,28.9438295,41.0042866
6434110785,Ahır Kapı Fish House,41.003308,28.97985,food,amenity:restaurant,restaurant,,,,POINT (28.97985 41.003308),566635077,23.112301677497616,28.979591,41.0032373
5112749785,Ak Çiçek Mangal,41.030439,28.940378,food,amenity:restaurant,restaurant,,,,POINT (28.940378 41.030439),1064222017,7.2495658855004805,28.9404533,41.030407
9383576823,Akar,41.014917,28.963049,food,amenity:restaurant,restaurant,,,,POINT (28.963049 41.014917),1936903879,5.502071552392945,28.963108,41.0148954
5113620669,Akbıyık Balık Evi,41.004842,28.979573,food,amenity:restaurant,restaurant,,,,POINT (28.979573 41.004842),278004976,19.077683655737786,28.9793458,41.0048358
5599608787,Akdamar Lokantasi,41.013943,28.976027,food,amenity:restaurant,restaurant,,,,POINT (28.976027 41.013943),2379693988,21.082734686986697,28.9757946,41.0138709
5243950212,Akdeniz Büfe,41.018872,28.946289,food,amenity:restaurant,restaurant,,,,POINT (28.946289 41.018872),1059852031,18.503387825506817,28.9460718,41.0189009
3658729750,Akdeniz Hatay Sofrasi,41.013908,28.945783,food,amenity:restaurant,restaurant,,,,POINT (28.945783 41.013908),1059852001,13.27745963704757,28.9456381,41.01386
5075994624,Akdeniz Hatay Sofrası,41.01383,28.945738,food,amenity:restaurant,restaurant,,,,POINT (28.945738 41.01383),1059852001,9.02126699692802,28.9456381,41.01386
5108843969,Akraba Köfteci,41.009757,28.974789,food,amenity:restaurant,restaurant,,,,POINT (28.974789 41.009757),3079788577,22.285962512135367,28.9745505,41.0096688
5081274321,Aksaray Börek,41.010631,28.951424,food,amenity:restaurant,restaurant,,,,POINT (28.951424 41.010631),990015289,15.414953695135102,28.9513525,41.0105033
5099065446,Aksaray Mangal,41.009076,28.948434,food,amenity:restaurant,restaurant,,,,POINT (28.948434 41.009076),1058892562,11.787566921287858,28.9485135,41.0091634
5026474515,Aksaray Restaurant,41.013466,28.94472,food,amenity:restaurant,restaurant,,,,POINT (28.94472 41.013466),1059239841,15.002921385587292,28.9448308,41.0133601
5130434313,Aksu Restaurant,41.007893,28.954231,food,amenity:restaurant,restaurant,,,,POINT (28.954231 41.007893),269723150,25.702121030569256,28.9543076,41.0076692
10178438648,Akvaryum Restaurant,41.003659,28.96522,food,amenity:restaurant,restaurant,,,,POINT (28.96522 41.003659),1016468774,10.81889026358309,28.9651758,41.0035676
5113481348,Akçaabat köfte,41.020974,28.949043,food,amenity:restaurant,restaurant,,,,POINT (28.949043 41.020974),1061624325,29.537456760809466,28.9492661,41.0207685
5113611488,Akçiçek doner,41.030199,28.940095,food,amenity:restaurant,restaurant,,,,POINT (28.940095 41.030199),1064222016,5.113392370491465,28.9401493,41.0301781
5106123814,Akşemsettin Balık Lokantası,41.02105,28.942674,food,amenity:restaurant,restaurant,,,,POINT (28.942674 41.02105),12825913094,18.338452212790266,28.9425529,41.0209127
5115939230,Al Baron Restaurant,41.008402,28.936749,food,amenity:restaurant,restaurant,,,,POINT (28.936749 41.008402),5387282071,5.061915132209064,28.9367659,41.0083583
5244807978,Al Rayan Restoran,41.009146,28.967503,food,amenity:restaurant,restaurant,,,,POINT (28.967503 41.009146),13431433995,16.966393123552567,28.9673488,41.0092447
5113480889,Al jenani,41.019902,28.947811,food,amenity:restaurant,restaurant,,,,POINT (28.947811 41.019902),10263288065,22.14077236531323,28.9476084,41.0197744
5243950807,Alamin,41.01985,28.945563,food,amenity:restaurant,restaurant,,,,POINT (28.945563 41.01985),1060106996,32.15065704276617,28.9453627,41.0196035
5108843763,Alaturka Cuisine Cafe and Restaurant,41.008304,28.975406,food,amenity:restaurant,restaurant,,,,POINT (28.975406 41.008304),8602048856,18.014843065324527,28.9754803,41.008152
5113620641,Albura kathisma resturant & cafe,41.005829,28.980486,food,amenity:restaurant,restaurant,,,,POINT (28.980486 41.005829),1248902329,6.441282124313252,28.9805593,41.0058118
9609786052,Alemdar Restaurant,41.00953,28.978528,food,amenity:restaurant,restaurant,,,,POINT (28.978528 41.00953),13433927166,11.37110574874405,28.9785921,41.0096201
5108843565,Alemdar Restaurant and Cafe,41.009462,28.978236,food,amenity:restaurant,restaurant,,,,POINT (28.978236 41.009462),13433927166,34.66762065115743,28.9785921,41.0096201
5088190876,Ali Haydar İkinci Bahar,40.999974,28.931946,food,amenity:restaurant,restaurant,,,,POINT (28.931946 40.999974),1035580900,17.451096204854363,28.9317724,41.0000604
5107245367,Ali Usta,41.006558,28.924925,food,amenity:restaurant,restaurant,,,,POINT (28.924925 41.006558),1055512585,24.02708621721035,28.9249946,41.0067676
5108843730,Ali Usta,41.008288,28.97412,food,amenity:restaurant,restaurant,,,,POINT (28.97412 41.008288),13431435318,16.689179060929995,28.9739224,41.0082709
5243951532,Ali baba,41.018603,28.946528,food,amenity:restaurant,restaurant,,,,POINT (28.946528 41.018603),1059851616,16.2220138416768,28.9465493,41.018458
5113500751,Ali usta,41.021127,28.946311,food,amenity:restaurant,restaurant,,,,POINT (28.946311 41.021127),1060106902,33.482357841450245,28.9459173,41.0211764
5112834055,Ali usta baklava,41.008167,28.951906,food,amenity:restaurant,restaurant,,,,POINT (28.951906 41.008167),1058892571,26.878861895179604,28.9515971,41.008231
5244801993,Alice,41.003624,28.972819,food,amenity:restaurant,restaurant,,,,POINT (28.972819 41.003624),275606363,19.167811923342516,28.9725973,41.0035825
5075929039,Allüş cafe,41.011017,28.943999,food,amenity:restaurant,restaurant,,,,POINT (28.943999 41.011017),1059239800,15.499371376044254,28.9439924,41.0108777
5110344542,Allı börek,41.017065,28.966763,food,amenity:restaurant,restaurant,,,,POINT (28.966763 41.017065),311375190,9.442094649698063,28.9668417,41.0171257
5113471040,Almahaba restaurant,41.016651,28.951281,food,amenity:restaurant,restaurant,,,,POINT (28.951281 41.016651),10263288055,14.367738262150088,28.951197,41.0165384
5243950176,Almanar,41.01715,28.942937,food,amenity:restaurant,restaurant,,,,POINT (28.942937 41.01715),1060106949,21.61234941656302,28.9428061,41.0169826
5075929044,Alnabelsi resturant,41.010888,28.94504,food,amenity:restaurant,restaurant,,,,POINT (28.94504 41.010888),13530207311,28.53660686920632,28.9448946,41.010656
5113495717,Alnur,41.026738,28.937666,food,amenity:restaurant,restaurant,,,,POINT (28.937666 41.026738),1060491274,24.453296382711624,28.9374385,41.0268755
5075929046,Alqubtan resturants,41.010845,28.944917,food,amenity:restaurant,restaurant,,,,POINT (28.944917 41.010845),13530207311,21.099747662872115,28.9448946,41.010656
5113483405,Alraii,41.021316,28.947998,food,amenity:restaurant,restaurant,,,,POINT (28.947998 41.021316),1061622767,32.331372536224386,28.9479041,41.021598
5244807965,Alrayan Restaurant,41.009692,28.969123,food,amenity:restaurant,restaurant,,,,POINT (28.969123 41.009692),3082517909,16.33540783859269,28.9691729,41.009834
5244803050,Altin Cafe ve Restaurant,41.003249,28.97211,food,amenity:restaurant,restaurant,,,,POINT (28.97211 41.003249),2361227093,11.13067849319942,28.9721096,41.0031489
5108843115,Altin Kupa Restaurant,41.008587,28.977736,food,amenity:restaurant,restaurant,,,,POINT (28.977736 41.008587),11005974937,9.982846402309717,28.9778327,41.0085347
5244810636,Altın Şiş Kebap Salonu,41.006695,28.967831,food,amenity:restaurant,restaurant,,,,POINT (28.967831 41.006695),275601197,29.52148037578616,28.9681747,41.0066383
5112834068,Altın şiş kebap,41.0082,28.952516,food,amenity:restaurant,restaurant,,,,POINT (28.952516 41.0082),1058892587,8.277916785982825,28.9524279,41.0082335
5112749779,Altınay Kebap Ve Lahmacun,41.031138,28.940861,food,amenity:restaurant,restaurant,,,,POINT (28.940861 41.031138),1064574939,7.163264354058077,28.9407767,41.0311483
5112749742,Altınay Yufkacısı,41.03227,28.940741,food,amenity:restaurant,restaurant,,,,POINT (28.940741 41.03227),1064574765,24.26806106974448,28.9409646,41.0321315
5106132774,Altınkapı Restaurant,41.015405,28.932471,food,amenity:restaurant,restaurant,,,,POINT (28.932471 41.015405),10096318342,12.321011558938313,28.9325008,41.0155135
5244809870,Amcabey Dürüm Kebap Salonu,41.007999,28.967829,food,amenity:restaurant,restaurant,,,,POINT (28.967829 41.007999),10629345972,28.309182707612813,28.9676442,41.008212
5108843725,Amedros Cafe and Restaurant,41.008349,28.973886,food,amenity:restaurant,restaurant,,,,POINT (28.973886 41.008349),13431435318,9.205783897309797,28.9739224,41.0082709
5108828014,Ana Sofrası,41.013712,28.977509,food,amenity:restaurant,restaurant,,,,POINT (28.977509 41.013712),2370332234,12.539806293402247,28.9776299,41.0137783
5107305890,Ana yurt lokantası,41.008216,28.949498,food,amenity:restaurant,restaurant,,,,POINT (28.949498 41.008216),1058892500,14.791059072196147,28.9493311,41.0082588
12651875858,Anadolu,41.009849,28.976191,food,amenity:restaurant,restaurant,,,,POINT (28.976191 41.009849),3179959794,21.83639685183041,28.9764414,41.0097955
5075993810,Anadolu Büfe,41.014361,28.946091,food,amenity:restaurant,restaurant,,,,POINT (28.946091 41.014361),1059851826,12.003924626815474,28.9461284,41.0142568
5244809916,Anar Kardeşler Köftecisi,41.008497,28.967157,food,amenity:restaurant,restaurant,,,,POINT (28.967157 41.008497),3081510982,12.36934134761743,28.9670128,41.0084739
9480332225,Anas Chicken,41.010079,28.948163,food,amenity:restaurant,restaurant,,,,POINT (28.948163 41.010079),11532842214,11.951664088013983,28.9482238,41.0099818
5075929058,Anas chicken,41.01021,28.947541,food,amenity:restaurant,restaurant,,,,POINT (28.947541 41.01021),1059240066,26.092564141922068,28.9473087,41.010054
5244809878,Anatolia Restaurant,41.008419,28.968122,food,amenity:restaurant,restaurant,,,,POINT (28.968122 41.008419),3081525003,18.56707652897667,28.9682224,41.0085678
5112834073,Android restaurant,41.00831,28.952796,food,amenity:restaurant,restaurant,,,,POINT (28.952796 41.00831),1058892587,32.03701811851733,28.9524279,41.0082335
5088190867,Annemin Yeri,40.99955,28.932186,food,amenity:restaurant,restaurant,,,,POINT (28.932186 40.99955),1035580965,8.417566584572844,28.9322552,40.9994952
5244809877,Antakya Restaurant,41.008429,28.968318,food,amenity:restaurant,restaurant,,,,POINT (28.968318 41.008429),3081525003,17.39403696826554,28.9682224,41.0085678
3499179004,Antep Kebab,41.008657,28.973555,food,amenity:restaurant,restaurant,,,,POINT (28.973555 41.008657),269716442,5.456649516125703,28.9734961,41.0086778
12347693559,Antep Kebap Lahmacun,41.014373,28.976568,food,amenity:restaurant,restaurant,,,,POINT (28.976568 41.014373),2371446930,9.493702858176789,28.9765956,41.0142902
5112725594,Antep Sofrası,41.002956,28.925677,food,amenity:restaurant,restaurant,,,,POINT (28.925677 41.002956),1055512962,21.178156747852345,28.9254333,41.0029065
5243950803,Antep sofrasi,41.021235,28.943302,food,amenity:restaurant,restaurant,,,,POINT (28.943302 41.021235),10694271483,22.380138958882267,28.9433711,41.0214294
5112749092,Anteplioğlu Baklavacı,41.03326,28.946447,food,amenity:restaurant,restaurant,,,,POINT (28.946447 41.03326),1102850685,9.504391674903188,28.9463362,41.0332421
13396860950,Antik,41.0104,28.978511,food,amenity:restaurant,restaurant,,,,POINT (28.978511 41.0104),11165697767,15.782449341119271,28.978592,41.0105281
5088190866,Antik Et Balık,40.999521,28.932187,food,amenity:restaurant,restaurant,,,,POINT (28.932187 40.999521),1035580965,6.402136771819871,28.9322552,40.9994952
5111206141,Antipliogulu,41.019574,28.963222,food,amenity:restaurant,restaurant,,,,POINT (28.963222 41.019574),2370517758,7.9878528073669655,28.9631622,41.0195181
10178438663,Apollon Restaurant,41.005883,28.973511,food,amenity:restaurant,restaurant,,,,POINT (28.973511 41.005883),1185323535,31.52388805549779,28.9737097,41.0056424
9043424918,Arapça Kafe,41.004521,28.979734,food,amenity:restaurant,restaurant,,,,POINT (28.979734 41.004521),278004987,25.570597418015822,28.9800109,41.004425
5130434317,Ararat Restoran,41.007568,28.954174,food,amenity:restaurant,restaurant,,,,POINT (28.954174 41.007568),269723150,15.884021060586367,28.9543076,41.0076692
4425687570,Aras (scam place),41.008284,28.97553,food,amenity:restaurant,restaurant,,,,POINT (28.97553 41.008284),8602048856,15.258696166097765,28.9754803,41.008152
5108843747,Aras Cafe Restaurant,41.008469,28.974493,food,amenity:restaurant,restaurant,,,,POINT (28.974493 41.008469),275612067,10.249208000128247,28.9744477,41.0085546
4195127490,Arch Bistro,41.004627,28.971265,food,amenity:restaurant,restaurant,,,,POINT (28.971265 41.004627),248137315,8.354255021231856,28.9711774,41.0046627
5108843369,Arden Teras,41.009899,28.976423,food,amenity:restaurant,restaurant,,,,POINT (28.976423 41.009899),3179959794,11.611786720624432,28.9764414,41.0097955
5575606021,Armada Teras,41.003866,28.981637,food,amenity:restaurant,restaurant,,,,POINT (28.981637 41.003866),10613633087,25.67835831402272,28.9814346,41.0040392
5108843033,Arsenal Cafe and Restaurant,41.008448,28.975426,food,amenity:restaurant,restaurant,,,,POINT (28.975426 41.008448),275611820,22.917053969485973,28.9752991,41.0086305
5110344580,Arya longue,41.01679,28.965754,food,amenity:restaurant,restaurant,,,,POINT (28.965754 41.01679),311375340,20.428296115411342,28.9657872,41.016608
11977690669,As You Sea Seafood & Kepab,41.004011,28.978975,food,amenity:restaurant,restaurant,,,,POINT (28.978975 41.004011),3180545179,5.638531601427576,28.9789522,41.0039633
5113615118,Asitane,41.03087,28.938996,food,amenity:restaurant,restaurant,,,,POINT (28.938996 41.03087),5519344120,8.173938420076796,28.9390355,41.0309372
5244806791,Aslan,41.009813,28.971292,food,amenity:restaurant,restaurant,,,,POINT (28.971292 41.009813),3082166470,25.936009517436755,28.9715938,41.0097626
5244809862,Aslı Börek,41.008278,28.967329,food,amenity:restaurant,restaurant,,,,POINT (28.967329 41.008278),10629345973,6.40967720532557,28.9673928,41.0082463
5081264670,Asmaaltı Dürümc,41.015705,28.939834,food,amenity:restaurant,restaurant,,,,POINT (28.939834 41.015705),8978074016,13.481441224623044,28.9399538,41.0157858
5113592203,Asmalı konağı,41.01101,28.941661,food,amenity:restaurant,restaurant,,,,POINT (28.941661 41.01101),1058995749,23.364781447401434,28.9417762,41.0108187
6960247785,Asur Hotel,41.013215,28.976715,food,amenity:restaurant,restaurant,,,,POINT (28.976715 41.013215),278366484,19.479021530853004,28.9769137,41.0131244
5108843971,Ateş Büfe,41.009741,28.974652,food,amenity:restaurant,restaurant,,,,POINT (28.974652 41.009741),3079788577,11.70411317334775,28.9745505,41.0096688
5115937214,Avcı Kebap,41.010011,28.931561,food,amenity:restaurant,restaurant,,,,POINT (28.931561 41.010011),316924159,11.147533071777387,28.9314479,41.0100636
5115939284,Avcı Kebap,41.01004,28.931623,food,amenity:restaurant,restaurant,,,,POINT (28.931623 41.01004),316924159,14.92466803172073,28.9314479,41.0100636
5088194907,Ay Büfe,41.001806,28.930028,food,amenity:restaurant,restaurant,,,,POINT (28.930028 41.001806),1035581880,1.0880166832814164,28.9300316,41.0018154
5108844004,Ayasofya Kebap House,41.00969,28.9761,food,amenity:restaurant,restaurant,,,,POINT (28.9761 41.00969),3179959794,30.9550399906105,28.9764414,41.0097955
5244802006,Ayasofya Liman Restorant,41.004343,28.971454,food,amenity:restaurant,restaurant,,,,POINT (28.971454 41.004343),275609040,11.446653432228619,28.9714579,41.0044459
5087179445,Aydın kardeşler börekçi,40.995358,28.926284,food,amenity:restaurant,restaurant,,,,POINT (28.926284 40.995358),1034388569,25.744616555056254,28.9264073,40.99557
5087179443,Aydın kardeşler köfte salonu,40.995258,28.926161,food,amenity:restaurant,restaurant,,,,POINT (28.926161 40.995258),1034388066,33.208195741002555,28.9264175,40.9950306
5111206143,Azimet Et Lokantasi,41.019757,28.963284,food,amenity:restaurant,restaurant,,,,POINT (28.963284 41.019757),2370517772,8.482185072334524,28.9633562,41.0197036
5088194899,Aziz Urfa Kebap ve Lahmacun Salonu,41.003223,28.930735,food,amenity:restaurant,restaurant,,,,POINT (28.930735 41.003223),1036041052,33.71856366318781,28.9306738,41.0035227
5244809903,Aziz Usta,41.007799,28.966756,food,amenity:restaurant,restaurant,,,,POINT (28.966756 41.007799),3081525008,16.675250746076703,28.9666949,41.0076563
5113557342,Aziz oğulları börek salonu,41.010793,28.94286,food,amenity:restaurant,restaurant,,,,POINT (28.94286 41.010793),1058995854,16.119299389673397,28.9429466,41.0109224
5106123770,Ağa Türk Mutfağı,41.025289,28.940343,food,amenity:restaurant,restaurant,,,,POINT (28.940343 41.025289),2370840005,6.619139209586809,28.9403624,41.0252313
5112725608,Aşkla Pasta Cafe,41.002702,28.925063,food,amenity:restaurant,restaurant,,,,POINT (28.925063 41.002702),1055512946,12.040133927486186,28.9250733,41.002594
5086061067,Aşkın Restoran,41.026018,28.955441,food,amenity:restaurant,restaurant,,,,POINT (28.955441 41.026018),1061754409,14.895239082629477,28.9556053,41.0260688
8553081917,BEHZADEM KEBAB & FİSH HOUSE,41.011597,28.959271,food,amenity:restaurant,restaurant,,,,POINT (28.959271 41.011597),7784240500,5.728010928277891,28.9593168,41.0116352
5113481333,Bab alhara,41.020946,28.949327,food,amenity:restaurant,restaurant,,,,POINT (28.949327 41.020946),6990473850,16.937962551883434,28.9493036,41.0207947
3079823143,Bab-ı Hayat,41.015774,28.971745,food,amenity:restaurant,restaurant,,,,POINT (28.971745 41.015774),768682863,11.777376210964169,28.9718779,41.0157399
5113609489,Babacan,41.028427,28.93821,food,amenity:restaurant,restaurant,,,,POINT (28.93821 41.028427),1064221994,46.31092954616466,28.9377842,41.0281619
5113620649,Babylonia resturant & pub,41.005805,28.980737,food,amenity:restaurant,restaurant,,,,POINT (28.980737 41.005805),1248902329,14.930427539253385,28.9805593,41.0058118
5110345644,Babı ali restaurant,41.012348,28.975416,food,amenity:restaurant,restaurant,,,,POINT (28.975416 41.012348),10557350840,4.0380800975235385,28.9754496,41.012374
5081445111,Bahçivan Fırını,41.023798,28.95466,food,amenity:restaurant,restaurant,,,,POINT (28.95466 41.023798),1061754041,26.566059236866344,28.9545524,41.0235733
5106122981,Bahçıvan 2 Pide Lavaş Fırını,41.016967,28.95543,food,amenity:restaurant,restaurant,,,,POINT (28.95543 41.016967),1061624194,31.21413365961984,28.9557472,41.0168203
5112736103,Bakırcılar Lokantası,41.012875,28.966196,food,amenity:restaurant,restaurant,,,,POINT (28.966196 41.012875),1455438406,22.574156969138315,28.9659785,41.0129945
10822872909,Balat Pide Lahmacun,41.032631,28.94598,food,amenity:restaurant,restaurant,,,,POINT (28.94598 41.032631),1102850563,8.81471102186432,28.9458823,41.0326018
5081442515,Balaturca,41.026141,28.958565,food,amenity:restaurant,restaurant,,,,POINT (28.958565 41.026141),1061753332,6.434848821419441,28.9585576,41.0261986
5081445068,Balcafe ve Restaurant,41.02658,28.958052,food,amenity:restaurant,restaurant,,,,POINT (28.958052 41.02658),8782021576,14.889905517167316,28.9582292,41.0265878
5243951435,Balik evi,41.021996,28.944631,food,amenity:restaurant,restaurant,,,,POINT (28.944631 41.021996),1060106878,22.4276811526307,28.9443676,41.0219615
5113620630,Balikci Sabahattin,41.004506,28.980606,food,amenity:restaurant,restaurant,,,,POINT (28.980606 41.004506),2379706621,7.449162069350062,28.9806919,41.0045229
5115939266,Balkan Dondurma,41.009534,28.936694,food,amenity:restaurant,restaurant,,,,POINT (28.936694 41.009534),413329060,25.537507847756853,28.9369837,41.0094636
9998872717,Balkan Lokantasi,41.013875,28.975963,food,amenity:restaurant,restaurant,,,,POINT (28.975963 41.013875),2379693988,14.136505475664755,28.9757946,41.0138709
5108836406,Balkan Lokantası,41.013836,28.975932,food,amenity:restaurant,restaurant,,,,POINT (28.975932 41.013836),2379693988,12.163836196790234,28.9757946,41.0138709
7864511585,Balkan Lokantası,41.013632,28.974779,food,amenity:restaurant,restaurant,,,,POINT (28.974779 41.013632),252233777,25.068469997215523,28.9749437,41.0138201
5112834048,Balkan lokantası,41.008452,28.951616,food,amenity:restaurant,restaurant,,,,POINT (28.951616 41.008452),1058892571,24.625232841891766,28.9515971,41.008231
5115937374,Baloon,41.008152,28.936999,food,amenity:restaurant,restaurant,,,,POINT (28.936999 41.008152),1057578091,17.39252198080065,28.9371297,41.0082734
4159236194,Balıkçı Sabahattin,41.004701,28.980572,food,amenity:restaurant,restaurant,,,,POINT (28.980572 41.004701),278004980,21.72950411897404,28.9808042,41.0047875
5113500245,Baran,41.008082,28.974393,food,amenity:restaurant,restaurant,,,,POINT (28.974393 41.008082),3076865674,4.929832402508681,28.9744417,41.0081068
5108843754,Baran 2 Restoran,41.008226,28.974863,food,amenity:restaurant,restaurant,,,,POINT (28.974863 41.008226),13431435333,15.560277853714357,28.974721,41.008136
6255814286,Baran ET & Mangal,41.017461,28.954851,food,amenity:restaurant,restaurant,,,,POINT (28.954851 41.017461),1061624522,39.31040553489916,28.9551461,41.0171864
3100037835,Barbecue House,41.00927,28.97686,food,amenity:restaurant,restaurant,,,,POINT (28.97686 41.00927),1646281964,17.43641550069194,28.9768783,41.0094262
5108843562,Barbeku House,41.008607,28.977714,food,amenity:restaurant,restaurant,,,,POINT (28.977714 41.008607),11005974937,12.799757190858164,28.9778327,41.0085347
5115505469,Barbeku Restoran,41.008194,28.953817,food,amenity:restaurant,restaurant,,,,POINT (28.953817 41.008194),278366676,19.49238112037708,28.9535921,41.0082379
5113471038,Bayrut oğlu lokantasi,41.016913,28.951554,food,amenity:restaurant,restaurant,,,,POINT (28.951554 41.016913),1061625204,22.392608968640577,28.9514224,41.0167378
5113126702,Bağdatlım,41.00518,28.930981,food,amenity:restaurant,restaurant,,,,POINT (28.930981 41.00518),10653851936,11.817872811142424,28.9309401,41.0050783
5115937321,Başaran Yufka Ve Manti,41.007138,28.928965,food,amenity:restaurant,restaurant,,,,POINT (28.928965 41.007138),1057576198,17.11988751702916,28.9291452,41.0070658
5088194918,Başlangıç Lokantası,41.000213,28.931188,food,amenity:restaurant,restaurant,,,,POINT (28.931188 41.000213),1035581609,4.639575654884438,28.9311899,41.0001713
6594722585,Behzadem Cafe Restaurant,41.011577,28.959217,food,amenity:restaurant,restaurant,,,,POINT (28.959217 41.011577),7784240500,10.58303078071383,28.9593168,41.0116352
5113557370,Beit alezz,41.009707,28.946724,food,amenity:restaurant,restaurant,,,,POINT (28.946724 41.009707),1058892485,10.619933990502075,28.9467735,41.0096191
5244801900,Belli Resturant,41.002862,28.975288,food,amenity:restaurant,restaurant,,,,POINT (28.975288 41.002862),13530207353,19.39104393537389,28.9750582,41.0028437
5099060694,Berat döner,41.006938,28.948956,food,amenity:restaurant,restaurant,,,,POINT (28.948956 41.006938),1058892493,29.906728262002822,28.9493097,41.0069049
5081274098,Bereket Döner,41.015638,28.952258,food,amenity:restaurant,restaurant,,,,POINT (28.952258 41.015638),10660814372,14.402168295175608,28.9523226,41.015518
5103810785,Bereket Döner Topkapı Kaleiçi,41.019768,28.92825,food,amenity:restaurant,restaurant,,,,POINT (28.92825 41.019768),1059137257,13.93562227070027,28.9281075,41.0198324
5440995527,Beso Restaurant Bistro,41.008684,28.97408,food,amenity:restaurant,restaurant,,,,POINT (28.97408 41.008684),269716327,9.812226655182794,28.9741832,41.0086425
5115937340,Beyaz Saray Dondurma Ve Boza,41.007022,28.931378,food,amenity:restaurant,restaurant,,,,POINT (28.931378 41.007022),2373157126,11.296712134600094,28.9312436,41.0070161
5112834026,Beyaz geceler restaurant,41.007578,28.952017,food,amenity:restaurant,restaurant,,,,POINT (28.952017 41.007578),1058892573,35.76664403721021,28.951592,41.0076026
5244807950,Beyazit Sarayi Restorant,41.009391,28.967473,food,amenity:restaurant,restaurant,,,,POINT (28.967473 41.009391),3082408152,7.510699370054403,28.9674052,41.0094351
6939659398,Beydagi,41.015726,28.962887,food,amenity:restaurant,restaurant,,,,POINT (28.962887 41.015726),10073446430,20.422937098672858,28.9631299,41.015738
5244807922,Beydağı,41.011274,28.97078,food,amenity:restaurant,restaurant,,,,POINT (28.97078 41.011274),10636132246,31.79954657509295,28.9708545,41.0109936
5113128237,Beyoğlu Halk Döner,41.008,28.953722,food,amenity:restaurant,restaurant,,,,POINT (28.953722 41.008),4286601047,24.454451753774986,28.9535424,41.0078268
9113079217,Beyt Halep Cafe & Restaurant,41.010108,28.948054,food,amenity:restaurant,restaurant,,,,POINT (28.948054 41.010108),11532842214,19.997741496622155,28.9482238,41.0099818
5113620702,Big Family,41.013816,28.979108,food,amenity:restaurant,restaurant,,,,POINT (28.979108 41.013816),278366504,6.827224626490806,28.9790721,41.0138711
5113127734,Big Mammas,41.004258,28.931078,food,amenity:restaurant,restaurant,,,,POINT (28.931078 41.004258),3363397487,45.771000812737924,28.9315717,41.004433
5099062151,Bilican saray,41.007647,28.948799,food,amenity:restaurant,restaurant,,,,POINT (28.948799 41.007647),1058892526,12.329022225065644,28.9486897,41.0075729
5115933204,Birbey Lahmacun,41.00353,28.930976,food,amenity:restaurant,restaurant,,,,POINT (28.930976 41.00353),1057576305,15.536765341138349,28.9307934,41.0035531
13396860930,Biryani Palace,41.01611,28.976168,food,amenity:restaurant,restaurant,,,,POINT (28.976168 41.01611),3457706707,14.253531294348734,28.9763164,41.0161724
5108836379,Bistro Chef,41.012596,28.97743,food,amenity:restaurant,restaurant,,,,POINT (28.97743 41.012596),3079738251,17.198240194098922,28.9775157,41.0127365
7896553385,Bitlisli,41.01371,28.975576,food,amenity:restaurant,restaurant,,,,POINT (28.975576 41.01371),11165697753,23.42348806809215,28.9754152,41.0135378
5081265935,Bizim Durum kebap Salonu,41.012221,28.941455,food,amenity:restaurant,restaurant,,,,POINT (28.941455 41.012221),1059239608,13.776705379950142,28.941367,41.0123256
5113471049,Bizim köfte,41.017154,28.950691,food,amenity:restaurant,restaurant,,,,POINT (28.950691 41.017154),1061625154,21.71267756579872,28.9509263,41.0172353
5108827997,Blu Kitchen,41.012614,28.978131,food,amenity:restaurant,restaurant,,,,POINT (28.978131 41.012614),13433942484,7.275562162389119,28.9781916,41.0126608
5108843088,Bodrum Cafe and Restaurant,41.008222,28.977313,food,amenity:restaurant,restaurant,,,,POINT (28.977313 41.008222),278366570,20.83877449841073,28.9775603,41.0082392
12353422803,Bogenville,41.004194,28.969345,food,amenity:restaurant,restaurant,,,,POINT (28.969345 41.004194),275608460,12.274211304166691,28.9692199,41.0042512
5244807960,Bolca Köfte Ve Piliç Çevirme,41.009668,28.968252,food,amenity:restaurant,restaurant,,,,POINT (28.968252 41.009668),3082166467,16.236765956340268,28.9680596,41.0096524
5112971839,Bolu tat lokantası,41.006665,28.951675,food,amenity:restaurant,restaurant,,,,POINT (28.951675 41.006665),1058892578,26.945744606206752,28.9516204,41.0064262
5110347262,Bolulu Hasan Usta,41.015488,28.97588,food,amenity:restaurant,restaurant,,,,POINT (28.97588 41.015488),10617342044,6.559232477101081,28.9759245,41.0154395
8247183034,Bombay Masala Indian Restaurant,41.008116,28.971662,food,amenity:restaurant,restaurant,,,,POINT (28.971662 41.008116),8602077958,28.545446459864497,28.9715847,41.008366
5108827985,Bonos Cafe Restoran,41.014507,28.976361,food,amenity:restaurant,restaurant,,,,POINT (28.976361 41.014507),269719185,10.231949743378545,28.9762859,41.0144345
5113599484,Borek&pide&doner&cafe,41.009443,28.94553,food,amenity:restaurant,restaurant,,,,POINT (28.94553 41.009443),10127897727,16.199636637889277,28.9457153,41.0094021
5244807989,Bosna,41.008804,28.968532,food,amenity:restaurant,restaurant,,,,POINT (28.968532 41.008804),13431433998,10.42991523321447,28.9684077,41.0088043
5112736082,Bosnak Börekçi,41.014883,28.966183,food,amenity:restaurant,restaurant,,,,POINT (28.966183 41.014883),10202092399,15.105200639809821,28.9660471,41.0149721
5108843560,Boterra,41.008905,28.977397,food,amenity:restaurant,restaurant,,,,POINT (28.977397 41.008905),3124384723,27.01088592889695,28.9773135,41.0086704
1762082631,Boukoleon Fish Restaurant,41.00293,28.975586,food,amenity:restaurant,restaurant,,,,POINT (28.975586 41.00293),1941154348,16.963893941051417,28.9754605,41.0030496
5112750903,Bozkurtlu Lokantası,41.033714,28.946324,food,amenity:restaurant,restaurant,,,,POINT (28.946324 41.033714),1103230119,25.39608505664283,28.9460446,41.033626
5243951419,Buhara,41.021298,28.945258,food,amenity:restaurant,restaurant,,,,POINT (28.945258 41.021298),1060106876,10.677041802827286,28.9451505,41.0212466
10178410611,Buhara 93 Restaurant,41.004452,28.975175,food,amenity:restaurant,restaurant,,,,POINT (28.975175 41.004452),275602996,9.266861760674924,28.9751159,41.0043816
9846134917,Buhara Ocakbası,41.010252,28.975331,food,amenity:restaurant,restaurant,,,,POINT (28.975331 41.010252),3079788605,22.872884086367325,28.9755483,41.0103762
5108843989,Buhara Ocakbaşı Restaurant,41.01031,28.975093,food,amenity:restaurant,restaurant,,,,POINT (28.975093 41.01031),3079788588,13.231183179536343,28.9749467,41.0103544
5111212299,Burgerillas,41.017487,28.969406,food,amenity:restaurant,restaurant,,,,POINT (28.969406 41.017487),10653486795,16.221993269091257,28.9692972,41.0176076
5244806787,Bursa Gül Lokantası,41.009529,28.971238,food,amenity:restaurant,restaurant,,,,POINT (28.971238 41.009529),2775763259,15.209979425157337,28.9711635,41.0094043
5076115938,Buryan Kebap Ve Izgara Salonu,40.996348,28.92779,food,amenity:restaurant,restaurant,,,,POINT (28.92779 40.996348),1035581554,18.378310808185876,28.9280052,40.9963174
5106123818,Buuzecedi,41.020833,28.942282,food,amenity:restaurant,restaurant,,,,POINT (28.942282 41.020833),12825913094,24.39351357791329,28.9425529,41.0209127
5111215216,Buylu Mutfak,41.005484,28.936368,food,amenity:restaurant,restaurant,,,,POINT (28.936368 41.005484),9023659780,9.628969292641704,28.9362579,41.0055084
13396860948,Buyruk Esnaf Lokantasi,41.013902,28.976145,food,amenity:restaurant,restaurant,,,,POINT (28.976145 41.013902),2379693988,29.602058732807144,28.9757946,41.0138709
3282470278,By Ferro,41.005169,28.969873,food,amenity:restaurant,restaurant,,,,POINT (28.969873 41.005169),13281920953,15.6206190775403,28.9696884,41.0051509
6521591285,Byzantion Bistro & Restaurant,41.010177,28.954433,food,amenity:restaurant,restaurant,,,,POINT (28.954433 41.010177),256098790,11.778015295392727,28.9545123,41.0102644
4874834121,Büfe,40.994138,28.922629,food,amenity:restaurant,restaurant,,,,POINT (28.922629 40.994138),1034388225,25.163250369197073,28.922357,40.9940428
5099040210,Büfe köfte,41.004985,28.943417,food,amenity:restaurant,restaurant,,,,POINT (28.943417 41.004985),1058996556,19.79001467295788,28.9432144,41.0050761
5107305848,Büyük Günaydın Kelle Paça Salonu,41.007422,28.949225,food,amenity:restaurant,restaurant,,,,POINT (28.949225 41.007422),1058892498,18.828013250393365,28.9493138,41.0075775
5244809868,Bıçakçılar,41.007938,28.96748,food,amenity:restaurant,restaurant,,,,POINT (28.96748 41.007938),3081525006,16.751350089002308,28.9674394,41.0077905
10596351605,Cabra Loca Coffee,41.014988,28.973716,food,amenity:restaurant,restaurant,,,,POINT (28.973716 41.014988),278344482,17.06729510049384,28.9737659,41.0148392
5113611457,Cadde Kebap,41.029037,28.93887,food,amenity:restaurant,restaurant,,,,POINT (28.93887 41.029037),1064221997,18.655423731874826,28.938658,41.0289863
5113611490,Cadde döner,41.030331,28.940276,food,amenity:restaurant,restaurant,,,,POINT (28.940276 41.030331),1064575083,10.628288505404376,28.9402141,41.0302476
5244796154,Cafe Truva,41.017082,28.968017,food,amenity:restaurant,restaurant,,,,POINT (28.968017 41.017082),311372820,5.6231526306226085,28.9679513,41.017072
5108836407,Can Oba Restaurant,41.013817,28.975767,food,amenity:restaurant,restaurant,,,,POINT (28.975767 41.013817),2379693988,6.425224864522824,28.9757946,41.0138709
5088192721,Can Pide Börek,41.002746,28.936724,food,amenity:restaurant,restaurant,,,,POINT (28.936724 41.002746),1036041415,6.231284474906042,28.9367887,41.0027185
5099056174,Can Pide Ve Lahmacun Fırını,41.004691,28.944975,food,amenity:restaurant,restaurant,,,,POINT (28.944975 41.004691),1058894172,31.86444458903612,28.9448474,41.0044211
5108843101,Can Restoran,41.008009,28.976892,food,amenity:restaurant,restaurant,,,,POINT (28.976892 41.008009),2666803154,32.549983421352984,28.9765113,41.0079528
5099060696,Can ocakbaşı,41.006969,28.949656,food,amenity:restaurant,restaurant,,,,POINT (28.949656 41.006969),1058892493,29.919816505417213,28.9493097,41.0069049
5103810780,Canip Ustanın Yeri,41.020093,28.927885,food,amenity:restaurant,restaurant,,,,POINT (28.927885 41.020093),1059137079,18.81941411153392,28.9280631,41.0199901
1900626451,Cankurtaran Öğretmenevi,41.004149,28.982151,food,amenity:restaurant,restaurant,,,,POINT (28.982151 41.004149),1250432565,17.82335639530246,28.9819486,41.0041004
5108828005,Capadocia Restaurant,41.012965,28.977916,food,amenity:restaurant,restaurant,,,,POINT (28.977916 41.012965),2370332227,7.507051545245014,28.9778478,41.0130087
5099062130,Casablanca resataurant,41.007269,28.951554,food,amenity:restaurant,restaurant,,,,POINT (28.951554 41.007269),1058892575,29.761053495876702,28.9515882,41.0070026
5111215130,Catkapi ev yemek,41.005581,28.937012,food,amenity:restaurant,restaurant,,,,POINT (28.937012 41.005581),3398771296,42.692986851003624,28.9372235,41.0059302
5244805889,Cemiyet Lokali,41.011038,28.974393,food,amenity:restaurant,restaurant,,,,POINT (28.974393 41.011038),31678629,22.47110689064665,28.9746557,41.0109987
5244807964,Cennet Ev Yemekleri,41.009725,28.968934,food,amenity:restaurant,restaurant,,,,POINT (28.968934 41.009725),3082517909,23.424844656448013,28.9691729,41.009834
5111214085,Cesme cihan,41.005346,28.94302,food,amenity:restaurant,restaurant,,,,POINT (28.94302 41.005346),1058894000,3.5959347327851936,28.9430148,41.0053139
1762077465,Cheers Soul Kitchen,41.002697,28.974265,food,amenity:restaurant,restaurant,,,,POINT (28.974265 41.002697),506381568,50.17025508562549,28.9742198,41.0031469
5244803040,Chungiwa,41.003413,28.97421,food,amenity:restaurant,restaurant,,,,POINT (28.97421 41.003413),506381577,7.896988929716218,28.9741976,41.0033426
974678786,Cibali,41.026682,28.957759,food,amenity:restaurant,restaurant,,,,POINT (28.957759 41.026682),1059527263,16.09169841636326,28.9579495,41.026699
5081445070,Cibali Vasilis Balıkçısı,41.027277,28.956994,food,amenity:restaurant,restaurant,,,,POINT (28.956994 41.027277),2370536696,32.988042383917595,28.95664,41.0271478
5081442500,Cibalikapı Balıkçısı Haliç,41.025843,28.958921,food,amenity:restaurant,restaurant,,,,POINT (28.958921 41.025843),1061753332,49.92786976584537,28.9585576,41.0261986
2460942679,Cigeristan,41.01178,28.949324,food,amenity:restaurant,restaurant,,,,POINT (28.949324 41.01178),13478051067,25.70280793100171,28.9495369,41.0116138
5088192732,Cihan Derya Balık,40.999659,28.932172,food,amenity:restaurant,restaurant,,,,POINT (28.932172 40.999659),1035580901,10.720998399601223,28.932121,40.9997474
5106133706,Cihan Derya Balık,41.012318,28.931671,food,amenity:restaurant,restaurant,,,,POINT (28.931671 41.012318),316924160,16.492007036448726,28.9315342,41.0124245
5115929120,Cihan Derya Balık,41.009584,28.967201,food,amenity:restaurant,restaurant,,,,POINT (28.967201 41.009584),3082408137,8.539211768588768,28.9671158,41.009542
5112750901,Cihan Tulumba Baklava,41.033763,28.946156,food,amenity:restaurant,restaurant,,,,POINT (28.946156 41.033763),1103230119,17.871066397660247,28.9460446,41.033626
4816553622,Cihannuma,41.008555,28.977766,food,amenity:restaurant,restaurant,,,,POINT (28.977766 41.008555),11005974937,6.034790729229236,28.9778327,41.0085347
1914160119,Cistern Restaurant,41.009997,28.979476,food,amenity:restaurant,restaurant,,,,POINT (28.979476 41.009997),275610075,31.824071653905424,28.9796105,41.0097294
5075962047,Ciğer sarayı,41.011675,28.949556,food,amenity:restaurant,restaurant,,,,POINT (28.949556 41.011675),13478051067,6.991295231485921,28.9495369,41.0116138
5099056170,Ciğerci Kemal Ustanin Yeri,41.004302,28.944833,food,amenity:restaurant,restaurant,,,,POINT (28.944833 41.004302),1058894172,13.298348057472792,28.9448474,41.0044211
5244807970,Ciğerci Üçleri,41.009515,28.968572,food,amenity:restaurant,restaurant,,,,POINT (28.968572 41.009515),3082166487,9.626171645825911,28.9685459,41.0095993
5108827990,Class Rest ve Pide Salonu,41.014281,28.976333,food,amenity:restaurant,restaurant,,,,POINT (28.976333 41.014281),269719185,17.519940575095227,28.9762859,41.0144345
4195110891,Constantine's Ark,41.012963,28.977057,food,amenity:restaurant,restaurant,,,,POINT (28.977057 41.012963),278366484,21.60212497298378,28.9769137,41.0131244
5111212300,Cookland,41.01547,28.971612,food,amenity:restaurant,restaurant,,,,POINT (28.971612 41.01547),10617524225,14.03037052281443,28.9717383,41.0155527
11375123135,Cozy Garden Restaurant Cafe,41.013861,28.977145,food,amenity:restaurant,restaurant,,,,POINT (28.977145 41.013861),3079738258,7.99084084055374,28.977064,41.0138232
5372736551,Cozy Pub & Restaurant,41.00826,28.974363,food,amenity:restaurant,restaurant,,,,POINT (28.974363 41.00826),13431435312,3.4864065066936814,28.9743879,41.0082349
5115937341,Crazy Chicken,41.006931,28.931417,food,amenity:restaurant,restaurant,,,,POINT (28.931417 41.006931),1057577781,15.41209119775493,28.9312494,41.0068743
5099040213,Damak Kebap Döner Yemek Salonu,41.005123,28.943296,food,amenity:restaurant,restaurant,,,,POINT (28.943296 41.005123),1058996556,8.607138284944346,28.9432144,41.0050761
5111214088,Damak kebap,41.005063,28.943192,food,amenity:restaurant,restaurant,,,,POINT (28.943192 41.005063),1058996556,2.37802010658652,28.9432144,41.0050761
5103810772,Damak lokantası,41.020202,28.928309,food,amenity:restaurant,restaurant,,,,POINT (28.928309 41.020202),1059137267,13.847364418161606,28.9281519,41.0201638
5103810773,Damak lokantası,41.020221,28.928315,food,amenity:restaurant,restaurant,,,,POINT (28.928315 41.020221),1059137267,15.089166721814054,28.9281519,41.0201638
5106118231,Daphne restaurant,41.012024,28.958001,food,amenity:restaurant,restaurant,,,,POINT (28.958001 41.012024),256099468,15.593275268114054,28.9578156,41.0120337
1769514222,Daruzziyafe,41.016694,28.962545,food,amenity:restaurant,restaurant,,,,POINT (28.962545 41.016694),3188246810,37.821501710597346,28.9625516,41.0163539
5111205405,Daruzziyafe turkish resturant,41.016377,28.962321,food,amenity:restaurant,restaurant,,,,POINT (28.962321 41.016377),30215226,1.7152830310609108,28.9623402,41.0163717
5243950793,Debs ve Remman,41.020679,28.942344,food,amenity:restaurant,restaurant,,,,POINT (28.942344 41.020679),12825913094,31.34366564777155,28.9425529,41.0209127
5113483630,Dede sultan,41.020788,28.948932,food,amenity:restaurant,restaurant,,,,POINT (28.948932 41.020788),1061623932,12.746778027303272,28.9487861,41.020756
5244806783,Dehliz Restaurant,41.009241,28.971288,food,amenity:restaurant,restaurant,,,,POINT (28.971288 41.009241),311371051,12.783927913119028,28.9711823,41.0093238
5108836366,Dejavu Restaurant and Bar,41.012803,28.977686,food,amenity:restaurant,restaurant,,,,POINT (28.977686 41.012803),3079738251,16.088760250592063,28.9775157,41.0127365
5244810316,Delil Döner,41.006256,28.9653,food,amenity:restaurant,restaurant,,,,POINT (28.9653 41.006256),275604632,16.414101169582604,28.96543,41.0061457
5112834052,Demet lahmacun kebap,41.008276,28.952062,food,amenity:restaurant,restaurant,,,,POINT (28.952062 41.008276),1058892587,31.064053010453286,28.9524279,41.0082335
5088192731,Deniz Balık Restaurant,40.999777,28.932343,food,amenity:restaurant,restaurant,,,,POINT (28.932343 40.999777),1035580994,13.614969102308407,28.932185,40.9998048
5081265959,Deniz Ürünleri restoranı,41.011686,28.94697,food,amenity:restaurant,restaurant,,,,POINT (28.94697 41.011686),1059239948,24.94989748080144,28.9470359,41.0119048
5108843074,Deraliye Ottoman Cuisine Restaurant,41.008843,28.97591,food,amenity:restaurant,restaurant,,,,POINT (28.97591 41.008843),275612349,40.75029755226312,28.9755004,41.0090399
5112725522,Destina Çiğ Köfte,41.002412,28.9301,food,amenity:restaurant,restaurant,,,,POINT (28.9301 41.002412),1035581903,8.522724139769634,28.9301952,41.0023853
5088190875,Develi,40.999983,28.931844,food,amenity:restaurant,restaurant,,,,POINT (28.931844 40.999983),1035580900,10.496472950108219,28.9317724,41.0000604
5244810638,Develi Pide Salonu,41.006652,28.967322,food,amenity:restaurant,restaurant,,,,POINT (28.967322 41.006652),3081292063,25.58789846277454,28.9670209,41.0066884
5107247583,Develi Pidecisi,41.004743,28.928382,food,amenity:restaurant,restaurant,,,,POINT (28.928382 41.004743),1057576171,64.17737047129373,28.9289459,41.0051329
11793844469,Develi1912 Samatya,40.999992,28.931937,food,amenity:restaurant,restaurant,,,,POINT (28.931937 40.999992),1035580900,15.768720344765098,28.9317724,41.0000604
5108844423,Değirmencioğlu,41.0095,28.974363,food,amenity:restaurant,restaurant,,,,POINT (28.974363 41.0095),275611754,22.539327590587572,28.9741816,41.0096495
5106118237,Diana Restaurant,41.011648,28.957126,food,amenity:restaurant,restaurant,,,,POINT (28.957126 41.011648),256098331,23.491180970302743,28.9573541,41.0115255
5113125308,Dilek Pastanesi,41.003669,28.93101,food,amenity:restaurant,restaurant,,,,POINT (28.93101 41.003669),1036041051,10.750318758008111,28.9311367,41.0036547
5244796180,Dilek Züccaciye Eminönü,41.01643,28.97018,food,amenity:restaurant,restaurant,,,,POINT (28.97018 41.01643),3184760684,16.007672928163785,28.9703273,41.0165215
5110342204,Direklerarası Kebap Salonu,41.012406,28.959338,food,amenity:restaurant,restaurant,,,,POINT (28.959338 41.012406),2370590048,9.22978373747662,28.9592706,41.0123404
5112728863,Direklerarası Sofrası,41.011873,28.959195,food,amenity:restaurant,restaurant,,,,POINT (28.959195 41.011873),3081584726,15.697967125206995,28.9593147,41.0119815
12954682801,Diva fish kebab restaurant,41.00364,28.979274,food,amenity:restaurant,restaurant,,,,POINT (28.979274 41.00364),9716965040,9.959254268924017,28.9791629,41.0036715
5107305887,Divan Antep,41.00822,28.949612,food,amenity:restaurant,restaurant,,,,POINT (28.949612 41.00822),1058892500,23.96178509162983,28.9493311,41.0082588
5244807903,Divan Kebap Döner Salonu,41.006975,28.965368,food,amenity:restaurant,restaurant,,,,POINT (28.965368 41.006975),1018528028,17.649036416458927,28.9652751,41.0071174
7014934107,Divella Bistro Restaurant,41.006432,28.980818,food,amenity:restaurant,restaurant,,,,POINT (28.980818 41.006432),278004997,9.618361257622807,28.9807645,41.0065085
5243950211,Diver,41.019521,28.94699,food,amenity:restaurant,restaurant,,,,POINT (28.94699 41.019521),1059851638,34.32673289608848,28.9467531,41.0192693
5115929109,Doce Kebap,41.009562,28.966486,food,amenity:restaurant,restaurant,,,,POINT (28.966486 41.009562),3802207357,7.474609635395289,28.966419,41.0096063
5106123768,Dodo,41.02534,28.9403,food,amenity:restaurant,restaurant,,,,POINT (28.9403 41.02534),2370840005,13.17172372182933,28.9403624,41.0252313
5040810722,Domino Cafe,41.031776,28.947774,food,amenity:restaurant,restaurant,,,,POINT (28.947774 41.031776),1102850507,8.278742926514582,28.9477934,41.031849
5112749105,Dondurma,41.033233,28.944643,food,amenity:restaurant,restaurant,,,,POINT (28.944643 41.033233),1102850524,2.5808614512147767,28.9446684,41.0332199
5088192754,Dostlar Büfe ve Köfte,41.001948,28.935964,food,amenity:restaurant,restaurant,,,,POINT (28.935964 41.001948),1035582633,17.972577548563617,28.9357716,41.001877
4936342125,DoyDoy Restaurant,41.004073,28.975458,food,amenity:restaurant,restaurant,,,,POINT (28.975458 41.004073),349271204,34.23715199527544,28.9757516,41.0038592
5244807948,Doydukmu,41.009438,28.967874,food,amenity:restaurant,restaurant,,,,POINT (28.967874 41.009438),3082166467,28.476023197690395,28.9680596,41.0096524
5088192762,Doyum Kebap Ve Dürüm Salonu,41.001284,28.934508,food,amenity:restaurant,restaurant,,,,POINT (28.934508 41.001284),1035580881,14.189890691686479,28.934339,41.0012798
5099065456,Doyum Lokantası,41.008821,28.947629,food,amenity:restaurant,restaurant,,,,POINT (28.947629 41.008821),1058892543,18.901345215922717,28.9478087,41.0089235
11980521869,Doyuran Ev Yemekleri,41.004111,28.964435,food,amenity:restaurant,restaurant,,,,POINT (28.964435 41.004111),1016925272,25.01264613350385,28.964195,41.0039776
5107243193,Doğan Kardeşler Börek Salonu,41.004993,28.926779,food,amenity:restaurant,restaurant,,,,POINT (28.926779 41.004993),1057576028,8.340881755075502,28.9267009,41.0050394
5108843089,Dubb Indian Restaurant,41.008186,28.977124,food,amenity:restaurant,restaurant,,,,POINT (28.977124 41.008186),278366570,37.08458562237726,28.9775603,41.0082392
5106124378,Dunya Dürüm,41.016245,28.952327,food,amenity:restaurant,restaurant,,,,POINT (28.952327 41.016245),3364860686,27.026363816610715,28.9525961,41.0163786
5113127739,Durak Pide ve Börek,41.004087,28.931174,food,amenity:restaurant,restaurant,,,,POINT (28.931174 41.004087),1057578144,43.359499008108685,28.9314864,41.0037764
5113486738,Durak rumeli köfte,41.029506,28.936122,food,amenity:restaurant,restaurant,,,,POINT (28.936122 41.029506),10822581544,17.97016854572938,28.9360875,41.0296655
5108838375,Duran,41.012481,28.97702,food,amenity:restaurant,restaurant,,,,POINT (28.97702 41.012481),278366493,16.265561200123646,28.9772133,41.0124699
5111215774,Durmce,41.003856,28.94405,food,amenity:restaurant,restaurant,,,,POINT (28.94405 41.003856),1058894004,12.323025001872397,28.9441842,41.003901
5113590293,Duru,41.007725,28.943867,food,amenity:restaurant,restaurant,,,,POINT (28.943867 41.007725),1058996194,13.381154001916622,28.9440262,41.007732
5113620644,Duvares cafe & resturant,41.005434,28.979963,food,amenity:restaurant,restaurant,,,,POINT (28.979963 41.005434),278004975,9.956766147787345,28.9799819,41.0053456
9833781418,Duygu Aile Salonu,41.017521,28.953863,food,amenity:restaurant,restaurant,,,,POINT (28.953863 41.017521),1061624996,9.629225525370833,28.9538261,41.017603
5094385428,Duygu Ocakbaşı,41.018029,28.951191,food,amenity:restaurant,restaurant,,,,POINT (28.951191 41.018029),1061625181,17.675271129801093,28.9509845,41.0179975
5113594823,Döner Sadık Usta,41.009056,28.947964,food,amenity:restaurant,restaurant,,,,POINT (28.947964 41.009056),1058892458,14.235044907062038,28.9481322,41.0090393
5113500732,Döner istanbul,41.022201,28.945229,food,amenity:restaurant,restaurant,,,,POINT (28.945229 41.022201),1061625280,26.69884512720222,28.9449352,41.0222933
5244807405,Dönerci Şahin Usta,41.010689,28.97001,food,amenity:restaurant,restaurant,,,,POINT (28.97001 41.010689),3461609144,20.44808676619646,28.9697768,41.0106356
5112749120,Dönerim,41.032827,28.94597,food,amenity:restaurant,restaurant,,,,POINT (28.94597 41.032827),1102850654,10.291904307158667,28.9460827,41.0328636
10087576517,Dürüm Yiyelim,41.01586,28.97278,food,amenity:restaurant,restaurant,,,,POINT (28.97278 41.01586),3083509875,8.615956855421848,28.9727139,41.0159193
5113557345,Dürümcü,41.010733,28.943158,food,amenity:restaurant,restaurant,,,,POINT (28.943158 41.010733),10127735762,21.20757548080359,28.9433862,41.010815
5081265952,Dürümcü Haşim Usta,41.012823,28.944467,food,amenity:restaurant,restaurant,,,,POINT (28.944467 41.012823),1059239670,9.514939475668896,28.9443679,41.0127814
5112725536,Dürümcü Kerem,41.003712,28.928064,food,amenity:restaurant,restaurant,,,,POINT (28.928064 41.003712),1057576502,23.579029057021128,28.9282484,41.003872
5244807932,Dürümcü Raif Usta,41.010962,28.970945,food,amenity:restaurant,restaurant,,,,POINT (28.970945 41.010962),10636132246,8.367060426356062,28.9708545,41.0109936
5112971844,Dürümcü mehmetin yeri,41.007115,28.95165,food,amenity:restaurant,restaurant,,,,POINT (28.95165 41.007115),1058892575,13.531432846101751,28.9515882,41.0070026
5244807923,Dürümcü Ömer Usta,41.011193,28.970799,food,amenity:restaurant,restaurant,,,,POINT (28.970799 41.011193),10636132246,22.656046300478312,28.9708545,41.0109936
5244806752,EHLI KEBAP,41.009447,28.970314,food,amenity:restaurant,restaurant,,,,POINT (28.970314 41.009447),277129953,9.367438137441804,28.9702715,41.0095249
5113592170,EMİRHAN,41.011125,28.93874,food,amenity:restaurant,restaurant,,,,POINT (28.93874 41.011125),1058995758,22.831904950889726,28.9385352,41.0109898
5100823688,ETNA EV YEMEKLERI,41.01952,28.93197,food,amenity:restaurant,restaurant,,,,POINT (28.93197 41.01952),11036241529,15.521782290177745,28.9321353,41.0194573
5113592163,EVRIM EXTRA BUFE,41.010695,28.938526,food,amenity:restaurant,restaurant,,,,POINT (28.938526 41.010695),1058995783,32.019105219012246,28.9382828,41.0104731
5113590304,Eda Büfe,41.008615,28.943699,food,amenity:restaurant,restaurant,,,,POINT (28.943699 41.008615),1058996146,3.3662004614417746,28.943736,41.0086267
5111206136,Eda bufe,41.019769,28.962536,food,amenity:restaurant,restaurant,,,,POINT (28.962536 41.019769),311375318,16.912980326594163,28.9625686,41.0199191
5108843582,Edun büfe,41.010436,28.977311,food,amenity:restaurant,restaurant,,,,POINT (28.977311 41.010436),278366563,3.8779018562302414,28.9773034,41.0104704
5108843572,Efezade Restaurant Cafe Turkish Delight,41.009588,28.978553,food,amenity:restaurant,restaurant,,,,POINT (28.978553 41.009588),13433927166,4.848087593580078,28.9785921,41.0096201
5113620689,Efezade resturant,41.009847,28.978836,food,amenity:restaurant,restaurant,,,,POINT (28.978836 41.009847),13433927166,32.48661320605846,28.9785921,41.0096201
5110345306,Ehlihan,41.015202,28.971958,food,amenity:restaurant,restaurant,,,,POINT (28.971958 41.015202),10617524226,29.82244184108647,28.9719443,41.01547
5109654689,Ehlihan Restaurant,41.014691,28.93364,food,amenity:restaurant,restaurant,,,,POINT (28.93364 41.014691),10096318336,27.386269688471693,28.9336863,41.0149348
5108843990,El Amed Terrace Restaurant,41.010307,28.975225,food,amenity:restaurant,restaurant,,,,POINT (28.975225 41.010307),3079788588,23.938707157925847,28.9749467,41.0103544
5108843586,El Pescador RESTAURANT,41.010408,28.978304,food,amenity:restaurant,restaurant,,,,POINT (28.978304 41.010408),11165697767,27.60971687688478,28.978592,41.0105281
5113620691,Ela Sofia Kebap,41.010248,28.97887,food,amenity:restaurant,restaurant,,,,POINT (28.97887 41.010248),13433927174,24.19787941706718,28.9788206,41.0104624
5075929053,Elefendi,41.010292,28.946984,food,amenity:restaurant,restaurant,,,,POINT (28.946984 41.010292),9188247766,24.89149756084009,28.9471234,41.0100944
5108837424,Elif Büfe,41.013728,28.975183,food,amenity:restaurant,restaurant,,,,POINT (28.975183 41.013728),11165697752,22.536094664701487,28.9749535,41.0138333
5115938128,Elif Büfe,41.008995,28.931252,food,amenity:restaurant,restaurant,,,,POINT (28.931252 41.008995),316924109,6.211301446552871,28.9313005,41.0090372
5115939938,Elif Büfe,41.011706,28.96848,food,amenity:restaurant,restaurant,,,,POINT (28.96848 41.011706),3082166491,6.457311499477521,28.9685523,41.0116861
5244810310,Elif Köfte Salonu,41.005694,28.965933,food,amenity:restaurant,restaurant,,,,POINT (28.965933 41.005694),3081281713,19.696527362118342,28.9657632,41.0058163
5115935417,Elif Pastanesi,41.00709,28.927511,food,amenity:restaurant,restaurant,,,,POINT (28.927511 41.00709),1057576038,33.89985332636963,28.9271294,41.0069899
12098772701,Emek saray,41.0116,28.958285,food,amenity:restaurant,restaurant,,,,POINT (28.958285 41.0116),10080670974,24.962484554170793,28.9583047,41.011824
5244812077,Eminönü Balikçisi ve Cafe,41.01903,28.965252,food,amenity:restaurant,restaurant,,,,POINT (28.965252 41.01903),2370517725,28.62103785086886,28.9649831,41.0188716
5115933151,Emir sultan,41.000275,28.930481,food,amenity:restaurant,restaurant,,,,POINT (28.930481 41.000275),1035581799,17.01462814807513,28.9306032,41.0001529
5108836392,Enes İbrahim,41.013404,28.976344,food,amenity:restaurant,restaurant,,,,POINT (28.976344 41.013404),278366486,10.149005056425509,28.9763597,41.0134945
5081610940,Engin Pastanesi,40.996271,28.924147,food,amenity:restaurant,restaurant,,,,POINT (28.924147 40.996271),1034388263,7.002346730458483,28.9240746,40.9962397
5108836375,Enjoy Pub Restaurant,41.013263,28.977008,food,amenity:restaurant,restaurant,,,,POINT (28.977008 41.013263),278366484,17.323956686476155,28.9769137,41.0131244
5108843065,Enjoyer cafe correcto Restaurant,41.008965,28.975571,food,amenity:restaurant,restaurant,,,,POINT (28.975571 41.008965),275612349,10.220430576965876,28.9755004,41.0090399
5086061098,Ensar Aile Börek Salonu,41.024694,28.954862,food,amenity:restaurant,restaurant,,,,POINT (28.954862 41.024694),1061753695,26.77489351241832,28.9550277,41.0244882
5111206123,Ercanlar,41.019801,28.96172,food,amenity:restaurant,restaurant,,,,POINT (28.96172 41.019801),3085947146,6.321702472144083,28.961679,41.0197533
10178410610,Erciyes Cafe & Restaurant,41.005019,28.969999,food,amenity:restaurant,restaurant,,,,POINT (28.969999 41.005019),275605024,19.071527704804797,28.9701951,41.0051057
3100037836,Erol,41.00861,28.973857,food,amenity:restaurant,restaurant,,,,POINT (28.973857 41.00861),269716327,27.608658329263097,28.9741832,41.0086425
5113624629,Erol Taş Cafe & Resturant,41.005278,28.981642,food,amenity:restaurant,restaurant,,,,POINT (28.981642 41.005278),1250432554,8.26976477672419,28.9817405,41.0052756
3090853858,Erzincanlı Ali Baba Restoran,41.015514,28.963271,food,amenity:restaurant,restaurant,,,,POINT (28.963271 41.015514),30215228,25.451700448641656,28.9631482,41.0157233
5243952770,Erzurum Cağ Kebap,41.015725,28.942891,food,amenity:restaurant,restaurant,,,,POINT (28.942891 41.015725),2371706523,28.841298157497082,28.9429517,41.0154697
2984153151,Esmer Chef,41.015513,28.975896,food,amenity:restaurant,restaurant,,,,POINT (28.975896 41.015513),8602030545,8.158774039417315,28.9759842,41.0155439
6968692361,Esmer Chef Fish House,41.015816,28.976069,food,amenity:restaurant,restaurant,,,,POINT (28.976069 41.015816),3457689675,14.639661344056469,28.9761877,41.0159125
5113611475,Et ustası,41.029576,28.939479,food,amenity:restaurant,restaurant,,,,POINT (28.939479 41.029576),1064222005,17.50594915805016,28.9392707,41.0295663
5113126686,Etibeyaz,41.006451,28.931103,food,amenity:restaurant,restaurant,,,,POINT (28.931103 41.006451),1057576534,16.41462452278559,28.9312079,41.0063264
5113500731,Etibeyaz,41.022235,28.945175,food,amenity:restaurant,restaurant,,,,POINT (28.945175 41.022235),1061625280,21.13592716363684,28.9449352,41.0222933
5081264669,Evim Iskender Kebap,41.015834,28.939657,food,amenity:restaurant,restaurant,,,,POINT (28.939657 41.015834),8978074014,12.335774265267759,28.9398038,41.0158402
5115937391,Evrim Restoran,41.010889,28.938308,food,amenity:restaurant,restaurant,,,,POINT (28.938308 41.010889),1057577916,18.175316195534958,28.9384594,41.0110059
5026474506,Ewan Restaurant,41.010248,28.947407,food,amenity:restaurant,restaurant,,,,POINT (28.947407 41.010248),1059240066,23.094915562143864,28.9473087,41.010054
5112728862,Express Restaurant and Pub,41.011927,28.959088,food,amenity:restaurant,restaurant,,,,POINT (28.959088 41.011927),10073446456,18.211662651336933,28.9591028,41.0120904
5099062148,Eyfel hotelium cafe and restaurant,41.007667,28.949252,food,amenity:restaurant,restaurant,,,,POINT (28.949252 41.007667),1058892498,11.221966612471238,28.9493138,41.0075775
5112729005,Eyfel restaurant,41.010408,28.9583,food,amenity:restaurant,restaurant,,,,POINT (28.9583 41.010408),256099861,9.963052775095695,28.9583444,41.0103249
5087172338,Eyüp Sultan Sofrası,40.996938,28.928076,food,amenity:restaurant,restaurant,,,,POINT (28.928076 40.996938),1035581321,21.93492124691535,28.9283366,40.9969531
5244802005,Ezgi restaurant,41.00421,28.971572,food,amenity:restaurant,restaurant,,,,POINT (28.971572 41.00421),248137316,9.676021069716256,28.9716291,41.0042856
5244811471,Fahri Usta,41.011186,28.96935,food,amenity:restaurant,restaurant,,,,POINT (28.96935 41.011186),311367504,9.30080136238244,28.9693712,41.0111039
4429003940,Falafel & Humus,41.008645,28.971502,food,amenity:restaurant,restaurant,,,,POINT (28.971502 41.008645),278005017,15.338161545967722,28.9713558,41.0087278
5243950785,Falafel alshalal,41.020238,28.941615,food,amenity:restaurant,restaurant,,,,POINT (28.941615 41.020238),12825913092,26.347825634278138,28.9413071,41.0201913
5108843727,Faros Restaurant Cafe,41.008354,28.973734,food,amenity:restaurant,restaurant,,,,POINT (28.973734 41.008354),13431435318,18.311009506510434,28.9739224,41.0082709
5087179431,Farrujna,40.994452,28.925253,food,amenity:restaurant,restaurant,,,,POINT (28.925253 40.994452),1034388406,13.621656307314518,28.925252,40.9945745
5110347270,Faruk Güllüoğlu,41.015824,28.976106,food,amenity:restaurant,restaurant,,,,POINT (28.976106 41.015824),3457689675,11.992763185865789,28.9761877,41.0159125
5108837455,Fasuli,41.014493,28.975598,food,amenity:restaurant,restaurant,,,,POINT (28.975598 41.014493),3402247670,19.832585662519982,28.975362,41.0145031
5111215770,Fasuli,41.003516,28.943556,food,amenity:restaurant,restaurant,,,,POINT (28.943556 41.003516),1058894180,12.12235766270972,28.9436898,41.0035571
5075929024,Fateh Alhayr resturant,41.012946,28.938687,food,amenity:restaurant,restaurant,,,,POINT (28.938687 41.012946),9950866022,18.836716269079496,28.9386858,41.0127766
4419254703,Fatih Belediyesi,41.031038,28.939442,food,amenity:restaurant,restaurant,,,,POINT (28.939442 41.031038),12356494857,1.9744853543663479,28.939434,41.0310213
6662592985,Fatih Belediyesi çatladikapi sosyal tesisi,41.001667,28.973533,food,amenity:restaurant,restaurant,,,,POINT (28.973533 41.001667),13073192973,22.650553303032954,28.9735245,41.0018706
5106121858,Fatih Damak Pide,41.016374,28.952488,food,amenity:restaurant,restaurant,,,,POINT (28.952488 41.016374),3364860686,9.083909266936075,28.9525961,41.0163786
5106122992,Fatih Karadeniz Pidecisi,41.016724,28.952406,food,amenity:restaurant,restaurant,,,,POINT (28.952406 41.016724),3541432981,16.40711703336915,28.9522109,41.0167341
5244809863,Fatih Köfte,41.008321,28.9675,food,amenity:restaurant,restaurant,,,,POINT (28.9675 41.008321),275602561,11.039174620140773,28.9674376,41.0084084
5113465270,Fatih Köfte ve Yemek Salonu,41.018103,28.951285,food,amenity:restaurant,restaurant,,,,POINT (28.951285 41.018103),1061625181,27.80675040293466,28.9509845,41.0179975
4225492003,Fatih Sarmacısı,41.017662,28.950493,food,amenity:restaurant,restaurant,,,,POINT (28.950493 41.017662),1061625197,4.866922689448439,28.9504414,41.017682
5106122982,Fatih Sur Börekçisi,41.016881,28.955539,food,amenity:restaurant,restaurant,,,,POINT (28.955539 41.016881),1061624194,18.726344888040217,28.9557472,41.0168203
5113480872,Fatih alhayr,41.020313,28.948778,food,amenity:restaurant,restaurant,,,,POINT (28.948778 41.020313),4884590237,14.919610066685808,28.9486571,41.0204114
5113465251,Fatih dekorasyon,41.018777,28.952342,food,amenity:restaurant,restaurant,,,,POINT (28.952342 41.018777),1061625020,4.7163009456509135,28.9523675,41.0187392
5243951409,Fatih durum,41.021833,28.944644,food,amenity:restaurant,restaurant,,,,POINT (28.944644 41.021833),1060106878,27.236671421045767,28.9443676,41.0219615
5113483402,Fatih esnaflar lokantası,41.021362,28.947974,food,amenity:restaurant,restaurant,,,,POINT (28.947974 41.021362),1061622767,26.889259329154378,28.9479041,41.021598
5108308875,Fatih Çitir Pide,41.01939,28.95508,food,amenity:restaurant,restaurant,,,,POINT (28.95508 41.01939),1061623218,22.498721311734908,28.9549642,41.0195725
5607713423,Fener Restaurant,41.004045,28.964013,food,amenity:restaurant,restaurant,,,,POINT (28.964013 41.004045),5083862551,14.12972015508547,28.9638984,41.0041381
5100823716,Ferda Börek Salonu,41.016899,28.931175,food,amenity:restaurant,restaurant,,,,POINT (28.931175 41.016899),1059137419,10.869577084587235,28.9312066,41.0168042
5113592158,Fetih Börek & Pide,41.010328,28.93837,food,amenity:restaurant,restaurant,,,,POINT (28.93837 41.010328),1058995783,17.715888884472207,28.9382828,41.0104731
11281508270,Fetih Iskembe,41.033512,28.946538,food,amenity:restaurant,restaurant,,,,POINT (28.946538 41.033512),1590877531,31.33878183750691,28.9468634,41.0336505
5115937824,Feyzi Usta Kadayıf ve Baklavaları,41.010275,28.931374,food,amenity:restaurant,restaurant,,,,POINT (28.931374 41.010275),316924159,24.310722284360345,28.9314479,41.0100636
5244795911,Filibe Köfte,41.016666,28.969326,food,amenity:restaurant,restaurant,,,,POINT (28.969326 41.016666),3379760644,14.83800710333192,28.9693861,41.0167915
5108843048,Firuz Aga Restaurant,41.008121,28.976083,food,amenity:restaurant,restaurant,,,,POINT (28.976083 41.008121),8602048881,15.66953556806345,28.9758967,41.0081113
5081264682,Flavory Restaurant,41.010273,28.947322,food,amenity:restaurant,restaurant,,,,POINT (28.947322 41.010273),1059240066,24.37728050127165,28.9473087,41.010054
5111215218,Fonyali,41.005783,28.936111,food,amenity:restaurant,restaurant,,,,POINT (28.936111 41.005783),1057577381,21.566611092133385,28.9362364,41.0059523
5088190871,Forsa Balık,40.999799,28.931984,food,amenity:restaurant,restaurant,,,,POINT (28.931984 40.999799),1035580901,12.849266023988754,28.932121,40.9997474
5108843090,Fuego Restaurant,41.008211,28.976941,food,amenity:restaurant,restaurant,,,,POINT (28.976941 41.008211),1454266219,34.96639926061399,28.9765244,41.0082036
5113599507,Furkan Döner,41.008605,28.945284,food,amenity:restaurant,restaurant,,,,POINT (28.945284 41.008605),12252537891,16.87204191725066,28.9454225,41.008495
11002665634,Fülâne,41.013974,28.977751,food,amenity:restaurant,restaurant,,,,POINT (28.977751 41.013974),278366512,20.810730991225675,28.9779556,41.0140798
4124679394,Fındık Kabuğu Restoran,41.031826,28.948906,food,amenity:restaurant,restaurant,,,,POINT (28.948906 41.031826),4618219825,18.677424954753345,28.9491182,41.0317751
5243953074,Fındık Kabuğu Restoran,41.031844,28.948907,food,amenity:restaurant,restaurant,,,,POINT (28.948907 41.031844),4618219825,19.30102716237088,28.9491182,41.0317751
5111215200,Fırat Kepab,41.006998,28.937806,food,amenity:restaurant,restaurant,,,,POINT (28.937806 41.006998),1058996011,15.559019747038729,28.9379409,41.007094
5244810644,Fırat Ocakbaşı,41.007007,28.965528,food,amenity:restaurant,restaurant,,,,POINT (28.965528 41.007007),3081292067,23.381720962570274,28.9658058,41.0069906
5108837444,GAR PUB Cafe & Restaurant,41.014283,28.976358,food,amenity:restaurant,restaurant,,,,POINT (28.976358 41.014283),269719185,17.89926721657353,28.9762859,41.0144345
5113592154,GIRNE,41.010049,28.938229,food,amenity:restaurant,restaurant,,,,POINT (28.938229 41.010049),10127735775,15.684589370427798,28.9380567,41.0099943
5112728877,Gala Kokoreç,41.011108,28.959255,food,amenity:restaurant,restaurant,,,,POINT (28.959255 41.011108),256099720,9.313680075965943,28.9593283,41.0110451
5108828645,Galata Fish & Kebab Restaurant,41.014329,28.976851,food,amenity:restaurant,restaurant,,,,POINT (28.976851 41.014329),3079738260,6.305221686030503,28.9767772,41.0143397
5244801877,Garden 1897 Restaurant,41.004117,28.972529,food,amenity:restaurant,restaurant,,,,POINT (28.972529 41.004117),3075153128,10.255861036338027,28.9726463,41.0041429
11341593119,Garden mezze,41.014521,28.977339,food,amenity:restaurant,restaurant,,,,POINT (28.977339 41.014521),6903351874,21.574262613006415,28.9774699,41.014688
5113620655,Garden resturant,41.005686,28.980291,food,amenity:restaurant,restaurant,,,,POINT (28.980291 41.005686),1248902329,26.505538452291766,28.9805593,41.0058118
5075993808,Gaza Vattan Felafel,41.01301,28.947268,food,amenity:restaurant,restaurant,,,,POINT (28.947268 41.01301),13168223885,32.4510223279251,28.9472387,41.012719
5107245412,Gaziantep Kilis Kebap ve Lahmacun,41.006686,28.924678,food,amenity:restaurant,restaurant,,,,POINT (28.924678 41.006686),12723110490,16.084439491562662,28.9244969,41.0067334
5100825078,Gaziantep Ocakbaşı Topkapı,41.021239,28.927476,food,amenity:restaurant,restaurant,,,,POINT (28.927476 41.021239),1059137038,12.525542610395775,28.9275166,41.0211306
5106118291,Gaziantep Restaurant,41.011795,28.953819,food,amenity:restaurant,restaurant,,,,POINT (28.953819 41.011795),2379769355,10.967965717232431,28.9539329,41.0117466
5115937378,Gaziantep Zahter Sofrası,41.008672,28.937265,food,amenity:restaurant,restaurant,,,,POINT (28.937265 41.008672),1058995903,11.441120403447272,28.937375,41.0086112
5113465015,Gaziantep ünal,41.018463,28.951563,food,amenity:restaurant,restaurant,,,,POINT (28.951563 41.018463),1061625104,18.19285645043717,28.9516499,41.0183131
5115937213,Gaziantep'li Künefeci Ömer Usta,41.010287,28.931558,food,amenity:restaurant,restaurant,,,,POINT (28.931558 41.010287),316924159,26.503170805710365,28.9314479,41.0100636
5107305896,Gaziantepli,41.008212,28.949243,food,amenity:restaurant,restaurant,,,,POINT (28.949243 41.008212),10068617936,6.401361835898987,28.9492841,41.0082605
5244809902,Gaziantepli Altınoğlu Baklava,41.007897,28.967092,food,amenity:restaurant,restaurant,,,,POINT (28.967092 41.007897),3081510951,11.981260166020792,28.966982,41.0078283
5111215131,Gaziantepli Usta,41.005581,28.937098,food,amenity:restaurant,restaurant,,,,POINT (28.937098 41.005581),3398771296,40.23206604990032,28.9372235,41.0059302
5244807956,Gelgör Kebap Salonu,41.009815,28.968147,food,amenity:restaurant,restaurant,,,,POINT (28.968147 41.009815),3082166467,19.51098593032114,28.9680596,41.0096524
5113590319,General Sofrası,41.008983,28.947798,food,amenity:restaurant,restaurant,,,,POINT (28.947798 41.008983),1058892543,6.676747896288503,28.9478087,41.0089235
5111215777,Giger kepeb,41.004286,28.94478,food,amenity:restaurant,restaurant,,,,POINT (28.94478 41.004286),1058894172,16.05187332746962,28.9448474,41.0044211
2894123844,Giorgi,41.008008,28.949337,food,amenity:restaurant,restaurant,,,,POINT (28.949337 41.008008),1058892500,27.892120900831422,28.9493311,41.0082588
5099062155,Giorgi,41.007667,28.948558,food,amenity:restaurant,restaurant,,,,POINT (28.948558 41.007667),1058892526,15.218679992640926,28.9486897,41.0075729
1808533830,Giritli,41.003659,28.980732,food,amenity:restaurant,restaurant,,,,POINT (28.980732 41.003659),3370712783,5.919247323335285,28.9807937,41.0036848
5244812128,Golden Night,41.019346,28.96732,food,amenity:restaurant,restaurant,,,,POINT (28.96732 41.019346),11169273529,19.701552536209505,28.9674079,41.0191817
5115937389,Goralı 1945,41.010817,28.938322,food,amenity:restaurant,restaurant,,,,POINT (28.938322 41.010817),1057577916,23.960602262688884,28.9384594,41.0110059
8468053017,Grace Rooftop Restaurant,41.006259,28.973669,food,amenity:restaurant,restaurant,,,,POINT (28.973669 41.006259),1185323560,10.575660744809134,28.9737936,41.0062447
10178410586,Green,41.003968,28.965002,food,amenity:restaurant,restaurant,,,,POINT (28.965002 41.003968),1016468695,13.284722482130416,28.9648658,41.0040289
9782808313,Green Garden Cafe,41.014223,28.978588,food,amenity:restaurant,restaurant,,,,POINT (28.978588 41.014223),3398706235,5.929294747944409,28.9786412,41.0142581
12339920801,Green Hill,41.007067,28.973316,food,amenity:restaurant,restaurant,,,,POINT (28.973316 41.007067),248137265,7.634868912051678,28.9732273,41.0070517
5236198780,Gulhane Sark Sofrasi,41.010723,28.977653,food,amenity:restaurant,restaurant,,,,POINT (28.977653 41.010723),278366557,10.010713443515627,28.9775524,41.0106746
5110347237,Gungenci,41.016412,28.973737,food,amenity:restaurant,restaurant,,,,POINT (28.973737 41.016412),10617341087,29.743335579829072,28.973486,41.0166009
5113599728,Gökhan Büfe,41.009008,28.943598,food,amenity:restaurant,restaurant,,,,POINT (28.943598 41.009008),1058996198,5.951027130068971,28.9436395,41.0090514
5086061041,Gökkuşağı Meze Ve Ev Yemekler,41.02691,28.955392,food,amenity:restaurant,restaurant,,,,POINT (28.955392 41.02691),1061753295,15.066692767875542,28.9552941,41.0267964
5106122989,Göktaş Branda,41.016746,28.955371,food,amenity:restaurant,restaurant,,,,POINT (28.955371 41.016746),10080770713,13.956995502320163,28.955205,41.0167378
10178438617,Gölçek Restaurant,41.003734,28.964969,food,amenity:restaurant,restaurant,,,,POINT (28.964969 41.003734),2370393236,10.619364398888807,28.9650332,41.0038163
5244807884,Göçmen Börekçisi,41.008698,28.967437,food,amenity:restaurant,restaurant,,,,POINT (28.967437 41.008698),251298881,10.059225294680706,28.9674773,41.0087832
5106123803,Gül Evi Restaurant,41.022003,28.944297,food,amenity:restaurant,restaurant,,,,POINT (28.944297 41.022003),1060106878,7.508246293552851,28.9443676,41.0219615
5244806804,Gül Tantik,41.009782,28.972084,food,amenity:restaurant,restaurant,,,,POINT (28.972084 41.009782),3082166474,31.823009100659224,28.9724575,41.0097323
5243950731,Gülbenoğlu,41.017657,28.943763,food,amenity:restaurant,restaurant,,,,POINT (28.943763 41.017657),2379850484,10.692504911967399,28.9438808,41.0176203
3498778647,Güler Restaurant,41.012583,28.958166,food,amenity:restaurant,restaurant,,,,POINT (28.958166 41.012583),9654484531,44.97149637615155,28.957784,41.0128667
5113620697,Gülhane cafe & resturant,41.014156,28.979361,food,amenity:restaurant,restaurant,,,,POINT (28.979361 41.014156),11010266599,28.325017944292465,28.9796433,41.0142957
5244809855,Güloğlu Baklava ve Börek Salonu,41.00798,28.967226,food,amenity:restaurant,restaurant,,,,POINT (28.967226 41.00798),269722965,17.705316244185834,28.9672765,41.0078254
5088192729,Günbilir Balık Restaurant,41.000058,28.932262,food,amenity:restaurant,restaurant,,,,POINT (28.932262 41.000058),1035580908,17.784494807436044,28.9324654,41.0000131
5081610907,Günbilir balık lokantası,40.993251,28.926857,food,amenity:restaurant,restaurant,,,,POINT (28.926857 40.993251),1034388420,59.427231123200286,28.9266192,40.9937544
4601423517,Güneydoğu Sofrası,41.017141,28.954654,food,amenity:restaurant,restaurant,,,,POINT (28.954654 41.017141),1061624988,30.43565113713579,28.9548969,41.0169377
5106122987,Güneydoğu Sofrası,41.017148,28.954742,food,amenity:restaurant,restaurant,,,,POINT (28.954742 41.017148),1061624988,26.752919565455336,28.9548969,41.0169377
5244810626,Gür Kebap,41.006617,28.966535,food,amenity:restaurant,restaurant,,,,POINT (28.966535 41.006617),3081292062,21.773638799983853,28.9662762,41.0066312
5106122968,Güven Ocakbaşı,41.017165,28.955764,food,amenity:restaurant,restaurant,,,,POINT (28.955764 41.017165),1061624202,23.228716259062427,28.9560294,41.0171055
5665463134,Güvenç Konyalı,41.014331,28.975486,food,amenity:restaurant,restaurant,,,,POINT (28.975486 41.014331),3457689628,15.507877908301127,28.9753497,41.0144252
5103810806,HATAY OCAKBAŞI RESTAURANT,41.017625,28.92926,food,amenity:restaurant,restaurant,,,,POINT (28.92926 41.017625),989943824,26.370681931118998,28.9291818,41.0173953
5106121854,Hacielaziz Çiğköfte,41.017337,28.95339,food,amenity:restaurant,restaurant,,,,POINT (28.95339 41.017337),1061625330,18.081023307035107,28.9533919,41.0171744
5243952628,Hacilaziz,41.016553,28.94593,food,amenity:restaurant,restaurant,,,,POINT (28.94593 41.016553),1059851972,30.849595524484396,28.9457232,41.0167824
5111215215,Hacioglarri,41.005613,28.93639,food,amenity:restaurant,restaurant,,,,POINT (28.93639 41.005613),9023659780,16.067209293523064,28.9362579,41.0055084
5244805719,Hacı Ali Usta,41.010644,28.972756,food,amenity:restaurant,restaurant,,,,POINT (28.972756 41.010644),3083371818,14.436331246966835,28.9728544,41.0105375
12347693561,Hacı Beyaz Chef,41.014368,28.976857,food,amenity:restaurant,restaurant,,,,POINT (28.976857 41.014368),3079738260,7.397992075345446,28.9767772,41.0143397
5113128078,Hacı Bozan Oğulları,41.009362,28.95625,food,amenity:restaurant,restaurant,,,,POINT (28.95625 41.009362),269723072,17.977400686527577,28.9562435,41.0095236
5099060706,Hacı kral mutfağı,41.006603,28.951514,food,amenity:restaurant,restaurant,,,,POINT (28.951514 41.006603),1058892578,21.591677955663553,28.9516204,41.0064262
5113500764,Hacıoğlu,41.020448,28.947,food,amenity:restaurant,restaurant,,,,POINT (28.947 41.020448),9760089529,15.84269243613231,28.9468362,41.0205189
5106123820,Hadramot Yemeni Restaurant,41.02053,28.9418,food,amenity:restaurant,restaurant,,,,POINT (28.9418 41.02053),12825913093,15.199737556851002,28.9419708,41.0205756
5108843102,Hafız Mustafa,41.007983,28.976908,food,amenity:restaurant,restaurant,,,,POINT (28.976908 41.007983),2666803154,33.45599532037915,28.9765113,41.0079528
5113127740,Hafızoğulları Lokantası,41.003911,28.931233,food,amenity:restaurant,restaurant,,,,POINT (28.931233 41.003911),1057578144,26.003234870157883,28.9314864,41.0037764
5112749787,Hakan Cafe Börek Salonu,41.030051,28.941009,food,amenity:restaurant,restaurant,,,,POINT (28.941009 41.030051),1064221933,21.142816856437236,28.940769,41.0301091
5113599475,Hakiki hatay urunleri,41.008259,28.940363,food,amenity:restaurant,restaurant,,,,POINT (28.940363 41.008259),1058996230,18.513537410315898,28.9402821,41.0081041
5075993816,Halep restaurant,41.013061,28.947139,food,amenity:restaurant,restaurant,,,,POINT (28.947139 41.013061),1059852327,32.90081146657945,28.9468232,41.0132364
5075962026,Halil ibrahim şark sofrası,41.012727,28.948388,food,amenity:restaurant,restaurant,,,,POINT (28.948388 41.012727),1059852319,23.585743869183563,28.9482235,41.012555
262402714,Hamdi,41.017163,28.969899,food,amenity:restaurant,restaurant,,,,POINT (28.969899 41.017163),13602762022,14.944422472628572,28.9698655,41.017295
11212829440,Han Atlas Üzbek Restaurant,41.005789,28.962071,food,amenity:restaurant,restaurant,,,,POINT (28.962071 41.005789),459111069,21.10849010106287,28.9618213,41.005766
5110342181,Hanedan kebap,41.015964,28.957601,food,amenity:restaurant,restaurant,,,,POINT (28.957601 41.015964),1260095489,37.15153652451098,28.9579469,41.0157554
5113592131,Hanim eli,41.008777,28.937597,food,amenity:restaurant,restaurant,,,,POINT (28.937597 41.008777),316924107,18.48816265062161,28.9375516,41.0089397
6961507386,Hanzade Terrace Restaurant,41.006445,28.970054,food,amenity:restaurant,restaurant,,,,POINT (28.970054 41.006445),3075182588,17.662754113450433,28.9702384,41.0063684
5113462480,Hanımeli kıztaşı,41.016929,28.951172,food,amenity:restaurant,restaurant,,,,POINT (28.951172 41.016929),1061625204,29.889016190867675,28.9514224,41.0167378
5106124123,Happy Chicken,41.020412,28.941585,food,amenity:restaurant,restaurant,,,,POINT (28.941585 41.020412),12825913092,33.8496636346899,28.9413071,41.0201913
5086061053,Hasan Usta,41.026468,28.955546,food,amenity:restaurant,restaurant,,,,POINT (28.955546 41.026468),1061753259,8.931970780889527,28.9556457,41.0264962
5088192722,Hasanoğlu Börek Pasta ve Cafe,41.002836,28.936713,food,amenity:restaurant,restaurant,,,,POINT (28.936713 41.002836),1036041415,14.527877041349825,28.9367887,41.0027185
11265105037,Hasanpaşa Konaği,41.009257,28.961273,food,amenity:restaurant,restaurant,,,,POINT (28.961273 41.009257),10188024036,22.775200715729834,28.9615388,41.0092155
5113599512,Haseki Ev Yemekleri,41.009186,28.944781,food,amenity:restaurant,restaurant,,,,POINT (28.944781 41.009186),1058892851,37.17340972061923,28.945183,41.0093265
6731413485,Haskral Hatay Sofrasi,41.012586,28.949009,food,amenity:restaurant,restaurant,,,,POINT (28.949009 41.012586),1059852770,17.64612837851109,28.9491876,41.0125022
6732844986,Haskral Hatay Sofrasi,41.012592,28.948989,food,amenity:restaurant,restaurant,,,,POINT (28.948989 41.012592),1059852770,19.426101409586266,28.9491876,41.0125022
5244812103,Hasırcılar Kebap Salonu,41.01821,28.967499,food,amenity:restaurant,restaurant,,,,POINT (28.967499 41.01821),10178682981,23.23659307956033,28.9673074,41.0183609
5244796163,Hatay Asi Künefeleri,41.01726,28.968929,food,amenity:restaurant,restaurant,,,,POINT (28.968929 41.01726),2379738152,3.757560284055515,28.96897,41.0172736
5075962045,Hatay medeniyetler sofrası,41.011688,28.950053,food,amenity:restaurant,restaurant,,,,POINT (28.950053 41.011688),990017839,9.93826567908159,28.9499525,41.0116407
5099065509,Hatay İkizler Tatlıcısı,41.007028,28.94228,food,amenity:restaurant,restaurant,,,,POINT (28.94228 41.007028),10603565172,7.921397833121377,28.9423744,41.0070285
6449136888,Havuzbaşı Restoran Yenikapı,41.001744,28.960891,food,amenity:restaurant,restaurant,,,,POINT (28.960891 41.001744),11185899583,53.9209197954539,28.9609306,41.002228
5243951555,Hayat lokantasi,41.016419,28.94872,food,amenity:restaurant,restaurant,,,,POINT (28.94872 41.016419),1059851913,21.426142005014942,28.9487941,41.0162346
5108843342,Hazal Börek Salonu,41.010417,28.974817,food,amenity:restaurant,restaurant,,,,POINT (28.974817 41.010417),3079788588,12.918445827792445,28.9749467,41.0103544
5113125300,Hazal Döner,41.003934,28.931798,food,amenity:restaurant,restaurant,,,,POINT (28.931798 41.003934),1036040877,13.423720401230312,28.9317057,41.0038354
5113125921,Hazal Pide Ve Börek Salonu,41.003542,28.929973,food,amenity:restaurant,restaurant,,,,POINT (28.929973 41.003542),1036041058,22.163620033429293,28.9301051,41.0033694
5088192735,Helena Çak Stone,41.000186,28.931873,food,amenity:restaurant,restaurant,,,,POINT (28.931873 41.000186),1035580900,16.319468488938103,28.9317724,41.0000604
5088192773,Hemşerim Durumcusu,40.999658,28.931432,food,amenity:restaurant,restaurant,,,,POINT (28.931432 40.999658),1035581787,9.923256960626246,28.931318,40.9996817
5088194893,Her Telden Çılgın Kebapçı,41.003502,28.931261,food,amenity:restaurant,restaurant,,,,POINT (28.931261 41.003502),2370778797,9.77399753503443,28.9312486,41.0034146
9833780518,Hesap Dokumu,41.004637,28.971102,food,amenity:restaurant,restaurant,,,,POINT (28.971102 41.004637),248137315,6.942549249882949,28.9711774,41.0046627
5244803035,Hippodrome Restaurant,41.00339,28.974778,food,amenity:restaurant,restaurant,,,,POINT (28.974778 41.00339),349271203,30.804654080445506,28.9749929,41.0036146
5115938123,Hira Kebap ve Dürüm Evi,41.007206,28.928668,food,amenity:restaurant,restaurant,,,,POINT (28.928668 41.007206),316968591,22.234737645513828,28.9285615,41.0070229
5244807847,Hira Lokantası,41.004832,28.965649,food,amenity:restaurant,restaurant,,,,POINT (28.965649 41.004832),2370393247,27.123642180254357,28.9658903,41.0046697
5243950801,Hirka-i sherif,41.021168,28.943216,food,amenity:restaurant,restaurant,,,,POINT (28.943216 41.021168),12825913091,17.106832741196566,28.9430126,41.0211789
12347693558,Hocapaşa Fish & Kebab,41.013879,28.976426,food,amenity:restaurant,restaurant,,,,POINT (28.976426 41.013879),3079738241,11.463201497722102,28.9765457,41.0139287
5108837440,Hocapaşa Pidecisi,41.013976,28.975606,food,amenity:restaurant,restaurant,,,,POINT (28.975606 41.013976),3079738266,15.224551506752263,28.975425,41.0139857
5112732232,Hotel Kaya Restaurant,41.010957,28.958653,food,amenity:restaurant,restaurant,,,,POINT (28.958653 41.010957),256099718,26.85040983059546,28.9583385,41.0110016
5108843525,House of Medusa,41.008764,28.977221,food,amenity:restaurant,restaurant,,,,POINT (28.977221 41.008764),3124384723,12.98327996056587,28.9773135,41.0086704
5107305840,Huzur Uygur Mufatğı,41.007843,28.948773,food,amenity:restaurant,restaurant,,,,POINT (28.948773 41.007843),1058892526,30.836420458117736,28.9486897,41.0075729
5087179433,Hükümran Sofrası,40.994685,28.925438,food,amenity:restaurant,restaurant,,,,POINT (28.925438 40.994685),1034388153,7.923359041404305,28.9253648,40.99473
6763640185,Hüner Ev Yemekleri,41.016582,28.937327,food,amenity:restaurant,restaurant,,,,POINT (28.937327 41.016582),2371631248,21.24526856321873,28.937571,41.0165309
5111215128,Ikizler pilavci,41.005468,28.936776,food,amenity:restaurant,restaurant,,,,POINT (28.936776 41.005468),2370778817,29.410036458689667,28.936471,41.0053377
5111215129,Is doner,41.0055,28.936883,food,amenity:restaurant,restaurant,,,,POINT (28.936883 41.0055),2370778817,38.999096424435216,28.936471,41.0053377
10589342905,Istanbul Anatolian cuisine,41.003401,28.972321,food,amenity:restaurant,restaurant,,,,POINT (28.972321 41.003401),248137320,20.438804788255588,28.9723649,41.0035818
5244809858,Istanbul Restaurant,41.0082,28.967299,food,amenity:restaurant,restaurant,,,,POINT (28.967299 41.0082),10629345973,9.404969705127941,28.9673928,41.0082463
5026652711,Izgara Evi Restuarant,41.011029,28.942264,food,amenity:restaurant,restaurant,,,,POINT (28.942264 41.011029),1059239760,33.60344457725403,28.9425158,41.011264
5111215179,Jalal,41.00733,28.942591,food,amenity:restaurant,restaurant,,,,POINT (28.942591 41.00733),1058996106,9.291715830731004,28.9426943,41.0072999
5106122966,Jing Ya Tang Restaurant,41.019102,28.957747,food,amenity:restaurant,restaurant,,,,POINT (28.957747 41.019102),1061623433,10.203576332821198,28.9577592,41.0190107
5081442470,Jing ya Tang Restaurant,41.019096,28.957813,food,amenity:restaurant,restaurant,,,,POINT (28.957813 41.019096),1061623433,10.504122841080642,28.9577592,41.0190107
5115937363,KEBAPCI CAHIT USTA,41.006968,28.93533,food,amenity:restaurant,restaurant,,,,POINT (28.93533 41.006968),3363433223,28.899533594489032,28.9355548,41.0067711
5244806784,KOSEM,41.009369,28.971288,food,amenity:restaurant,restaurant,,,,POINT (28.971288 41.009369),311371051,10.194191118447197,28.9711823,41.0093238
5110342205,Kadeli büfe,41.012384,28.95944,food,amenity:restaurant,restaurant,,,,POINT (28.95944 41.012384),2370590048,15.01746693066924,28.9592706,41.0123404
9785338497,Kadioglu Et Lokantasi,41.019872,28.962465,food,amenity:restaurant,restaurant,,,,POINT (28.962465 41.019872),1260180707,8.931857290023727,28.962438,41.0199497
5111206130,Kadioglu kofte salonu,41.019839,28.96227,food,amenity:restaurant,restaurant,,,,POINT (28.96227 41.019839),3085947154,16.13138093852967,28.9622944,41.0199829
10178438659,Kadırga Cafe & Restaurant,41.004781,28.968185,food,amenity:restaurant,restaurant,,,,POINT (28.968185 41.004781),3079788585,16.901103380994755,28.968026,41.0048743
5244802008,Kadırga Resturant,41.004519,28.971446,food,amenity:restaurant,restaurant,,,,POINT (28.971446 41.004519),275609040,8.18946936207348,28.9714579,41.0044459
10178438664,Kaki Umbrella Restaurant Terrace,41.004868,28.979593,food,amenity:restaurant,restaurant,,,,POINT (28.979593 41.004868),278004976,21.050236536643705,28.9793458,41.0048358
5112834071,Kakule cafe ve restaurant,41.00831,28.95264,food,amenity:restaurant,restaurant,,,,POINT (28.95264 41.00831),1058892587,19.725604346066593,28.9524279,41.0082335
5110345311,Kakşioğlu kafeterya,41.015089,28.971659,food,amenity:restaurant,restaurant,,,,POINT (28.971659 41.015089),311367410,19.728487455415653,28.9714275,41.0150579
5244801828,Kale Derya,41.002832,28.970797,food,amenity:restaurant,restaurant,,,,POINT (28.970797 41.002832),3075078760,14.283118044689362,28.9708987,41.002935
10178438628,Kalem Restaurant,41.006172,28.973224,food,amenity:restaurant,restaurant,,,,POINT (28.973224 41.006172),31678606,10.41773173657484,28.9731154,41.0061266
5115937987,Kalite Börek Salonu,41.010236,28.929063,food,amenity:restaurant,restaurant,,,,POINT (28.929063 41.010236),1057574424,7.0567159044982555,28.9291396,41.0102098
4343584752,Kalyon,41.0032,28.980911,food,amenity:restaurant,restaurant,,,,POINT (28.980911 41.0032),13357454631,33.83747683246874,28.9810541,41.0029155
5244807839,Karacadağ Sofrası,41.005087,28.964575,food,amenity:restaurant,restaurant,,,,POINT (28.964575 41.005087),10196506162,18.372833700895374,28.9643748,41.0050201
4419254702,Karadeniz,41.008481,28.975056,food,amenity:restaurant,restaurant,,,,POINT (28.975056 41.008481),275611821,4.397412966471,28.9751041,41.0084967
5108843759,Karadeniz Aile Pide and Kebab Restaurant,41.008442,28.974963,food,amenity:restaurant,restaurant,,,,POINT (28.974963 41.008442),275611821,13.310564238602385,28.9751041,41.0084967
5244807961,Karadeniz Köfte ve Yemek Salonu,41.009669,28.968455,food,amenity:restaurant,restaurant,,,,POINT (28.968455 41.009669),3082166487,10.873889735708156,28.9685459,41.0095993
5244806749,Karadeniz Pide Salonu,41.009157,28.970472,food,amenity:restaurant,restaurant,,,,POINT (28.970472 41.009157),3082166481,23.936858104221955,28.9701868,41.0091619
7090566391,Karadeniz Pide Vefa,41.017279,28.958318,food,amenity:restaurant,restaurant,,,,POINT (28.958318 41.017279),2195426979,37.755777000335016,28.9587577,41.0173513
5115937857,Karadeniz Pide-Börek Salonu,41.01159,28.92735,food,amenity:restaurant,restaurant,,,,POINT (28.92735 41.01159),316968738,8.968639547597782,28.9273767,41.0116681
5108843032,Karadeniz Restaurant,41.008461,28.975276,food,amenity:restaurant,restaurant,,,,POINT (28.975276 41.008461),275611821,14.960272696085022,28.9751041,41.0084967
5115937985,Karadeniz Yayla Lokantası,41.010486,28.928921,food,amenity:restaurant,restaurant,,,,POINT (28.928921 41.010486),1057574316,4.894029624772841,28.9289616,41.0105176
5108843746,Karadeniz kardeşler pide kebab salonu,41.008502,28.9746,food,amenity:restaurant,restaurant,,,,POINT (28.9746 41.008502),275612067,14.054225562451379,28.9744477,41.0085546
5113481388,Karadeniz pide,41.024043,28.948146,food,amenity:restaurant,restaurant,,,,POINT (28.948146 41.024043),10263288070,43.983379734096005,28.9485017,41.0243336
5081445069,Karagöz Zorba,41.027285,28.957007,food,amenity:restaurant,restaurant,,,,POINT (28.957007 41.027285),2370536696,34.358655063105935,28.95664,41.0271478
1784925344,Karakol Restaurant,41.009296,28.981083,food,amenity:restaurant,restaurant,,,,POINT (28.981083 41.009296),3424786604,16.547899003435056,28.9812802,41.0092978
5111214096,Kardes bufe,41.004124,28.943986,food,amenity:restaurant,restaurant,,,,POINT (28.943986 41.004124),2380754569,11.594484249244985,28.9439036,41.0042077
5088194826,Kardesler Koftecisi,40.999824,28.931546,food,amenity:restaurant,restaurant,,,,POINT (28.931546 40.999824),1035581614,11.04113367793914,28.9315806,40.9999198
5108843975,Kardesler Resteurant,41.009891,28.974401,food,amenity:restaurant,restaurant,,,,POINT (28.974401 41.009891),3079788577,27.70955245685381,28.9745505,41.0096688
5099040200,Kardeş büfe,41.004119,28.944058,food,amenity:restaurant,restaurant,,,,POINT (28.944058 41.004119),2380754569,16.28336242576457,28.9439036,41.0042077
5244806732,Kardeşler Köftecisi,41.00933,28.969465,food,amenity:restaurant,restaurant,,,,POINT (28.969465 41.00933),277129975,9.100190928434204,28.9695389,41.0092701
5109654680,Kardeşler Yemek,41.013754,28.93253,food,amenity:restaurant,restaurant,,,,POINT (28.93253 41.013754),1049732670,24.225156366591758,28.9327598,41.0138859
5088194904,Kardeşler Yufkacısı,41.002162,28.930601,food,amenity:restaurant,restaurant,,,,POINT (28.930601 41.002162),2373139473,8.307847387120853,28.9305032,41.0021736
5075962046,Kardeşler lokantası,41.011615,28.949636,food,amenity:restaurant,restaurant,,,,POINT (28.949636 41.011615),13478051067,8.316076427743921,28.9495369,41.0116138
5244801918,Karina Fish House,41.002986,28.975268,food,amenity:restaurant,restaurant,,,,POINT (28.975268 41.002986),1941154348,17.634070990120442,28.9754605,41.0030496
10178410613,Kartallar Denizki Restaurant,41.004096,28.964907,food,amenity:restaurant,restaurant,,,,POINT (28.964907 41.004096),1016468695,8.223272877191729,28.9648658,41.0040289
5244806751,Kasap Kebap,41.00939,28.970438,food,amenity:restaurant,restaurant,,,,POINT (28.970438 41.00939),277129953,20.498444762200606,28.9702715,41.0095249
4471394798,Kasap Osman,41.014928,28.957038,food,amenity:restaurant,restaurant,,,,POINT (28.957038 41.014928),3086129817,20.990700643869584,28.9568718,41.0147869
5108836417,Kasap Osman,41.013858,28.975358,food,amenity:restaurant,restaurant,,,,POINT (28.975358 41.013858),3079738266,15.271859990689972,28.975425,41.0139857
12374422255,Kasap Osman,41.013897,28.975572,food,amenity:restaurant,restaurant,,,,POINT (28.975572 41.013897),3079738266,15.792316638559441,28.975425,41.0139857
5081265953,Kasem Abu Alkas Lokantası,41.013023,28.944407,food,amenity:restaurant,restaurant,,,,POINT (28.944407 41.013023),1059239838,13.88788378127744,28.9445724,41.0130278
9785245256,Kayatas,41.019906,28.962346,food,amenity:restaurant,restaurant,,,,POINT (28.962346 41.019906),1260180707,9.120542630273507,28.962438,41.0199497
5111206127,Kaytas,41.019922,28.961892,food,amenity:restaurant,restaurant,,,,POINT (28.961892 41.019922),3085947146,25.907668521236467,28.961679,41.0197533
5113612622,Kaçar borek salonu,41.029183,28.944002,food,amenity:restaurant,restaurant,,,,POINT (28.944002 41.029183),1064222428,9.322343500470023,28.9439299,41.0291192
5244807843,Kaçkar Saray Büfe,41.004974,28.965028,food,amenity:restaurant,restaurant,,,,POINT (28.965028 41.004974),248137304,16.29343285475921,28.9651379,41.0048532
13467823856,Kebab Dünyası Cafe&Restaurant,41.006429,28.953831,food,amenity:restaurant,restaurant,,,,POINT (28.953831 41.006429),413329083,22.08709153901578,28.9536065,41.0065327
5113500286,Kebab and fish house,41.007901,28.971591,food,amenity:restaurant,restaurant,,,,POINT (28.971591 41.007901),8602077958,51.70841617867801,28.9715847,41.008366
5243952773,Kebabçı Mahmut,41.015482,28.943151,food,amenity:restaurant,restaurant,,,,POINT (28.943151 41.015482),2371706523,16.777168696801752,28.9429517,41.0154697
5107305843,Kebabçım,41.007187,28.948695,food,amenity:restaurant,restaurant,,,,POINT (28.948695 41.007187),1058892527,17.70888977481689,28.9486083,41.0070418
5111206144,Kebap Evi,41.019696,28.963544,food,amenity:restaurant,restaurant,,,,POINT (28.963544 41.019696),3370642642,7.858113323318981,28.963608,41.0196444
5112834049,Kebap dünyası,41.008352,28.951616,food,amenity:restaurant,restaurant,,,,POINT (28.951616 41.008352),1058892571,13.547746717469233,28.9515971,41.008231
5113465267,Kebapçi salıh usta,41.018202,28.951524,food,amenity:restaurant,restaurant,,,,POINT (28.951524 41.018202),1061625104,16.25374569777607,28.9516499,41.0183131
5103810784,Kebapçı Murat,41.019776,28.927859,food,amenity:restaurant,restaurant,,,,POINT (28.927859 41.019776),2378713431,16.967983812650704,28.9280441,41.0198375
5244806746,Kebapçı Şahin Usta,41.009526,28.969959,food,amenity:restaurant,restaurant,,,,POINT (28.969959 41.009526),278005027,11.44961970919344,28.9699951,41.0096253
5087179426,Kebapçıoğlu,40.994334,28.923869,food,amenity:restaurant,restaurant,,,,POINT (28.923869 40.994334),10657014563,7.58436252667749,28.9238176,40.9943901
5243950789,Keifine gore felafel,41.020431,28.94197,food,amenity:restaurant,restaurant,,,,POINT (28.94197 41.020431),12825913093,16.078949179273312,28.9419708,41.0205756
5115929118,Kelkit Döneri,41.009304,28.96707,food,amenity:restaurant,restaurant,,,,POINT (28.96707 41.009304),2379715154,17.357854246277576,28.9671932,41.0091786
5108843733,Kenger Home Made,41.008504,28.974365,food,amenity:restaurant,restaurant,,,,POINT (28.974365 41.008504),275612067,8.933692434393308,28.9744477,41.0085546
5099065448,Kerim ustanın mutfağı,41.00896,28.948099,food,amenity:restaurant,restaurant,,,,POINT (28.948099 41.00896),1058892458,9.247353555896618,28.9481322,41.0090393
5113615747,Keskin gürme,41.03061,28.936895,food,amenity:restaurant,restaurant,,,,POINT (28.936895 41.03061),1064575033,13.68822124360013,28.9367319,41.030606
3100037837,Keyf-i Mekan,41.012214,28.968072,food,amenity:restaurant,restaurant,,,,POINT (28.968072 41.012214),3370550735,7.610189979611692,28.9680751,41.0122824
5108843059,Khorasani Restaurant,41.008548,28.976074,food,amenity:restaurant,restaurant,,,,POINT (28.976074 41.008548),3274903072,26.156913441877368,28.9759147,41.0083458
5113500792,Kiler Et,41.017489,28.949956,food,amenity:restaurant,restaurant,,,,POINT (28.949956 41.017489),10263288060,9.202575512598353,28.9499809,41.0174084
5107243172,Kilis Sofrası,41.004195,28.927743,food,amenity:restaurant,restaurant,,,,POINT (28.927743 41.004195),1057576079,8.320852283598054,28.9278419,41.0042004
5113126687,Kirik Çatal Lokantasi,41.006116,28.931073,food,amenity:restaurant,restaurant,,,,POINT (28.931073 41.006116),1057576534,25.990062716985975,28.9312079,41.0063264
5112728853,Klas restaurant,41.011813,28.958571,food,amenity:restaurant,restaurant,,,,POINT (28.958571 41.011813),2942771231,18.773441767460124,28.9583498,41.0118384
12252425377,Kofte restaurant,41.011875,28.941256,food,amenity:restaurant,restaurant,,,,POINT (28.941256 41.011875),1057437398,30.338334302727382,28.9410153,41.0116714
5108843976,Kofteci Ramiz,41.009723,28.974314,food,amenity:restaurant,restaurant,,,,POINT (28.974314 41.009723),275611754,13.791790647056832,28.9741816,41.0096495
5108844440,Kofteci Ramiz,41.0096,28.973932,food,amenity:restaurant,restaurant,,,,POINT (28.973932 41.0096),269716638,7.533897920899101,28.9738552,41.0096351
5113612623,Konak Bufe,41.029141,28.944175,food,amenity:restaurant,restaurant,,,,POINT (28.944175 41.029141),1064574698,13.477527156277354,28.9441935,41.0290206
5103810774,Konak Lokantası,41.020275,28.928317,food,amenity:restaurant,restaurant,,,,POINT (28.928317 41.020275),1059137267,18.567151778619632,28.9281519,41.0201638
5244810621,Konya Etli Ekmek Salonu,41.006763,28.966248,food,amenity:restaurant,restaurant,,,,POINT (28.966248 41.006763),3081292062,14.845316591246943,28.9662762,41.0066312
5243951365,Konya Etli Pide,41.020556,28.94488,food,amenity:restaurant,restaurant,,,,POINT (28.94488 41.020556),1060106869,19.2053210795521,28.9450074,41.0206995
5110347267,Konyalı,41.01563,28.975962,food,amenity:restaurant,restaurant,,,,POINT (28.975962 41.01563),8602030545,9.753395026559026,28.9759842,41.0155439
5109654688,Konyalı Gurme,41.014559,28.93352,food,amenity:restaurant,restaurant,,,,POINT (28.93352 41.014559),316924475,21.44992730278441,28.9332927,41.0144707
903438877,Konyalı Restaurant,41.013559,28.985881,food,amenity:restaurant,restaurant,,,,POINT (28.985881 41.013559),3078464273,36.56255236781728,28.9854533,41.013622
5113620596,Konyalı topkapı,41.013713,28.985817,food,amenity:restaurant,restaurant,,,,POINT (28.985817 41.013713),3078464260,21.993089144835295,28.9855921,41.0138146
1914160124,Korean Chinese,41.003396,28.97426,food,amenity:restaurant,restaurant,,,,POINT (28.97426 41.003396),506381577,7.916876453618492,28.9741976,41.0033426
5113624630,Korecan Restoran,41.00539,28.981899,food,amenity:restaurant,restaurant,,,,POINT (28.981899 41.00539),1250432554,18.404160350629926,28.9817405,41.0052756
5111215155,Kosek and cafe,41.00648,28.939823,food,amenity:restaurant,restaurant,,,,POINT (28.939823 41.00648),10127764442,17.857593401543326,28.9400356,41.0064728
5108843387,Kosk Kebap Durum Evi,41.010544,28.977158,food,amenity:restaurant,restaurant,,,,POINT (28.977158 41.010544),3079788591,11.615064259832371,28.9770198,41.01055
5112732284,Koska,41.009734,28.957831,food,amenity:restaurant,restaurant,,,,POINT (28.957831 41.009734),10073978970,41.86985039741026,28.9573438,41.0096526
5244807891,Koska,41.008739,28.967277,food,amenity:restaurant,restaurant,,,,POINT (28.967277 41.008739),251298881,17.510817521010193,28.9674773,41.0087832
5110347201,Koska Köftecisi,41.016702,28.958752,food,amenity:restaurant,restaurant,,,,POINT (28.958752 41.016702),311375350,10.448500888442418,28.9587984,41.0167892
5243952733,Kozde kebap,41.017944,28.941933,food,amenity:restaurant,restaurant,,,,POINT (28.941933 41.017944),1060106943,10.94670287052856,28.9418612,41.0178618
6296619895,Kroren Restaurant,41.017486,28.929711,food,amenity:restaurant,restaurant,,,,POINT (28.929711 41.017486),1059137325,38.04017652065144,28.9295553,41.0178073
5088190868,Kucuk Ev,40.999691,28.932127,food,amenity:restaurant,restaurant,,,,POINT (28.932127 40.999691),1035580901,6.2915837924825295,28.932121,40.9997474
5108843081,Kucuk Ev Cafe and Restaurant,41.008268,28.976493,food,amenity:restaurant,restaurant,,,,POINT (28.976493 41.008268),1454266219,7.630291562706184,28.9765244,41.0082036
5108843590,Kucukoglu barbecue restaurant,41.010552,28.977476,food,amenity:restaurant,restaurant,,,,POINT (28.977476 41.010552),278366557,15.064510001106955,28.9775524,41.0106746
7100274085,Kudus,41.011618,28.949657,food,amenity:restaurant,restaurant,,,,POINT (28.949657 41.011618),13478051067,10.087831150646249,28.9495369,41.0116138
5100825062,Kul Sofras,41.020715,28.932884,food,amenity:restaurant,restaurant,,,,POINT (28.932884 41.020715),1059137106,10.364950186344657,28.9327943,41.0207791
5076115923,Kule köfte,40.995951,28.927454,food,amenity:restaurant,restaurant,,,,POINT (28.927454 40.995951),1035581568,29.1095634933861,28.9277071,40.995772
10178410598,Kumkapı Afrodit Restaurant,41.003451,28.965298,food,amenity:restaurant,restaurant,,,,POINT (28.965298 41.003451),13004337867,13.507709564814192,28.9652547,41.003334
10178438646,Kumkapı Albatros,41.003578,28.96526,food,amenity:restaurant,restaurant,,,,POINT (28.96526 41.003578),1016468774,7.159690579488005,28.9651758,41.0035676
10178410614,Kumkapı Evren Restaurant,41.004021,28.964766,food,amenity:restaurant,restaurant,,,,POINT (28.964766 41.004021),1016468695,8.420648818604265,28.9648658,41.0040289
10178410606,Kumkapı Hoş,41.004202,28.964584,food,amenity:restaurant,restaurant,,,,POINT (28.964584 41.004202),3081281686,11.941415809544532,28.9647242,41.0041836
6359663185,Kumkapı Hünkar,41.003415,28.965081,food,amenity:restaurant,restaurant,,,,POINT (28.965081 41.003415),13004337867,17.134375543995155,28.9652547,41.003334
10178410607,Kumkapı Saki,41.004096,28.964708,food,amenity:restaurant,restaurant,,,,POINT (28.964708 41.004096),3081281686,9.835092650047459,28.9647242,41.0041836
5081442495,Kumpir ve Waffle,41.023468,28.960473,food,amenity:restaurant,restaurant,,,,POINT (28.960473 41.023468),10613834524,14.761566983696296,28.9606181,41.0233929
6939657816,Kuru Fasulyeci Süleyman,41.015443,28.963249,food,amenity:restaurant,restaurant,,,,POINT (28.963249 41.015443),30215228,32.29498778516741,28.9631482,41.0157233
5243950743,Kuzey Büfe,41.017112,28.942864,food,amenity:restaurant,restaurant,,,,POINT (28.942864 41.017112),1060106949,15.186521171447495,28.9428061,41.0169826
5108843530,Kybele Restaurant,41.009328,28.976827,food,amenity:restaurant,restaurant,,,,POINT (28.976827 41.009328),1646281964,11.737160551282914,28.9768783,41.0094262
5112737084,Köfte,41.012967,28.966856,food,amenity:restaurant,restaurant,,,,POINT (28.966856 41.012967),311375203,13.221205960103761,28.9667112,41.0130139
4874840321,Köfteci,40.995053,28.925656,food,amenity:restaurant,restaurant,,,,POINT (28.925656 40.995053),1034388278,8.682568413701723,28.9256631,40.9949751
5244812119,Köfteci Yaşar,41.017985,28.968527,food,amenity:restaurant,restaurant,,,,POINT (28.968527 41.017985),3370503416,10.29501081501732,28.9686469,41.0179653
5108828683,Köfteci Yusuf,41.016539,28.979147,food,amenity:restaurant,restaurant,,,,POINT (28.979147 41.016539),3083547597,37.90933068769758,28.979046,41.0162067
5086061083,Köfteci Ömer Usta,41.025873,28.95702,food,amenity:restaurant,restaurant,,,,POINT (28.95702 41.025873),1061753375,27.607070389151605,28.9567015,41.0259355
5086061076,Kömür Lokantası,41.026034,28.95613,food,amenity:restaurant,restaurant,,,,POINT (28.95613 41.026034),1061754209,30.33621901506106,28.9559302,41.0262614
5113500768,Kömür turk mutfağı,41.020233,28.947182,food,amenity:restaurant,restaurant,,,,POINT (28.947182 41.020233),10263288066,6.553526460678512,28.9471127,41.0202602
5106123811,Köroğlu Et Lokantası,41.021214,28.942964,food,amenity:restaurant,restaurant,,,,POINT (28.942964 41.021214),12825913091,5.644161358842623,28.9430126,41.0211789
5110344582,Kösem Sultan,41.016773,28.965583,food,amenity:restaurant,restaurant,,,,POINT (28.965583 41.016773),1261054686,15.43846136381731,28.9653994,41.0167823
5244811486,Közde Kanatçı Reco,41.012753,28.967622,food,amenity:restaurant,restaurant,,,,POINT (28.967622 41.012753),10656657540,12.308667589419821,28.967486,41.0127945
5244810639,Köşem,41.006708,28.967141,food,amenity:restaurant,restaurant,,,,POINT (28.967141 41.006708),3081292063,10.310735987265694,28.9670209,41.0066884
5088194847,Köşem Büfe,40.998188,28.93003,food,amenity:restaurant,restaurant,,,,POINT (28.93003 40.998188),1035582312,2.2304397532086653,28.9300559,40.9981835
5113623106,Köşk Cafe & Restaurant,41.006355,28.980921,food,amenity:restaurant,restaurant,,,,POINT (28.980921 41.006355),278004973,19.776145199635142,28.9811167,41.0062559
5244812078,Küffette Köfte,41.018954,28.96538,food,amenity:restaurant,restaurant,,,,POINT (28.96538 41.018954),1059527368,22.46514397252513,28.965604,41.0190647
5099065445,Kükrük,41.009156,28.948624,food,amenity:restaurant,restaurant,,,,POINT (28.948624 41.009156),1058892562,9.308311159051977,28.9485135,41.0091634
5100823682,Küçük Ev,41.019898,28.932254,food,amenity:restaurant,restaurant,,,,POINT (28.932254 41.019898),1059137279,16.404051217630283,28.932137,41.0197798
5107247565,Kırık Çatal,41.006303,28.931052,food,amenity:restaurant,restaurant,,,,POINT (28.931052 41.006303),1057576534,13.338127339685688,28.9312079,41.0063264
5088194886,Kırımlı Çibörek,41.003481,28.931848,food,amenity:restaurant,restaurant,,,,POINT (28.931848 41.003481),2370778799,10.86883049704464,28.931865,41.0035779
6288254684,Kırımlı Çibörek,41.015213,28.929371,food,amenity:restaurant,restaurant,,,,POINT (28.929371 41.015213),412289922,18.882699501674455,28.9291518,41.0152515
5100823680,Kırımlı Çıbörek Bın Yıllık Lezzet,41.020058,28.932103,food,amenity:restaurant,restaurant,,,,POINT (28.932103 41.020058),1059137279,31.065702322957222,28.932137,41.0197798
10178438618,Kırımızı Karides Balık Restaurant,41.003722,28.965182,food,amenity:restaurant,restaurant,,,,POINT (28.965182 41.003722),2370393236,16.30535302582209,28.9650332,41.0038163
10206749532,Lale Sultan,41.00445,28.971353,food,amenity:restaurant,restaurant,,,,POINT (28.971353 41.00445),275609040,8.81441131396514,28.9714579,41.0044459
5112729013,Laleli Sultan Turkish Delight,41.011582,28.958316,food,amenity:restaurant,restaurant,,,,POINT (28.958316 41.011582),10080670974,26.925908392202853,28.9583047,41.011824
5112732238,Lalen Restaurant,41.011063,28.958808,food,amenity:restaurant,restaurant,,,,POINT (28.958808 41.011063),256099718,39.98109404302394,28.9583385,41.0110016
5075929048,Layale Şamiye,41.010536,28.946009,food,amenity:restaurant,restaurant,,,,POINT (28.946009 41.010536),2380735229,28.208579781724207,28.9461497,41.0107664
5243951508,Layali assalihya,41.016577,28.945598,food,amenity:restaurant,restaurant,,,,POINT (28.945598 41.016577),1059851972,25.13917303363134,28.9457232,41.0167824
974678738,Le Caïque,41.026546,28.958092,food,amenity:restaurant,restaurant,,,,POINT (28.958092 41.026546),8782021576,12.412281522493437,28.9582292,41.0265878
3457689622,Le Safran Restaurant,41.010508,28.978481,food,amenity:restaurant,restaurant,,,,POINT (28.978481 41.010508),11165697767,9.578051752821573,28.978592,41.0105281
10142739775,Lebap Restaurant,41.011096,28.953818,food,amenity:restaurant,restaurant,,,,POINT (28.953818 41.011096),256099223,21.628478390342018,28.9539746,41.0109415
5108844017,Lekker,41.009088,28.975371,food,amenity:restaurant,restaurant,,,,POINT (28.975371 41.009088),275612349,12.103598442816446,28.9755004,41.0090399
5106121866,Lezzet Gurme,41.017216,28.952056,food,amenity:restaurant,restaurant,,,,POINT (28.952056 41.017216),1061625174,20.86493325917865,28.9518172,41.0171636
5113609496,Lezzet çiğ borek,41.026239,28.940277,food,amenity:restaurant,restaurant,,,,POINT (28.940277 41.026239),4311935845,11.771741358869528,28.9403065,41.0261355
7036816785,Lezzet-i Sark,41.017078,28.969287,food,amenity:restaurant,restaurant,,,,POINT (28.969287 41.017078),2379738148,9.94328223827845,28.9693986,41.0170479
3104170591,Little Havanna,41.003142,28.975006,food,amenity:restaurant,restaurant,,,,POINT (28.975006 41.003142),13530207352,7.357268060839211,28.9750438,41.0030823
5103810781,Lokanta 53,41.019963,28.927892,food,amenity:restaurant,restaurant,,,,POINT (28.927892 41.019963),1059137079,14.667245979524726,28.9280631,41.0199901
9580735017,Lokma rumeli,41.016486,28.979486,food,amenity:restaurant,restaurant,,,,POINT (28.979486 41.016486),3083547597,48.241977512616764,28.979046,41.0162067
5113487668,Loti,41.008194,28.972971,food,amenity:restaurant,restaurant,,,,POINT (28.972971 41.008194),3282349643,18.99048163913989,28.9727724,41.0082759
12959659469,MANDI SEBAM,41.012678,28.94101,food,amenity:restaurant,restaurant,,,,POINT (28.94101 41.012678),1059239608,49.32244131464056,28.941367,41.0123256
5113599502,MIX,41.008465,28.945652,food,amenity:restaurant,restaurant,,,,POINT (28.945652 41.008465),12252537891,19.543954342253002,28.9454225,41.008495
5113620634,Magnaura Cafe & Restaurant,41.005618,28.980552,food,amenity:restaurant,restaurant,,,,POINT (28.980552 41.005618),1248902329,21.55831173348372,28.9805593,41.0058118
5625137021,Mahmiye,41.008555,28.976156,food,amenity:restaurant,restaurant,,,,POINT (28.976156 41.008555),1454266229,22.2281210951408,28.9763407,41.0084117
5075929051,Mahrusi resturant,41.01045,28.946367,food,amenity:restaurant,restaurant,,,,POINT (28.946367 41.01045),10093528155,32.40665838365722,28.9465776,41.0102057
5244806778,Makarna Sarayı,41.008685,28.971494,food,amenity:restaurant,restaurant,,,,POINT (28.971494 41.008685),278005017,12.53481626384954,28.9713558,41.0087278
10067218317,Malaysta,41.009978,28.976281,food,amenity:restaurant,restaurant,,,,POINT (28.976281 41.009978),3179959794,24.3505218514224,28.9764414,41.0097955
5108828621,Mandy Resturant,41.014106,28.977012,food,amenity:restaurant,restaurant,,,,POINT (28.977012 41.014106),3079738264,21.3007448911843,28.9772471,41.0141783
5113557373,Mandy hadramut,41.009611,28.946923,food,amenity:restaurant,restaurant,,,,POINT (28.946923 41.009611),1058892485,12.576501936111253,28.9467735,41.0096191
5244801902,Marbella Cafe ve Restaurant,41.002698,28.974202,food,amenity:restaurant,restaurant,,,,POINT (28.974202 41.002698),506381568,49.9378175507765,28.9742198,41.0031469
5244807957,Mardin Et Ve Kebap Salonu,41.009837,28.968607,food,amenity:restaurant,restaurant,,,,POINT (28.968607 41.009837),3082517912,9.397936097984285,28.9686167,41.0099212
913571125,Marmara 3 Döner&Kumru,41.013236,28.932247,food,amenity:restaurant,restaurant,,,,POINT (28.932247 41.013236),412289927,7.162421025970943,28.9321803,41.0132762
5110345640,Marmara Pastanesi,41.01215,28.975219,food,amenity:restaurant,restaurant,,,,POINT (28.975219 41.01215),2370354510,16.562339636145666,28.9754055,41.0121012
5110345249,Marmara döner,41.014923,28.975153,food,amenity:restaurant,restaurant,,,,POINT (28.975153 41.014923),10617332669,20.803185097358657,28.9749713,41.0147957
6450592985,Marmarion,41.008844,28.962754,food,amenity:restaurant,restaurant,,,,POINT (28.962754 41.008844),278366574,26.490232701572555,28.9625989,41.0090515
5115505473,Martini lokantası,41.008661,28.954097,food,amenity:restaurant,restaurant,,,,POINT (28.954097 41.008661),2379769349,28.99674201831318,28.9541893,41.0089123
5113599724,Martun 2,41.009892,28.945412,food,amenity:restaurant,restaurant,,,,POINT (28.945412 41.009892),2380739941,17.24076364997459,28.9452068,41.009884
3090853854,Masal,41.00823,28.976567,food,amenity:restaurant,restaurant,,,,POINT (28.976567 41.00823),1454266219,4.625455077003591,28.9765244,41.0082036
5108843083,Masal Restaurant,41.008336,28.976902,food,amenity:restaurant,restaurant,,,,POINT (28.976902 41.008336),10609421040,29.66206376769323,28.9766115,41.008488
4990485221,Massa Bistro Turkish Kitchen,41.008593,28.975164,food,amenity:restaurant,restaurant,,,,POINT (28.975164 41.008593),275611821,11.829005094508044,28.9751041,41.0084967
5113620603,Matbah,41.009301,28.979203,food,amenity:restaurant,restaurant,,,,POINT (28.979203 41.009301),275610450,14.334029197308775,28.9793299,41.0093873
5088190873,Matya Kömürde Balık,40.999897,28.931914,food,amenity:restaurant,restaurant,,,,POINT (28.931914 40.999897),1035580900,21.710137944071455,28.9317724,41.0000604
5113557369,Mavi Bufe,41.009744,28.946607,food,amenity:restaurant,restaurant,,,,POINT (28.946607 41.009744),1058892485,19.699297891245312,28.9467735,41.0096191
5244812108,Mavi Haliç Pide Salonu,41.01797,28.967589,food,amenity:restaurant,restaurant,,,,POINT (28.967589 41.01797),768679872,8.649442736135523,28.9676887,41.0179898
5088190917,Maydanoz,41.003338,28.936419,food,amenity:restaurant,restaurant,,,,POINT (28.936419 41.003338),1036040583,11.390575961822547,28.9365516,41.0033599
5106124134,Mazaj Restaurant,41.019716,28.940421,food,amenity:restaurant,restaurant,,,,POINT (28.940421 41.019716),2371623895,27.93863471983243,28.9401853,41.0195385
3090816360,Med Cezir,41.006577,28.97956,food,amenity:restaurant,restaurant,,,,POINT (28.97956 41.006577),278004972,29.425640262241213,28.9798128,41.0063936
8863187019,Melek Lokantasi,41.01612,28.931006,food,amenity:restaurant,restaurant,,,,POINT (28.931006 41.01612),10096318361,12.087214584353498,28.9310314,41.016227
5115505472,Melodi Restaurant,41.008576,28.954289,food,amenity:restaurant,restaurant,,,,POINT (28.954289 41.008576),2379769349,38.31924065943375,28.9541893,41.0089123
5115933188,Merdane Börek,41.001999,28.930065,food,amenity:restaurant,restaurant,,,,POINT (28.930065 41.001999),1055512853,4.99879792395826,28.9300204,41.0019692
5113126672,Merve Pastaneleri,41.006289,28.931036,food,amenity:restaurant,restaurant,,,,POINT (28.931036 41.006289),1057576534,15.011994776094099,28.9312079,41.0063264
5244806785,Mescgur Sariyer Börekçisi,41.009412,28.971269,food,amenity:restaurant,restaurant,,,,POINT (28.971269 41.009412),2775763259,8.893605534701045,28.9711635,41.0094043
5099056175,Meshur Langa Borekcisi,41.004613,28.945104,food,amenity:restaurant,restaurant,,,,POINT (28.945104 41.004613),1058894172,30.31449548335954,28.9448474,41.0044211
5243950794,Meshur sariyer,41.020788,28.942537,food,amenity:restaurant,restaurant,,,,POINT (28.942537 41.020788),12825913094,13.930039755336411,28.9425529,41.0209127
5244806511,Meshur Üsküp Köftecisi,41.009042,28.968745,food,amenity:restaurant,restaurant,,,,POINT (28.968745 41.009042),3082166446,10.572115529587677,28.9688684,41.0090612
5088194861,Mesire kebap ve lahmacun salonu,40.999428,28.931056,food,amenity:restaurant,restaurant,,,,POINT (28.931056 40.999428),1035581050,10.844368220468974,28.9310298,40.9993325
5099065472,Metin Usta Baklava,41.008253,28.945993,food,amenity:restaurant,restaurant,,,,POINT (28.945993 41.008253),1058892397,15.202392498754246,28.9458125,41.0082412
10738474298,Mevlana,41.007384,28.972187,food,amenity:restaurant,restaurant,,,,POINT (28.972187 41.007384),5129172836,23.503787481571305,28.972239,41.0071763
5244801973,Mevlana Kebap Salonu,41.003683,28.969376,food,amenity:restaurant,restaurant,,,,POINT (28.969376 41.003683),275608502,17.88585354659434,28.9692987,41.0035331
5088192744,Mevlana Pide,41.001176,28.933751,food,amenity:restaurant,restaurant,,,,POINT (28.933751 41.001176),1035580921,9.282105382872267,28.9338323,41.0011194
5081610977,Mevlana kasap ızgara salonu,40.998215,28.929556,food,amenity:restaurant,restaurant,,,,POINT (28.929556 40.998215),1035581924,14.965332143661197,28.9297261,40.9982554
5113470975,Mevlanakapı Merkez Efendi Köftecisi,41.013531,28.924072,food,amenity:restaurant,restaurant,,,,POINT (28.924072 41.013531),316968661,27.422146614768216,28.9243986,41.0135403
5112725572,Mevzubahis Çiğköfte,41.002247,28.926814,food,amenity:restaurant,restaurant,,,,POINT (28.926814 41.002247),1055512957,12.46058826435209,28.9267138,41.0021643
5113624627,Meydan Börek,41.005236,28.981694,food,amenity:restaurant,restaurant,,,,POINT (28.981694 41.005236),1250432554,5.883420147209368,28.9817405,41.0052756
5115937991,Meydan Kahvaltı,41.009495,28.93101,food,amenity:restaurant,restaurant,,,,POINT (28.93101 41.009495),11002147792,18.36301706601081,28.9312285,41.0095043
5100825077,Meydan Lokantası,41.021283,28.927441,food,amenity:restaurant,restaurant,,,,POINT (28.927441 41.021283),1059137038,18.094094136141546,28.9275166,41.0211306
5106123775,Meydan restaurant,41.024302,28.941679,food,amenity:restaurant,restaurant,,,,POINT (28.941679 41.024302),1060490864,18.41326555939279,28.9416255,41.0244626
5081445071,Meyhani,41.027386,28.95691,food,amenity:restaurant,restaurant,,,,POINT (28.95691 41.027386),2370536696,34.84999069843229,28.95664,41.0271478
5088190872,Meze,40.999857,28.931947,food,amenity:restaurant,restaurant,,,,POINT (28.931947 40.999857),1035580901,19.019582136755975,28.932121,40.9997474
5108837431,Meşhur Filibe Köftecisi,41.014099,28.97527,food,amenity:restaurant,restaurant,,,,POINT (28.97527 41.014099),1193429145,9.556330060378892,28.9751567,41.0141078
5244796165,Meşhur Hasırcılar Ocakbaşı Dürüm,41.017051,28.969303,food,amenity:restaurant,restaurant,,,,POINT (28.969303 41.017051),2379738148,8.02807967007393,28.9693986,41.0170479
5112749722,Meşhur Kır Pidesi,41.032756,28.945907,food,amenity:restaurant,restaurant,,,,POINT (28.945907 41.032756),1102850563,17.270996534083313,28.9458823,41.0326018
5244796186,Meşhur Miss Döner,41.016146,28.970226,food,amenity:restaurant,restaurant,,,,POINT (28.970226 41.016146),311371084,23.110863518377833,28.9704133,41.0162984
5244811430,Meşhur Pilavcı,41.01229,28.969227,food,amenity:restaurant,restaurant,,,,POINT (28.969227 41.01229),311371092,7.615914564117397,28.9692785,41.0123464
5107247575,Meşhur Pilavcı Celal Usta,41.005587,28.92963,food,amenity:restaurant,restaurant,,,,POINT (28.92963 41.005587),2373139481,12.572549203104977,28.9295562,41.0054886
5088192771,Meşhur Samatya Bilavcısı,41.000742,28.932864,food,amenity:restaurant,restaurant,,,,POINT (28.932864 41.000742),1035581905,13.348257075733278,28.9327238,41.0006853
5088192750,Meşhur Samatya pilavcısı,41.002097,28.936527,food,amenity:restaurant,restaurant,,,,POINT (28.936527 41.002097),1036041686,27.18627305115523,28.9367978,41.0022312
5088192802,Meşhur Sarıyer Börekçisi,41.002234,28.936746,food,amenity:restaurant,restaurant,,,,POINT (28.936746 41.002234),1036041686,4.3580442731493925,28.9367978,41.0022312
5088194830,Meşhur Sarıyer Börekçisi,40.999542,28.931248,food,amenity:restaurant,restaurant,,,,POINT (28.931248 40.999542),1035580904,8.666266736995832,28.9312384,40.9996196
5107245381,Meşhur Sarıyer Börekçisi,41.006685,28.931776,food,amenity:restaurant,restaurant,,,,POINT (28.931776 41.006685),2370759039,28.30437247980405,28.9320188,41.0068617
9141687153,Meşhur Sarıyer Börekçisi,41.011619,28.953682,food,amenity:restaurant,restaurant,,,,POINT (28.953682 41.011619),2379769355,25.38683445174728,28.9539329,41.0117466
5081445031,Meşhur Sarıyer börekçisi,41.027794,28.955241,food,amenity:restaurant,restaurant,,,,POINT (28.955241 41.027794),1061753278,16.56861109658482,28.9552394,41.027645
5108843104,Meşhur Sultanahmet Köftecisi,41.008008,28.977162,food,amenity:restaurant,restaurant,,,,POINT (28.977162 41.008008),11005974944,31.059928991732715,28.9775011,41.007896
5244796193,Meşhur Tahtakale Pilavcısı,41.015577,28.969793,food,amenity:restaurant,restaurant,,,,POINT (28.969793 41.015577),311371082,8.805955541098367,28.96988,41.0156213
5088192760,Meşhur Tekirdağ Köftecisi,41.001454,28.93491,food,amenity:restaurant,restaurant,,,,POINT (28.93491 41.001454),1035582634,13.445223348553474,28.9350081,41.0015496
5081442459,Meşhur Unkapanı Pilavcısı,41.02194,28.95987,food,amenity:restaurant,restaurant,,,,POINT (28.95987 41.02194),3361125318,24.955205018374354,28.9599089,41.0217175
5081442474,Meşhur Unkapanı Pilavcısı,41.020288,28.95876,food,amenity:restaurant,restaurant,,,,POINT (28.95876 41.020288),10613841576,40.12769753668014,28.9583355,41.0204543
5244809917,Meşhur Unkapanı Pilavcısı,41.008406,28.967074,food,amenity:restaurant,restaurant,,,,POINT (28.967074 41.008406),3081510982,9.131016302079418,28.9670128,41.0084739
5113470986,Meşhur Çiğbörek,41.014573,28.92758,food,amenity:restaurant,restaurant,,,,POINT (28.92758 41.014573),1302458079,11.653893314856658,28.9277104,41.0146091
5112725580,Meşhur Çiğköfteci Hasan Usta,41.000212,28.924397,food,amenity:restaurant,restaurant,,,,POINT (28.924397 41.000212),1035582420,21.980419533796518,28.9241545,41.0001373
1908677120,Mihri,41.007266,28.979165,food,amenity:restaurant,restaurant,,,,POINT (28.979165 41.007266),3076865544,21.722800525306194,28.9790113,41.0074232
5108843078,Million Restaurant,41.008329,28.97629,food,amenity:restaurant,restaurant,,,,POINT (28.97629 41.008329),1454266229,10.13220601328914,28.9763407,41.0084117
5111206128,Mini market,41.01993,28.962064,food,amenity:restaurant,restaurant,,,,POINT (28.962064 41.01993),3085947154,20.204524021043554,28.9622944,41.0199829
5115937195,Mir Börek Cafe,41.0081,28.931367,food,amenity:restaurant,restaurant,,,,POINT (28.931367 41.0081),316966371,19.405158333058196,28.9312688,41.007942
6939603515,Mirar Sinan,41.015836,28.962776,food,amenity:restaurant,restaurant,,,,POINT (28.962776 41.015836),10073446430,31.62866162539712,28.9631299,41.015738
5107305827,Mis Köfte,41.00877,28.948801,food,amenity:restaurant,restaurant,,,,POINT (28.948801 41.00877),3371725930,11.096708347550415,28.9489277,41.0087986
5113620658,Mitani Cafe,41.005886,28.980551,food,amenity:restaurant,restaurant,,,,POINT (28.980551 41.005886),1248902329,8.280019184597197,28.9805593,41.0058118
5244801990,Mitara Cafe,41.003625,28.973305,food,amenity:restaurant,restaurant,,,,POINT (28.973305 41.003625),1185323656,12.103813630325579,28.9734206,41.0035599
3100037838,Mivan Restaurant Cafe,41.006213,28.96908,food,amenity:restaurant,restaurant,,,,POINT (28.96908 41.006213),275598190,12.494070138764252,28.9690413,41.0061045
5112834027,Molino pizza,41.007569,28.951919,food,amenity:restaurant,restaurant,,,,POINT (28.951919 41.007569),1058892573,27.691876099506935,28.951592,41.0076026
5484108425,Mom's Garden,41.004629,28.975054,food,amenity:restaurant,restaurant,,,,POINT (28.975054 41.004629),275602995,12.229131075927057,28.9749352,41.0045653
5244803038,Mosaic Terrace Restaurant,41.00345,28.974331,food,amenity:restaurant,restaurant,,,,POINT (28.974331 41.00345),506381577,16.36866680972953,28.9741976,41.0033426
5108843079,Mozaik Cafe and Restaurant,41.008272,28.976392,food,amenity:restaurant,restaurant,,,,POINT (28.976392 41.008272),275612347,8.297219082654442,28.9764131,41.0081991
3452205491,Mr Cook Cafe & Restaurant,41.010732,28.974828,food,amenity:restaurant,restaurant,,,,POINT (28.974828 41.010732),269716595,13.095047429003227,28.9749715,41.0107783
5108843336,Mr cook Cafe Restaurant,41.010724,28.974852,food,amenity:restaurant,restaurant,,,,POINT (28.974852 41.010724),269716595,11.704398292513163,28.9749715,41.0107783
13396860947,Mr. Dumpling,41.013948,28.975941,food,amenity:restaurant,restaurant,,,,POINT (28.975941 41.013948),2379693988,14.979254372329896,28.9757946,41.0138709
12954682301,Munhanie Restaurant,41.003623,28.972377,food,amenity:restaurant,restaurant,,,,POINT (28.972377 41.003623),248137320,4.692411520572791,28.9723649,41.0035818
5243950787,Musilli,41.020329,28.941789,food,amenity:restaurant,restaurant,,,,POINT (28.941789 41.020329),12825913093,31.37700225354177,28.9419708,41.0205756
5075929060,Musul Mutfağı,41.010201,28.947784,food,amenity:restaurant,restaurant,,,,POINT (28.947784 41.010201),1059240066,43.10079872920598,28.9473087,41.010054
5244801846,Myterrace Cafe & Restaurant,41.00485,28.973035,food,amenity:restaurant,restaurant,,,,POINT (28.973035 41.00485),1185323728,6.550155258063007,28.9730397,41.0049088
5099065503,Müslüm Usta Has Urfa 63,41.007206,28.942588,food,amenity:restaurant,restaurant,,,,POINT (28.942588 41.007206),1058996106,13.732455507136827,28.9426943,41.0072999
5115937217,Mırra Kahvaltı Salonu,41.009833,28.931584,food,amenity:restaurant,restaurant,,,,POINT (28.931584 41.009833),316924159,28.06960079729566,28.9314479,41.0100636
5108843063,N Terrace Restaurant,41.008709,28.975889,food,amenity:restaurant,restaurant,,,,POINT (28.975889 41.008709),3274903072,40.44358702176137,28.9759147,41.0083458
5108843076,NAR restaurant,41.008591,28.976109,food,amenity:restaurant,restaurant,,,,POINT (28.976109 41.008591),1454266229,27.847385852366596,28.9763407,41.0084117
5243950819,Nam-i lezzet,41.019358,28.945782,food,amenity:restaurant,restaurant,,,,POINT (28.945782 41.019358),1060106993,12.563858472572008,28.9457052,41.019261
5108837439,Namlı Rumeli Köftecisi,41.014025,28.975501,food,amenity:restaurant,restaurant,,,,POINT (28.975501 41.014025),3079738266,7.730276882919565,28.975425,41.0139857
5108843057,Nar Steak ve Doner Kebab Restaurant,41.008453,28.976103,food,amenity:restaurant,restaurant,,,,POINT (28.976103 41.008453),3274903072,19.792243967254745,28.9759147,41.0083458
10235736710,Nasip-Et kebap,41.004906,28.967506,food,amenity:restaurant,restaurant,,,,POINT (28.967506 41.004906),248137420,19.716830353632698,28.9673546,41.0047704
5115939234,Nazlı Urfa Kebap Salonu,41.009018,28.93143,food,amenity:restaurant,restaurant,,,,POINT (28.93143 41.009018),316924109,11.073898325734971,28.9313005,41.0090372
5081274327,Nergis Saray,41.01029,28.951453,food,amenity:restaurant,restaurant,,,,POINT (28.951453 41.01029),990015289,25.172376748721984,28.9513525,41.0105033
5112744269,Nevzat Usta,41.014572,28.96803,food,amenity:restaurant,restaurant,,,,POINT (28.96803 41.014572),3083371817,4.864481997180215,28.968042,41.0146148
5108844452,New Asian Restaurant,41.008786,28.97368,food,amenity:restaurant,restaurant,,,,POINT (28.97368 41.008786),269716442,19.566892172100673,28.9734961,41.0086778
13272149001,New Balat café restaurant,41.030568,28.949824,food,amenity:restaurant,restaurant,,,,POINT (28.949824 41.030568),2371733273,9.840156485608258,28.9498758,41.0304886
5108836365,New Hatay Restaurant,41.012747,28.977623,food,amenity:restaurant,restaurant,,,,POINT (28.977623 41.012747),3079738251,9.078266263807972,28.9775157,41.0127365
3102593664,New Season,41.003502,28.97598,food,amenity:restaurant,restaurant,,,,POINT (28.97598 41.003502),2379706614,5.272496738128178,28.9759901,41.0035488
5108828631,Ney Ocakbaşı,41.013778,28.978378,food,amenity:restaurant,restaurant,,,,POINT (28.978378 41.013778),278366515,13.437903947719414,28.9782871,41.0136785
5108827994,Neyzade Restaurant,41.012798,28.978428,food,amenity:restaurant,restaurant,,,,POINT (28.978428 41.012798),13433942484,25.023308160000706,28.9781916,41.0126608
10178410616,Neyzen,41.003896,28.96487,food,amenity:restaurant,restaurant,,,,POINT (28.96487 41.003896),1016468695,14.782028810562315,28.9648658,41.0040289
5113483623,Nihavent,41.02081,28.948374,food,amenity:restaurant,restaurant,,,,POINT (28.948374 41.02081),1061622733,4.895754608518192,28.9483761,41.020854
5243951369,Nishantashi bufe,41.020675,28.946099,food,amenity:restaurant,restaurant,,,,POINT (28.946099 41.020675),1060107001,25.54646973868182,28.9464024,41.0206946
5115933926,Nizam Usta,41.004138,28.93288,food,amenity:restaurant,restaurant,,,,POINT (28.93288 41.004138),1036041045,34.49675080858014,28.9324801,41.0040661
5088190870,Norjin Samatyon,40.999783,28.932027,food,amenity:restaurant,restaurant,,,,POINT (28.932027 40.999783),1035580901,8.826020108590994,28.932121,40.9997474
1914160125,Nostra Casa,41.003127,28.974316,food,amenity:restaurant,restaurant,,,,POINT (28.974316 41.003127),506381568,8.370495888233414,28.9742198,41.0031469
12347693549,Nova Roma Restaurant,41.014019,28.977084,food,amenity:restaurant,restaurant,,,,POINT (28.977084 41.014019),3079738258,21.836568107648734,28.977064,41.0138232
5113557379,Nuri Usta,41.009565,28.947417,food,amenity:restaurant,restaurant,,,,POINT (28.947417 41.009565),10127897748,14.04466346682678,28.9474187,41.0094387
5099062123,Nuri usta baklava,41.007653,28.950284,food,amenity:restaurant,restaurant,,,,POINT (28.950284 41.007653),1058892595,11.35676749883053,28.9501739,41.0075936
5244807621,Nuruosmaniye Köftecisi,41.009104,28.972615,food,amenity:restaurant,restaurant,,,,POINT (28.972615 41.009104),3082166456,55.040875956401244,28.9727804,41.009583
7154243585,Oba Restaurant,41.006209,28.964979,food,amenity:restaurant,restaurant,,,,POINT (28.964979 41.006209),1018527956,11.865820034550712,28.9648441,41.006177
5111222063,Ocakpasi,41.008224,28.964853,food,amenity:restaurant,restaurant,,,,POINT (28.964853 41.008224),10188017813,2.3792662531549804,28.9648557,41.0082453
5113620645,Ocean's 7 cafe & resturant,41.005137,28.979896,food,amenity:restaurant,restaurant,,,,POINT (28.979896 41.005137),278004975,24.28948689504351,28.9799819,41.0053456
5108828662,Old City Garden Restaurant,41.014177,28.978425,food,amenity:restaurant,restaurant,,,,POINT (28.978425 41.014177),3398706235,20.257531469842313,28.9786412,41.0142581
12208997977,Old Hipodrom,41.003498,28.973678,food,amenity:restaurant,restaurant,,,,POINT (28.973678 41.003498),2379723984,19.272341442721448,28.9738995,41.0035438
5113623093,Old House Restaurant & Bar Cafe,41.006069,28.97934,food,amenity:restaurant,restaurant,,,,POINT (28.97934 41.006069),1325246136,13.558576137612402,28.9794945,41.0061047
13396860927,Old Instanbul Rooftop Terrace,41.013641,28.976304,food,amenity:restaurant,restaurant,,,,POINT (28.976304 41.013641),278366486,16.94718833011768,28.9763597,41.0134945
5441010621,Old Istanbul Cuisine,41.01025,28.97563,food,amenity:restaurant,restaurant,,,,POINT (28.97563 41.01025),1646281959,6.33582082270185,28.9756642,41.0103008
4922661521,Old Ottoman Cafe & Restaurant,41.010728,28.975411,food,amenity:restaurant,restaurant,,,,POINT (28.975411 41.010728),10609409185,21.00420768084386,28.9752059,41.0106197
12301074673,Olden 1772,41.014928,28.974104,food,amenity:restaurant,restaurant,,,,POINT (28.974104 41.014928),278344482,30.036340117358236,28.9737659,41.0148392
5108836359,Olive Anatolian Restaurant,41.012468,28.977799,food,amenity:restaurant,restaurant,,,,POINT (28.977799 41.012468),3079738236,11.257490230509246,28.9779305,41.0124479
10583738805,Olive Garden,41.004605,28.971156,food,amenity:restaurant,restaurant,,,,POINT (28.971156 41.004605),248137315,6.662526207274819,28.9711774,41.0046627
5108843113,Omar Cafe and Restaurant,41.008451,28.977629,food,amenity:restaurant,restaurant,,,,POINT (28.977629 41.008451),11005974937,19.461950126974667,28.9778327,41.0085347
5108827988,Onbaşılar Dürümcü,41.014387,28.976453,food,amenity:restaurant,restaurant,,,,POINT (28.976453 41.014387),269719185,14.981871323258177,28.9762859,41.0144345
5244807971,Orhan Usta Et Lokantası,41.009579,28.968468,food,amenity:restaurant,restaurant,,,,POINT (28.968468 41.009579),3082166487,6.91519799033722,28.9685459,41.0095993
5221028385,Orient Express Restaurant,41.01521,28.977424,food,amenity:restaurant,restaurant,,,,POINT (28.977424 41.01521),12660718812,49.82254560423233,28.9769671,41.0149238
5193225922,Ortaklar Kebab Lahmacun,41.007273,28.972204,food,amenity:restaurant,restaurant,,,,POINT (28.972204 41.007273),5129172836,11.146429782314124,28.972239,41.0071763
5243951541,Oses,41.017405,28.946443,food,amenity:restaurant,restaurant,,,,POINT (28.946443 41.017405),1059851969,25.5607819145323,28.9467471,41.017391
5243952757,Oses,41.016247,28.944683,food,amenity:restaurant,restaurant,,,,POINT (28.944683 41.016247),1059851792,28.572746147241133,28.9445891,41.016
5112725558,Oses Çiğköfte,41.003252,28.927092,food,amenity:restaurant,restaurant,,,,POINT (28.927092 41.003252),1055512832,17.091718094435937,28.9272945,41.0032685
13204905930,Oses Çiğköfte Vefa,41.013318,28.961086,food,amenity:restaurant,restaurant,,,,POINT (28.961086 41.013318),311367423,7.8207552696412,28.9611774,41.0133042
5087179448,Oses çiğköfte,40.995553,28.926592,food,amenity:restaurant,restaurant,,,,POINT (28.926592 40.995553),1034388569,15.615901132731963,28.9264073,40.99557
9230743217,Osi pizza & Pasta,41.004951,28.973158,food,amenity:restaurant,restaurant,,,,POINT (28.973158 41.004951),1185323728,10.980168913331811,28.9730397,41.0049088
5113500262,Osman,41.006231,28.973237,food,amenity:restaurant,restaurant,,,,POINT (28.973237 41.006231),31678606,15.455719293896694,28.9731154,41.0061266
5081442496,Osman Oglu Kebap,41.023584,28.960491,food,amenity:restaurant,restaurant,,,,POINT (28.960491 41.023584),1059526259,13.164845117411957,28.9606402,41.0236207
5115939942,Osmanli Kanat Ve Balik,41.011868,28.968277,food,amenity:restaurant,restaurant,,,,POINT (28.968277 41.011868),3082166486,4.345084721396597,28.9683285,41.0118721
5026696826,Osmanli Konagi Restuarant,41.011094,28.941682,food,amenity:restaurant,restaurant,,,,POINT (28.941682 41.011094),2371631231,19.226189348595987,28.9418462,41.0112146
5717779824,Osmanlı Kebapçısı,41.017938,28.968709,food,amenity:restaurant,restaurant,,,,POINT (28.968709 41.017938),3370503416,6.029863130901626,28.9686469,41.0179653
5113126689,Osmanlı Tulumba Baklava,41.005996,28.930952,food,amenity:restaurant,restaurant,,,,POINT (28.930952 41.005996),1057576231,29.906891553861048,28.9305998,41.0060372
5115937823,Osmanlı Tulumba ve Baklava,41.010104,28.931373,food,amenity:restaurant,restaurant,,,,POINT (28.931373 41.010104),316924159,7.725112680614045,28.9314479,41.0100636
5112725534,Osmanlı Tulumbacısı ve Baklava,41.00377,28.928172,food,amenity:restaurant,restaurant,,,,POINT (28.928172 41.00377),1057576502,13.028471504987644,28.9282484,41.003872
5115929112,Osmanlızade,41.009296,28.96718,food,amenity:restaurant,restaurant,,,,POINT (28.96718 41.009296),2379715154,13.101205098371965,28.9671932,41.0091786
8091078318,Otantik,41.009721,28.97622,food,amenity:restaurant,restaurant,,,,POINT (28.97622 41.009721),3179959794,20.34048157991878,28.9764414,41.0097955
5244806819,Otantik Karaca Kardelen,41.009496,28.972592,food,amenity:restaurant,restaurant,,,,POINT (28.972592 41.009496),3082166456,18.533379220288737,28.9727804,41.009583
5244807392,Ottoman et Mangal,41.009682,28.97015,food,amenity:restaurant,restaurant,,,,POINT (28.97015 41.009682),278005027,14.44575725285971,28.9699951,41.0096253
5110347229,Ozbasak,41.016206,28.975588,food,amenity:restaurant,restaurant,,,,POINT (28.975588 41.016206),278344498,11.162058007476126,28.9755327,41.0162973
5243951405,Ozgelis kabab salonu,41.021654,28.944642,food,amenity:restaurant,restaurant,,,,POINT (28.944642 41.021654),1060106878,41.219508061010465,28.9443676,41.0219615
6186457987,Ozgur Kasap,41.013941,28.975409,food,amenity:restaurant,restaurant,,,,POINT (28.975409 41.013941),3079738266,5.148515343780187,28.975425,41.0139857
6045599785,Ozi Pizza and Pasta,41.00533,28.973358,food,amenity:restaurant,restaurant,,,,POINT (28.973358 41.00533),1185323513,15.893083236115809,28.97329,41.0051966
5113592164,PIZZALINA,41.010765,28.938556,food,amenity:restaurant,restaurant,,,,POINT (28.938556 41.010765),1058995758,25.05750670235561,28.9385352,41.0109898
6896227885,Pak Pide,41.014592,28.967995,food,amenity:restaurant,restaurant,,,,POINT (28.967995 41.014592),3083371817,4.688028940315091,28.968042,41.0146148
5113623111,Palatium Cafe & Restaurant,41.006022,28.980244,food,amenity:restaurant,restaurant,,,,POINT (28.980244 41.006022),277129911,9.465170118509542,28.980285,41.0061013
3090853857,Palmiye,41.008122,28.977509,food,amenity:restaurant,restaurant,,,,POINT (28.977509 41.008122),278366570,13.724574156348394,28.9775603,41.0082392
5112728839,Palmyra Syrian Restaurant,41.011475,28.957555,food,amenity:restaurant,restaurant,,,,POINT (28.957555 41.011475),256098331,17.76729108089353,28.9573541,41.0115255
5106135562,Palukçu Restaurant,41.016039,28.930221,food,amenity:restaurant,restaurant,,,,POINT (28.930221 41.016039),815187170,18.786204142490973,28.9300162,41.0159707
3079823142,Pandeli,41.017145,28.971179,food,amenity:restaurant,restaurant,,,,POINT (28.971179 41.017145),11812527208,14.712721215989225,28.9712836,41.0172512
5111215743,Pasa doner,41.004156,28.932399,food,amenity:restaurant,restaurant,,,,POINT (28.932399 41.004156),1036041045,12.093114880588946,28.9324801,41.0040661
5111215733,Pasem kepeb,41.006708,28.933538,food,amenity:restaurant,restaurant,,,,POINT (28.933538 41.006708),1057576852,10.498343970953938,28.9335263,41.006802
5372736553,Pasha Restaurant,41.008259,28.974427,food,amenity:restaurant,restaurant,,,,POINT (28.974427 41.008259),13431435312,4.236199529398263,28.9743879,41.0082349
5112725539,Pashaa Kokoreç,41.003634,28.927897,food,amenity:restaurant,restaurant,,,,POINT (28.927897 41.003634),1055513056,35.69327270210374,28.9274818,41.0035643
5243951430,Patii dunyasi,41.02169,28.9441,food,amenity:restaurant,restaurant,,,,POINT (28.9441 41.02169),1060106872,13.887966615519538,28.9439434,41.0217305
5081274326,Paçacı Hasan,41.010348,28.951465,food,amenity:restaurant,restaurant,,,,POINT (28.951465 41.010348),990015289,19.68015999209805,28.9513525,41.0105033
5113126690,Paşa Balık,41.005952,28.930858,food,amenity:restaurant,restaurant,,,,POINT (28.930858 41.005952),1057576231,23.64690868739395,28.9305998,41.0060372
5106122984,Paşa Broasted,41.01747,28.953929,food,amenity:restaurant,restaurant,,,,POINT (28.953929 41.01747),1061624996,17.124334069416165,28.9538261,41.017603
3499094105,Paşa Döner,41.02228,28.945109,food,amenity:restaurant,restaurant,,,,POINT (28.945109 41.02228),1061625280,14.655172923879316,28.9449352,41.0222933
5115929117,Paşa Döner,41.009396,28.966608,food,amenity:restaurant,restaurant,,,,POINT (28.966608 41.009396),2379715161,23.12827501614982,28.9663534,41.0093163
5115933200,Paşa Döner,41.003362,28.930515,food,amenity:restaurant,restaurant,,,,POINT (28.930515 41.003362),1036041052,22.29080235965235,28.9306738,41.0035227
5107247538,Paşa Pilavcısı,41.003655,28.930704,food,amenity:restaurant,restaurant,,,,POINT (28.930704 41.003655),1057576305,13.589227979535345,28.9307934,41.0035531
5113500728,Paşa döner,41.022296,28.945099,food,amenity:restaurant,restaurant,,,,POINT (28.945099 41.022296),1061625280,13.744723807300309,28.9449352,41.0222933
5243952647,Paşalar sofrasi,41.017838,28.944844,food,amenity:restaurant,restaurant,,,,POINT (28.944844 41.017838),1059851622,32.995282404845206,28.944936,41.0175495
3090798091,Paşazade Restaurant,41.012726,28.977399,food,amenity:restaurant,restaurant,,,,POINT (28.977399 41.012726),3079738251,9.860935121151726,28.9775157,41.0127365
5113486781,Pehlivan,41.026084,28.939682,food,amenity:restaurant,restaurant,,,,POINT (28.939682 41.026084),13382485575,18.04739760283667,28.9396408,41.0262433
5081445080,Perispri,41.028653,28.953055,food,amenity:restaurant,restaurant,,,,POINT (28.953055 41.028653),364451385,42.585734865371776,28.9525507,41.0286089
5243951547,Pesto restorant,41.017303,28.945515,food,amenity:restaurant,restaurant,,,,POINT (28.945515 41.017303),1059851580,24.51523971596661,28.9453895,41.0171039
5243952638,Pesto restorant,41.01726,28.945452,food,amenity:restaurant,restaurant,,,,POINT (28.945452 41.01726),1059851580,18.132300170815352,28.9453895,41.0171039
9492168110,Pidem,41.014175,28.945441,food,amenity:restaurant,restaurant,,,,POINT (28.945441 41.014175),1059852001,38.7340727885511,28.9456381,41.01386
5081274106,Pihlivan Lokantası,41.016427,28.950839,food,amenity:restaurant,restaurant,,,,POINT (28.950839 41.016427),10263288054,23.057390827863355,28.9511134,41.0164385
5081265963,Pilavci Resat,41.013491,28.944638,food,amenity:restaurant,restaurant,,,,POINT (28.944638 41.013491),1059239841,21.760955867451997,28.9448308,41.0133601
5113592209,Pilavci ismail usta,41.011002,28.94208,food,amenity:restaurant,restaurant,,,,POINT (28.94208 41.011002),2371631231,30.719492036004393,28.9418462,41.0112146
5115937368,Pilavcı 1453,41.007412,28.936625,food,amenity:restaurant,restaurant,,,,POINT (28.936625 41.007412),1057576954,9.222624770778594,28.936662,41.0073339
5107247587,Pilavcı Celal Usta,41.004097,28.928408,food,amenity:restaurant,restaurant,,,,POINT (28.928408 41.004097),1057576086,19.215887466340536,28.9282634,41.003963
5372700481,Pilavcı Fevzi,41.007462,28.970958,food,amenity:restaurant,restaurant,,,,POINT (28.970958 41.007462),269722919,8.700792959182627,28.9708804,41.0074101
5075994622,Pilavcı Kardeşler,41.013663,28.946035,food,amenity:restaurant,restaurant,,,,POINT (28.946035 41.013663),1059852001,39.8597196888708,28.9456381,41.01386
5115937822,Pilavcı Nazmi,41.009869,28.931351,food,amenity:restaurant,restaurant,,,,POINT (28.931351 41.009869),316924159,23.115673621874876,28.9314479,41.0100636
5111215188,Pilavcı Yegit,41.008415,28.940831,food,amenity:restaurant,restaurant,,,,POINT (28.940831 41.008415),1058995926,12.760060117643446,28.9408824,41.008523
5130434266,Pirim Pub ve Restaurant,41.008975,28.954187,food,amenity:restaurant,restaurant,,,,POINT (28.954187 41.008975),2379769349,6.9746023099826315,28.9541893,41.0089123
5112966996,Pluton restaurant,41.007891,28.95255,food,amenity:restaurant,restaurant,,,,POINT (28.95255 41.007891),1058892586,27.93168852459989,28.9524622,41.0076487
5111214104,Point manti,41.004553,28.936138,food,amenity:restaurant,restaurant,,,,POINT (28.936138 41.004553),1036041283,12.208265371876822,28.9362365,41.0044722
5108843103,Pudding Shop Lale Restaurant,41.008025,28.977039,food,amenity:restaurant,restaurant,,,,POINT (28.977039 41.008025),11005974944,41.3429074251237,28.9775011,41.007896
9386536117,Queb Lounge,41.00552,28.980438,food,amenity:restaurant,restaurant,,,,POINT (28.980438 41.00552),1248902329,34.00579806534499,28.9805593,41.0058118
10178410602,Rasital,41.005364,28.979866,food,amenity:restaurant,restaurant,,,,POINT (28.979866 41.005364),278004975,9.938417714415515,28.9799819,41.0053456
5108836385,Raymond Cafe and Restaurant,41.012922,28.977126,food,amenity:restaurant,restaurant,,,,POINT (28.977126 41.012922),278366484,28.702037080052275,28.9769137,41.0131244
5081265967,Razzak resturan,41.01464,28.94285,food,amenity:restaurant,restaurant,,,,POINT (28.94285 41.01464),2371697946,13.090827166871232,28.9430035,41.0146189
4447856189,Raıf üsta,41.01098,28.971032,food,amenity:restaurant,restaurant,,,,POINT (28.971032 41.01098),10636132246,14.969895331477067,28.9708545,41.0109936
5108828013,Red River Pub,41.013484,28.977452,food,amenity:restaurant,restaurant,,,,POINT (28.977452 41.013484),278366496,10.149275757137953,28.9773422,41.0135223
5244801999,Reggae BR Shot and Food,41.003813,28.971912,food,amenity:restaurant,restaurant,,,,POINT (28.971912 41.003813),2370366683,12.57676687706975,28.9719859,41.0037146
6328738686,Relax Mode Laleli,41.0089,28.959523,food,amenity:restaurant,restaurant,,,,POINT (28.959523 41.0089),269723025,20.503411296518628,28.9593377,41.0087798
5113473736,Renk Kasabı Et Evi,41.012691,28.925707,food,amenity:restaurant,restaurant,,,,POINT (28.925707 41.012691),316968635,9.909079707793783,28.925773,41.0127649
5243950767,Renk büfe,41.017768,28.944396,food,amenity:restaurant,restaurant,,,,POINT (28.944396 41.017768),1059852048,26.044946008098528,28.9444942,41.0179902
11998999269,Restohan,41.013445,28.978543,food,amenity:restaurant,restaurant,,,,POINT (28.978543 41.013445),7703025837,33.63573551899749,28.9782009,41.0136027
5111212310,Resturant,41.016385,28.971612,food,amenity:restaurant,restaurant,,,,POINT (28.971612 41.016385),11812527227,24.286311228456384,28.9713276,41.0163443
5111222052,Resturant,41.008726,28.963652,food,amenity:restaurant,restaurant,,,,POINT (28.963652 41.008726),278366600,29.303250522989217,28.9633083,41.0087727
5086061040,Rize Odun Ekmeği,41.026743,28.955885,food,amenity:restaurant,restaurant,,,,POINT (28.955885 41.026743),1061753256,12.667956057540998,28.9560156,41.0268002
12347693535,Rose Amida Restaurant,41.013012,28.976975,food,amenity:restaurant,restaurant,,,,POINT (28.976975 41.013012),278366484,13.515231110153271,28.9769137,41.0131244
5108843080,Rumeli Cafe Restaurant,41.00831,28.976387,food,amenity:restaurant,restaurant,,,,POINT (28.976387 41.00831),1454266229,11.95727077607885,28.9763407,41.0084117
5106129531,Rumeli Dondurma,41.023514,28.943414,food,amenity:restaurant,restaurant,,,,POINT (28.943414 41.023514),9760089537,7.637239903585875,28.9433251,41.0235288
5113465264,Rumeli Dondurma & Tatlı,41.018325,28.951763,food,amenity:restaurant,restaurant,,,,POINT (28.951763 41.018325),1061625104,9.580531763234568,28.9516499,41.0183131
5113126710,Rumeli Köfte Ve Yemek Salonu,41.004562,28.931118,food,amenity:restaurant,restaurant,,,,POINT (28.931118 41.004562),3363397487,40.68445566693668,28.9315717,41.004433
5087179467,Rumeli Tulumbacısı,40.996387,28.927576,food,amenity:restaurant,restaurant,,,,POINT (28.927576 40.996387),1035581595,11.257135109893607,28.9276248,40.9964813
9777725039,Rumeli Vatan Lokantasi,41.009259,28.975259,food,amenity:restaurant,restaurant,,,,POINT (28.975259 41.009259),3274753070,13.74505260891532,28.975098,41.0092818
5110347271,Rumeli çikolata,41.015806,28.975947,food,amenity:restaurant,restaurant,,,,POINT (28.975947 41.015806),3457689675,23.410781267034686,28.9761877,41.0159125
5113592152,SARI HAN TIME,41.009849,28.938126,food,amenity:restaurant,restaurant,,,,POINT (28.938126 41.009849),10127735775,17.171163825285422,28.9380567,41.0099943
5244807955,Saaf-İ Kebap Salonu,41.009776,28.967799,food,amenity:restaurant,restaurant,,,,POINT (28.967799 41.009776),3082517902,19.359533713660376,28.9676655,41.009918
5111206140,Sadikogullari,41.019831,28.963015,food,amenity:restaurant,restaurant,,,,POINT (28.963015 41.019831),2370517768,7.652191437671823,28.963081,41.0197835
5112728872,Sadık Ev Yemekleri,41.011363,28.959236,food,amenity:restaurant,restaurant,,,,POINT (28.959236 41.011363),7784240485,22.51214438919763,28.9593583,41.0115432
5087179440,Safa meyhanesi,40.995032,28.925875,food,amenity:restaurant,restaurant,,,,POINT (28.925875 40.995032),1034388278,18.87594783356067,28.9256631,40.9949751
5087168298,Safir Köfte,40.9944,28.923538,food,amenity:restaurant,restaurant,,,,POINT (28.923538 40.9944),1034388269,21.954214224619996,28.9237988,40.9943847
12369747201,Safir restaurant,41.004934,28.979109,food,amenity:restaurant,restaurant,,,,POINT (28.979109 41.004934),278004976,22.673339782176907,28.9793458,41.0048358
5110345297,Safranbolu pide,41.015089,28.973176,food,amenity:restaurant,restaurant,,,,POINT (28.973176 41.015089),10617370156,45.41991426141104,28.9735243,41.0147763
5113486732,Sahara saray,41.021578,28.948017,food,amenity:restaurant,restaurant,,,,POINT (28.948017 41.021578),1061622767,9.729047243892426,28.9479041,41.021598
5108843526,Sahre Et Kebap Restaurant,41.008991,28.977271,food,amenity:restaurant,restaurant,,,,POINT (28.977271 41.008991),3124384723,35.82706633376254,28.9773135,41.0086704
5113557344,Sahtin,41.010758,28.943088,food,amenity:restaurant,restaurant,,,,POINT (28.943088 41.010758),1058995854,21.793074679634273,28.9429466,41.0109224
5115505422,Sait İskender,41.008918,28.956494,food,amenity:restaurant,restaurant,,,,POINT (28.956494 41.008918),269723085,25.222410996219224,28.9563092,41.0087391
5243950741,Saitoğulları,41.017623,28.943692,food,amenity:restaurant,restaurant,,,,POINT (28.943692 41.017623),2379850484,15.842703288866801,28.9438808,41.0176203
5088194827,Saki Pub,40.999753,28.93142,food,amenity:restaurant,restaurant,,,,POINT (28.93142 40.999753),1035581787,11.667389846681159,28.931318,40.9996817
5106122947,Salih Usta Çiğköfteci,41.020837,28.952251,food,amenity:restaurant,restaurant,,,,POINT (28.952251 41.020837),1061623085,16.702204835543743,28.9522994,41.0206913
5081442453,Salihpaşa Börek Fırını,41.022554,28.959687,food,amenity:restaurant,restaurant,,,,POINT (28.959687 41.022554),1061754083,9.119709645561482,28.9597393,41.0226259
5026474512,Sallora Restaurant,41.011683,28.947227,food,amenity:restaurant,restaurant,,,,POINT (28.947227 41.011683),1059240044,6.427762005269985,28.9472773,41.0117266
5075960988,Salloraoğlu tatlısı,41.012158,28.950056,food,amenity:restaurant,restaurant,,,,POINT (28.950056 41.012158),1059852958,35.39467151731466,28.9499344,41.0118532
5075929033,Sallouraoğlu halep sofrası,41.01152,28.942071,food,amenity:restaurant,restaurant,,,,POINT (28.942071 41.01152),10093528191,27.411621203373656,28.9417537,41.0114613
7896642785,Saltanat fish & kebab house,41.009165,28.975513,food,amenity:restaurant,restaurant,,,,POINT (28.975513 41.009165),275612349,13.950624270575455,28.9755004,41.0090399
5108836389,Salute Pub and Restaurant,41.013053,28.976944,food,amenity:restaurant,restaurant,,,,POINT (28.976944 41.013053),278366484,8.336431228351147,28.9769137,41.0131244
5088190874,Samatya Balık Evi,40.999937,28.931882,food,amenity:restaurant,restaurant,,,,POINT (28.931882 40.999937),1035580900,16.51893634446711,28.9317724,41.0000604
5088190864,Samatya Balıkçısı,40.999462,28.932219,food,amenity:restaurant,restaurant,,,,POINT (28.932219 40.999462),1035580965,4.7809500159704,28.9322552,40.9994952
5088190862,Samatya Mangalbaşı,40.99958,28.93244,food,amenity:restaurant,restaurant,,,,POINT (28.93244 40.99958),13004337849,11.575995762655506,28.932507,40.999489
5088192727,Samatya Ocakbasi,41.000255,28.932711,food,amenity:restaurant,restaurant,,,,POINT (28.932711 41.000255),1035580908,33.886702484028454,28.9324654,41.0000131
5088192772,Samatya börek ve pide,41.001947,28.935803,food,amenity:restaurant,restaurant,,,,POINT (28.935803 41.001947),1035582633,8.217577723405732,28.9357716,41.001877
5111215769,Samatya coftecesi,41.003379,28.943084,food,amenity:restaurant,restaurant,,,,POINT (28.943084 41.003379),1058894180,54.55728213226684,28.9436898,41.0035571
5088190860,Samatya Çapana,40.999583,28.932179,food,amenity:restaurant,restaurant,,,,POINT (28.932179 40.999583),1035580965,11.670800153432822,28.9322552,40.9994952
5107305870,Sams arap yemekleri,41.008853,28.949334,food,amenity:restaurant,restaurant,,,,POINT (28.949334 41.008853),1058892452,7.470705618075055,28.9492738,41.0088035
5113470955,Samsat Cigkofte,41.017122,28.926388,food,amenity:restaurant,restaurant,,,,POINT (28.926388 41.017122),316968650,15.57912109550804,28.9265563,41.0170628
5115939944,Samsun Bafra Pide ve Pizza,41.0121,28.968134,food,amenity:restaurant,restaurant,,,,POINT (28.968134 41.0121),3370550735,20.87539091517395,28.9680751,41.0122824
5081265956,Saniyora Tatlası,41.011621,28.947279,food,amenity:restaurant,restaurant,,,,POINT (28.947279 41.011621),1059240044,11.74306716416572,28.9472773,41.0117266
6815610086,Saray,41.00375,28.971801,food,amenity:restaurant,restaurant,,,,POINT (28.971801 41.00375),2370366683,16.00745257949185,28.9719859,41.0037146
5113500287,Saray Kebap,41.007844,28.971591,food,amenity:restaurant,restaurant,,,,POINT (28.971591 41.007844),269722911,54.70296552633868,28.9718899,41.0074068
4720914919,Saray Muhallebicis,41.016973,28.973548,food,amenity:restaurant,restaurant,,,,POINT (28.973548 41.016973),269715285,21.37486626220365,28.9733851,41.0171208
1784925350,Sarnic Restaurant,41.00987,28.979552,food,amenity:restaurant,restaurant,,,,POINT (28.979552 41.00987),275610075,16.386491650753207,28.9796105,41.0097294
5243950791,Saruja Restaurant,41.020538,28.942147,food,amenity:restaurant,restaurant,,,,POINT (28.942147 41.020538),12825913093,15.361979531572445,28.9419708,41.0205756
5088190865,Sarya,40.999488,28.932203,food,amenity:restaurant,restaurant,,,,POINT (28.932203 40.999488),1035580965,4.453215477660626,28.9322552,40.9994952
5099060695,Sarıyer börekçisi,41.006948,28.949266,food,amenity:restaurant,restaurant,,,,POINT (28.949266 41.006948),1058892493,6.034436532107503,28.9493097,41.0069049
5110347223,Sarıyer börekçisi,41.016856,28.973194,food,amenity:restaurant,restaurant,,,,POINT (28.973194 41.016856),10132350376,7.267950699430741,28.9731163,41.0168271
5112736080,Satır Köfte,41.014922,28.966327,food,amenity:restaurant,restaurant,,,,POINT (28.966327 41.014922),10202092399,24.135600414434165,28.9660471,41.0149721
5113486740,Sebil lokantası,41.029409,28.936225,food,amenity:restaurant,restaurant,,,,POINT (28.936225 41.029409),2380775274,11.198723723007504,28.9361978,41.0293104
5243945193,Sedet İskender,41.018473,28.948494,food,amenity:restaurant,restaurant,,,,POINT (28.948494 41.018473),10694357441,7.119333261720074,28.9485764,41.0184577
5088192730,Sedir Et ve Balık,41.000005,28.93247,food,amenity:restaurant,restaurant,,,,POINT (28.93247 41.000005),1035580908,0.9799211339979238,28.9324654,41.0000131
5113483624,Sefa,41.020753,28.948504,food,amenity:restaurant,restaurant,,,,POINT (28.948504 41.020753),1061624672,3.894901492302353,28.9484796,41.0207232
5108843986,Sefa Restaurant,41.010239,28.974796,food,amenity:restaurant,restaurant,,,,POINT (28.974796 41.010239),3079788588,18.015219232315903,28.9749467,41.0103544
5110344579,Sefa i han,41.016514,28.96627,food,amenity:restaurant,restaurant,,,,POINT (28.96627 41.016514),30215239,10.179587871942804,28.9661658,41.0165609
5113611444,Sefa pide,41.027074,28.941198,food,amenity:restaurant,restaurant,,,,POINT (28.941198 41.027074),1064222273,14.135331401574835,28.9412435,41.0269516
5243945190,Selam Et Lokantası,41.01954,28.947367,food,amenity:restaurant,restaurant,,,,POINT (28.947367 41.01954),9023919976,11.282124184373803,28.9474811,41.0195937
5108843051,Semazen Cafe and Restaurant,41.00813,28.976276,food,amenity:restaurant,restaurant,,,,POINT (28.976276 41.00813),275612347,13.834000140293918,28.9764131,41.0081991
5108843060,Semazen Restaurant,41.008662,28.975982,food,amenity:restaurant,restaurant,,,,POINT (28.975982 41.008662),3274903072,35.6104919528655,28.9759147,41.0083458
5107247563,Senl,41.006262,28.930992,food,amenity:restaurant,restaurant,,,,POINT (28.930992 41.006262),1057576534,19.480515105367747,28.9312079,41.0063264
5115929116,Seos Cafe Restaurant,41.009604,28.96653,food,amenity:restaurant,restaurant,,,,POINT (28.96653 41.009604),10613390735,8.996804231570286,28.9664298,41.0096328
1914160126,Seoul II Restaurant,41.005366,28.980089,food,amenity:restaurant,restaurant,,,,POINT (28.980089 41.005366),278004975,9.268955308315475,28.9799819,41.0053456
3107720171,Serbethane Cafe & Restaurant,41.004334,28.976809,food,amenity:restaurant,restaurant,,,,POINT (28.976809 41.004334),566635086,17.26734564120674,28.9766101,41.0043738
5075929059,Sercıya ıstasyonu,41.010173,28.947735,food,amenity:restaurant,restaurant,,,,POINT (28.947735 41.010173),1059240066,38.138642838695034,28.9473087,41.010054
4687760602,Serggea resturant,41.01018,28.947738,food,amenity:restaurant,restaurant,,,,POINT (28.947738 41.01018),1059240066,38.65012424122545,28.9473087,41.010054
5113480880,Sevecen ev yemekleri,41.020285,28.94832,food,amenity:restaurant,restaurant,,,,POINT (28.94832 41.020285),4884590237,31.58072798107309,28.9486571,41.0204114
3090853853,Seven Hills Restaurant,41.006372,28.979715,food,amenity:restaurant,restaurant,,,,POINT (28.979715 41.006372),278004972,8.550828948275571,28.9798128,41.0063936
5112966986,Sevinç simit salonu,41.00723,28.952966,food,amenity:restaurant,restaurant,,,,POINT (28.952966 41.00723),10263288027,30.666088700031505,28.9532753,41.0070831
2509855436,Seyhmuz Kebap,41.008896,28.969638,food,amenity:restaurant,restaurant,,,,POINT (28.969638 41.008896),277139018,16.929121097796955,28.9694966,41.0090046
5115933199,Seyran Pastaneleri,41.003283,28.930293,food,amenity:restaurant,restaurant,,,,POINT (28.930293 41.003283),1036041058,18.46407224565595,28.9301051,41.0033694
5113125306,Seyran Pastanesi,41.003774,28.931112,food,amenity:restaurant,restaurant,,,,POINT (28.931112 41.003774),1036041051,13.426524290622922,28.9311367,41.0036547
5110344585,Sezgin döner,41.017279,28.964279,food,amenity:restaurant,restaurant,,,,POINT (28.964279 41.017279),311375343,12.803847312945072,28.964414,41.0172253
5113620657,Shadow Cafe & Restaurant,41.006033,28.980739,food,amenity:restaurant,restaurant,,,,POINT (28.980739 41.006033),1248902329,28.850629946307716,28.9805593,41.0058118
13396860942,Sher Restaurant,41.013375,28.976632,food,amenity:restaurant,restaurant,,,,POINT (28.976632 41.013375),278366486,26.429911632227054,28.9763597,41.0134945
5243951401,Shif,41.021211,28.94472,food,amenity:restaurant,restaurant,,,,POINT (28.94472 41.021211),2371623903,26.020500919993175,28.9444245,41.0212821
5107245394,Silivri Kapı Balıkçısı,41.007079,28.930204,food,amenity:restaurant,restaurant,,,,POINT (28.930204 41.007079),13596806814,12.37433039630439,28.9300964,41.0071551
13467814001,Simit Café Restaurant,41.005923,28.953982,food,amenity:restaurant,restaurant,,,,POINT (28.953982 41.005923),10082517638,15.733928915983782,28.9538221,41.0058491
5244796195,Simit Salonu,41.015513,28.969747,food,amenity:restaurant,restaurant,,,,POINT (28.969747 41.015513),311371082,16.41758678961181,28.96988,41.0156213
5113128255,Simit Sarayı,41.007356,28.953839,food,amenity:restaurant,restaurant,,,,POINT (28.953839 41.007356),9793516685,17.45155179389114,28.9536886,41.0072476
5108828653,Sirkeci Restaurant,41.014485,28.977122,food,amenity:restaurant,restaurant,,,,POINT (28.977122 41.014485),3817864006,24.840065556663976,28.9770214,41.0146951
12347693551,Sirkeci Sultan Restaurant,41.014153,28.977133,food,amenity:restaurant,restaurant,,,,POINT (28.977133 41.014153),3079738264,9.978011119372097,28.9772471,41.0141783
5112725535,Sirri Usta Çigköfte,41.00373,28.928099,food,amenity:restaurant,restaurant,,,,POINT (28.928099 41.00373),1057576502,20.16157617754554,28.9282484,41.003872
5081265954,Sit Elşam Pasta,41.011135,28.947684,food,amenity:restaurant,restaurant,,,,POINT (28.947684 41.011135),4618151745,12.066658091614066,28.947673,41.0110268
1784925351,Sofia,41.009789,28.979445,food,amenity:restaurant,restaurant,,,,POINT (28.979445 41.009789),275610075,15.3870284434741,28.9796105,41.0097294
5244802014,Sofya Kebab House,41.004725,28.970972,food,amenity:restaurant,restaurant,,,,POINT (28.970972 41.004725),248137315,18.57598505787212,28.9711774,41.0046627
5113500240,Sokullu,41.005249,28.973402,food,amenity:restaurant,restaurant,,,,POINT (28.973402 41.005249),1185323513,11.057914368004957,28.97329,41.0051966
3499249055,Son Osmanli Restaurant,41.015489,28.941759,food,amenity:restaurant,restaurant,,,,POINT (28.941759 41.015489),10090682094,17.599186582057357,28.9416909,41.0156387
3499232972,Sorriso Restaurant,41.009728,28.954924,food,amenity:restaurant,restaurant,,,,POINT (28.954924 41.009728),11282324667,31.679738789250088,28.9551881,41.0095244
3100047495,Spectra Cafe,41.003848,28.972559,food,amenity:restaurant,restaurant,,,,POINT (28.972559 41.003848),3075153147,6.01024667770244,28.9726262,41.0038667
3184809998,Spectra Restaurant,41.005319,28.974202,food,amenity:restaurant,restaurant,,,,POINT (28.974202 41.005319),275606137,6.7543964435164145,28.9742823,41.0053232
5107305823,Star Ocakbaşı ve Pub,41.008512,28.948954,food,amenity:restaurant,restaurant,,,,POINT (28.948954 41.008512),1058892455,27.470945973113263,28.9489027,41.008268
5099065427,Suffa Et Ve Kebap,41.008009,28.950054,food,amenity:restaurant,restaurant,,,,POINT (28.950054 41.008009),1058892764,27.461019815905814,28.9501701,41.0082399
5113620660,Suleyman,41.004896,28.979615,food,amenity:restaurant,restaurant,,,,POINT (28.979615 41.004896),278004976,23.56053221603896,28.9793458,41.0048358
3499273566,Sultan Ahmet Fish House,41.009954,28.975945,food,amenity:restaurant,restaurant,,,,POINT (28.975945 41.009954),1646281959,45.19058536070177,28.9756642,41.0103008
5113599500,Sultan Balık,41.008309,28.945373,food,amenity:restaurant,restaurant,,,,POINT (28.945373 41.008309),1058892638,20.995442635531596,28.9455406,41.0081688
3090816363,Sultan Köşesi,41.004157,28.976353,food,amenity:restaurant,restaurant,,,,POINT (28.976353 41.004157),349271205,12.809693439252692,28.9764783,41.0040912
1000022806,Sultan Mehmet Restaurant & Cafe,41.009905,28.978848,food,amenity:restaurant,restaurant,,,,POINT (28.978848 41.009905),13433927166,38.27053512705547,28.9785921,41.0096201
5113620688,Sultan Mehmet Restaurant & Cafe,41.009782,28.978832,food,amenity:restaurant,restaurant,,,,POINT (28.978832 41.009782),13433927166,27.00525729374612,28.9785921,41.0096201
5108843105,Sultan Restoran,41.007992,28.977228,food,amenity:restaurant,restaurant,,,,POINT (28.977228 41.007992),11005974944,25.280094229348553,28.9775011,41.007896
5081274110,Sultan Resturant,41.010257,28.946764,food,amenity:restaurant,restaurant,,,,POINT (28.946764 41.010257),10093528155,16.648027414973914,28.9465776,41.0102057
3499040568,Sultan Saray,41.008508,28.975213,food,amenity:restaurant,restaurant,,,,POINT (28.975213 41.008508),275611821,9.22369336868532,28.9751041,41.0084967
5108843519,Sultan Saray,41.008633,28.974259,food,amenity:restaurant,restaurant,,,,POINT (28.974259 41.008633),275611750,6.415957171753246,28.9743132,41.0086737
5108843743,Sultan Saray Cafe Restaurant,41.008639,28.974588,food,amenity:restaurant,restaurant,,,,POINT (28.974588 41.008639),275612067,15.055431700458534,28.9744477,41.0085546
4889905040,Sultan Sarniç Dügün & Davet Organizasyon,41.025031,28.950161,food,amenity:restaurant,restaurant,,,,POINT (28.950161 41.025031),8647481290,31.02881714600902,28.9502584,41.0253002
12347693556,Sultan Sofrası İkram,41.014347,28.976644,food,amenity:restaurant,restaurant,,,,POINT (28.976644 41.014347),2371446930,7.5087158638058416,28.9765956,41.0142902
5108844010,Sultan ahmet köftecisi turşu depo,41.009407,28.975875,food,amenity:restaurant,restaurant,,,,POINT (28.975875 41.009407),3274753073,38.84753788515996,28.9754121,41.0094134
5110345274,Sultan hamam,41.015611,28.971981,food,amenity:restaurant,restaurant,,,,POINT (28.971981 41.015611),10617524226,15.978005619719228,28.9719443,41.01547
5113481394,Sultan sarnıcı,41.024994,28.950336,food,amenity:restaurant,restaurant,,,,POINT (28.950336 41.024994),8647481290,34.664652460781646,28.9502584,41.0253002
2249787153,Sultan's Kitchen,41.006249,28.969526,food,amenity:restaurant,restaurant,,,,POINT (28.969526 41.006249),275600227,14.863274040372788,28.9693493,41.0062583
6356489886,Sultanahamet Köftecisi,41.007964,28.97731,food,amenity:restaurant,restaurant,,,,POINT (28.97731 41.007964),11005974944,17.728501956086063,28.9775011,41.007896
5108843361,Sultanahmet Fish House,41.010318,28.975821,food,amenity:restaurant,restaurant,,,,POINT (28.975821 41.010318),1646281959,13.294882769926812,28.9756642,41.0103008
5108843046,Sultanahmet Halkin Koftecisi,41.008152,28.975884,food,amenity:restaurant,restaurant,,,,POINT (28.975884 41.008152),8602048881,4.649411972022534,28.9758967,41.0081113
5112834091,Sultanahmet köftecisi,41.008995,28.951685,food,amenity:restaurant,restaurant,,,,POINT (28.951685 41.008995),4286601068,8.376533298006718,28.9515932,41.0090246
5108844011,Sultanahmet köftecisi depo,41.00935,28.975792,food,amenity:restaurant,restaurant,,,,POINT (28.975792 41.00935),3274753073,32.6469168429071,28.9754121,41.0094134
8513449417,Sultanhmet terrace restaurant,41.005116,28.979075,food,amenity:restaurant,restaurant,,,,POINT (28.979075 41.005116),278004976,38.5632211323291,28.9793458,41.0048358
12347693531,Sultanıa Restaurant,41.012595,28.977623,food,amenity:restaurant,restaurant,,,,POINT (28.977623 41.012595),3079738251,18.12771292148955,28.9775157,41.0127365
5081442499,Sur Balık,41.025698,28.958953,food,amenity:restaurant,restaurant,,,,POINT (28.958953 41.025698),1061753332,64.79726540758945,28.9585576,41.0261986
3785353694,Sur Cafe,41.031157,28.93628,food,amenity:restaurant,restaurant,,,,POINT (28.93628 41.031157),12356607908,4.43306123917976,28.9362273,41.03116
5106122977,Sur Ocakbaşı,41.01729,28.95486,food,amenity:restaurant,restaurant,,,,POINT (28.95486 41.01729),1061624522,26.624445413553246,28.9551461,41.0171864
5081610950,Sur Pide ve Lavaş Lahmacun Salonu,40.99743,28.924074,food,amenity:restaurant,restaurant,,,,POINT (28.924074 40.99743),1034388092,11.212699933472395,28.9242076,40.997429
5108843062,Sura Restaurant,41.008721,28.975864,food,amenity:restaurant,restaurant,,,,POINT (28.975864 41.008721),3274903072,41.93673270728155,28.9759147,41.0083458
5115939937,Susamoğl Baklava,41.01165,28.96854,food,amenity:restaurant,restaurant,,,,POINT (28.96854 41.01165),3082166491,4.144687284126252,28.9685523,41.0116861
13396860943,Sushi Palace,41.006518,28.981897,food,amenity:restaurant,restaurant,,,,POINT (28.981897 41.006518),278004935,22.500680756333107,28.9816681,41.0066234
5115937834,Sürpriz Büfe,41.011038,28.936762,food,amenity:restaurant,restaurant,,,,POINT (28.936762 41.011038),487079293,8.32667364728887,28.9368385,41.0110857
5244807394,Sütiş Special,41.009954,28.970053,food,amenity:restaurant,restaurant,,,,POINT (28.970053 41.009954),10226426310,16.14502417290755,28.9699908,41.0100914
5817897755,Sırdaş Lokanta,41.016747,28.950346,food,amenity:restaurant,restaurant,,,,POINT (28.950346 41.016747),1059852304,20.149394588568835,28.9503482,41.0169282
5108843518,Sırevi Restaurant,41.008602,28.973983,food,amenity:restaurant,restaurant,,,,POINT (28.973983 41.008602),269716327,17.391753137510094,28.9741832,41.0086425
5244805880,TAHTA KAŞIK RESTAURANT,41.010752,28.973661,food,amenity:restaurant,restaurant,,,,POINT (28.973661 41.010752),311371043,20.986698117388094,28.9736128,41.0105668
5193319823,TRIA ELEGANCE TERRACE RESTAURANT,41.005681,28.98102,food,amenity:restaurant,restaurant,,,,POINT (28.98102 41.005681),1454266215,29.538574171890758,28.9813318,41.0058043
5106123806,Tabia Restaurant,41.021855,28.944053,food,amenity:restaurant,restaurant,,,,POINT (28.944053 41.021855),1060106872,16.61899346608737,28.9439434,41.0217305
5106135539,Tad Et & İzgara,41.013082,28.92775,food,amenity:restaurant,restaurant,,,,POINT (28.92775 41.013082),316968627,12.45718740800485,28.9276023,41.0130706
5244807977,Tadım Köfte Salonu,41.009235,28.967687,food,amenity:restaurant,restaurant,,,,POINT (28.967687 41.009235),3082166450,26.37604225132723,28.9673838,41.0092976
5115938131,Tadım Unlu Mamulleri,41.008649,28.93123,food,amenity:restaurant,restaurant,,,,POINT (28.93123 41.008649),316966372,18.810119747656262,28.931286,41.0084852
5081265961,Taehan Uygur Restoranı,41.012727,28.945259,food,amenity:restaurant,restaurant,,,,POINT (28.945259 41.012727),2380735239,39.67347530024517,28.9457259,41.0127834
5244796156,Tahtekale Pılavcısı,41.017241,28.968136,food,amenity:restaurant,restaurant,,,,POINT (28.968136 41.017241),768676855,4.570165188747453,28.968103,41.0172737
4367577789,Tamara,41.003988,28.976021,food,amenity:restaurant,restaurant,,,,POINT (28.976021 41.003988),349271204,26.761549026858173,28.9757516,41.0038592
5088194867,Tandır Taşfırın Pide Lahmacun Kebap Salonu,40.999966,28.931593,food,amenity:restaurant,restaurant,,,,POINT (28.931593 40.999966),1035581614,5.241547749192814,28.9315806,40.9999198
7075596686,Tanrıdağ Uygur Restaurant,41.013487,28.937653,food,amenity:restaurant,restaurant,,,,POINT (28.937653 41.013487),1059239161,38.334191795212,28.9378564,41.0137957
5111215139,Tanton usta,41.005832,28.937892,food,amenity:restaurant,restaurant,,,,POINT (28.937892 41.005832),13477910374,23.3009094528505,28.9381663,41.0058646
5113557367,Tarbuş,41.009815,28.946332,food,amenity:restaurant,restaurant,,,,POINT (28.946332 41.009815),1058892357,29.88273640633152,28.9464226,41.0095551
5075929049,Tarbuş Mutfağı,41.010468,28.946286,food,amenity:restaurant,restaurant,,,,POINT (28.946286 41.010468),2380735229,35.096232361771506,28.9461497,41.0107664
5086061079,Tarihi Börek,41.025992,28.956244,food,amenity:restaurant,restaurant,,,,POINT (28.956244 41.025992),1061753375,38.889094627020384,28.9567015,41.0259355
7109062286,Tarihi Cemberlitas Muhallebicisi,41.007963,28.971486,food,amenity:restaurant,restaurant,,,,POINT (28.971486 41.007963),8602077958,45.570502165108785,28.9715847,41.008366
5099065498,Tarihi Cerrahpaşa Köftecisi Mesut Usta,41.00732,28.94284,food,amenity:restaurant,restaurant,,,,POINT (28.94284 41.00732),10603505287,9.288807690301494,28.9428686,41.0072393
5244812076,Tarihi Eminönü Balıkçısı,41.019062,28.965164,food,amenity:restaurant,restaurant,,,,POINT (28.965164 41.019062),2370517725,26.049342544026867,28.9649831,41.0188716
5113557376,Tarihi Eyüp Sultan,41.009605,28.947146,food,amenity:restaurant,restaurant,,,,POINT (28.947146 41.009605),10127897748,29.41964726684525,28.9474187,41.0094387
5106122958,Tarihi Fatih Murat Pidecisi,41.019081,28.953216,food,amenity:restaurant,restaurant,,,,POINT (28.953216 41.019081),3364860520,14.935648723667404,28.9530587,41.0191439
12004758169,Tarihi Fener işkembecisi,41.029668,28.951862,food,amenity:restaurant,restaurant,,,,POINT (28.951862 41.029668),11885165097,23.916086328866673,28.951763,41.0298697
5106122948,Tarihi Kismet Pidecisi,41.020394,28.951868,food,amenity:restaurant,restaurant,,,,POINT (28.951868 41.020394),1061623090,10.972414873239817,28.9518506,41.0202962
9090515189,Tarihi Leziz Pide Fırını,41.018639,28.96475,food,amenity:restaurant,restaurant,,,,POINT (28.96475 41.018639),2370517717,6.337342087775687,28.9647888,41.0186879
11893467169,Tarihi Pasahan Konagi,41.016838,28.954429,food,amenity:restaurant,restaurant,,,,POINT (28.954429 41.016838),10660070279,6.069006385205028,28.9544785,41.0168778
5099056215,Tarihi Sariyer Börekçisi,41.006326,28.95008,food,amenity:restaurant,restaurant,,,,POINT (28.95008 41.006326),1058892752,12.318994675773714,28.9501803,41.0062451
5244807393,Tarihi Sofçuhan Muhallebicisi,41.0098,28.969963,food,amenity:restaurant,restaurant,,,,POINT (28.969963 41.0098),278005027,19.611618076359587,28.9699951,41.0096253
5244807403,Tarihi Subaşı Lokantası,41.010621,28.969966,food,amenity:restaurant,restaurant,,,,POINT (28.969966 41.010621),3461609144,15.957896561261991,28.9697768,41.0106356
4790800225,Tarihi Sultanahmet Köftecisi Selim Usta,41.008003,28.976967,food,amenity:restaurant,restaurant,,,,POINT (28.976967 41.008003),2666803154,38.642998119920534,28.9765113,41.0079528
5103810786,Tarihi ULUSOY PASTA BÖREKÇİSİ,41.019638,28.928218,food,amenity:restaurant,restaurant,,,,POINT (28.928218 41.019638),2378713429,12.36579050179308,28.9280745,41.0196634
5112732251,Tarihi Unkapanı Pilavcısı,41.011564,28.960195,food,amenity:restaurant,restaurant,,,,POINT (28.960195 41.011564),7784231172,47.760258766033225,28.9596995,41.0117754
5111215210,Tarihi dagkapi,41.006034,28.936411,food,amenity:restaurant,restaurant,,,,POINT (28.936411 41.006034),1058996075,13.280640176560606,28.9362923,41.005955
9722432917,Tarihi kardeşler börek ve pideci,41.017269,28.968158,food,amenity:restaurant,restaurant,,,,POINT (28.968158 41.017269),768676855,4.643891029553711,28.968103,41.0172737
5244803048,Tarihi Çesme Restaurant,41.003512,28.972228,food,amenity:restaurant,restaurant,,,,POINT (28.972228 41.003512),248137320,13.864140896292001,28.9723649,41.0035818
5244812097,Tarihi Özkan Koftecisi,41.017336,28.968077,food,amenity:restaurant,restaurant,,,,POINT (28.968077 41.017336),768676855,7.262774217780142,28.968103,41.0172737
5106123815,Tarihi Özkan Köftecisi,41.020975,28.942561,food,amenity:restaurant,restaurant,,,,POINT (28.942561 41.020975),12825913094,6.960702842014606,28.9425529,41.0209127
5099065447,Tat Köfte,41.00905,28.94834,food,amenity:restaurant,restaurant,,,,POINT (28.94834 41.00905),1058892458,17.476728168293832,28.9481322,41.0090393
5110345304,Tat Sarıoğlu,41.01513,28.972342,food,amenity:restaurant,restaurant,,,,POINT (28.972342 41.01513),252236136,25.737892683483352,28.9725624,41.015291
5112834056,Tat restaurant,41.008175,28.952062,food,amenity:restaurant,restaurant,,,,POINT (28.952062 41.008175),1058892587,31.38403445243401,28.9524279,41.0082335
5115937839,Tatlıbak,41.011082,28.931599,food,amenity:restaurant,restaurant,,,,POINT (28.931599 41.011082),316925393,13.171030231728562,28.9314716,41.0111512
7021235690,Tatpita Boşnak Böreği,41.011164,28.959245,food,amenity:restaurant,restaurant,,,,POINT (28.959245 41.011164),256099720,14.954881682765976,28.9593283,41.0110451
12768856301,Tayba Falafel Ve Pide,41.010913,28.944839,food,amenity:restaurant,restaurant,,,,POINT (28.944839 41.010913),10093528188,25.6548997287439,28.9445386,41.01087
5110345329,Taş fırın,41.014631,28.972465,food,amenity:restaurant,restaurant,,,,POINT (28.972465 41.014631),252235307,23.699055047950463,28.9722246,41.0147429
5106121849,Tekbir Pide Lahmacun Salonu,41.017723,28.954177,food,amenity:restaurant,restaurant,,,,POINT (28.954177 41.017723),1061624542,17.770265509213253,28.9540994,41.0178717
5108836350,Terrace Restaurant,41.011959,28.977975,food,amenity:restaurant,restaurant,,,,POINT (28.977975 41.011959),11165697759,29.555443482501612,28.9783078,41.0118719
5088197335,Teyzemin Mutfağı,41.003242,28.93504,food,amenity:restaurant,restaurant,,,,POINT (28.93504 41.003242),1036040577,6.772339136124868,28.9351207,41.0032414
5113620631,The Cozy Garden,41.004765,28.979686,food,amenity:restaurant,restaurant,,,,POINT (28.979686 41.004765),278004976,29.613137953515793,28.9793458,41.0048358
11970900769,The First Ottoman Lounge,41.004468,28.964438,food,amenity:restaurant,restaurant,,,,POINT (28.964438 41.004468),4776703738,25.21709533615168,28.9647031,41.0043612
5480475146,The Han,41.01016,28.978858,food,amenity:restaurant,restaurant,,,,POINT (28.978858 41.01016),13433927174,33.77150948042661,28.9788206,41.0104624
1000023064,The Port Shield Pub & Restaurant,41.011978,28.978224,food,amenity:restaurant,restaurant,,,,POINT (28.978224 41.011978),11165697759,13.734123364737878,28.9783078,41.0118719
5108843091,The Terrace Restaurant,41.008144,28.976446,food,amenity:restaurant,restaurant,,,,POINT (28.976446 41.008144),275612347,6.720069437306533,28.9764131,41.0081991
5113500243,The wox,41.005058,28.973682,food,amenity:restaurant,restaurant,,,,POINT (28.973682 41.005058),3075182593,11.832290967239308,28.9735421,41.0050713
7896553285,Three partners cafe & restaurant,41.003514,28.973502,food,amenity:restaurant,restaurant,,,,POINT (28.973502 41.003514),1185323656,8.52690322445905,28.9734206,41.0035599
12347693538,Ti Amo Bistro Cafe & Restarant,41.013261,28.977117,food,amenity:restaurant,restaurant,,,,POINT (28.977117 41.013261),278366484,22.840145446666945,28.9769137,41.0131244
5106121848,Tostçu İbrahim,41.017846,28.954284,food,amenity:restaurant,restaurant,,,,POINT (28.954284 41.017846),1061624542,15.748876228702539,28.9540994,41.0178717
5108828624,Trabzon Lokantası,41.013959,28.977709,food,amenity:restaurant,restaurant,,,,POINT (28.977709 41.013959),2370332234,21.16062748947829,28.9776299,41.0137783
5087168314,Trakya Köfte Salonu,40.995109,28.925633,food,amenity:restaurant,restaurant,,,,POINT (28.925633 40.995109),1034388278,15.101806587964136,28.9256631,40.9949751
5113620639,Tria Elegance Restaurant,41.00597,28.980947,food,amenity:restaurant,restaurant,,,,POINT (28.980947 41.00597),278004973,34.834204418826324,28.9811167,41.0062559
5112966978,Tuana restaurant,41.003409,28.953112,food,amenity:restaurant,restaurant,,,,POINT (28.953112 41.003409),1058894316,11.915931186438879,28.9532503,41.0034333
5112725544,Tubaz Odunlu Taş fırını,41.000651,28.926399,food,amenity:restaurant,restaurant,,,,POINT (28.926399 41.000651),1035581963,11.392973972726645,28.9265099,41.0005919
5088192752,Tunyalı Ocakbaşı ve Kababı,41.002036,28.936331,food,amenity:restaurant,restaurant,,,,POINT (28.936331 41.002036),1036041686,44.78404461360895,28.9367978,41.0022312
5108836414,Turgut,41.013611,28.975528,food,amenity:restaurant,restaurant,,,,POINT (28.975528 41.013611),11165697753,12.482896424765334,28.9754152,41.0135378
6510541085,Turgut Kebab Pide,41.004667,28.979142,food,amenity:restaurant,restaurant,,,,POINT (28.979142 41.004667),13253198691,11.883035945185298,28.9791875,41.0045658
5112738819,Turko Baba Turkish Delight,41.014453,28.967346,food,amenity:restaurant,restaurant,,,,POINT (28.967346 41.014453),311371100,11.446012314563657,28.9674333,41.0145321
5100823689,Turkuaz Ev Yemekleri,41.019452,28.932201,food,amenity:restaurant,restaurant,,,,POINT (28.932201 41.019452),11036241529,5.543332204994922,28.9321353,41.0194573
5113620643,Turquoıse cafe resturant,41.005588,28.980146,food,amenity:restaurant,restaurant,,,,POINT (28.980146 41.005588),278004975,30.267437330378925,28.9799819,41.0053456
5112728852,Tuğra turkish coffee turkish delight,41.011787,28.958494,food,amenity:restaurant,restaurant,,,,POINT (28.958494 41.011787),2942771231,13.38111318342399,28.9583498,41.0118384
5113599729,Tüğba Kafeterya,41.008955,28.9433,food,amenity:restaurant,restaurant,,,,POINT (28.9433 41.008955),1058996198,30.436942735412885,28.9436395,41.0090514
5115938008,URFA SOFRASI HASAN USTA,41.008512,28.930759,food,amenity:restaurant,restaurant,,,,POINT (28.930759 41.008512),2380793401,4.461599692532731,28.930785,41.008477
7010848886,URFALİMSAVAKUSTA,41.012901,28.94843,food,amenity:restaurant,restaurant,,,,POINT (28.94843 41.012901),1059852984,28.655095912009596,28.948431,41.0131587
5113611463,Ulu kardeşler,41.029315,28.938904,food,amenity:restaurant,restaurant,,,,POINT (28.938904 41.029315),1064222001,25.62400042893496,28.9391507,41.0294509
11980554269,Ulusoy Cafe & Pastane,41.004031,28.964427,food,amenity:restaurant,restaurant,,,,POINT (28.964427 41.004031),1016925272,20.353640125964777,28.964195,41.0039776
5099056202,Umut Börek,41.00684,28.946791,food,amenity:restaurant,restaurant,,,,POINT (28.946791 41.00684),1058894152,9.830396235096515,28.9468152,41.0067535
5081442510,Umut ev yemekleri,41.024629,28.958526,food,amenity:restaurant,restaurant,,,,POINT (28.958526 41.024629),1061754153,13.982857864073912,28.95843,41.0245262
5111215147,Unkapanı Pilavcı,41.006164,28.939115,food,amenity:restaurant,restaurant,,,,POINT (28.939115 41.006164),3371795570,48.52234847851114,28.9389481,41.0065818
5110342190,Unkapanı pilavcısı,41.013438,28.960819,food,amenity:restaurant,restaurant,,,,POINT (28.960819 41.013438),3086131036,27.325767907095653,28.9605437,41.0133067
5244807972,Unsal Kebap,41.00959,28.968324,food,amenity:restaurant,restaurant,,,,POINT (28.968324 41.00959),3082166487,18.647831301638334,28.9685459,41.0095993
5099056201,Urfa Kebap Ve Lahmacun Salonu,41.006797,28.946688,food,amenity:restaurant,restaurant,,,,POINT (28.946688 41.006797),1058894152,11.718386930830361,28.9468152,41.0067535
5075962024,Urfa kebap sarayı,41.013286,28.948243,food,amenity:restaurant,restaurant,,,,POINT (28.948243 41.013286),1059852984,21.193876212272688,28.948431,41.0131587
5075993817,Urfa zaman ciğer ve kebep,41.013319,28.946656,food,amenity:restaurant,restaurant,,,,POINT (28.946656 41.013319),1059852327,16.767840660644563,28.9468232,41.0132364
5075962049,Urfalı hacı usta,41.011771,28.949396,food,amenity:restaurant,restaurant,,,,POINT (28.949396 41.011771),13478051067,21.10239003658156,28.9495369,41.0116138
5088194897,Urfalı çıtır kadir lahmacun pide,41.003304,28.930708,food,amenity:restaurant,restaurant,,,,POINT (28.930708 41.003304),1036041052,24.48712478546269,28.9306738,41.0035227
5108827980,Urfalım Kebap,41.014509,28.976186,food,amenity:restaurant,restaurant,,,,POINT (28.976186 41.014509),269719185,11.784702984832176,28.9762859,41.0144345
5112749095,Urfam Kebap Döner,41.033187,28.946219,food,amenity:restaurant,restaurant,,,,POINT (28.946219 41.033187),1102850685,11.583450704245031,28.9463362,41.0332421
5099065483,Ustam Kebap Dünyası,41.007691,28.9441,food,amenity:restaurant,restaurant,,,,POINT (28.9441 41.007691),1058996194,7.68975954651349,28.9440262,41.007732
9833781517,Uğur Büryan,41.017095,28.955432,food,amenity:restaurant,restaurant,,,,POINT (28.955432 41.017095),1061624522,26.05077288765223,28.9551461,41.0171864
5081445110,Uğur Pastaneleri,41.023714,28.95463,food,amenity:restaurant,restaurant,,,,POINT (28.95463 41.023714),1061754041,16.945467737813626,28.9545524,41.0235733
5244809867,Vaha Cafe ve Restaurant,41.008007,28.967598,food,amenity:restaurant,restaurant,,,,POINT (28.967598 41.008007),10629345972,23.122281512338553,28.9676442,41.008212
5088194885,Valide Kebap ve Lahmacun Salonu,41.003521,28.931819,food,amenity:restaurant,restaurant,,,,POINT (28.931819 41.003521),2370778799,7.411571765297585,28.931865,41.0035779
5026474516,Van Restaurant,41.01318,28.944619,food,amenity:restaurant,restaurant,,,,POINT (28.944619 41.01318),1059239838,17.369668510768758,28.9445724,41.0130278
5111205419,Vanlioglu,41.019463,28.961055,food,amenity:restaurant,restaurant,,,,POINT (28.961055 41.019463),10617560380,15.257065536855754,28.9612212,41.0195187
5110347208,Vanlı oğlu kebap,41.019424,28.960955,food,amenity:restaurant,restaurant,,,,POINT (28.960955 41.019424),1260180638,13.97412145543746,28.9607964,41.0193856
5112834054,Vatan lokantası,41.008175,28.951817,food,amenity:restaurant,restaurant,,,,POINT (28.951817 41.008175),1058892571,19.47409030400496,28.9515971,41.008231
5110342184,Vefa restaurant ve kafe,41.015705,28.9573,food,amenity:restaurant,restaurant,,,,POINT (28.9573 41.015705),311371933,43.69885162175539,28.9576971,41.0154507
5244807402,Vejetaryen Mutfak,41.010775,28.97039,food,amenity:restaurant,restaurant,,,,POINT (28.97039 41.010775),10636132247,15.11879215525755,28.9704882,41.010889
5106118232,Venezia restaurant,41.012094,28.957386,food,amenity:restaurant,restaurant,,,,POINT (28.957386 41.012094),256098691,10.803374277468025,28.9573153,41.0120128
5110342721,Vezneciler pilavcısı,41.011188,28.961163,food,amenity:restaurant,restaurant,,,,POINT (28.961163 41.011188),10178682993,1.7049911794450074,28.9611443,41.011194
5115939943,Vitamin Et Lokantası,41.01204,28.968168,food,amenity:restaurant,restaurant,,,,POINT (28.968168 41.01204),3082166486,23.0197400400265,28.9683285,41.0118721
5112725537,Volkan Köfte ve Döner Salonu,41.003687,28.928013,food,amenity:restaurant,restaurant,,,,POINT (28.928013 41.003687),1057576502,28.519744382499518,28.9282484,41.003872
5244801888,Warung Ibu Deden Restaurant,41.003725,28.97423,food,amenity:restaurant,restaurant,,,,POINT (28.97423 41.003725),275603001,22.396291075780596,28.9739649,41.0037483
12783839101,Warung Nusantara Indonesian Restaurant,41.01581,28.931284,food,amenity:restaurant,restaurant,,,,POINT (28.931284 41.01581),809761579,11.764731135227965,28.9311815,41.0157378
5113620665,West Town Cafe & Restaurant,41.005016,28.979172,food,amenity:restaurant,restaurant,,,,POINT (28.979172 41.005016),278004976,24.78294968798284,28.9793458,41.0048358
8572555517,YONCA,41.00688,28.95841,food,amenity:restaurant,restaurant,,,,POINT (28.95841 41.00688),248137296,33.18331705241018,28.9580198,41.0069285
6515323886,Yabaci,41.006108,28.97325,food,amenity:restaurant,restaurant,,,,POINT (28.97325 41.006108),31678606,11.482385299477047,28.9731154,41.0061266
5112834047,Yakamoz restaurant,41.008511,28.951616,food,amenity:restaurant,restaurant,,,,POINT (28.951616 41.008511),1058892571,31.174986972056654,28.9515971,41.008231
5115933923,Yaman Dondurma,41.00405,28.932567,food,amenity:restaurant,restaurant,,,,POINT (28.932567 41.00405),1036041045,7.5087363743540925,28.9324801,41.0040661
5113611497,Yaprak pide,41.029976,28.941065,food,amenity:restaurant,restaurant,,,,POINT (28.941065 41.029976),1064222060,21.835699214910026,28.9412148,41.0298154
5113610091,Yaraligoz borek,41.031121,28.94482,food,amenity:restaurant,restaurant,,,,POINT (28.94482 41.031121),1064574704,9.378843561377142,28.9448327,41.0310372
5108844016,Yarenler Cafe and Restaurant,41.00911,28.97545,food,amenity:restaurant,restaurant,,,,POINT (28.97545 41.00911),275612349,8.868079844543157,28.9755004,41.0090399
3499293120,Yarenler Restaurant,41.009064,28.975502,food,amenity:restaurant,restaurant,,,,POINT (28.975502 41.009064),275612349,2.683162349238328,28.9755004,41.0090399
5087168296,Yedikule kebap pilavcı,40.9942,28.922607,food,amenity:restaurant,restaurant,,,,POINT (28.922607 40.9942),1034388225,27.309057424464157,28.922357,40.9940428
5087179441,Yedikule kebapçısı,40.995066,28.925905,food,amenity:restaurant,restaurant,,,,POINT (28.925905 40.995066),1034388278,22.67876831291334,28.9256631,40.9949751
5110347225,Yemek odası restaurant,41.017028,28.973661,food,amenity:restaurant,restaurant,,,,POINT (28.973661 41.017028),269715285,25.34339776613881,28.9733851,41.0171208
5111222070,Yemek salonu,41.008103,28.965218,food,amenity:restaurant,restaurant,,,,POINT (28.965218 41.008103),269722975,4.897372146144023,28.9652551,41.008137
4881623724,Yeni Köşem Restaurant,41.004386,28.964624,food,amenity:restaurant,restaurant,,,,POINT (28.964624 41.004386),4776703738,7.187677960674027,28.9647031,41.0043612
5076114618,Yesilkir pide bank,40.994142,28.925729,food,amenity:restaurant,restaurant,,,,POINT (28.925729 40.994142),1034388336,4.108882041074707,28.9257759,40.9941314
13467805192,Yeşilköy Tavuk&Tavuk,41.007307,28.953224,food,amenity:restaurant,restaurant,,,,POINT (28.953224 41.007307),1055372921,14.636637030478006,28.9533843,41.0072551
5099040197,Yeşimin Mutfağından Ev Yemekleri,41.004016,28.944198,food,amenity:restaurant,restaurant,,,,POINT (28.944198 41.004016),1058894004,12.839762827496374,28.9441842,41.003901
5086061066,Yilmazlar Lokantasi,41.026056,28.955509,food,amenity:restaurant,restaurant,,,,POINT (28.955509 41.026056),1061754409,8.20272462376173,28.9556053,41.0260688
5088190907,Yunca Büfe,41.004167,28.934761,food,amenity:restaurant,restaurant,,,,POINT (28.934761 41.004167),1036040559,10.156490438484864,28.9348463,41.0041022
5111223236,Yunus,41.007383,28.957163,food,amenity:restaurant,restaurant,,,,POINT (28.957163 41.007383),269723148,27.708496788716143,28.957419,41.0075404
5106127817,Yuvam Restaurant,41.024532,28.941993,food,amenity:restaurant,restaurant,,,,POINT (28.941993 41.024532),1060490864,31.780285904837147,28.9416255,41.0244626
5244805883,Yörem Et ve İskender Salonu,41.010738,28.973781,food,amenity:restaurant,restaurant,,,,POINT (28.973781 41.010738),311371043,23.69748055266635,28.9736128,41.0105668
5088194872,Yörem urfa taş fırnı,41.003396,28.932497,food,amenity:restaurant,restaurant,,,,POINT (28.932497 41.003396),1036040786,5.860514621281729,28.9324895,41.0034484
5081442452,Yücel Unlu Mamulleri,41.022529,28.959742,food,amenity:restaurant,restaurant,,,,POINT (28.959742 41.022529),1061754083,10.777184142159603,28.9597393,41.0226259
5113557362,Yüksel Uygur,41.009967,28.945709,food,amenity:restaurant,restaurant,,,,POINT (28.945709 41.009967),10127897732,36.557297965403585,28.945514,41.010261
5244807976,Yıldız Kebap,41.009265,28.96794,food,amenity:restaurant,restaurant,,,,POINT (28.96794 41.009265),3082166467,44.23047459967204,28.9680596,41.0096524
5113611443,Yıldız borek,41.027152,28.941309,food,amenity:restaurant,restaurant,,,,POINT (28.941309 41.027152),1064222273,22.950897654974835,28.9412435,41.0269516
5113486779,Yıldız saray,41.02635,28.939455,food,amenity:restaurant,restaurant,,,,POINT (28.939455 41.02635),1060490979,8.918539579405948,28.9395598,41.0263365
5244811437,Yılmaz Köfte,41.012479,28.968126,food,amenity:restaurant,restaurant,,,,POINT (28.968126 41.012479),3370554233,15.065048443896236,28.9682205,41.0125942
5100825074,Yılmaz Lokantası,41.021432,28.927219,food,amenity:restaurant,restaurant,,,,POINT (28.927219 41.021432),1059137007,20.032800367590685,28.9270381,41.0213144
5108843748,Zamos Cafe and Restaurant,41.008412,28.974453,food,amenity:restaurant,restaurant,,,,POINT (28.974453 41.008412),275612067,15.862654137821858,28.9744477,41.0085546
5243953356,Zeman alkheir,41.028045,28.946382,food,amenity:restaurant,restaurant,,,,POINT (28.946382 41.028045),2371608870,12.525383853103444,28.9462647,41.0281147
7816100108,Zerina,41.023042,28.960955,food,amenity:restaurant,restaurant,,,,POINT (28.960955 41.023042),12022588411,8.54913636303376,28.9610393,41.0230852
5075929055,Zeyr ve Zater,41.010192,28.947226,food,amenity:restaurant,restaurant,,,,POINT (28.947226 41.010192),9188247766,13.852522436319509,28.9471234,41.0100944
5081442476,Zeyrek Cafe Restaurant,41.020547,28.958893,food,amenity:restaurant,restaurant,,,,POINT (28.958893 41.020547),1061753891,38.23365273901235,28.9593083,41.0206886
6344766185,Ziya,41.013935,28.975718,food,amenity:restaurant,restaurant,,,,POINT (28.975718 41.013935),2379693988,9.597290958101214,28.9757946,41.0138709
5244801998,Ziya Baba Slow Food,41.003675,28.97199,food,amenity:restaurant,restaurant,,,,POINT (28.97199 41.003675),2370366683,4.41674609746211,28.9719859,41.0037146
5108843351,Ziya Dürüm Evi,41.010717,28.974597,food,amenity:restaurant,restaurant,,,,POINT (28.974597 41.010717),311371023,20.895556694320547,28.974385,41.0106184
5108843593,Ziya Sark Sofrasi,41.010786,28.97753,food,amenity:restaurant,restaurant,,,,POINT (28.97753 41.010786),278366557,12.528909545439134,28.9775524,41.0106746
5243945198,Ziya Şark Sofrası,41.01934,28.947618,food,amenity:restaurant,restaurant,,,,POINT (28.947618 41.01934),1059851607,24.910629469778463,28.9478636,41.0192141
5111215132,Ziyada ev yemek,41.005622,28.937184,food,amenity:restaurant,restaurant,,,,POINT (28.937184 41.005622),3398771296,34.43023960333091,28.9372235,41.0059302
12311485567,Ziyafet kuzu çevirme İstanbul,41.013691,28.977044,food,amenity:restaurant,restaurant,,,,POINT (28.977044 41.013691),3079738258,14.795457351126332,28.977064,41.0138232
5112728850,Zurich Restaurant,41.01166,28.958099,food,amenity:restaurant,restaurant,,,,POINT (28.958099 41.01166),10080670974,25.108440341708008,28.9583047,41.011824
5243951557,adiyaman çikoftecisi,41.01645,28.948803,food,amenity:restaurant,restaurant,,,,POINT (28.948803 41.01645),1059851913,23.96305770444111,28.9487941,41.0162346
5135902724,buhara börek,41.021276,28.945179,food,amenity:restaurant,restaurant,,,,POINT (28.945179 41.021276),1060106876,4.050170352495962,28.9451505,41.0212466
5075962048,ciğeristan,41.011726,28.949483,food,amenity:restaurant,restaurant,,,,POINT (28.949483 41.011726),13478051067,13.270481082549644,28.9495369,41.0116138
5108843732,cozy pizza pide,41.008377,28.974321,food,amenity:restaurant,restaurant,,,,POINT (28.974321 41.008377),13431435312,16.768356789392417,28.9743879,41.0082349
5243950782,hacielaziz chikoftaci,41.02015,28.941454,food,amenity:restaurant,restaurant,,,,POINT (28.941454 41.02015),12825913092,13.151902461657576,28.9413071,41.0201913
5244795860,ipar pasta evi,41.01584,28.969248,food,amenity:restaurant,restaurant,,,,POINT (28.969248 41.01584),2195426964,17.085472493502703,28.969328,41.0159813
3090816364,istanbul enjoyer,41.008192,28.976864,food,amenity:restaurant,restaurant,,,,POINT (28.976864 41.008192),1454266219,28.52486338349294,28.9765244,41.0082036
5115939261,köşem büfe,41.009556,28.936154,food,amenity:restaurant,restaurant,,,,POINT (28.936154 41.009556),316925368,44.04201546810854,28.9356395,41.0094776
13272149101,lotiz lounge hookah,41.011804,28.958389,food,amenity:restaurant,restaurant,,,,POINT (28.958389 41.011804),2942771231,5.044747689966926,28.9583498,41.0118384
5075962053,sanliurfa zaman ciger ve kebap salonu,41.012332,28.948377,food,amenity:restaurant,restaurant,,,,POINT (28.948377 41.012332),1059852942,18.83396980867593,28.9481528,41.0123237
5135309624,selam restaurant,41.019542,28.947369,food,amenity:restaurant,restaurant,,,,POINT (28.947369 41.019542),9023919976,11.02251125018217,28.9474811,41.0195937
3186628316,tacita,41.00505,28.973223,food,amenity:restaurant,restaurant,,,,POINT (28.973223 41.00505),1185323513,17.24349905703687,28.97329,41.0051966
5108837423,tantunabi,41.013781,28.975111,food,amenity:restaurant,restaurant,,,,POINT (28.975111 41.013781),11165697752,14.437677117159579,28.9749535,41.0138333
5075962051,taç kebap,41.01193,28.949166,food,amenity:restaurant,restaurant,,,,POINT (28.949166 41.01193),4618151747,36.037307553550534,28.948761,41.0120379
5075929032,yemen resturant,41.011647,28.941606,food,amenity:restaurant,restaurant,,,,POINT (28.941606 41.011647),10093528191,24.082357285060038,28.9417537,41.0114613
5075962034,zarzor iraqlı lokantası,41.012154,28.949334,food,amenity:restaurant,restaurant,,,,POINT (28.949334 41.012154),10660877744,17.83884884058627,28.94933,41.0123144
5075929037,zirwe sultan resturant,41.011344,28.94273,food,amenity:restaurant,restaurant,,,,POINT (28.94273 41.011344),1059239760,20.05356424819889,28.9425158,41.011264
5243952635,Çagdash lokanta,41.016952,28.945712,food,amenity:restaurant,restaurant,,,,POINT (28.945712 41.016952),1059851972,18.882081782975106,28.9457232,41.0167824
5109654681,Çapa Dürüm Kebab,41.013758,28.932804,food,amenity:restaurant,restaurant,,,,POINT (28.932804 41.013758),1049732670,14.697411976913884,28.9327598,41.0138859
5088190861,Çapana Et Balık,40.999516,28.932396,food,amenity:restaurant,restaurant,,,,POINT (28.932396 40.999516),1035580956,9.222296238652811,28.9324919,40.9994755
10178438647,Çapari,41.003616,28.965053,food,amenity:restaurant,restaurant,,,,POINT (28.965053 41.003616),1016468774,11.625549914264289,28.9651758,41.0035676
5113481370,Çarşamba kebap,41.024157,28.948459,food,amenity:restaurant,restaurant,,,,POINT (28.948459 41.024157),10263288070,19.961087014736677,28.9485017,41.0243336
5115939941,Çarşı Ocakbaşı,41.011827,28.968328,food,amenity:restaurant,restaurant,,,,POINT (28.968328 41.011827),3082166486,5.015073751303613,28.9683285,41.0118721
5115939926,Çarşıkapı Muhallebicisi 1984,41.009967,28.969965,food,amenity:restaurant,restaurant,,,,POINT (28.969965 41.009967),10226426310,14.001039324583498,28.9699908,41.0100914
5244801831,Çatladıkapı Sosyal Tesisleri,41.001796,28.973509,food,amenity:restaurant,restaurant,,,,POINT (28.973509 41.001796),13073192973,8.396514135203438,28.9735245,41.0018706
5111222102,Çavuşoğlu,41.009309,28.958266,food,amenity:restaurant,restaurant,,,,POINT (28.958266 41.009309),10080802280,25.928656373497656,28.9583192,41.0095387
5112751026,Çayada in balat,41.033851,28.946722,food,amenity:restaurant,restaurant,,,,POINT (28.946722 41.033851),1590877531,25.253007389003464,28.9468634,41.0336505
5110345282,Çağaloğlu,41.014258,28.974951,food,amenity:restaurant,restaurant,,,,POINT (28.974951 41.014258),1193429145,24.01666903662451,28.9751567,41.0141078
6356595586,Çağri restaurant,41.006919,28.954026,food,amenity:restaurant,restaurant,,,,POINT (28.954026 41.006919),10183517573,23.55010979469586,28.953979,41.0067102
5100825059,Çağrı köfte ve döner,41.019311,28.932335,food,amenity:restaurant,restaurant,,,,POINT (28.932335 41.019311),316961437,16.30422590004637,28.9321497,41.0193552
5113611483,Çelik et ve tavuk durumları,41.029813,28.939734,food,amenity:restaurant,restaurant,,,,POINT (28.939734 41.029813),1064574990,10.924690789290239,28.9397125,41.0299099
5244806770,Çemberlitaş Aksoy Dönercisi,41.008682,28.969528,food,amenity:restaurant,restaurant,,,,POINT (28.969528 41.008682),13431435303,8.974616486217224,28.9694267,41.0086561
5244806780,Çemberlitaş Köftecisi,41.008894,28.971405,food,amenity:restaurant,restaurant,,,,POINT (28.971405 41.008894),278005017,18.936113152015604,28.9713558,41.0087278
5088194884,Çevre Kebap,41.00361,28.931883,food,amenity:restaurant,restaurant,,,,POINT (28.931883 41.00361),2370778799,3.87580815086799,28.931865,41.0035779
5099040216,Çeşm-İ Cİhan Ev Yemeklerİ,41.005339,28.94314,food,amenity:restaurant,restaurant,,,,POINT (28.94314 41.005339),1058894000,10.870341134706534,28.9430148,41.0053139
5244805710,Çeşme Döner Büfe,41.011494,28.972058,food,amenity:restaurant,restaurant,,,,POINT (28.972058 41.011494),3379773270,16.122491034755512,28.9721784,41.011607
5107245382,Çeşni Yöresel Gıdalar,41.006711,28.931733,food,amenity:restaurant,restaurant,,,,POINT (28.931733 41.006711),2370759039,29.25628506456643,28.9320188,41.0068617
5081265957,Çitir Lahmacun,41.011647,28.947244,food,amenity:restaurant,restaurant,,,,POINT (28.947244 41.011647),1059240044,9.281656084822878,28.9472773,41.0117266
5087172331,Çiğköfteci ömer usta,40.996558,28.927473,food,amenity:restaurant,restaurant,,,,POINT (28.927473 40.996558),1035581595,15.3309738007276,28.9276248,40.9964813
5113126654,Çorbacı Alaaddin Ustanın Yeri,41.004565,28.931598,food,amenity:restaurant,restaurant,,,,POINT (28.931598 41.004565),3363397487,14.842741764369816,28.9315717,41.004433
5099060708,Çömçe et lokantası,41.007708,28.951545,food,amenity:restaurant,restaurant,,,,POINT (28.951545 41.007708),1058892573,12.365715453069793,28.951592,41.0076026
5088194848,Çıtır Börek ve Pide,40.998214,28.930067,food,amenity:restaurant,restaurant,,,,POINT (28.930067 40.998214),1035582312,3.5170577744363762,28.9300559,40.9981835
5099065497,Çıtır pide lahmacun,41.007363,28.942946,food,amenity:restaurant,restaurant,,,,POINT (28.942946 41.007363),10603505287,15.211060850396937,28.9428686,41.0072393
5107305830,Çığır lahmacun,41.008773,28.948706,food,amenity:restaurant,restaurant,,,,POINT (28.948706 41.008773),1058892449,8.269850927722446,28.9486157,41.0088028
5113126682,Öz Antep Tatlıcısı,41.00664,28.931144,food,amenity:restaurant,restaurant,,,,POINT (28.931144 41.00664),1057577781,27.513272754831704,28.9312494,41.0068743
5087179461,Öz Anteplizade,40.996143,28.927347,food,amenity:restaurant,restaurant,,,,POINT (28.927347 40.996143),1034388084,11.75538552091441,28.9272238,40.9961933
5088192790,Öz Ağam Kebap Lahmacun Salonu,41.002258,28.936811,food,amenity:restaurant,restaurant,,,,POINT (28.936811 41.002258),1036041686,3.1792422649991527,28.9367978,41.0022312
5081442520,Öz Dürüm,41.02469,28.95808,food,amenity:restaurant,restaurant,,,,POINT (28.95808 41.02469),1061753402,2.29181870858247,28.9580534,41.0246853
5244805705,Öz Karadeniz,41.010735,28.972419,food,amenity:restaurant,restaurant,,,,POINT (28.972419 41.010735),311371047,17.89814577855957,28.9725056,41.0108821
5110345314,Öz Karadeniz pide,41.01505,28.971501,food,amenity:restaurant,restaurant,,,,POINT (28.971501 41.01505),311367410,6.228962909594824,28.9714275,41.0150579
4225464289,Öz Kilis Lahmacun ve Kebap,41.021729,28.944559,food,amenity:restaurant,restaurant,,,,POINT (28.944559 41.021729),1060106878,30.433472539245688,28.9443676,41.0219615
5086061082,Öz Mostar,41.025918,28.956897,food,amenity:restaurant,restaurant,,,,POINT (28.956897 41.025918),1061753375,16.514945483667557,28.9567015,41.0259355
5112738814,Öz Sultanahmet Köftecisi,41.014268,28.967344,food,amenity:restaurant,restaurant,,,,POINT (28.967344 41.014268),1277519221,14.808405930716185,28.9672632,41.0141496
5115929111,Öz Yumak,41.009394,28.96666,food,amenity:restaurant,restaurant,,,,POINT (28.96666 41.009394),2379715161,27.138265337941217,28.9663534,41.0093163
5113483634,Öz antakya,41.020711,28.949171,food,amenity:restaurant,restaurant,,,,POINT (28.949171 41.020711),1061624325,10.224117020374432,28.9492661,41.0207685
5113469916,Öz karadeniz pide salonu,41.023236,28.946735,food,amenity:restaurant,restaurant,,,,POINT (28.946735 41.023236),1061622800,21.460172486751386,28.9469006,41.0233831
5244807912,Özbek Taomlari Lezzet,41.005351,28.964611,food,amenity:restaurant,restaurant,,,,POINT (28.964611 41.005351),269722222,14.769981576875498,28.96452,41.0054647
5113610120,Özcanlar kebap salonu,41.026395,28.94083,food,amenity:restaurant,restaurant,,,,POINT (28.94083 41.026395),1064222282,10.01036108543909,28.9408096,41.0264837
5244810024,Özen Lokantası,41.008646,28.966196,food,amenity:restaurant,restaurant,,,,POINT (28.966196 41.008646),10188017814,19.001209208749614,28.9659699,41.0086365
5110344544,Özen lokantası,41.017275,28.96702,food,amenity:restaurant,restaurant,,,,POINT (28.96702 41.017275),311375190,22.34680992398949,28.9668417,41.0171257
5113611423,Özen sariyer borekçisi,41.026446,28.940932,food,amenity:restaurant,restaurant,,,,POINT (28.940932 41.026446),1064222282,11.090474037905414,28.9408096,41.0264837
5113611476,Özen sariyer boreği,41.029634,28.939269,food,amenity:restaurant,restaurant,,,,POINT (28.939269 41.029634),1064222005,7.52925767040847,28.9392707,41.0295663
5088197322,Özgul börek,41.000048,28.931397,food,amenity:restaurant,restaurant,,,,POINT (28.931397 41.000048),1035581614,20.99068081497724,28.9315806,40.9999198
5099065511,Özgül Börek Salonu,41.006958,28.94213,food,amenity:restaurant,restaurant,,,,POINT (28.94213 41.006958),1058893992,21.520329740444243,28.9418785,41.0069201
5244807904,Özhanedan,41.006746,28.965294,food,amenity:restaurant,restaurant,,,,POINT (28.965294 41.006746),3081292090,36.84766144532323,28.965586,41.0064985
5243953348,Özkaradeniz,41.026232,28.948277,food,amenity:restaurant,restaurant,,,,POINT (28.948277 41.026232),1102729775,34.2252291597187,28.9482625,41.0259244
5088192733,Öztürk Kardeşler Balık Lokantası,40.999622,28.932145,food,amenity:restaurant,restaurant,,,,POINT (28.932145 40.999622),1035580901,14.088572881438115,28.932121,40.9997474
5087172333,Ümit Börek Salonu,40.996712,28.927669,food,amenity:restaurant,restaurant,,,,POINT (28.927669 40.996712),1035581595,25.91951724630199,28.9276248,40.9964813
5109654671,Üçler Urfa Kebab Salonu,41.012736,28.931626,food,amenity:restaurant,restaurant,,,,POINT (28.931626 41.012736),316924160,35.48333564493649,28.9315342,41.0124245
5113598495,özbey bufe,41.010595,28.941018,food,amenity:restaurant,restaurant,,,,POINT (28.941018 41.010595),1058995791,18.66675440889164,28.9409332,41.0104398
11528657999,İBB Sultanahmet Kent Lokantası,41.009599,28.977531,food,amenity:restaurant,restaurant,,,,POINT (28.977531 41.009599),4780788656,21.333778293154207,28.9773351,41.0094767
11528657995,İBB Çapa Kent Lokantası,41.014432,28.934424,food,amenity:restaurant,restaurant,,,,POINT (28.934424 41.014432),1295933748,31.63379731914763,28.9347983,41.0143978
5103810816,İkinci Adres Restoran Pub,41.016852,28.93064,food,amenity:restaurant,restaurant,,,,POINT (28.93064 41.016852),1059137339,34.47981995090768,28.9307988,41.017138
5244810296,İkizler Pilav ve Dürüm Evi,41.00497,28.965105,food,amenity:restaurant,restaurant,,,,POINT (28.965105 41.00497),248137304,13.277770582534258,28.9651379,41.0048532
5111215151,İkizler Pilavcı,41.006415,28.939501,food,amenity:restaurant,restaurant,,,,POINT (28.939501 41.006415),1058996044,19.253709591483915,28.9397012,41.0063304
5113611451,İkram,41.027469,28.941305,food,amenity:restaurant,restaurant,,,,POINT (28.941305 41.027469),1064222260,6.853049792149541,28.9412411,41.0274306
5113125951,İmamoğlu Kebap ve Lahmacun Salonu,41.00366,28.927636,food,amenity:restaurant,restaurant,,,,POINT (28.927636 41.00366),1055513056,16.753387094987858,28.9274818,41.0035643
4874812823,İmren,40.996184,28.927115,food,amenity:restaurant,restaurant,,,,POINT (28.927115 40.996184),1034388084,9.189395018243683,28.9272238,40.9961933
5087179456,İncedal et lokantası,40.995912,28.927081,food,amenity:restaurant,restaurant,,,,POINT (28.927081 40.995912),1034388084,33.496492178055966,28.9272238,40.9961933
5112728883,İnci Cafe Restaurant,41.010776,28.959216,food,amenity:restaurant,restaurant,,,,POINT (28.959216 41.010776),30215295,12.240464196344956,28.9593377,41.0107153
10178438645,İnci Teras Restaurant,41.004648,28.979448,food,amenity:restaurant,restaurant,,,,POINT (28.979448 41.004648),278004976,22.57485436654019,28.9793458,41.0048358
5244795888,İshakpaşa Sofrası,41.015945,28.969537,food,amenity:restaurant,restaurant,,,,POINT (28.969537 41.015945),2195426964,17.99360072565062,28.969328,41.0159813
5113609492,İsot lahmacun,41.027599,28.940926,food,amenity:restaurant,restaurant,,,,POINT (28.940926 41.027599),1064222278,4.770935095392964,28.9408692,41.0275968
5112749724,İstanbul Ciğercisi,41.032697,28.945867,food,amenity:restaurant,restaurant,,,,POINT (28.945867 41.032697),1102850563,10.663279465918176,28.9458823,41.0326018
5113128248,İstanbul Restoran,41.007658,28.953819,food,amenity:restaurant,restaurant,,,,POINT (28.953819 41.007658),3270661434,23.5392147518743,28.9535471,41.0077101
5113592212,İzgara Evi,41.010965,28.942245,food,amenity:restaurant,restaurant,,,,POINT (28.942245 41.010965),1059239760,40.26984849659887,28.9425158,41.011264
5081442456,Şafak Et Lokantası,41.022313,28.959875,food,amenity:restaurant,restaurant,,,,POINT (28.959875 41.022313),1061754279,11.895527800472566,28.9600094,41.0223471
5244803034,Şafak Restaurant,41.003649,28.974875,food,amenity:restaurant,restaurant,,,,POINT (28.974875 41.003649),349271203,10.607319810308752,28.9749929,41.0036146
5088194890,Şafak pide ve lahmacun,41.003447,28.931286,food,amenity:restaurant,restaurant,,,,POINT (28.931286 41.003447),2370778797,4.7780152798212745,28.9312486,41.0034146
5113472207,Şahin Kardeşler 1 Börek Salonu,41.00665,28.923808,food,amenity:restaurant,restaurant,,,,POINT (28.923808 41.00665),12723110489,17.789792127562784,28.9240197,41.0066414
5113483413,Şam günleri,41.020967,28.948331,food,amenity:restaurant,restaurant,,,,POINT (28.948331 41.020967),1061622733,13.12234359960529,28.9483761,41.020854
5075929034,Şam şerif tatlası,41.011497,28.942147,food,amenity:restaurant,restaurant,,,,POINT (28.942147 41.011497),10093528191,33.23788876690246,28.9417537,41.0114613
5106127801,Şanlar Pastneleri,41.026521,28.947424,food,amenity:restaurant,restaurant,,,,POINT (28.947424 41.026521),2370858479,10.989798512491957,28.947433,41.0266196
5099060693,Şanlı et lokantası,41.006948,28.948754,food,amenity:restaurant,restaurant,,,,POINT (28.948754 41.006948),1058892527,16.070415728445113,28.9486083,41.0070418
5244807887,Şar Restaurant,41.008779,28.967066,food,amenity:restaurant,restaurant,,,,POINT (28.967066 41.008779),4776781979,9.910735900137446,28.9670126,41.0088585
5244809857,Şar Restaurant,41.008095,28.967263,food,amenity:restaurant,restaurant,,,,POINT (28.967263 41.008095),10629345973,20.0415767447479,28.9673928,41.0082463
5113598486,Şark Büfe,41.009793,28.940829,food,amenity:restaurant,restaurant,,,,POINT (28.940829 41.009793),1058995844,19.010409173981106,28.9409149,41.0099512
10178410603,Şato,41.005334,28.980163,food,amenity:restaurant,restaurant,,,,POINT (28.980163 41.005334),278004975,15.251321985134771,28.9799819,41.0053456
5244806763,Şehmuz Kebap Salonu,41.008907,28.969727,food,amenity:restaurant,restaurant,,,,POINT (28.969727 41.008907),277139018,22.17040546589182,28.9694966,41.0090046
5110344578,Şehri saadet,41.016531,28.966398,food,amenity:restaurant,restaurant,,,,POINT (28.966398 41.016531),30215239,19.762997760879685,28.9661658,41.0165609
5112728864,Şehzade Börek,41.011802,28.959214,food,amenity:restaurant,restaurant,,,,POINT (28.959214 41.011802),7784240489,17.896602399770522,28.9593647,41.0116881
5108837430,Şehzade Cağ Kebap,41.014019,28.975269,food,amenity:restaurant,restaurant,,,,POINT (28.975269 41.014019),4779518629,13.390667457336225,28.975114,41.0140477
5244810306,Şehzade Ocakbaşı Restaurant,41.005648,28.965223,food,amenity:restaurant,restaurant,,,,POINT (28.965223 41.005648),3274151304,19.173019496847157,28.9651848,41.005478
5110345252,Şen büfe,41.015222,28.974315,food,amenity:restaurant,restaurant,,,,POINT (28.974315 41.015222),13602762042,32.928445910570325,28.9744658,41.0154954
5115933201,Şenol,41.003421,28.930722,food,amenity:restaurant,restaurant,,,,POINT (28.930722 41.003421),1036041052,12.010117549663196,28.9306738,41.0035227
5243951544,Şerifoglu,41.017551,28.947258,food,amenity:restaurant,restaurant,,,,POINT (28.947258 41.017551),1059851965,20.06959735853757,28.9472968,41.0177291
5113594824,Şifa döner,41.009096,28.948021,food,amenity:restaurant,restaurant,,,,POINT (28.948021 41.009096),1058892458,11.261015701325476,28.9481322,41.0090393
5108827981,Şirin Köfte Kebap Döner Salonu,41.014635,28.976302,food,amenity:restaurant,restaurant,,,,POINT (28.976302 41.014635),3457689638,10.608667639683635,28.976334,41.0147273
5244803043,Şirvan Şark Sofrası,41.002906,28.973413,food,amenity:restaurant,restaurant,,,,POINT (28.973413 41.002906),3075078763,17.462321746636796,28.9733312,41.0030504
5113620661,Şiva Cafe & Bar,41.006133,28.980863,food,amenity:restaurant,restaurant,,,,POINT (28.980863 41.006133),278004973,25.297360828139958,28.9811167,41.0062559
5108828630,Şöhret Köftecisi,41.013458,28.978252,food,amenity:restaurant,restaurant,,,,POINT (28.978252 41.013458),3079738246,14.100267268223933,28.9781099,41.0135257
5088192787,Şölen Ocakbaşı,41.000138,28.931808,food,amenity:restaurant,restaurant,,,,POINT (28.931808 41.000138),1035580900,9.13129602306018,28.9317724,41.0000604
5107245384,Şölen Pastaneleri,41.006709,28.931522,food,amenity:restaurant,restaurant,,,,POINT (28.931522 41.006709),1057577781,29.34408058443388,28.9312494,41.0068743
5115937198,Şölen Pastaneleri,41.008402,28.931359,food,amenity:restaurant,restaurant,,,,POINT (28.931359 41.008402),316966372,11.095458124859535,28.931286,41.0084852
9833781617,Şırdancı Mehmet,41.017681,28.954293,food,amenity:restaurant,restaurant,,,,POINT (28.954293 41.017681),1061624542,26.710814633403466,28.9540994,41.0178717
6665917986,أطيب فلافل,41.010151,28.947806,food,amenity:restaurant,restaurant,,,,POINT (28.947806 41.010151),11532842214,39.786013952158235,28.9482238,41.0099818
6153737886,المدينة,41.011327,28.950019,food,amenity:restaurant,restaurant,,,,POINT (28.950019 41.011327),13478051068,12.48524514367894,28.9498777,41.0112918
10044870517,جيري فتار قهوة ومطعم,41.016949,28.966261,food,amenity:restaurant,restaurant,,,,POINT (28.966261 41.016949),1261054605,25.12966739318702,28.9664124,41.017144
8771469619,كنافة نابلسي,41.020386,28.948628,food,amenity:restaurant,restaurant,,,,POINT (28.948628 41.020386),4884590237,3.73322986712936,28.9486571,41.0204114
5346492723,مطعم اسماك,41.00524,28.957036,food,amenity:restaurant,restaurant,,,,POINT (28.957036 41.00524),1018528014,8.631917766448415,28.956936,41.0052582
6015750885,مطعم حضرموت,41.020255,28.941854,food,amenity:restaurant,restaurant,,,,POINT (28.941854 41.020255),12825913093,36.97131734121717,28.9419708,41.0205756
11049357405,مطعم كباب بغداد,41.01305,28.946543,food,amenity:restaurant,restaurant,,,,POINT (28.946543 41.01305),2386222835,25.548486903677812,28.9464874,41.0128241
5075929057,مطعم مندي,41.010247,28.947566,food,amenity:restaurant,restaurant,,,,POINT (28.947566 41.010247),1059240066,30.44104054958485,28.9473087,41.010054
1900616737,Ancient Hippodrome Substructure,41.004072,28.973413,museum_historic,historic:archaeological_site,,,archaeological_site,,POINT (28.973413 41.004072),13109125025,17.696932893937998,28.9735133,41.003932
13615790287,Lausos Sarayı'nın Kalıntıları,41.007586,28.975554,museum_historic,historic:archaeological_site,,,archaeological_site,,POINT (28.975554 41.007586),3076865599,23.12238274679277,28.9757948,41.0076871
12766787301,Unnamed POI,41.009446,28.962221,museum_historic,historic:archaeological_site,,,archaeological_site,,POINT (28.962221 41.009446),10119894401,38.962612994401354,28.9626846,41.0094659
12766787501,Unnamed POI,41.009412,28.962619,museum_historic,historic:archaeological_site,,,archaeological_site,,POINT (28.962619 41.009412),10119894401,8.137508093271578,28.9626846,41.0094659
12312742216,İBB Bulgur Palas Kütüphanesi,41.006995,28.944046,museum_historic,historic:building,library,,building,,POINT (28.944046 41.006995),11828724971,8.88021923862634,28.9441179,41.0069364
12768472401,Padişah Mahfili - Yeni Cami,41.016893,28.972777,museum_historic,historic:castle,,,castle,,POINT (28.972777 41.016893),11812527240,18.001506857614867,28.9725958,41.0169797
5076115936,Imrahor ilyasbey mezarlığı,40.996268,28.92814,museum_historic,historic:cemetery,grave_yard,,cemetery,,POINT (28.92814 40.996268),1035581554,12.576112003688012,28.9280052,40.9963174
5081610966,Panayia Belgradu Kilisesi,41.000114,28.921979,museum_historic,historic:church,place_of_worship,,church,,POINT (28.921979 41.000114),13565832355,45.31185339564118,28.9222845,41.00045
11006008339,Yerebatan Sarnıcı,41.00848,28.978383,museum_historic,historic:cistern,,attraction,cistern,,POINT (28.978383 41.00848),13433942465,11.353207604356463,28.9785178,41.0084712
1035582478,Belgrad Kapı,40.99983,28.920538,museum_historic,historic:city_gate,,,city_gate,,POINT (28.920538 40.99983),1055512722,19.927263266180002,28.9207742,40.9998484
13565832354,Belgrad Kapı,40.999831,28.920477,museum_historic,historic:city_gate,,,city_gate,,POINT (28.920477 40.999831),1055512722,25.01601604491148,28.9207742,40.9998484
5787843345,Eğrikapı,41.036473,28.939398,museum_historic,historic:city_gate,,,city_gate,,POINT (28.939398 41.036473),1066631962,20.154480232602495,28.939637,41.0364918
13357454659,Hasbahçe Kapısı,41.01455,28.986604,museum_historic,historic:city_gate,,,city_gate,,POINT (28.986604 41.01455),13109125042,52.26921859875338,28.9870979,41.0148365
1055512571,Silivrikapı,41.006083,28.92183,museum_historic,historic:city_gate,,,city_gate,,POINT (28.92183 41.006083),12723110486,14.442014177013478,28.9219907,41.0061295
11331440494,Unnamed POI,41.010396,28.956852,museum_historic,historic:city_gate,,,city_gate,,POINT (28.956852 41.010396),10073978967,19.60395715194486,28.9570589,41.0104779
11331440495,Unnamed POI,41.009744,28.956202,museum_historic,historic:city_gate,,,city_gate,,POINT (28.956202 41.009744),11331464187,9.573911416410116,28.9562018,41.0096579
415157636,Yılanlı Sütun,41.005665,28.97511,museum_historic,historic:column,,attraction,column,,POINT (28.97511 41.005665),3076823502,6.266296928847322,28.975057,41.0057047
3254365422,Atatürk,41.015053,28.976822,museum_historic,historic:memorial,,,memorial,,POINT (28.976822 41.015053),12660718812,18.830836268865774,28.9769671,41.0149238
3281285898,Atatürk,41.004451,28.973311,museum_historic,historic:memorial,,,memorial,,POINT (28.973311 41.004451),3281285902,21.91513770830081,28.9733585,41.0042572
13357454625,Bizans Lahdi,41.004353,28.981218,museum_historic,historic:memorial,,,memorial,,POINT (28.981218 41.004353),10613656845,16.518658160585602,28.9811053,41.0042312
3254460380,Fatih Anıtı,41.015573,28.954219,museum_historic,historic:memorial,,,memorial,,POINT (28.954219 41.015573),3847980029,19.234162945608812,28.9543267,41.0157257
6914442986,Fatih Sultan Mehmet Anıtı,41.030347,28.937023,museum_historic,historic:memorial,,,memorial,,POINT (28.937023 41.030347),1060107324,18.602228250302577,28.9369561,41.0301875
3279345565,Hamal,41.014488,28.972908,museum_historic,historic:memorial,,,memorial,,POINT (28.972908 41.014488),311371032,6.038266116946576,28.9729072,41.0145423
3254460381,Hava Şehitleri Anıtı,41.016075,28.952635,museum_historic,historic:memorial,,,memorial,,POINT (28.952635 41.016075),3364860686,33.916221219947104,28.9525961,41.0163786
4506862293,Hurrem Haseki (Roksolana) Turbesi,41.015668,28.964808,museum_historic,historic:memorial,,,memorial,,POINT (28.964808 41.015668),11812527304,28.483761562029684,28.964853,41.0154141
4506783904,Kanuni Sultan Suleyman 1 Turbesi,41.0157,28.964466,museum_historic,historic:memorial,,,memorial,,POINT (28.964466 41.0157),10073446434,41.01409584162294,28.9639999,41.0155888
3236233297,Kıztaşı,41.015441,28.950285,museum_historic,historic:memorial,,,memorial,,POINT (28.950285 41.015441),1059852152,8.266646886157366,28.950217,41.0153872
3220979738,Manifaturaci Draper,41.014808,28.971091,museum_historic,historic:memorial,,,memorial,,POINT (28.971091 41.014808),2605664091,14.473250107906885,28.97126,41.0148341
3281285899,Mithat Paşa,41.004219,28.973377,museum_historic,historic:memorial,,,memorial,,POINT (28.973377 41.004219),3281285902,4.522450363085687,28.9733585,41.0042572
5478162925,Sarayburnu Atatürk Anıtı,41.016263,28.986132,museum_historic,historic:memorial,,,memorial,,POINT (28.986132 41.016263),12382156826,18.2034737500203,28.9861473,41.0160997
11813287018,Sohum Kalesi Kitâbesi,41.012383,28.984036,museum_historic,historic:memorial,,,memorial,,POINT (28.984036 41.012383),2674488939,8.012970860326453,28.9840252,41.0123114
6432801437,Turgut Reis,41.013533,28.987321,museum_historic,historic:memorial,,,memorial,,POINT (28.987321 41.013533),12143279251,23.553633724272956,28.9875281,41.01339
4509007790,Unnamed POI,41.018933,28.9505,museum_historic,historic:memorial,,,memorial,,POINT (28.9505 41.018933),3365517676,28.238867790456116,28.9502183,41.018794
4509011791,Unnamed POI,41.018844,28.950815,museum_historic,historic:memorial,,,memorial,,POINT (28.950815 41.018844),2371737279,24.90845705312154,28.9509536,41.0190421
5108806124,Unnamed POI,41.007927,28.975245,museum_historic,historic:memorial,,,memorial,,POINT (28.975245 41.007927),3076865604,7.109495254320512,28.9752866,41.0078713
11812060147,Unnamed POI,41.005894,28.975446,museum_historic,historic:memorial,,,memorial,,POINT (28.975446 41.005894),3424654989,5.003878050643837,28.9755003,41.0058754
11813287022,Unnamed POI,41.012644,28.983788,museum_historic,historic:memorial,,,memorial,,POINT (28.983788 41.012644),2674488945,20.399915201022786,28.9839278,41.0124939
11813287023,Unnamed POI,41.012618,28.983732,museum_historic,historic:memorial,,,memorial,,POINT (28.983732 41.012618),1199394185,21.194234979899797,28.9836254,41.0124452
6916379085,İstanbul’un Orta Noktası,41.013123,28.957839,museum_historic,historic:memorial,,,memorial,,POINT (28.957839 41.013123),2370590050,15.460798070216137,28.9577765,41.0129922
3374681017,Atik Ali Paşa Medresesi,41.008408,28.969981,museum_historic,historic:monument,,,monument,,POINT (28.969981 41.008408),277129980,50.95667753866116,28.9693989,41.0085386
3383039241,Bayram Paşa Külliyesi,41.008774,28.942342,museum_historic,historic:monument,,,monument,,POINT (28.942342 41.008774),1058995856,5.582116876333,28.9423038,41.0088151
9206305917,Beyazit Kulesi,41.011394,28.964682,museum_historic,historic:monument,,,monument,,POINT (28.964682 41.011394),3081960364,6.755709574282561,28.9647625,41.0113928
4695996389,Gotlar Sütunu,41.014641,28.985677,museum_historic,historic:monument,,attraction,monument,,POINT (28.985677 41.014641),11117641630,4.242085684567576,28.98564,41.014615
1620494633,Hatice Turhan Sultan Türbesi,41.016202,28.971905,museum_historic,historic:monument,,,monument,,POINT (28.971905 41.016202),3083509857,29.490445200027533,28.9722452,41.0161353
3374678648,Kara Mustafa Paşa Külliyesi,41.008716,28.96776,museum_historic,historic:monument,,,monument,,POINT (28.96776 41.008716),251298881,24.870118931591385,28.9674773,41.0087832
3374678647,Koca Sinan Paşa Külliyesi,41.008809,28.969064,museum_historic,historic:monument,,,monument,,POINT (28.969064 41.008809),3082166446,32.493126753240844,28.9688684,41.0090612
1908677124,Milyon Taşı,41.008067,28.978018,museum_historic,historic:monument,,,monument,,POINT (28.978018 41.008067),3282357296,18.940199000627935,28.9782433,41.0080566
3384627300,Unnamed POI,40.996197,28.928503,museum_historic,historic:monument,,,monument,,POINT (28.928503 40.996197),1035581202,13.347625837414487,28.9285499,40.9963117
5985089186,Unnamed POI,41.013597,28.981641,museum_historic,historic:monument,,,monument,,POINT (28.981641 41.013597),2848920123,33.731302125819056,28.9813128,41.0137722
9732000517,Yanbol sinagog,41.033268,28.946336,museum_historic,historic:monument,,,monument,,POINT (28.946336 41.033268),1102850685,2.880001525845143,28.9463362,41.0332421
12382547352,Arkadyos Sütunu,41.007736,28.943061,museum_historic,historic:ruins,,,ruins,,POINT (28.943061 41.007736),1058996265,25.52266836423426,28.9431495,41.0075164
4977947521,Ayios Polieuktos Kilisesi,41.014232,28.952959,museum_historic,historic:ruins,,,ruins,,POINT (28.952959 41.014232),9760089520,38.29443373622589,28.952898,41.0138907
1652694014,Magnaura Sarayı,41.005448,28.979659,museum_historic,historic:ruins,,,ruins,,POINT (28.979659 41.005448),278004975,29.39078538252975,28.9799819,41.0053456
13094040818,Tarihi Kemer Kalıntısı,41.021825,28.952164,museum_historic,historic:ruins,,,ruins,,POINT (28.952164 41.021825),1061622427,10.474195219728067,28.9520983,41.0219051
5739586344,Unnamed POI,41.012715,28.983917,museum_historic,historic:ruins,,,ruins,,POINT (28.983917 41.012715),3078464257,18.672267066394387,28.9839427,41.0128818
13635188807,Unnamed POI,41.00229,28.973349,museum_historic,historic:ruins,,,ruins,,POINT (28.973349 41.00229),13583574239,13.136959060697363,28.9732428,41.0022032
5112750009,Ebuzer Gifari Türbesi,41.037606,28.94286,museum_historic,historic:tomb,,,tomb,,POINT (28.94286 41.037606),1103230088,5.448973105861051,28.9427966,41.0375953
13357454624,Hasan Baba Kabri,41.004447,28.981597,museum_historic,historic:tomb,,,tomb,,POINT (28.981597 41.004447),1250432588,19.390157170602407,28.9816529,41.0042778
13385771384,II. Abdülhamid Türbesi,41.008635,28.972596,museum_historic,historic:tomb,,,tomb,,POINT (28.972596 41.008635),13431435311,33.06783832686679,28.9723709,41.0083909
13385771381,IV. Mehmet Türbesi,41.016086,28.97179,museum_historic,historic:tomb,,,tomb,,POINT (28.97179 41.016086),3083509857,38.58247242734334,28.9722452,41.0161353
5244807872,Karababa Türbesi,41.008301,28.969208,museum_historic,historic:tomb,,,tomb,,POINT (28.969208 41.008301),277129980,30.89658821919232,28.9693989,41.0085386
5113592202,Molla Gorani Hazretlerinin Kabri,41.01123,28.941136,museum_historic,historic:tomb,,,tomb,,POINT (28.941136 41.01123),1058995920,30.35048878761739,28.9409404,41.0114596
5110342142,Molla Hüsrev cami Turbası,41.014778,28.959381,museum_historic,historic:tomb,,,tomb,,POINT (28.959381 41.014778),1260080702,11.51313440719888,28.959491,41.0147161
13357454623,Nimelceyş Kabiri,41.004969,28.981862,museum_historic,historic:tomb,,,tomb,,POINT (28.981862 41.004969),13073199020,19.50675667279832,28.9820871,41.0049252
13357454626,Nimelceyş Kabiri,41.003963,28.981908,museum_historic,historic:tomb,,,tomb,,POINT (28.981908 41.003963),566635089,6.385162010602449,28.9818814,41.0040168
5113620677,Sahabe-i Kiramdan Abdurrahman Şami Türbesi,41.00669,28.979145,museum_historic,historic:tomb,,,tomb,,POINT (28.979145 41.00669),278004957,15.489290030916212,28.9791606,41.0068288
5081445115,Seyyit Velayet Türbesi,41.023848,28.954732,museum_historic,historic:tomb,,,tomb,,POINT (28.954732 41.023848),1061754041,34.05902791862719,28.9545524,41.0235733
10735111735,Silivrikapı Hypogeum,41.006603,28.9219,museum_historic,historic:tomb,,,tomb,,POINT (28.9219 41.006603),13471530898,0.03535856568285161,28.9219004,41.0066029
13385771382,Sultan Abdulaziz Han kabri,41.008552,28.972579,museum_historic,historic:tomb,,,tomb,,POINT (28.972579 41.008552),13431435311,25.01596855897135,28.9723709,41.0083909
13385771383,V. Murat Türbesi,41.016147,28.971712,museum_historic,historic:tomb,,,tomb,,POINT (28.971712 41.016147),11812527227,39.00552077339857,28.9713276,41.0163443
4363666187,Zindan baba Türbesi,41.018787,28.969177,museum_historic,historic:tomb,,,tomb,,POINT (28.969177 41.018787),12160380897,24.30061953011631,28.9693983,41.018646
5081442505,Şeyh Ahmet Buhara Türbesi,41.02316,28.96026,museum_historic,historic:tomb,,,tomb,,POINT (28.96026 41.02316),1061754259,5.055033583615662,28.9603,41.023194
5115935414,Şeyh Seyyid Seyfullah Hz.,41.007168,28.926987,museum_historic,historic:tomb,,,tomb,,POINT (28.926987 41.007168),1057575163,20.51701754014887,28.9270547,41.0069907
8916085609,Gate of Rhegion,41.014097,28.92199,museum_historic,historic:yes,,,yes,,POINT (28.92199 41.014097),12723108264,23.08728158868228,28.9222557,41.014043
8916085610,Gate of Rhegion,41.014086,28.922069,museum_historic,historic:yes,,,yes,,POINT (28.922069 41.014086),12723108264,16.37799870714032,28.9222557,41.014043
5599994986,Surp Kevork Kilisesi,41.001865,28.933147,museum_historic,historic:yes,place_of_worship,attraction,yes,,POINT (28.933147 41.001865),1036041178,37.38033997693305,28.9328254,41.0020976
5112750831,İvaz Efendi Çeşmesi,41.037889,28.941146,museum_historic,historic:yes,,,yes,,POINT (28.941146 41.037889),12826038925,1.321694210732379,28.9411599,41.0378834
11867279469,Ayasofya Tarih ve Deneyim Müzesi,41.006455,28.975367,museum_historic,tourism:museum,,museum,,,POINT (28.975367 41.006455),3424654991,16.801067221276952,28.9753951,41.0063054
5112732265,Beyazıt Türk Hamam Kültürü Müzesi,41.009946,28.961554,museum_historic,tourism:museum,,museum,,,POINT (28.961554 41.009946),31678562,37.75303918023414,28.9612865,41.009673
2472730735,Binbirdirek Sarnıcı,41.007606,28.974417,museum_historic,tourism:museum,,museum,,,POINT (28.974417 41.007606),12367446045,14.07844006593677,28.9742493,41.0076021
12243524937,Fethiye Müzesi,41.02921,28.946518,museum_historic,tourism:museum,,museum,,,POINT (28.946518 41.02921),1102850624,40.74589279062511,28.9465804,41.0295734
3373094254,Halı Müzesi,41.005682,28.978669,museum_historic,tourism:museum,,museum,,,POINT (28.978669 41.005682),31678616,19.57546597513538,28.9787115,41.0058551
4990028128,Halı Müzesi,41.008732,28.980956,museum_historic,tourism:museum,,museum,,,POINT (28.980956 41.008732),4078371620,36.49143926508748,28.980847,41.0084143
5103810789,Hamidiye Kültür Ve Eğitim Vakfı Topkapı Nusret,41.019625,28.927784,museum_historic,tourism:museum,,museum,,,POINT (28.927784 41.019625),1059137082,20.22223366706707,28.9280147,41.0196777
5108837436,Hodjapasta,41.014271,28.975689,museum_historic,tourism:museum,,museum,,,POINT (28.975689 41.014271),3457689628,33.23272104123488,28.9753497,41.0144252
1807703751,Istanbul Photography Museum,41.00464,28.967754,museum_historic,tourism:museum,,museum,,,POINT (28.967754 41.00464),3075078798,8.94383085366181,28.9678292,41.004697
4721808990,Kapali Carsi,41.01011,28.969963,museum_historic,tourism:museum,,museum,,,POINT (28.969963 41.01011),278005047,1.801672999355063,28.9699634,41.0100938
5108828006,Lions Rug and kilims Art Gallery,41.012871,28.977892,museum_historic,tourism:museum,,museum,,,POINT (28.977892 41.012871),13433942485,13.40369055420363,28.9777915,41.0129647
5244801843,Marmara Üniversitesi Cumhuriyet Müzesi ve Sanat Galerisi,41.005186,28.974389,museum_historic,tourism:museum,,museum,,,POINT (28.974389 41.005186),275606137,17.689277340256282,28.9742823,41.0053232
8699169212,PTT Müzesi,41.014715,28.973899,museum_historic,tourism:museum,,museum,,,POINT (28.973899 41.014715),278344482,17.760499986807822,28.9737659,41.0148392
5081442512,Rezan Has Museum,41.02528,28.958432,museum_historic,tourism:museum,,museum,,,POINT (28.958432 41.02528),1061753319,36.42279810463698,28.9580401,41.025421
5108837438,Tasciri Spettacolo,41.014044,28.975613,museum_historic,tourism:museum,,museum,,,POINT (28.975613 41.014044),3079738266,17.053786497874896,28.975425,41.0139857
10284696709,Topkapi Sarayı,41.011344,28.983203,museum_historic,tourism:museum,,museum,,,POINT (28.983203 41.011344),2674488923,23.38322776196871,28.9832862,41.0115447
9217070484,Türk Eczacılık Tarihi İhtisas Müzesi,41.010849,28.963116,museum_historic,tourism:museum,,museum,,,POINT (28.963116 41.010849),11365741269,28.51874232314317,28.9634513,41.010807
5115939964,Türk Vakıf Hat Sanatları Müzesi,41.01005,28.963181,museum_historic,tourism:museum,,museum,,,POINT (28.963181 41.01005),13281920964,37.97483979934553,28.9627392,41.0101241
5113500256,Türk ve İslam Eserleri Müzesi,41.00628,28.974915,museum_historic,tourism:museum,,museum,,,POINT (28.974915 41.00628),12183402507,7.258938424641064,28.9749901,41.0062476
5244807623,Türkiye Gazeteciler Cemiyeti Basın Müzesi,41.008562,28.972216,museum_historic,tourism:museum,,museum,,,POINT (28.972216 41.008562),13431435311,23.04137081654701,28.9723709,41.0083909
5244807883,Yahya Kemal Museum,41.008741,28.967614,museum_historic,tourism:museum,,museum,,,POINT (28.967614 41.008741),251298881,12.393045628975806,28.9674773,41.0087832
3400112453,Yedi Kule Hisarı Müzesi,40.993569,28.923931,museum_historic,tourism:museum,,museum,,,POINT (28.923931 40.993569),1034388537,5.73604871024147,28.9239988,40.9935755
5113620695,İslam bilim ve teknoloji tarihi müzesi,41.013219,28.978968,museum_historic,tourism:museum,,museum,,,POINT (28.978968 41.013219),12374460922,2.974979330485055,28.9790027,41.0132245
5244801844,İstanbul Cumhuriyet Eğitim Müzesi,41.00496,28.973933,museum_historic,tourism:museum,,museum,,,POINT (28.973933 41.00496),3075182578,8.58489376073583,28.9738459,41.0049195
5108828680,İstanbul Demiryolu Müzesi,41.015199,28.976683,museum_historic,tourism:museum,,museum,,,POINT (28.976683 41.015199),12660718812,38.78891274065448,28.9769671,41.0149238
9217099231,İstanbul Üniversitesi Rıdvan Çelikel Arkeoloji Müzesi,41.009856,28.960116,museum_historic,tourism:museum,,museum,,,POINT (28.960116 41.009856),4780883166,37.31104694913766,28.9600543,41.0095237
4763681623,Alfred Heilbronn Botanik Bahçesi,41.018313,28.963871,park_garden,leisure:garden,,,,garden,POINT (28.963871 41.018313),10617232713,49.95691883459921,28.9641569,41.0187071
8969305833,Lale Bahçesi,41.013755,28.984855,park_garden,leisure:garden,,,,garden,POINT (28.984855 41.013755),2398449411,11.264127740199786,28.9848298,41.0136555
8418045788,Basketbol Sahası,41.004792,28.921911,park_garden,leisure:park,,,,park,POINT (28.921911 41.004792),12243521522,24.68790526532465,28.9217889,41.004994
13530207351,Hoca Ahmet Yesevi Parkı,41.002865,28.97139,park_garden,leisure:park,,,,park,POINT (28.97139 41.002865),2361227099,15.093617708108178,28.9712243,41.0028122
5113470953,Kalburcu Mehmet Parki,41.01741,28.926031,park_garden,leisure:park,,,,park,POINT (28.926031 41.01741),10628471542,29.845414690368226,28.9262542,41.017619
10127887983,Keyci Hatun Parkı,41.007752,28.942825,park_garden,leisure:park,,,,park,POINT (28.942825 41.007752),1058996086,34.42594076070488,28.9428146,41.0080615
5113470962,Kırımlı park,41.016571,28.92432,park_garden,leisure:park,,,,park,POINT (28.92432 41.016571),10628478887,3.0300958042371553,28.9243544,41.0165627
8735018410,Mehmet Akif Ersoy Parkı,41.007768,28.975445,park_garden,leisure:park,,,,park,POINT (28.975445 41.007768),3076865604,17.56697379309549,28.9752866,41.0078713
12351753235,Yedikule hisarı,40.993173,28.9231,park_garden,leisure:park,,,,park,POINT (28.9231 40.993173),9731716719,4.102871718997544,28.9230938,40.9932096
5112749760,Abdullah El Ensari Türbesi,41.033298,28.944349,viewpoint_attraction,tourism:attraction,,attraction,,,POINT (28.944349 41.033298),1102850684,10.826093054688574,28.9444587,41.0333493
5108843098,Cevri Kalfa Çeşmesi,41.008002,28.976769,viewpoint_attraction,tourism:attraction,,attraction,,,POINT (28.976769 41.008002),2666803154,22.304891757831605,28.9765113,41.0079528
9521568963,Colorful houses,41.029576,28.947632,viewpoint_attraction,tourism:attraction,,attraction,,,POINT (28.947632 41.029576),1102850580,2.3785885127007096,28.9476469,41.0295578
9924403117,Cumaa Bazaar,41.011094,28.940427,viewpoint_attraction,tourism:attraction,,attraction,,,POINT (28.940427 41.011094),1058995747,51.618777842446505,28.9409371,41.0108345
5108843109,Hacı Beşir Ağa Çeşmesi,41.00827,28.977987,viewpoint_attraction,tourism:attraction,,attraction,,,POINT (28.977987 41.00827),1909688087,16.403645037890637,28.9779664,41.0084167
5112723898,Hacı Beşir Ağa Çeşmesi,41.00367,28.928744,viewpoint_attraction,tourism:attraction,,attraction,,,POINT (28.928744 41.00367),2380794371,43.14862352884827,28.9286953,41.0040563
5108828672,II. Abdülhamit Çeşmesi,41.01478,28.979041,viewpoint_attraction,tourism:attraction,,attraction,,,POINT (28.979041 41.01478),278366508,1.8115366488884703,28.9790595,41.0147884
10284693111,Kiremit Caddesi,41.029534,28.947637,viewpoint_attraction,tourism:attraction,,attraction,,,POINT (28.947637 41.029534),1102850580,2.7736768899859205,28.9476469,41.0295578
4895209121,Laleli,41.008694,28.955729,viewpoint_attraction,tourism:attraction,,attraction,,,POINT (28.955729 41.008694),269723085,48.94155036116733,28.9563092,41.0087391
5244803053,Mehmet Efendi Çeşmesi,41.00318,28.97208,viewpoint_attraction,tourism:attraction,,attraction,,,POINT (28.97208 41.00318),2361227093,4.257785980562806,28.9721096,41.0031489
6457625186,Merdivenli Yokuş Evleri,41.031306,28.946227,viewpoint_attraction,tourism:attraction,,attraction,,,POINT (28.946227 41.031306),1102850442,12.196828487453095,28.9463291,41.0312279
10284707909,Merdıvenli Yokuş,41.031253,28.946205,viewpoint_attraction,tourism:attraction,,attraction,,,POINT (28.946205 41.031253),1102850442,10.777200556554849,28.9463291,41.0312279
5244807882,Merzifonlu Kara Mustafa Paşa Medresesi,41.008669,28.967937,viewpoint_attraction,tourism:attraction,,attraction,,,POINT (28.967937 41.008669),3081525003,26.459741392943886,28.9682224,41.0085678
4511219615,Molla Gurani Turbesi,41.011069,28.941832,viewpoint_attraction,tourism:attraction,,attraction,,,POINT (28.941832 41.011069),2371631231,16.233786326196046,28.9418462,41.0112146
9393008312,Nakkaş Sarnıcı,41.004102,28.975153,viewpoint_attraction,tourism:attraction,,attraction,,,POINT (28.975153 41.004102),275602996,31.24562931859857,28.9751159,41.0043816
5108838368,Paşa Kapısı,41.011143,28.977982,viewpoint_attraction,tourism:attraction,,attraction,,,POINT (28.977982 41.011143),11165697762,6.820093009962493,28.9780397,41.0110998
5244805876,Pera Spa,41.010597,28.973182,viewpoint_attraction,tourism:attraction,,attraction,,,POINT (28.973182 41.010597),311371040,7.306929410964175,28.9732468,41.0105531
6373152085,Prison of Anemas,41.038414,28.940798,viewpoint_attraction,tourism:attraction,,attraction,,,POINT (28.940798 41.038414),2264127898,43.62309536623565,28.9412877,41.0382818
9867832017,Rainbow stairs,41.016589,28.966676,viewpoint_attraction,tourism:attraction,,attraction,,,POINT (28.966676 41.016589),2379738142,17.24785143438684,28.9668673,41.0165322
5108836360,Sultan Spa and Wellness Center,41.012376,28.977568,viewpoint_attraction,tourism:attraction,,attraction,,,POINT (28.977568 41.012376),11165697758,18.48585106749205,28.9776719,41.0122294
5115933169,Tarihi Hacı Kadın Hamamı,40.999786,28.927489,viewpoint_attraction,tourism:attraction,,attraction,,,POINT (28.927489 40.999786),3363029913,10.42517726626045,28.9273651,40.9997928
10284693110,Vodina Caddesi,41.030324,28.950098,viewpoint_attraction,tourism:attraction,,attraction,,,POINT (28.950098 41.030324),1102729611,8.533351881857042,28.9501667,41.0302674
4591595605,cuma pazar,41.011382,28.940868,viewpoint_attraction,tourism:attraction,,attraction,,,POINT (28.940868 41.011382),9038926422,10.403293447957862,28.9408968,41.011473
663391267,Çemberlitaş Hamamı,41.008542,28.971624,viewpoint_attraction,tourism:attraction,public_bath,attraction,,turkish_bath,POINT (28.971624 41.008542),2775763243,11.94314794745991,28.9715358,41.0084577
5244807985,Çorlulu Alipaşa Madresesi,41.008912,28.968318,viewpoint_attraction,tourism:attraction,,attraction,,,POINT (28.968318 41.008912),13431433998,14.14452287323986,28.9684077,41.0088043
5111212264,Cesme,41.011657,28.97194,viewpoint_attraction,tourism:viewpoint,,viewpoint,,,POINT (28.97194 41.011657),1645728206,19.162028860670592,28.9721671,41.0116388
8277311717,Harmony hotel teras,41.002641,28.973571,viewpoint_attraction,tourism:viewpoint,,viewpoint,,,POINT (28.973571 41.002641),3075078775,27.891232562440678,28.9732619,41.0025488
5108828689,Sarayburnu Manzarası,41.017543,28.985746,viewpoint_attraction,tourism:viewpoint,,viewpoint,,,POINT (28.985746 41.017543),12382156880,21.90830073155531,28.9859844,41.0174626
11143992097,Terrace,41.009989,28.976532,viewpoint_attraction,tourism:viewpoint,,viewpoint,,,POINT (28.976532 41.009989),3079788631,9.973673735150514,28.9766401,41.0099517
