poi_id,name,lat,lon,poi_group,poi_category,amenity,tourism,historic,leisure,geometry,nearest_edge_u,nearest_edge_v,nearest_edge_key,distance_to_edge_m
5103810805,1453 Cafe,41.01777,28.929053,food,amenity:cafe,cafe,,,,POINT (28.929053 41.01777),1059137447,1059137459,0,26.37602800961677
5115937988,7 Gün Kahve Cafe,41.010153,28.929154,food,amenity:cafe,cafe,,,,POINT (28.929154 41.010153),1057574424,316968598,0,2.8880528132098875
5113480876,Abu abdo,41.020302,28.948558,food,amenity:cafe,cafe,,,,POINT (28.948558 41.020302),4884590237,2371712091,0,5.484534949385321
5106133718,Afrikano Cafe,41.011579,28.938206,food,amenity:cafe,cafe,,,,POINT (28.938206 41.011579),316964804,1049868843,0,9.512550039130007
5081265962,Akasya Cafe ve Kebap,41.013444,28.944685,food,amenity:cafe,cafe,,,,POINT (28.944685 41.013444),2380735243,1059239841,0,15.401210040710405
6354022385,Akin Büfe,41.009567,28.966295,food,amenity:cafe,cafe,,,,POINT (28.966295 41.009567),7837498105,3802207357,0,5.850558138551748
5113620718,Ala turcs coffe point,41.012501,28.978648,food,amenity:cafe,cafe,,,,POINT (28.978648 41.012501),8025543156,31678593,0,1.480296245278743
5107245415,Albayrak Kafe,41.00661,28.924246,food,amenity:cafe,cafe,,,,POINT (28.924246 41.00661),12723110490,12723110489,0,8.07423659328699
11107630706,AlengiR Cafe,41.023298,28.960653,food,amenity:cafe,cafe,,,,POINT (28.960653 41.023298),10613834524,1061754259,0,9.995216867576216
5581334622,Ali Baba Kanaat Lokantası,41.015246,28.963464,food,amenity:cafe,cafe,,,,POINT (28.963464 41.015246),10073446335,311367420,0,9.671585093030725
5115937365,Ali Paşa Konağı,41.006899,28.934957,food,amenity:cafe,cafe,,,,POINT (28.934957 41.006899),1057576950,1057577362,0,2.048524248965988
5111215141,Altay Büfe,41.006018,28.938578,food,amenity:cafe,cafe,,,,POINT (28.938578 41.006018),1058893937,1058996044,0,1.9477466001781625
5244801919,Altonita Marmara Cafe,41.003143,28.975018,food,amenity:cafe,cafe,,,,POINT (28.975018 41.003143),506381568,13530207352,0,6.481330342332191
5113615116,Altın marpuç cafe,41.030552,28.938668,food,amenity:cafe,cafe,,,,POINT (28.938668 41.030552),1064575075,1064574956,0,10.20416759859887
5081442494,Ammoti Nargile Cafe,41.02341,28.960555,food,amenity:cafe,cafe,,,,POINT (28.960555 41.02341),10613834524,1061753554,0,1.792671321189751
5108843722,Anatolian House Cafe,41.008467,28.973879,food,amenity:cafe,cafe,,,,POINT (28.973879 41.008467),269716327,13431435318,0,13.072393896153292
5112750832,Anemas Cafe,41.038212,28.941596,food,amenity:cafe,cafe,,,,POINT (28.941596 41.038212),10610579914,3367752651,0,7.152983453258914
5110342145,Anit kafe,41.014798,28.960412,food,amenity:cafe,cafe,,,,POINT (28.960412 41.014798),1936898032,311371872,0,4.525693267346758
5243949941,Antik cafe,41.021062,28.94588,food,amenity:cafe,cafe,,,,POINT (28.94588 41.021062),1060107001,1060106902,0,10.197665714903863
5113465232,Araf coffe,41.01832,28.952749,food,amenity:cafe,cafe,,,,POINT (28.952749 41.01832),1061625020,1061625001,0,3.338983752343079
5113465241,Araf coffe lab,41.018507,28.9531,food,amenity:cafe,cafe,,,,POINT (28.9531 41.018507),1061624556,1061624548,0,5.479059946898929
5113612625,Arap Gıda,41.029022,28.944438,food,amenity:cafe,cafe,,,,POINT (28.944438 41.029022),1064222666,2370854464,0,1.013375004050766
5113128235,Aras Baklava Pasta ve Cafe,41.008098,28.953728,food,amenity:cafe,cafe,,,,POINT (28.953728 41.008098),278366676,4286601047,0,12.209813570249818
5244802012,Arch Bistro,41.004636,28.971313,food,amenity:cafe,cafe,,,,POINT (28.971313 41.004636),275609040,248137315,0,6.071209025187674
5680098121,Archive Cafe & Winehouse,41.003506,28.980613,food,amenity:cafe,cafe,,,,POINT (28.980613 41.003506),566635078,3370712783,0,0.2543895783397812
5088192755,Arkadaşım Cafe,41.001951,28.936157,food,amenity:cafe,cafe,,,,POINT (28.936157 41.001951),1035582633,1036041686,0,5.164111411524302
5075962032,Arslan cafe,41.012256,28.949235,food,amenity:cafe,cafe,,,,POINT (28.949235 41.012256),1059852958,10660877744,0,10.158274076624792
12319472060,Art,41.003796,28.98048,food,amenity:cafe,cafe,,,,POINT (28.98048 41.003796),2370327445,566635078,0,3.492469930619155
13208436902,Artlocalist,41.0301,28.950518,food,amenity:cafe,cafe,,,,POINT (28.950518 41.0301),9797231521,1102729588,0,4.1264745151716475
5112966977,Arzum cafe nargile,41.003185,28.953224,food,amenity:cafe,cafe,,,,POINT (28.953224 41.003185),11046283812,8408818004,0,5.987014673373814
5099062160,As bilardo cafe,41.007513,28.947463,food,amenity:cafe,cafe,,,,POINT (28.947463 41.007513),1058892535,1058892382,0,9.793186794148115
5244810628,Aslı Cafe Express,41.00663,28.966913,food,amenity:cafe,cafe,,,,POINT (28.966913 41.00663),3081292069,275601319,0,7.285062562089263
5115938122,Asmalı Cafe,41.007272,28.928666,food,amenity:cafe,cafe,,,,POINT (28.928666 41.007272),316968592,316968591,0,4.927913613081525
5113465268,Asrı sani cay evi,41.018169,28.951437,food,amenity:cafe,cafe,,,,POINT (28.951437 41.018169),1061625181,1061625104,0,4.058454569757348
5113465000,Asude,41.017506,28.951581,food,amenity:cafe,cafe,,,,POINT (28.951581 41.017506),1061625158,1061625174,0,7.934804386927314
5115940980,Atabarı,41.00225,28.932896,food,amenity:cafe,cafe,,,,POINT (28.932896 41.00225),1036041178,1036040852,0,7.296846573877702
6466135286,Atölye Kafasi,41.027931,28.956161,food,amenity:cafe,cafe,,,,POINT (28.956161 41.027931),1061753230,1061753221,0,7.93527347395988
7055231785,Aura Balat,41.026765,28.957717,food,amenity:cafe,cafe,,,,POINT (28.957717 41.026765),1059527263,1061754485,0,4.879786760628924
5088197342,Avunç Çay Evi,40.999671,28.928034,food,amenity:cafe,cafe,,,,POINT (28.928034 40.999671),1035581908,1035581465,0,4.572935638435973
5243951428,Aylishie cafe,41.021578,28.944237,food,amenity:cafe,cafe,,,,POINT (28.944237 41.021578),1060106872,3143613871,0,8.50986565465724
5110344556,Ağa kapısı,41.017405,28.96451,food,amenity:cafe,cafe,,,,POINT (28.96451 41.017405),311375342,311375343,1,0.20003570915576746
5107245391,Aşikar Cafe,41.007098,28.930566,food,amenity:cafe,cafe,,,,POINT (28.930566 41.007098),13596806813,13596806812,0,6.506132927257624
5112749119,Aşk-ı Rüba kafe,41.032847,28.945931,food,amenity:cafe,cafe,,,,POINT (28.945931 41.032847),1102850654,1103230164,0,7.886881468514595
5088190913,Bab-ı Ali Kafe,41.003859,28.936322,food,amenity:cafe,cafe,,,,POINT (28.936322 41.003859),7363188297,1036041287,0,7.302380700072468
5111214101,Baba Ali cafe,41.003954,28.936433,food,amenity:cafe,cafe,,,,POINT (28.936433 41.003954),7363188297,1036041287,0,3.892443042381892
5110344581,Babi ali kahvasi,41.016749,28.965647,food,amenity:cafe,cafe,,,,POINT (28.965647 41.016749),311375340,1261054686,0,7.447516451659791
5113465230,Babi yaren,41.018168,28.952713,food,amenity:cafe,cafe,,,,POINT (28.952713 41.018168),1061625020,1061625001,0,16.109410183356843
5113465222,Babüsselam,41.017857,28.95216,food,amenity:cafe,cafe,,,,POINT (28.95216 41.017857),1061625106,6990550008,0,2.74523386687434
5115933161,Bahar Büfe,40.999986,28.930768,food,amenity:cafe,cafe,,,,POINT (28.930768 40.999986),1035581799,1035581788,0,5.314943719689737
5099058122,Bahar Cafe,41.006734,28.942064,food,amenity:cafe,cafe,,,,POINT (28.942064 41.006734),1058893992,1058996274,0,9.14579923046859
9688042817,Balat,41.031642,28.946479,food,amenity:cafe,cafe,,,,POINT (28.946479 41.031642),1102850463,1102850430,0,3.518102912363208
5112749758,Balat - Ali Denizci,41.033554,28.944282,food,amenity:cafe,cafe,,,,POINT (28.944282 41.033554),1103230128,1102850684,0,19.337502910313646
12346458362,Balat Atik Cafe,41.03174,28.948465,food,amenity:cafe,cafe,,,,POINT (28.948465 41.03174),1102850540,1102850539,0,6.605532048018228
5081445117,Balat Kahvesi,41.026074,28.958353,food,amenity:cafe,cafe,,,,POINT (28.958353 41.026074),1061753346,1061753332,0,8.593834709940626
5112749734,Balat Nargile Cafe,41.032179,28.945548,food,amenity:cafe,cafe,,,,POINT (28.945548 41.032179),1102850569,1102850513,0,3.873341391858576
5112749094,Balat Çay Evi,41.033224,28.946259,food,amenity:cafe,cafe,,,,POINT (28.946259 41.033224),1102850654,1102850685,0,4.880416210075441
5106127795,Baltepe,41.026189,28.948073,food,amenity:cafe,cafe,,,,POINT (28.948073 41.026189),1102729775,1061754785,0,7.584200835689874
10599304205,Balıkçı Murat Abi - Balık ekmek,41.004879,28.969634,food,amenity:cafe,cafe,,,,POINT (28.969634 41.004879),3079788639,12823777799,0,2.069246722147549
5111215142,Bambam,41.006083,28.938707,food,amenity:cafe,cafe,,,,POINT (28.938707 41.006083),1058996044,1058893937,0,4.653857438038125
6324422485,Bamli cafe,41.015998,28.973434,food,amenity:cafe,cafe,,,,POINT (28.973434 41.015998),278344475,252235465,0,12.445439419554871
13452482601,Baraka Balat Café,41.028784,28.949624,food,amenity:cafe,cafe,,,,POINT (28.949624 41.028784),1102729667,1102729557,0,4.07436908892873
5106132748,Barısta Cafe,41.013993,28.935348,food,amenity:cafe,cafe,,,,POINT (28.935348 41.013993),316924497,1295933748,0,13.363556993160921
5113481328,Başak çay evi,41.021914,28.948982,food,amenity:cafe,cafe,,,,POINT (28.948982 41.021914),1061624332,1061624285,0,6.4290786020470385
5113500232,Bellis Cafe,41.006837,28.971697,food,amenity:cafe,cafe,,,,POINT (28.971697 41.006837),275605220,3075182566,0,12.65051405158037
3499179015,Beltaş Cafe and Restaurant,41.014048,28.980612,food,amenity:cafe,cafe,,,,POINT (28.980612 41.014048),9510989781,3078464286,0,21.26724722954901
9783089118,Beltur,41.012518,28.978838,food,amenity:cafe,cafe,,,,POINT (28.978838 41.012518),8025543156,31678593,0,6.3016607957020865
5073094762,Best Kahve,41.012726,28.947826,food,amenity:cafe,cafe,,,,POINT (28.947826 41.012726),1059852327,1059852319,0,2.2703176442689794
5075962029,Best house cafe,41.013025,28.948493,food,amenity:cafe,cafe,,,,POINT (28.948493 41.013025),1059852975,1059852984,0,7.230559389583355
5113465231,Beyrut,41.018253,28.952635,food,amenity:cafe,cafe,,,,POINT (28.952635 41.018253),1061625020,1061625001,0,15.475137392181992
4462010814,Beyza Sebzeli Doner,41.017041,28.967876,food,amenity:cafe,cafe,,,,POINT (28.967876 41.017041),311372820,2195426974,0,4.994722027010326
5110344584,Beyzadem kafe,41.017249,28.964372,food,amenity:cafe,cafe,,,,POINT (28.964372 41.017249),4516155305,311375343,0,1.5295564998061373
5113465239,Bezmi safa,41.018457,28.952445,food,amenity:cafe,cafe,,,,POINT (28.952445 41.018457),1061625020,1061625001,0,14.138481676498
10066765417,Big Point Cafe & Restaurant,41.010179,28.961331,food,amenity:cafe,cafe,,,,POINT (28.961331 41.010179),31678562,5011983663,0,8.282877709292512
6942719485,BirBen,41.016218,28.973157,food,amenity:cafe,cafe,,,,POINT (28.973157 41.016218),252235465,252235687,0,7.464353732304031
5711463022,Black Bird Cafe,41.012255,28.955855,food,amenity:cafe,cafe,,,,POINT (28.955855 41.012255),256098769,4780953433,0,4.739994262204928
5110345636,Blue moon cafe,41.011702,28.975052,food,amenity:cafe,cafe,,,,POINT (28.975052 41.011702),4780684917,2768450538,0,5.268692041055304
5106132762,Bolulu Hasan Usta,41.014833,28.933541,food,amenity:cafe,cafe,,,,POINT (28.933541 41.014833),10096318336,316924475,0,4.172671136779609
5680020322,Brew Coffe Works,41.015657,28.973896,food,amenity:cafe,cafe,,,,POINT (28.973896 41.015657),278344475,252235555,0,6.381466674846671
5144584531,Brew Coffeeworks,41.015844,28.973703,food,amenity:cafe,cafe,,,,POINT (28.973703 41.015844),252235555,278344475,0,6.23306317811581
5113590294,Brio Cafe,41.007757,28.94396,food,amenity:cafe,cafe,,,,POINT (28.94396 41.007757),1058996265,1058996194,0,4.300106066288704
5113465011,Bumara,41.019191,28.95101,food,amenity:cafe,cafe,,,,POINT (28.95101 41.019191),2371737279,8613399395,0,4.052299724170163
5088192726,CAFE KAMELYA,41.000947,28.933897,food,amenity:cafe,cafe,,,,POINT (28.933897 41.000947),1035580878,2370778762,0,1.7604521383343599
5099040206,Cadde 14 Çay Evi,41.004565,28.943722,food,amenity:cafe,cafe,,,,POINT (28.943722 41.004565),1058996556,1058996287,0,7.84040877945723
3499102997,Cafe 1453,41.017761,28.928928,food,amenity:cafe,cafe,,,,POINT (28.928928 41.017761),2373177357,989943824,0,23.0934840998638
5113465226,Cafe 1453,41.017986,28.952535,food,amenity:cafe,cafe,,,,POINT (28.952535 41.017986),3364897331,1061624454,0,5.902430900220826
5113598508,Cafe 56,41.011019,28.938885,food,amenity:cafe,cafe,,,,POINT (28.938885 41.011019),1058995758,1058995753,0,12.37836217144134
5110344555,Cafe 90lar,41.017382,28.964496,food,amenity:cafe,cafe,,,,POINT (28.964496 41.017382),311375342,311375343,1,0.4237543375100959
5113495699,Cafe Alkan,41.026002,28.938614,food,amenity:cafe,cafe,,,,POINT (28.938614 41.026002),1060490858,1060490847,0,6.8857470406029755
5107305859,Cafe Bistmal,41.008007,28.94939,food,amenity:cafe,cafe,,,,POINT (28.94939 41.008007),1058892498,1058892500,0,5.442511018098165
5115939288,Cafe Cengiz,41.010525,28.93196,food,amenity:cafe,cafe,,,,POINT (28.93196 41.010525),10653574157,316968602,0,3.1744930401489757
10178438641,Cafe Damak,41.00394,28.96519,food,amenity:cafe,cafe,,,,POINT (28.96519 41.00394),1938000943,1016468695,0,6.729874368254675
5113590313,Cafe De Keyf,41.008878,28.947394,food,amenity:cafe,cafe,,,,POINT (28.947394 41.008878),1058892473,1058892482,0,7.003485893422653
5108828638,Cafe De More,41.014214,28.977404,food,amenity:cafe,cafe,,,,POINT (28.977404 41.014214),278366512,3079738264,0,6.281720772517123
9621298717,Cafe Dora,41.031544,28.94866,food,amenity:cafe,cafe,,,,POINT (28.94866 41.031544),1102850539,1102850540,0,4.754037512257668
5113472203,Cafe Dostlar,41.0065,28.923122,food,amenity:cafe,cafe,,,,POINT (28.923122 41.0065),1055512578,13565832327,0,5.695430109187818
5110347235,Cafe Erdoğmuş,41.016305,28.974048,food,amenity:cafe,cafe,,,,POINT (28.974048 41.016305),252235687,13602762043,0,9.908236391943054
5107245414,Cafe Esnaf,41.006636,28.924427,food,amenity:cafe,cafe,,,,POINT (28.924427 41.006636),12723110489,12723110490,0,9.031485836572259
5115939265,Cafe Flu,41.009534,28.936752,food,amenity:cafe,cafe,,,,POINT (28.936752 41.009534),316925368,413329060,0,7.548820809097906
5113465229,Cafe Fırat,41.018081,28.952752,food,amenity:cafe,cafe,,,,POINT (28.952752 41.018081),1061625001,3364897331,0,7.006103432785207
5108843755,Cafe Grande,41.008219,28.974988,food,amenity:cafe,cafe,,,,POINT (28.974988 41.008219),13431435312,7711133787,0,3.5845996079273585
5113599425,Cafe Gündoğdu,41.010046,28.938663,food,amenity:cafe,cafe,,,,POINT (28.938663 41.010046),10127735775,1058995805,0,6.78886305652681
5088194868,Cafe Harput,41.000022,28.931679,food,amenity:cafe,cafe,,,,POINT (28.931679 41.000022),1035580900,1035581614,0,2.3994716706440737
5088197345,Cafe Köşk,40.999817,28.930705,food,amenity:cafe,cafe,,,,POINT (28.930705 40.999817),1035581788,12800932873,0,1.321728423187263
5244801976,Cafe La Galera,41.004164,28.969241,food,amenity:cafe,cafe,,,,POINT (28.969241 41.004164),275608484,275608460,0,4.770185969268262
3660214031,Cafe Lindo,41.010403,28.977144,food,amenity:cafe,cafe,,,,POINT (28.977144 41.010403),278366563,1646281948,0,4.802859124420094
12423303001,Cafe Ma,41.037732,28.941281,food,amenity:cafe,cafe,,,,POINT (28.941281 41.037732),12826038925,3367763572,0,12.275644955297555
5107305847,Cafe Mari,41.007422,28.949361,food,amenity:cafe,cafe,,,,POINT (28.949361 41.007422),1058892495,1058892498,0,4.169272111211877
5244806747,Cafe Mola,41.00897,28.970391,food,amenity:cafe,cafe,,,,POINT (28.970391 41.00897),277139018,3082166481,0,21.4378550194098
5106132755,Cafe Mor,41.014499,28.934328,food,amenity:cafe,cafe,,,,POINT (28.934328 41.014499),1295933748,10096318336,0,11.790106450846036
3660215264,Cafe Park,41.010754,28.948092,food,amenity:cafe,cafe,,,,POINT (28.948092 41.010754),1059240030,1059240028,0,11.138997764809204
5113126701,Cafe Patika,41.005256,28.93082,food,amenity:cafe,cafe,,,,POINT (28.93082 41.005256),13596871518,13596871519,0,1.096485551888796
3090798088,Cafe Rumist,41.006155,28.981168,food,amenity:cafe,cafe,,,,POINT (28.981168 41.006155),278004973,1325246170,0,5.07734438588829
5117628584,Cafe Society,41.017394,28.969548,food,amenity:cafe,cafe,,,,POINT (28.969548 41.017394),10653486795,1620494638,0,7.0308894547455845
5026474513,Cafe Vatan,41.012256,28.946271,food,amenity:cafe,cafe,,,,POINT (28.946271 41.012256),2380735237,1059239948,0,12.496712702688637
5113462481,Cafe dem,41.016853,28.951378,food,amenity:cafe,cafe,,,,POINT (28.951378 41.016853),1061625154,1061625204,0,4.73000182900276
5111215197,Cafe deniz,41.006318,28.938171,food,amenity:cafe,cafe,,,,POINT (28.938171 41.006318),1058996014,1058893937,0,10.712968556964963
5113611512,Cafe draman,41.029307,28.943044,food,amenity:cafe,cafe,,,,POINT (28.943044 41.029307),1064222494,1064222408,0,6.878113354105614
5113612629,Cafe draman,41.028874,28.944788,food,amenity:cafe,cafe,,,,POINT (28.944788 41.028874),1064222535,1064222664,0,7.1669302409234135
5113599442,Cafe erdoğan,41.008564,28.940313,food,amenity:cafe,cafe,,,,POINT (28.940313 41.008564),1058995818,1058995912,0,4.844685182607584
5113471037,Cafe klas,41.016687,28.951509,food,amenity:cafe,cafe,,,,POINT (28.951509 41.016687),1061625204,1061625315,0,9.143248728490676
5103810813,Cafe limosa,41.017144,28.930246,food,amenity:cafe,cafe,,,,POINT (28.930246 41.017144),10656725146,10656725147,0,4.984750818013239
5113598491,Cafe murat,41.010366,28.941058,food,amenity:cafe,cafe,,,,POINT (28.941058 41.010366),1058995779,1058995791,0,7.77570444810554
5243951422,Cafein,41.021314,28.944898,food,amenity:cafe,cafe,,,,POINT (28.944898 41.021314),3143613871,1060106876,0,5.237770400799981
5110347236,Caffein dünyası,41.016424,28.973826,food,amenity:cafe,cafe,,,,POINT (28.973826 41.016424),13602762043,252235687,0,7.658569041433457
5485919621,Caffè Nero,41.002794,28.956662,food,amenity:cafe,cafe,,,,POINT (28.956662 41.002794),13530207249,10202092384,0,6.647450003691053
12325453048,Caffè Nero,41.030266,28.950088,food,amenity:cafe,cafe,,,,POINT (28.950088 41.030266),1102729663,1102729611,0,4.633531138304227
3107414918,Café Sultan,41.017206,28.96435,food,amenity:cafe,cafe,,,,POINT (28.96435 41.017206),4516155305,311375343,0,3.5734013764679213
5108843379,Cagaloglu Hamam Cafeterya,41.010518,28.975867,food,amenity:cafe,cafe,,,,POINT (28.975867 41.010518),1646281962,10609409184,0,3.3694070423502156
5243951969,Cake & K,41.01966,28.94391,food,amenity:cafe,cafe,,,,POINT (28.94391 41.01966),1060106887,1060106863,0,7.220462352784179
5113125301,Can Can Cafe,41.00379,28.931253,food,amenity:cafe,cafe,,,,POINT (28.931253 41.00379),1036041051,1057578144,0,9.568645507841698
5108828626,Can Restaurant ve Cafe,41.01392,28.977935,food,amenity:cafe,cafe,,,,POINT (28.977935 41.01392),278366512,2370332234,0,9.896571964937415
4747734124,Caribou Coffee,41.010174,28.972885,food,amenity:cafe,cafe,,,,POINT (28.972885 41.010174),311371057,269716718,0,5.764073866905943
5111215156,Carrahpasa park cafe,41.006536,28.940145,food,amenity:cafe,cafe,,,,POINT (28.940145 41.006536),10127764442,1058996227,0,4.350424299073137
5115940988,Catsaray Cafe,41.002934,28.933956,food,amenity:cafe,cafe,,,,POINT (28.933956 41.002934),1036040651,1036041259,0,3.6507076536927565
5075961009,Cengiz cafe,41.015495,28.949285,food,amenity:cafe,cafe,,,,POINT (28.949285 41.015495),6529513518,1059852434,0,3.999775323891357
5244809852,Ceylan Cafeterya,41.007604,28.967252,food,amenity:cafe,cafe,,,,POINT (28.967252 41.007604),269722965,1937948666,0,3.8137250007454133
5113486786,Chay,41.016365,28.965836,food,amenity:cafe,cafe,,,,POINT (28.965836 41.016365),311375340,10073446353,0,6.099008097209897
5113500752,Chefkat1,41.021082,28.946342,food,amenity:cafe,cafe,,,,POINT (28.946342 41.021082),1061624304,1061624387,0,8.461417811342342
12348591901,Coffee 4,41.009125,28.975234,food,amenity:cafe,cafe,,,,POINT (28.975234 41.009125),269716140,3274753070,0,9.97837860150967
4145039607,Coffee Department,41.032912,28.945798,food,amenity:cafe,cafe,,,,POINT (28.945798 41.032912),1103230164,1102850654,0,7.113119221015301
5112749114,Coffee Department,41.03292,28.945779,food,amenity:cafe,cafe,,,,POINT (28.945779 41.03292),1102850654,1103230164,0,7.126836712242431
6968663232,Coffee Factory,41.01195,28.97828,food,amenity:cafe,cafe,,,,POINT (28.97828 41.01195),9040148784,11165697759,0,4.124100667251732
5113486804,Coffee Gutta,41.014588,28.962591,food,amenity:cafe,cafe,,,,POINT (28.962591 41.014588),1262194392,311367421,0,5.683974403478424
6325038686,Coffee Me,41.013414,28.974951,food,amenity:cafe,cafe,,,,POINT (28.974951 41.013414),3254384595,31678636,0,17.303728622387784
4587702691,Coffetopia,41.016492,28.973394,food,amenity:cafe,cafe,,,,POINT (28.973394 41.016492),252235687,10132350376,0,11.61977382904599
10312923111,Cofte Budur,41.032231,28.947576,food,amenity:cafe,cafe,,,,POINT (28.947576 41.032231),1102850545,1102850469,0,4.7792632685342
5106132743,Cucina Cafe,41.012916,28.937555,food,amenity:cafe,cafe,,,,POINT (28.937555 41.012916),4620828419,316926025,0,10.896532437702248
5112749116,Cumbalı Kahve,41.03303,28.945848,food,amenity:cafe,cafe,,,,POINT (28.945848 41.03303),1103230164,2377570002,0,3.5543349222646876
5113592148,DEEP LOUNGE,41.009633,28.938023,food,amenity:cafe,cafe,,,,POINT (28.938023 41.009633),10127735775,1058995954,0,10.498906270376086
5113465240,Dayılar Çay Ocağı,41.01861,28.952442,food,amenity:cafe,cafe,,,,POINT (28.952442 41.01861),1061625020,1061625001,0,3.8857846651237775
5081265966,Dergah cafe,41.014574,28.942912,food,amenity:cafe,cafe,,,,POINT (28.942912 41.014574),2371697946,1059239578,0,3.8567025791188123
5112750850,Derin Cafe,41.038688,28.944457,food,amenity:cafe,cafe,,,,POINT (28.944457 41.038688),1060431391,1103229960,0,10.914674420087392
5113465237,Dersaadet,41.018417,28.952483,food,amenity:cafe,cafe,,,,POINT (28.952483 41.018417),1061625020,1061625001,0,14.351171591340584
5112749757,Derviş Baba Kahvehanesi,41.033659,28.944255,food,amenity:cafe,cafe,,,,POINT (28.944255 41.033659),1102850684,1103230128,0,24.027028879627885
5111215176,Dess cafe,41.007216,28.942269,food,amenity:cafe,cafe,,,,POINT (28.942269 41.007216),1058996103,1058996208,0,5.183555365289231
9410434417,Değirmencioğlu,41.011497,28.969874,food,amenity:cafe,cafe,,,,POINT (28.969874 41.011497),311371096,3082166455,0,1.6646849287647083
5081274094,Dilek Pastanesi,41.015057,28.951407,food,amenity:cafe,cafe,,,,POINT (28.951407 41.015057),9426941364,1059852284,0,12.258908841373076
5243951429,Dirilish cafe,41.021641,28.944151,food,amenity:cafe,cafe,,,,POINT (28.944151 41.021641),1060106872,3143613871,0,7.299405276453487
5113465013,Divan,41.018785,28.951254,food,amenity:cafe,cafe,,,,POINT (28.951254 41.018785),1061625104,2371737279,0,3.736350129672386
5113465019,Diyar Cafe,41.018217,28.951823,food,amenity:cafe,cafe,,,,POINT (28.951823 41.018217),2371737278,1061625104,0,3.362381404225211
5100825054,Dondurmacı Maraş,41.01892,28.93296,food,amenity:cafe,cafe,,,,POINT (28.93296 41.01892),901512807,316961437,0,10.544292661656346
5107305897,Dostlar Çay Evi,41.008203,28.949104,food,amenity:cafe,cafe,,,,POINT (28.949104 41.008203),1058892455,10068617936,0,6.7761778425740244
5108843757,Dostlar Çay Evi,41.008392,28.974864,food,amenity:cafe,cafe,,,,POINT (28.974864 41.008392),275611821,275612067,0,13.884740431686408
5088197324,Dostlar çay evi,41.000889,28.932438,food,amenity:cafe,cafe,,,,POINT (28.932438 41.000889),1036040933,1035581904,0,1.87348228436494
5113598503,Doğan cafe,41.011287,28.939816,food,amenity:cafe,cafe,,,,POINT (28.939816 41.011287),1058995753,487079714,0,5.770175605075244
5107305903,Dua Cafe,41.008369,28.948222,food,amenity:cafe,cafe,,,,POINT (28.948222 41.008369),1058892555,1058892538,0,11.30218098816237
5112834038,Dubai cafe,41.008016,28.951661,food,amenity:cafe,cafe,,,,POINT (28.951661 41.008016),1058892573,1058892571,0,6.033536657669611
5112834036,Dubai cafe mini,41.007639,28.951643,food,amenity:cafe,cafe,,,,POINT (28.951643 41.007639),1058892573,1058892586,0,3.7329274899539175
5026474507,Durak Pub,41.01055,28.947516,food,amenity:cafe,cafe,,,,POINT (28.947516 41.01055),1059240057,1059240066,0,0.5537286994335756
5112834092,Durak cafe ve börek,41.008953,28.95258,food,amenity:cafe,cafe,,,,POINT (28.95258 41.008953),13530207336,13530207340,0,5.96166308235757
5108836418,Duran Nargile Cafe,41.014071,28.975355,food,amenity:cafe,cafe,,,,POINT (28.975355 41.014071),1193429145,3079738266,0,5.089412869958646
5113465014,Duvardibi,41.018501,28.951481,food,amenity:cafe,cafe,,,,POINT (28.951481 41.018501),2371737279,1061625104,0,0.720268300993952
9322091018,Dürümcü Mustafa,41.010671,28.971015,food,amenity:cafe,cafe,,,,POINT (28.971015 41.010671),278005018,10226426312,0,6.265913799102656
5088192813,Efecan Cafe,40.997597,28.929535,food,amenity:cafe,cafe,,,,POINT (28.929535 40.997597),1035581321,1035581171,0,8.599840307629313
10178438668,Elif Cafe,41.005374,28.978414,food,amenity:cafe,cafe,,,,POINT (28.978414 41.005374),278004986,3279422229,0,5.489921348081216
5087168317,Elit Cafe,40.995453,28.926099,food,amenity:cafe,cafe,,,,POINT (28.926099 40.995453),1034388569,1034388278,0,9.817198838075281
5081442493,Elma Nane Cafe ve Nargile,41.023251,28.960723,food,amenity:cafe,cafe,,,,POINT (28.960723 41.023251),12022588411,1061753559,0,13.669790962858043
10087576617,Elmalar Cafe & Restaurant,41.015888,28.97271,food,amenity:cafe,cafe,,,,POINT (28.97271 41.015888),3083509875,768682859,0,1.7110381247467654
5099065465,Emek Cafe,41.008473,28.946723,food,amenity:cafe,cafe,,,,POINT (28.946723 41.008473),1058892375,1058892391,0,6.747625140880524
5107247577,Emek Kıraathanesi,41.005386,28.929241,food,amenity:cafe,cafe,,,,POINT (28.929241 41.005386),2373139481,1057576171,0,7.094505152616646
5026474511,Emri Cafe,41.011554,28.947391,food,amenity:cafe,cafe,,,,POINT (28.947391 41.011554),1059240036,1059240044,0,7.476874104885691
5113623091,En la luna terace cafe & bar,41.005949,28.979203,food,amenity:cafe,cafe,,,,POINT (28.979203 41.005949),1325246136,356404378,0,6.069128048556775
5115939275,English Spoken Cafe Fındıkzade,41.010813,28.93778,food,amenity:cafe,cafe,,,,POINT (28.93778 41.010813),316925794,316926024,0,5.049322377541584
3802274673,Erenler Nargile,41.009061,28.968577,food,amenity:cafe,cafe,,,,POINT (28.968577 41.009061),3082166488,3082166446,0,15.853961191149352
5113465235,Eski kafa,41.018327,28.95257,food,amenity:cafe,cafe,,,,POINT (28.95257 41.018327),1061625020,1061625001,0,14.730245432809228
5113481409,Esnaf çay evi,41.022586,28.950777,food,amenity:cafe,cafe,,,,POINT (28.950777 41.022586),8647507230,1061624398,0,11.273898293382475
13396860931,Espresso Lab,41.010654,28.967479,food,amenity:cafe,cafe,,,,POINT (28.967479 41.010654),3082517869,3082586173,0,2.4794437217378538
5243945215,Espressolab,41.017327,28.949616,food,amenity:cafe,cafe,,,,POINT (28.949616 41.017327),1059851521,1059851524,0,11.860076984657098
11377439063,Espressolab,41.013224,28.975046,food,amenity:cafe,cafe,,,,POINT (28.975046 41.013224),31678636,3254384595,0,6.502429120586811
3498778674,Eylül Cafe,41.015553,28.952402,food,amenity:cafe,cafe,,,,POINT (28.952402 41.015553),10660814372,10660814371,0,7.726947235079996
5106132778,Faruk Güllüoğlu,41.01594,28.931379,food,amenity:cafe,cafe,,,,POINT (28.931379 41.01594),316924346,915823979,0,7.905620763597582
11790117569,Fatih Belediyesi Sosyal Tesisleri Sultanahmet,41.006946,28.97544,food,amenity:cafe,cafe,,,,POINT (28.97544 41.006946),3076865601,13431435330,1,33.253641041768134
5103810797,Fatih Belediyesi Topkapı Sosyal Tesisleri,41.020583,28.925575,food,amenity:cafe,cafe,,,,POINT (28.925575 41.020583),13382492033,13382492036,0,1.6061679915597125
5113471039,Fatih cafe,41.016745,28.951546,food,amenity:cafe,cafe,,,,POINT (28.951546 41.016745),1061625174,1061625204,0,8.047980051524052
5243950931,Fatih chy evi,41.019579,28.945321,food,amenity:cafe,cafe,,,,POINT (28.945321 41.019579),1060106996,1060106822,0,4.436143341060487
5243950959,Fatih tea & cafe,41.020991,28.944082,food,amenity:cafe,cafe,,,,POINT (28.944082 41.020991),2371623901,1060106978,0,4.055634641918074
5106122993,Fatih Çay Evi,41.016597,28.952206,food,amenity:cafe,cafe,,,,POINT (28.952206 41.016597),3541432981,3541432980,0,8.764724136097437
5244806741,Fehmi Soydan Çay Ocağı,41.009416,28.969649,food,amenity:cafe,cafe,,,,POINT (28.969649 41.009416),277129977,277129975,0,6.738692418383143
3658723809,Fes Cafe,41.009974,28.971677,food,amenity:cafe,cafe,,,,POINT (28.971677 41.009974),3082166470,311371050,0,3.4335764759887213
5115933181,Fetih 1453 Aile Çay Evi,41.000684,28.929559,food,amenity:cafe,cafe,,,,POINT (28.929559 41.000684),1035581816,1035580889,0,2.110987894847835
9988065417,Fida Cafe,41.029905,28.950709,food,amenity:cafe,cafe,,,,POINT (28.950709 41.029905),9797231521,1102729608,0,3.7996719387506137
5111215124,Focaccia Cafe,41.005095,28.935703,food,amenity:cafe,cafe,,,,POINT (28.935703 41.005095),1036041024,3363427985,0,3.614958563109672
10792720605,Forno Fırın İşletmeciliği,41.029682,28.950474,food,amenity:cafe,cafe,,,,POINT (28.950474 41.029682),1102729622,1102729623,0,3.335312619648671
5110342162,Furkan cafe,41.01605,28.959004,food,amenity:cafe,cafe,,,,POINT (28.959004 41.01605),3379728855,311375350,0,5.6738483030200335
4940583961,Fırat,41.011369,28.933614,food,amenity:cafe,cafe,,,,POINT (28.933614 41.011369),316925788,316964801,0,11.19714270738748
5111205418,Ganyan,41.019431,28.960843,food,amenity:cafe,cafe,,,,POINT (28.960843 41.019431),1260180638,10617560380,0,3.4986104916091976
5113599479,Ganyan,41.00861,28.940822,food,amenity:cafe,cafe,,,,POINT (28.940822 41.00861),1058995926,1058995818,0,4.329413407481205
5113127744,Ganyan Cafe,41.00386,28.931244,food,amenity:cafe,cafe,,,,POINT (28.931244 41.00386),1057578144,1036041051,0,16.948219857541414
5113609934,Ganyan cafe,41.030251,28.937248,food,amenity:cafe,cafe,,,,POINT (28.937248 41.030251),1064575035,13064870243,0,5.365182730797511
5113620703,Ganyan cafe,41.013767,28.979075,food,amenity:cafe,cafe,,,,POINT (28.979075 41.013767),278366504,278366502,0,6.05427254455151
5108827983,Gar Börekcisi,41.014532,28.97638,food,amenity:cafe,cafe,,,,POINT (28.97638 41.014532),3457689638,269719185,0,3.885967402024851
9407672371,Gardenia Bistro Restaurant,41.003165,28.971362,food,amenity:cafe,cafe,,,,POINT (28.971362 41.003165),10729308245,13583574258,0,5.0354489598781385
5244796175,Gaziantep Sweets,41.016745,28.969902,food,amenity:cafe,cafe,,,,POINT (28.969902 41.016745),768679867,3083509873,0,4.590141314952052
6367428588,Gaziantep kozde kunafe kebap salonu,41.01548,28.972917,food,amenity:cafe,cafe,,,,POINT (28.972917 41.01548),10617543055,252236136,0,12.027231218143164
5106132744,Gazoz Kapaa Cafe,41.012975,28.937429,food,amenity:cafe,cafe,,,,POINT (28.937429 41.012975),4620828419,316926025,0,11.680198649598767
5112749101,Gizemli Kahve Balat,41.033165,28.945,food,amenity:cafe,cafe,,,,POINT (28.945 41.033165),1102850523,2377570001,0,11.061839279291771
5108827984,Glamour Nargile ve Cafe,41.014522,28.976407,food,amenity:cafe,cafe,,,,POINT (28.976407 41.014522),269719185,3457689638,0,6.342170659610997
11257731337,Gloria Jeans,41.004566,28.967095,food,amenity:cafe,cafe,,,,POINT (28.967095 41.004566),248137305,248137308,0,8.228334596295158
4674290489,Godiva,41.010836,28.968465,food,amenity:cafe,cafe,,,,POINT (28.968465 41.010836),3082586164,3898630906,0,2.3277428296279834
5243950783,Golden mix,41.020167,28.941481,food,amenity:cafe,cafe,,,,POINT (28.941481 41.020167),1060106983,12825913092,0,9.967173650677346
3090853855,Green Corner,41.00883,28.978769,food,amenity:cafe,cafe,,,,POINT (28.978769 41.00883),1199878487,13433942469,0,9.154943731252354
5107245393,Guest Net Cafe,41.007098,28.930348,food,amenity:cafe,cafe,,,,POINT (28.930348 41.007098),13596806814,13596806813,0,9.454488616270131
5244796184,Gurmania,41.016289,28.970332,food,amenity:cafe,cafe,,,,POINT (28.970332 41.016289),3184760684,311371084,0,4.661242854720847
5113557361,Görgülü,41.01,28.945534,food,amenity:cafe,cafe,,,,POINT (28.945534 41.01),10127897727,2380739941,0,17.257365165683588
5106132761,Görgülü Cafe,41.014772,28.933754,food,amenity:cafe,cafe,,,,POINT (28.933754 41.014772),1295933748,10096318336,0,12.182542978875253
4293748389,Gül Çay Evi,41.01347,28.961237,food,amenity:cafe,cafe,,,,POINT (28.961237 41.01347),311367423,10073446405,0,3.9915372469345307
5115939235,Gül Çay Evi,41.009019,28.93151,food,amenity:cafe,cafe,,,,POINT (28.93151 41.009019),316924109,2370759050,0,1.7268112769464388
5113487036,Gül çay evi,41.013489,28.961262,food,amenity:cafe,cafe,,,,POINT (28.961262 41.013489),311367423,10073446405,0,6.0927081728625145
5110342195,Gülsoy cafe,41.014243,28.958915,food,amenity:cafe,cafe,,,,POINT (28.958915 41.014243),1262447343,1260080447,0,8.863729704113911
6157229585,Habb Cafe,41.026481,28.958234,food,amenity:cafe,cafe,,,,POINT (28.958234 41.026481),8782021576,1059527274,0,10.491863786715077
3104180391,Hafiz Mustafa 1864,41.014612,28.975651,food,amenity:cafe,cafe,,,,POINT (28.975651 41.014612),13433994429,13433994434,0,5.172073584662256
6324428785,Hafiz Mustafa 1864,41.016011,28.97336,food,amenity:cafe,cafe,,,,POINT (28.97336 41.016011),278344475,252235465,0,10.970936441667742
5108843097,Hafız Mustafa Edebiyat Kıraathanesi,41.008045,28.976584,food,amenity:cafe,cafe,,,,POINT (28.976584 41.008045),11005974944,11010266598,0,3.811149794984789
5113611496,Hakan cafe,41.029916,28.940968,food,amenity:cafe,cafe,,,,POINT (28.940968 41.029916),1064221933,1064222060,0,5.1939356951482605
5111215722,Hakimoglu cafe,41.00601,28.935467,food,amenity:cafe,cafe,,,,POINT (28.935467 41.00601),3363433223,1057577343,0,19.479748921006944
5244807636,Hakkı Zade,41.010309,28.97295,food,amenity:cafe,cafe,,,,POINT (28.97295 41.010309),269716718,311371057,0,8.890486264631642
5110344557,Haliç kafe,41.01895,28.963239,food,amenity:cafe,cafe,,,,POINT (28.963239 41.01895),9981973445,9981973447,0,6.85594779135046
5244812071,Han Çay Ocağı,41.019038,28.9647,food,amenity:cafe,cafe,,,,POINT (28.9647 41.019038),2370517725,3085937882,0,3.8530403150546877
5250313321,Hanegah,41.018212,28.952818,food,amenity:cafe,cafe,,,,POINT (28.952818 41.018212),1061625001,1061625020,0,6.141186754450378
5113465016,Hanifi dayı,41.018381,28.951584,food,amenity:cafe,cafe,,,,POINT (28.951584 41.018381),2371737279,1061625104,0,0.0713147346325072
9777721634,Hanimeli Cafe,41.031942,28.948326,food,amenity:cafe,cafe,,,,POINT (28.948326 41.031942),1102850540,1102850539,0,4.027219992391296
5115938009,Hanımelleri,41.008536,28.930275,food,amenity:cafe,cafe,,,,POINT (28.930275 41.008536),1057574704,817265347,0,6.868742745755415
9992681458,Happie Balat,41.03306,28.94664,food,amenity:cafe,cafe,,,,POINT (28.94664 41.03306),1102850487,1102850488,0,4.457053633514176
5108843058,Harabbe Cafe,41.008438,28.976192,food,amenity:cafe,cafe,,,,POINT (28.976192 41.008438),3274903072,1454266229,0,7.189088620239687
5099060713,Hasan keyf nargile cafe,41.008182,28.951029,food,amenity:cafe,cafe,,,,POINT (28.951029 41.008182),10069899604,1058892571,0,5.978165599136912
5113590284,Haseki Cafe,41.008913,28.942408,food,amenity:cafe,cafe,,,,POINT (28.942408 41.008913),1058995856,1058996267,0,8.514468634450235
5113590308,Haseki Cafe,41.008429,28.946182,food,amenity:cafe,cafe,,,,POINT (28.946182 41.008429),1058892397,1058892375,0,7.687577198895634
5244801890,Havuzbaşı,41.004336,28.974708,food,amenity:cafe,cafe,,,,POINT (28.974708 41.004336),13109125019,275602995,0,10.1501686754219
5110342212,Hayal Cafe,41.01327,28.961154,food,amenity:cafe,cafe,,,,POINT (28.961154 41.01327),311367423,311367424,0,1.1524370636384096
5113620626,Hayat cafe,41.003584,28.979313,food,amenity:cafe,cafe,,,,POINT (28.979313 41.003584),10613545370,278004979,0,2.0994438615820967
5113471045,Hayhay kahve,41.017453,28.951356,food,amenity:cafe,cafe,,,,POINT (28.951356 41.017453),1061625158,1061625154,0,3.2753004502547407
5110342193,Hermes cafe,41.014398,28.959041,food,amenity:cafe,cafe,,,,POINT (28.959041 41.014398),1260080447,1262447343,0,8.253314142178231
5243951416,Hezurfen,41.021249,28.945607,food,amenity:cafe,cafe,,,,POINT (28.945607 41.021249),1060106876,1060106902,0,4.8718590122784455
5110344546,Hilal büfe,41.017777,28.967085,food,amenity:cafe,cafe,,,,POINT (28.967085 41.017777),3083504830,2379738163,0,1.8256956641076791
4528496190,Hira Lokantası,41.004714,28.965758,food,amenity:cafe,cafe,,,,POINT (28.965758 41.004714),248137304,2370393247,0,1.2719810902153963
5108836363,Hotel Yasmak,41.012542,28.977705,food,amenity:cafe,cafe,,,,POINT (28.977705 41.012542),3079738251,3079738236,0,5.135448056736282
2508662415,Husnu Ala Cafe,41.017923,28.965111,food,amenity:cafe,cafe,,,,POINT (28.965111 41.017923),10599156385,1261054648,0,10.724482957844495
5075961002,Huzur Cafe,41.013573,28.946688,food,amenity:cafe,cafe,,,,POINT (28.946688 41.013573),1059851862,2371697935,0,9.552662509650741
5110344554,Hüsnü ala cafe,41.01785,28.965068,food,amenity:cafe,cafe,,,,POINT (28.965068 41.01785),1261054648,10599156385,0,19.301568699342024
5110342169,Imperial Cafe,41.015988,28.957944,food,amenity:cafe,cafe,,,,POINT (28.957944 41.015988),3086114307,1260095487,0,13.642318044173505
5115937371,Irmak Çay Evi,41.007544,28.93669,food,amenity:cafe,cafe,,,,POINT (28.93669 41.007544),1057576954,1057578238,0,5.582645408739084
5106528627,Isiyaman čig koftecisi,41.004879,28.965341,food,amenity:cafe,cafe,,,,POINT (28.965341 41.004879),248137304,2370393247,0,7.962979765974014
11377536296,Istanbul kitchen,41.010319,28.975517,food,amenity:cafe,cafe,,,,POINT (28.975517 41.010319),3079788588,3079788605,0,6.219172934765285
3785353693,Istanyol Cafe,41.031836,28.93739,food,amenity:cafe,cafe,,,,POINT (28.93739 41.031836),1064574968,1064575161,0,4.2281428207129315
5076115927,Istasyon kahvesi,40.993928,28.926972,food,amenity:cafe,cafe,,,,POINT (28.926972 40.993928),1034388420,1034388242,0,6.708212561772072
463142937,Java Studio Istanbul,41.005597,28.979318,food,amenity:cafe,cafe,,,,POINT (28.979318 41.005597),6859766855,356404378,0,13.264778903832191
5106122303,Joury Cafe,41.025058,28.940408,food,amenity:cafe,cafe,,,,POINT (28.940408 41.025058),2370840005,1060490796,0,13.070551864794112
5113620620,Joy Cafe Restaurant & Shisha Lounge,41.003615,28.979266,food,amenity:cafe,cafe,,,,POINT (28.979266 41.003615),278004979,9716965040,0,4.4119268677404575
12855224101,K. Ayasofya Art Cafe,41.002736,28.972978,food,amenity:cafe,cafe,,,,POINT (28.972978 41.002736),1194549295,1194549254,0,5.528545943182357
5113592166,KAHVE KÖŞEM,41.010874,28.938596,food,amenity:cafe,cafe,,,,POINT (28.938596 41.010874),1058995758,1058995783,0,9.258832638194272
5115937984,Kaan Çay Evi,41.010605,28.928869,food,amenity:cafe,cafe,,,,POINT (28.928869 41.010605),1057574433,1057574316,0,4.507339819313388
5112749115,Kadraj Cafe,41.033004,28.945913,food,amenity:cafe,cafe,,,,POINT (28.945913 41.033004),1102850654,1103230164,0,6.5408084385437375
5244802020,Kadırga Çay Evi,41.005031,28.970506,food,amenity:cafe,cafe,,,,POINT (28.970506 41.005031),275605024,248137315,0,3.9158123572575017
5111206122,Kahve 1,41.019833,28.961592,food,amenity:cafe,cafe,,,,POINT (28.961592 41.019833),3085947146,1260180181,0,3.052490638745861
5243945195,Kahve Durağı,41.017773,28.949189,food,amenity:cafe,cafe,,,,POINT (28.949189 41.017773),9760089527,1059851524,0,10.245761857382064
5116617721,Kahve Dünyası,41.010114,28.972035,food,amenity:cafe,cafe,,,,POINT (28.972035 41.010114),269716718,311371050,0,9.483786072080457
5111215725,Kahve cikolata,41.006642,28.935553,food,amenity:cafe,cafe,,,,POINT (28.935553 41.006642),1057577343,3363433223,0,0.7367436932216042
6918936586,Kahve deposu,41.015659,28.974869,food,amenity:cafe,cafe,,,,POINT (28.974869 41.015659),13602762042,3370541412,0,5.939638660677237
6918936587,Kahve deposu,41.015307,28.974869,food,amenity:cafe,cafe,,,,POINT (28.974869 41.015307),13602762042,278344485,0,5.269816532762961
5076114613,Kahvealti,40.99545,28.926482,food,amenity:cafe,cafe,,,,POINT (28.926482 40.99545),1034388375,1034388569,0,4.052888352706886
5106132751,Kahverengi Cafe,41.014151,28.935006,food,amenity:cafe,cafe,,,,POINT (28.935006 41.014151),1295933748,316924497,0,13.864889867116592
5680097921,Kahvesi Ethem Tezcakar,41.010609,28.968223,food,amenity:cafe,cafe,,,,POINT (28.968223 41.010609),3898631852,3082517864,0,0.13160881248126374
5113599445,Karadeniz cafe,41.00824,28.939994,food,amenity:cafe,cafe,,,,POINT (28.939994 41.00824),1058995942,1058995912,0,4.169171338919742
5243951418,Karadeniz kardeşler,41.021295,28.945309,food,amenity:cafe,cafe,,,,POINT (28.945309 41.021295),1060106876,1060106902,0,6.935463807511548
2696278000,Karafırın,41.005002,28.979491,food,amenity:cafe,cafe,,,,POINT (28.979491 41.005002),278004976,278004975,0,3.800241202269538
5113464991,Kardesler cafe,41.017102,28.951702,food,amenity:cafe,cafe,,,,POINT (28.951702 41.017102),1061625204,1061625174,0,3.997956814399192
5113615740,Kariye Cafe,41.030926,28.937906,food,amenity:cafe,cafe,,,,POINT (28.937906 41.030926),1064574961,1064575052,0,6.1801860761204175
5113615119,Kariye Pembe Köşk Aile Çay Bahçesi Cafe,41.031278,28.938562,food,amenity:cafe,cafe,,,,POINT (28.938562 41.031278),1064574918,10610563937,0,13.838885203963466
6324489285,Kasap Döner,41.008253,28.974562,food,amenity:cafe,cafe,,,,POINT (28.974562 41.008253),7711133787,13431435312,0,3.5479737812703114
5088194865,Kebab ve Pide Dünyası,40.999688,28.931215,food,amenity:cafe,cafe,,,,POINT (28.931215 40.999688),1035581788,1035581787,0,5.26064677119321
5081265939,Kent Cafe,41.011754,28.941178,food,amenity:cafe,cafe,,,,POINT (28.941178 41.011754),1057437398,10093528191,0,13.809604920658819
9480325262,Kent Cafe,41.0126,28.939474,food,amenity:cafe,cafe,,,,POINT (28.939474 41.0126),10093559832,1059239620,0,9.159964043277942
11949902569,Kiraz Coffee,41.037653,28.943709,food,amenity:cafe,cafe,,,,POINT (28.943709 41.037653),1103230085,1103230077,0,4.722650978840137
5113590259,Kivi cafe,41.010751,28.941083,food,amenity:cafe,cafe,,,,POINT (28.941083 41.010751),1058995749,1058995747,0,8.964558695995251
5088197321,Konak Internet cafe,41.00011,28.931309,food,amenity:cafe,cafe,,,,POINT (28.931309 41.00011),1035581609,1035581614,0,1.3003526819398368
5113125964,Konak Kafe,41.003712,28.923179,food,amenity:cafe,cafe,,,,POINT (28.923179 41.003712),13565832346,3363004585,1,19.709004109280755
5113483388,Konak çay evi,41.022552,28.947099,food,amenity:cafe,cafe,,,,POINT (28.947099 41.022552),1061622770,1061622774,0,10.595525825006739
5088194873,Korkmaz Cafe,41.003911,28.932425,food,amenity:cafe,cafe,,,,POINT (28.932425 41.003911),1036041045,1036040786,0,4.833461084395077
5244803052,Kosk Cafe,41.003312,28.972137,food,amenity:cafe,cafe,,,,POINT (28.972137 41.003312),2361227093,248137320,0,4.058160577023995
5088194900,Kosk Nargile Cafe,41.003268,28.93065,food,amenity:cafe,cafe,,,,POINT (28.93065 41.003268),1036041052,2195428751,0,3.91555585315652
5110347239,Koska,41.016456,28.973419,food,amenity:cafe,cafe,,,,POINT (28.973419 41.016456),13602762043,252235687,0,10.34607749064801
9782808310,Kovboy'un Yeri Coffee Station,41.01462,28.976973,food,amenity:cafe,cafe,,,,POINT (28.976973 41.01462),3079738260,3817864006,0,5.27674576306302
6359661486,Kumkapi cafe Nargile,41.004523,28.964564,food,amenity:cafe,cafe,,,,POINT (28.964564 41.004523),4776703738,10196506162,0,4.688467956309647
5244796179,Kurukahveci Mehmet Efendi,41.016553,28.970274,food,amenity:cafe,cafe,,,,POINT (28.970274 41.016553),3083509873,768679867,0,4.5594693952880005
5244796173,Kurukahveci Nuri Toplar,41.016771,28.969856,food,amenity:cafe,cafe,,,,POINT (28.969856 41.016771),768679867,3083509873,0,4.386818577192284
5112750916,Kuytu Balat,41.03387,28.946495,food,amenity:cafe,cafe,,,,POINT (28.946495 41.03387),10613252747,1102850685,0,3.685345254892389
4883625123,Kuşu Çai,41.01239,28.925925,food,amenity:cafe,cafe,,,,POINT (28.925925 41.01239),316968726,316968745,0,11.70132387849625
6929789085,Kyanus Gemi Cafe,41.035773,28.94854,food,amenity:cafe,cafe,,,,POINT (28.94854 41.035773),2378683512,10061793542,0,2.9330651098039744
8829968818,Köfteci Arnavut,41.032618,28.948064,food,amenity:cafe,cafe,,,,POINT (28.948064 41.032618),1060431418,11491671407,0,4.540338809218306
5110344571,Kösem Büfe,41.018603,28.965669,food,amenity:cafe,cafe,,,,POINT (28.965669 41.018603),1261054658,10617237815,0,4.600212665282439
5113557371,Köşem Aile Çay Bahçesi,41.009671,28.946753,food,amenity:cafe,cafe,,,,POINT (28.946753 41.009671),1058892485,1058892800,0,5.7334180078074235
5113599441,Köşem Cafe,41.008777,28.94073,food,amenity:cafe,cafe,,,,POINT (28.94073 41.008777),1058995912,1058995818,0,2.2965581383986917
5107305900,Köşem Çay Evi,41.008198,28.948648,food,amenity:cafe,cafe,,,,POINT (28.948648 41.008198),1058892526,1058892524,0,7.7994603572887735
3090853852,Küçük Ev,41.00826,28.976797,food,amenity:cafe,cafe,,,,POINT (28.976797 41.00826),278366570,1454266219,0,5.7521172424453075
5100823709,Kılıç kıraathanesi,41.01729,28.931615,food,amenity:cafe,cafe,,,,POINT (28.931615 41.01729),1059137337,1059137336,0,9.632756305814574
9833781817,Kıztaşı Muhamlebicisi,41.016173,28.949255,food,amenity:cafe,cafe,,,,POINT (28.949255 41.016173),1059852291,6529513519,0,10.828446181178709
6899820885,La Galera,41.004142,28.969399,food,amenity:cafe,cafe,,,,POINT (28.969399 41.004142),275608460,275608484,0,3.9554625241251165
13396860945,La Perla Coffee,41.013467,28.976497,food,amenity:cafe,cafe,,,,POINT (28.976497 41.013467),278366484,278366486,0,5.348695388615224
5270794516,Lalezar Çay Bahçesi,41.01654,28.962168,food,amenity:cafe,cafe,,,,POINT (28.962168 41.01654),3085937854,30215226,0,23.431279079256882
5081610954,Lavinia cafe ve börek,40.998051,28.924038,food,amenity:cafe,cafe,,,,POINT (28.924038 40.998051),13184051031,1034388000,0,12.675177003967297
5106124129,Laviola,41.020068,28.940998,food,amenity:cafe,cafe,,,,POINT (28.940998 41.020068),12825913092,1060107067,0,4.919750535199977
9777700653,Le Cafe Da palation,41.03203,28.948302,food,amenity:cafe,cafe,,,,POINT (28.948302 41.03203),1102729924,1102850540,0,3.5567316097543644
5243951411,Lemonada,41.021138,28.945339,food,amenity:cafe,cafe,,,,POINT (28.945339 41.021138),1060106875,1060106876,0,5.677152229786837
5113465233,Lena,41.018283,28.952602,food,amenity:cafe,cafe,,,,POINT (28.952602 41.018283),1061625020,1061625001,0,15.614025643578646
8844311517,Levent Börek,41.015916,28.973611,food,amenity:cafe,cafe,,,,POINT (28.973611 41.015916),278344475,252235555,0,10.499312585981244
5108843539,Limon Cafe,41.009746,28.97655,food,amenity:cafe,cafe,,,,POINT (28.97655 41.009746),1646281964,3179959794,0,3.1388698204857524
5111215775,Lomga,41.003905,28.944179,food,amenity:cafe,cafe,,,,POINT (28.944179 41.003905),1058894004,2380754569,0,0.10650603304045365
5104610627,Loor,41.004827,28.965591,food,amenity:cafe,cafe,,,,POINT (28.965591 41.004827),2370393247,248137304,0,8.911289881286168
6325275992,Luna Istanbul,41.005157,28.969981,food,amenity:cafe,cafe,,,,POINT (28.969981 41.005157),13281920953,275605024,0,3.8317710466734907
5081442490,Mabed Kafe,41.023139,28.960866,food,amenity:cafe,cafe,,,,POINT (28.960866 41.023139),12022588411,1061753559,0,12.524546619451007
3498778692,Mado,41.01757,28.949326,food,amenity:cafe,cafe,,,,POINT (28.949326 41.01757),1059851524,9760089527,0,15.125149934435312
4286623821,Mado,41.00935,28.954362,food,amenity:cafe,cafe,,,,POINT (28.954362 41.00935),13478051096,13478061301,0,7.9932312551221925
5108843047,Mado,41.008109,28.976025,food,amenity:cafe,cafe,,,,POINT (28.976025 41.008109),8602048881,11010266598,0,1.9119483662152041
5110347259,Mado,41.015158,28.975705,food,amenity:cafe,cafe,,,,POINT (28.975705 41.015158),10617354303,8602030539,0,4.145226275234906
5113128103,Mado,41.009363,28.954476,food,amenity:cafe,cafe,,,,POINT (28.954476 41.009363),13478051096,13478061301,0,6.83274607524963
5113500762,Mado,41.020521,28.946893,food,amenity:cafe,cafe,,,,POINT (28.946893 41.020521),10263288066,9760089529,0,3.859741700335882
5113592184,Mado,41.01189,28.939101,food,amenity:cafe,cafe,,,,POINT (28.939101 41.01189),316964805,7711133828,0,9.502667939674412
5243945211,Mado,41.017611,28.949359,food,amenity:cafe,cafe,,,,POINT (28.949359 41.017611),9760089527,1059851524,0,10.128867836332876
6394219985,Mado,41.008148,28.975783,food,amenity:cafe,cafe,,,,POINT (28.975783 41.008148),8602048881,8602048856,0,2.8179540742930933
7878317494,Mado,41.008316,28.97546,food,amenity:cafe,cafe,,,,POINT (28.97546 41.008316),8602048856,275611820,0,1.0266228113698594
5113483632,Mahzen cafe,41.020704,28.949005,food,amenity:cafe,cafe,,,,POINT (28.949005 41.020704),1061624325,1061623932,0,6.403689286406771
10296542409,Maison Balat,41.03083,28.94964,food,amenity:cafe,cafe,,,,POINT (28.94964 41.03083),2371733273,1102850639,0,9.955038555149304
6325038685,Mam coffe,41.008275,28.974167,food,amenity:cafe,cafe,,,,POINT (28.974167 41.008275),13431435318,13431435312,0,2.542670085099917
5112834090,Maranda cafe,41.008992,28.95193,food,amenity:cafe,cafe,,,,POINT (28.95193 41.008992),13530207340,13530207338,0,2.9404693074640194
5112750838,Maria Kafe,41.038969,28.943101,food,amenity:cafe,cafe,,,,POINT (28.943101 41.038969),1066632150,2375959180,0,12.362631459155233
5112736056,Markopaşa,41.014941,28.968898,food,amenity:cafe,cafe,,,,POINT (28.968898 41.014941),10628385994,3083371801,0,8.348638743865417
6139118085,Marmara Cafe,41.01503,28.974951,food,amenity:cafe,cafe,,,,POINT (28.974951 41.01503),10617347201,278344485,0,3.733853587898615
5115940978,Marmara Kafe,41.002162,28.932791,food,amenity:cafe,cafe,,,,POINT (28.932791 41.002162),1036041178,1036041182,0,3.582341667397299
5081265972,Marmara cafe,41.015471,28.941749,food,amenity:cafe,cafe,,,,POINT (28.941749 41.015471),1059240231,10090682094,0,16.12743935217363
5112966976,Marmara türkü evi ve cafe,41.003127,28.953155,food,amenity:cafe,cafe,,,,POINT (28.953155 41.003127),11046283812,8408818004,0,3.6510253383387576
5099060705,Marmaray cafe nargile,41.00645,28.951538,food,amenity:cafe,cafe,,,,POINT (28.951538 41.00645),1058892578,5417781228,0,4.896410210689111
5112967006,Marmaray gargom cafe,41.00645,28.951747,food,amenity:cafe,cafe,,,,POINT (28.951747 41.00645),10127887930,1058892578,0,0.9586614832207965
5112971838,Marmaray çay evi,41.006852,28.9517,food,amenity:cafe,cafe,,,,POINT (28.9517 41.006852),1058892578,1058892575,0,9.496971082048539
5113500303,Marmaris bufe,41.006132,28.973233,food,amenity:cafe,cafe,,,,POINT (28.973233 41.006132),31678606,1185323535,0,8.381514779145084
5107247590,Masal Büfe ve Cafe,41.006806,28.930653,food,amenity:cafe,cafe,,,,POINT (28.930653 41.006806),13596806812,1057576251,0,7.191464905500033
5088190879,Matya Kafe,40.99955,28.931921,food,amenity:cafe,cafe,,,,POINT (28.931921 40.99955),1035580905,1035580901,0,5.281893239243108
5081264691,Mawal Cafe,41.01118,28.944002,food,amenity:cafe,cafe,,,,POINT (28.944002 41.01118),1059239740,1059239800,0,10.566332419673696
5108843532,Mayas Corner Cafe,41.009418,28.976742,food,amenity:cafe,cafe,,,,POINT (28.976742 41.009418),1646281964,3179959794,0,9.14546300280923
5243950778,Mazaj cafe,41.019923,28.941109,food,amenity:cafe,cafe,,,,POINT (28.941109 41.019923),1060107067,12825913092,0,13.541247136116597
5244809876,Medusa Cafe,41.008197,28.968215,food,amenity:cafe,cafe,,,,POINT (28.968215 41.008197),3081525003,269722929,0,11.645654281310692
11834882670,Mehmet Erkoyuncu Sakatat ve Et Pazari,41.017855,28.955527,food,amenity:cafe,cafe,,,,POINT (28.955527 41.017855),3361072464,3361072462,0,4.683471630691578
5081442491,Mekan Cafe,41.023122,28.960894,food,amenity:cafe,cafe,,,,POINT (28.960894 41.023122),12022588411,1061753559,0,11.123570790154437
5107247534,Melis Çay Evi,41.005592,28.930277,food,amenity:cafe,cafe,,,,POINT (28.930277 41.005592),2373139477,1057576292,0,2.5968517391982324
5106124132,Merdane Cafe,41.019815,28.94059,food,amenity:cafe,cafe,,,,POINT (28.94059 41.019815),2371623895,1060107067,0,3.517407225024287
5113615732,Merdane hamur cafe,41.030406,28.937383,food,amenity:cafe,cafe,,,,POINT (28.937383 41.030406),1064575033,1064575035,0,4.607135462263831
5106124379,Merhaba Pastaneleri,41.016132,28.952196,food,amenity:cafe,cafe,,,,POINT (28.952196 41.016132),1061625326,3364860686,0,10.565405383421425
5081442451,Merkez Cafe,41.022538,28.959871,food,amenity:cafe,cafe,,,,POINT (28.959871 41.022538),1061754279,1061754083,0,3.2978575507785104
8829972417,Meshur Dönerci,41.012722,28.966077,food,amenity:cafe,cafe,,,,POINT (28.966077 41.012722),30215248,1455438406,0,7.372992484768584
5112728873,Metro pasta cafe,41.011304,28.959233,food,amenity:cafe,cafe,,,,POINT (28.959233 41.011304),256099720,7784240500,0,7.561076297731369
5103810782,Meva Cafe,41.019837,28.927879,food,amenity:cafe,cafe,,,,POINT (28.927879 41.019837),1059137082,2378713431,0,13.744958207882112
4587211490,Mezopotamya Nergile Cafe and Resturant,41.013907,28.977663,food,amenity:cafe,cafe,,,,POINT (28.977663 41.013907),2370332234,278366512,0,6.895765941174671
4577117092,Meşale Cafe,41.00559,28.978647,food,amenity:cafe,cafe,,,,POINT (28.978647 41.00559),31678616,3279422229,0,11.750527777965614
5113620681,Mihri Cafe,41.007115,28.979295,food,amenity:cafe,cafe,,,,POINT (28.979295 41.007115),278004957,31678639,0,12.02610528944573
5113487027,Mihri şah cafe,41.017134,28.964476,food,amenity:cafe,cafe,,,,POINT (28.964476 41.017134),311375343,311375342,0,6.373184483192095
5110344573,Mim Kafe,41.017534,28.9673,food,amenity:cafe,cafe,,,,POINT (28.9673 41.017534),2379738160,2379738163,0,1.9775775729805167
4472516794,Mimar Sinan Teras Kafe,41.01742,28.96395,food,amenity:cafe,cafe,,,,POINT (28.96395 41.01742),4516155305,311375343,0,10.13591229627783
5110344586,Mimar sinan kafe,41.017291,28.964248,food,amenity:cafe,cafe,,,,POINT (28.964248 41.017291),311375343,4516155305,0,3.0651663685114827
5113465238,Minder nargile,41.01849,28.952407,food,amenity:cafe,cafe,,,,POINT (28.952407 41.01849),1061625020,1061625001,0,14.403967124136626
5107305831,Mini cafe,41.00876,28.948502,food,amenity:cafe,cafe,,,,POINT (28.948502 41.00876),1058892449,1058892555,0,9.337542268449624
5113465228,Miraç Çay Evi,41.018057,28.952478,food,amenity:cafe,cafe,,,,POINT (28.952478 41.018057),1061624454,3364897331,0,4.979555596886207
5107305878,Mirkelami Menemenci,41.009019,28.949739,food,amenity:cafe,cafe,,,,POINT (28.949739 41.009019),1058892516,1058892518,0,5.523147863257576
5743237121,Mivan,41.006271,28.96943,food,amenity:cafe,cafe,,,,POINT (28.96943 41.006271),275600227,275587103,0,2.1247451048656165
5112749755,Molla Aşkı Teras Cafe,41.033683,28.942947,food,amenity:cafe,cafe,,,,POINT (28.942947 41.033683),1103230134,1103230133,0,14.981618041835954
5710046243,Moma's Cafe Restaurant,41.015812,28.976004,food,amenity:cafe,cafe,,,,POINT (28.976004 41.015812),252236332,3457689675,0,8.184767644488389
9777670114,More Cafe,41.031554,28.948785,food,amenity:cafe,cafe,,,,POINT (28.948785 41.031554),1102850540,1102850539,0,4.657982864168415
5115937364,Mue Cafe,41.00689,28.934892,food,amenity:cafe,cafe,,,,POINT (28.934892 41.00689),1057576950,1057577362,0,7.453453046499591
5113462477,Muhabbeteyn,41.017155,28.950925,food,amenity:cafe,cafe,,,,POINT (28.950925 41.017155),1061625154,1061625204,0,5.46150263135313
5106123807,Muhtar Cafe,41.021812,28.943954,food,amenity:cafe,cafe,,,,POINT (28.943954 41.021812),1060106872,1060106878,0,6.827577158423344
10033646139,Muzenin kahvesı,41.011452,28.982278,food,amenity:cafe,cafe,,,,POINT (28.982278 41.011452),2674488920,3425182499,0,4.716602921802078
5112750836,My Blue House,41.038299,28.943653,food,amenity:cafe,cafe,,,,POINT (28.943653 41.038299),3367729060,1103230036,0,5.91885592616351
5113620696,My seka cafe,41.014565,28.979635,food,amenity:cafe,cafe,,,,POINT (28.979635 41.014565),278366504,278366508,1,6.88974126866055
12732718360,Müzenin Kahvesi,41.01161,28.98073,food,amenity:cafe,cafe,,,,POINT (28.98073 41.01161),3424881157,3424881160,0,21.541094630238955
5081265968,Nargila cafe,41.014931,28.942587,food,amenity:cafe,cafe,,,,POINT (28.942587 41.014931),2371697949,2371697946,0,5.4691668460336835
5113125320,Neco Kornet Dondurma,41.003508,28.930016,food,amenity:cafe,cafe,,,,POINT (28.930016 41.003508),1055513081,1036041058,0,10.763169911247738
5088192818,Nergiz Market,40.998038,28.930038,food,amenity:cafe,cafe,,,,POINT (28.930038 40.998038),1035581171,1035582312,0,8.739977112134948
974678810,Nev-i,41.027703,28.956579,food,amenity:cafe,cafe,,,,POINT (28.956579 41.027703),1061754485,2378719428,0,10.595639435248119
5243952764,Nevada Coffee,41.01681,28.941464,food,amenity:cafe,cafe,,,,POINT (28.941464 41.01681),1060106940,1059852087,0,18.89517379581012
5081445074,Nevi Cafe,41.027929,28.956468,food,amenity:cafe,cafe,,,,POINT (28.956468 41.027929),9336636706,11885165171,0,7.149015104183607
5081442518,Nice Kafe ve Ev yemekleri,41.024528,28.958649,food,amenity:cafe,cafe,,,,POINT (28.958649 41.024528),1061753194,5119030113,0,2.615206867830059
12347693536,No 15,41.012998,28.977023,food,amenity:cafe,cafe,,,,POINT (28.977023 41.012998),278366484,3079738251,0,4.734370477039988
5111215754,Nokta,41.004642,28.934394,food,amenity:cafe,cafe,,,,POINT (28.934394 41.004642),10613727258,1036040555,0,7.415126236046782
5088190901,Nokta internet cafe,41.004702,28.934358,food,amenity:cafe,cafe,,,,POINT (28.934358 41.004702),10613727258,1036040555,0,0.13945753748489043
5243952785,Nus nus,41.014648,28.944474,food,amenity:cafe,cafe,,,,POINT (28.944474 41.014648),1059851646,1059851647,0,3.318709144735122
5482975826,Okyanus,41.017281,28.969719,food,amenity:cafe,cafe,,,,POINT (28.969719 41.017281),2379738148,1620494638,0,5.439961045797922
5113486768,Okçular,41.027014,28.938743,food,amenity:cafe,cafe,,,,POINT (28.938743 41.027014),1060491257,1060491381,0,8.490064559185734
5086061064,Onur Cafe,41.026153,28.955656,food,amenity:cafe,cafe,,,,POINT (28.955656 41.026153),1061754409,1061754209,0,4.7345972847095625
5113500318,Optimist cafe,41.005619,28.974622,food,amenity:cafe,cafe,,,,POINT (28.974622 41.005619),1645185386,275588161,0,6.251811001019232
5081264693,Orta Kahve,41.015009,28.941486,food,amenity:cafe,cafe,,,,POINT (28.941486 41.015009),1059239529,1059239565,0,5.393921336152329
5026474508,Osman Oğlu Cafe,41.010744,28.947781,food,amenity:cafe,cafe,,,,POINT (28.947781 41.010744),1059240028,1059240030,0,0.6145815736275125
5113481362,Osmanli çay evi,41.022916,28.948606,food,amenity:cafe,cafe,,,,POINT (28.948606 41.022916),10263288069,10263288068,0,4.878471762503983
5243953079,Osmanlı cafe,41.032321,28.948128,food,amenity:cafe,cafe,,,,POINT (28.948128 41.032321),1102729924,1102850546,0,5.986138651707515
3499195653,Ottoman Haimam Cafe,41.007073,28.981424,food,amenity:cafe,cafe,,,,POINT (28.981424 41.007073),277129913,278004997,0,4.580459146574686
5111215126,Oz antep tatlici,41.005419,28.936583,food,amenity:cafe,cafe,,,,POINT (28.936583 41.005419),13477910374,2370778817,0,5.265998914271673
5112749776,Pages Bookstore Cafe,41.031582,28.93865,food,amenity:cafe,cafe,,,,POINT (28.93865 41.031582),10610563937,10610563936,0,8.332422643473736
5111215184,Pala cahve,41.007459,28.942891,food,amenity:cafe,cafe,,,,POINT (28.942891 41.007459),1058996106,1058996265,0,6.164344082714054
5108843112,Palmiye Cafe,41.008484,28.977518,food,amenity:cafe,cafe,,,,POINT (28.977518 41.008484),3124384721,3124384723,0,14.002932625839955
9988046618,Pan-Cake House,41.029856,28.950783,food,amenity:cafe,cafe,,,,POINT (28.950783 41.029856),1102729608,9797231521,0,4.360337511778547
5109654676,Papeti Cafe,41.013181,28.932321,food,amenity:cafe,cafe,,,,POINT (28.932321 41.013181),316924848,316926098,0,12.18991314344044
5086061077,Pasha Hamam Cafe,41.025859,28.956253,food,amenity:cafe,cafe,,,,POINT (28.956253 41.025859),1061753598,1061753769,0,16.57080261054793
5113126712,Pasta Sanatı,41.004605,28.931112,food,amenity:cafe,cafe,,,,POINT (28.931112 41.004605),1057576458,1057578144,0,10.632535804798668
5111215168,Pasta cafe,41.006682,28.941089,food,amenity:cafe,cafe,,,,POINT (28.941089 41.006682),1058996227,1058996127,0,0.31889221878889745
5244801829,Patio Cafe,41.002751,28.971074,food,amenity:cafe,cafe,,,,POINT (28.971074 41.002751),2361227099,3075078760,0,11.718945196454984
5113599454,Paşa,41.007295,28.93836,food,amenity:cafe,cafe,,,,POINT (28.93836 41.007295),1058996011,1058995989,0,5.1520190004778295
5088194898,Paşa Sarayı Nargile Cafe,41.003264,28.930719,food,amenity:cafe,cafe,,,,POINT (28.930719 41.003264),2195428751,1036041052,0,1.84556317240085
5088194880,Paşa Çay,41.003726,28.931724,food,amenity:cafe,cafe,,,,POINT (28.931724 41.003726),2370778799,1036040877,0,3.7614097867196308
5243952769,Pera Cafe,41.015786,28.942774,food,amenity:cafe,cafe,,,,POINT (28.942774 41.015786),2371706523,10090682114,0,13.318078336068497
5113465236,Peron,41.018377,28.952522,food,amenity:cafe,cafe,,,,POINT (28.952522 41.018377),1061625020,1061625001,0,14.497548103531361
10178438619,Peyk Away Coffee,41.00701,28.972181,food,amenity:cafe,cafe,,,,POINT (28.972181 41.00701),4780749715,275606985,0,5.923143164224584
5081265931,Pikinik Büfe,41.012733,28.94181,food,amenity:cafe,cafe,,,,POINT (28.94181 41.012733),1059239608,1059239811,0,11.173631234869877
5111215742,Playstation,41.004286,28.93242,food,amenity:cafe,cafe,,,,POINT (28.93242 41.004286),1036041045,1057577138,0,3.765587077892176
6329932085,Poika Coffee,41.00834,28.975021,food,amenity:cafe,cafe,,,,POINT (28.975021 41.00834),275611821,7711133787,0,5.355109692740299
9688152917,Popstel,41.030185,28.950564,food,amenity:cafe,cafe,,,,POINT (28.950564 41.030185),1102729588,1102729594,0,6.950414239064999
9782808314,Prepeed Cafe,41.01414,28.979121,food,amenity:cafe,cafe,,,,POINT (28.979121 41.01414),278366508,278366504,0,4.423526815611884
5112749091,Reverence Balat,41.033231,28.946577,food,amenity:cafe,cafe,,,,POINT (28.946577 41.033231),1102850488,1102850685,0,8.16472979100292
5112751033,Reverence Balat,41.033246,28.946579,food,amenity:cafe,cafe,,,,POINT (28.946579 41.033246),1102850488,1102850685,0,9.722916157367699
5088192753,Reçete Cafe,41.001969,28.935995,food,amenity:cafe,cafe,,,,POINT (28.935995 41.001969),1036041686,1035582633,0,2.022158515430461
12254566936,Root'inn,41.015001,28.974344,food,amenity:cafe,cafe,,,,POINT (28.974344 41.015001),10617332666,252235555,0,9.265966739154297
5243945184,Rumeli Cafe & Restaurant,41.017684,28.949264,food,amenity:cafe,cafe,,,,POINT (28.949264 41.017684),9760089527,1059851524,0,11.397617780828359
4589956100,Rumeli Çikolatacısı,41.017687,28.949267,food,amenity:cafe,cafe,,,,POINT (28.949267 41.017687),9760089527,1059851524,0,10.993338733602508
5108828654,Sagalasos Cafe İstanbul,41.014505,28.977278,food,amenity:cafe,cafe,,,,POINT (28.977278 41.014505),3079738264,6903351874,0,8.935622294978778
7234964285,Saklı Bahçe,41.012141,28.934238,food,amenity:cafe,cafe,,,,POINT (28.934238 41.012141),316964802,316926047,0,11.632471885109513
5100825072,Saklıbahçe Nargile Cafe,41.021481,28.926959,food,amenity:cafe,cafe,,,,POINT (28.926959 41.021481),1059137007,1059137006,0,12.4113860726229
5088194829,Samatya Büfe,40.999624,28.931399,food,amenity:cafe,cafe,,,,POINT (28.931399 40.999624),1035580905,1035580904,0,4.0899359082389335
5088190905,Samatya Cafe ve Van Kahvaltı Salonu,40.999307,28.932854,food,amenity:cafe,cafe,,,,POINT (28.932854 40.999307),1035580973,13619226818,0,7.465910585544528
5108828690,Sarayburnu Aile Çay Bahçesi,41.017568,28.985708,food,amenity:cafe,cafe,,,,POINT (28.985708 41.017568),7511154358,12382156880,0,26.027673991341256
3746916685,Sark Kahvesi,41.010567,28.967536,food,amenity:cafe,cafe,,,,POINT (28.967536 41.010567),3082517862,3082517869,0,2.717726852273875
5244809859,Sarnıç Nargile Cafe,41.008305,28.967066,food,amenity:cafe,cafe,,,,POINT (28.967066 41.008305),3081510982,3081510979,0,4.971725138857687
5113465008,Satli kahve,41.019639,28.951807,food,amenity:cafe,cafe,,,,POINT (28.951807 41.019639),1061625035,7244872125,0,4.084685800462162
4288291390,Sea front,41.017552,28.964466,food,amenity:cafe,cafe,,,,POINT (28.964466 41.017552),311375343,311375342,1,1.2873016242631221
5113620683,Sebil Cafe,41.007498,28.979634,food,amenity:cafe,cafe,,,,POINT (28.979634 41.007498),31678639,3076865569,0,17.869084268321316
5108874525,Sedef Büfe,41.008126,28.973825,food,amenity:cafe,cafe,,,,POINT (28.973825 41.008126),3282349641,3282349642,0,7.275961463451007
5086061116,Sedosh cafe,41.028702,28.952598,food,amenity:cafe,cafe,,,,POINT (28.952598 41.028702),364451385,364451321,0,9.596037342999722
5113127752,Sefa Cafe,41.005748,28.932444,food,amenity:cafe,cafe,,,,POINT (28.932444 41.005748),4540346428,1057577138,0,6.0477649725712395
5482975827,Sefa-i Hürrem Kafe,41.016617,28.966383,food,amenity:cafe,cafe,,,,POINT (28.966383 41.016617),30215239,2379738142,0,7.326063383570757
5244812085,Sehrin Teras,41.018564,28.966154,food,amenity:cafe,cafe,,,,POINT (28.966154 41.018564),10617237815,1261054643,0,7.912855141095056
5112834074,Sekiz kardşler patisseie cafe restaurant,41.00831,28.952908,food,amenity:cafe,cafe,,,,POINT (28.952908 41.00831),10263288029,1058892587,0,7.802921444895035
5113483411,Selora,41.021088,28.948288,food,amenity:cafe,cafe,,,,POINT (28.948288 41.021088),1061622733,1061622767,0,5.3327783666195785
12496720445,Semaver,41.002296,28.978252,food,amenity:cafe,cafe,,,,POINT (28.978252 41.002296),11005962202,13583574237,0,17.75079313320704
11281508269,Sevda Gazozcusu,41.033449,28.946533,food,amenity:cafe,cafe,,,,POINT (28.946533 41.033449),10613252747,1102850685,0,6.328579660449067
5244795905,Sevil Çay Ocağı,41.017046,28.968729,food,amenity:cafe,cafe,,,,POINT (28.968729 41.017046),2379738136,2379738152,0,4.459535257245691
5113599489,Seylan Çay Evi,41.009491,28.946264,food,amenity:cafe,cafe,,,,POINT (28.946264 41.009491),10127897727,1058892357,0,3.181212090353515
5106132786,Seyran,41.016348,28.930568,food,amenity:cafe,cafe,,,,POINT (28.930568 41.016348),10096318367,1295961514,0,9.825681218073962
5243950770,Seyran,41.018016,28.944359,food,amenity:cafe,cafe,,,,POINT (28.944359 41.018016),1059852048,1060106884,0,7.505860129992664
5109654672,Sezen Cafe,41.012843,28.93172,food,amenity:cafe,cafe,,,,POINT (28.93172 41.012843),412289927,316924160,0,6.144736682719214
5087179463,Sezercan cafe,40.996217,28.927425,food,amenity:cafe,cafe,,,,POINT (28.927425 40.996217),1034388135,1034388084,0,10.085774408053082
5110342189,Simgur kafe,41.013406,28.960926,food,amenity:cafe,cafe,,,,POINT (28.960926 41.013406),311367423,10617771287,0,3.0489077450355873
5113487676,Simit Cafe,41.008123,28.973899,food,amenity:cafe,cafe,,,,POINT (28.973899 41.008123),3282349641,3282349642,0,7.113427603957633
5243950721,Simit Cafe,41.016748,28.942191,food,amenity:cafe,cafe,,,,POINT (28.942191 41.016748),1059852065,1060106974,0,15.654236315274797
5075929029,Simit Salonu,41.012235,28.940292,food,amenity:cafe,cafe,,,,POINT (28.940292 41.012235),9038926423,10093528187,0,22.617209502219467
5075929061,Simit Salonu,41.010119,28.947953,food,amenity:cafe,cafe,,,,POINT (28.947953 41.010119),11532842214,1059240066,0,10.816406338512413
5243949950,Simit Saray,41.021454,28.945509,food,amenity:cafe,cafe,,,,POINT (28.945509 41.021454),1060106902,1060107061,0,9.032658632814638
5106132781,Simit Sarayı,41.016084,28.931084,food,amenity:cafe,cafe,,,,POINT (28.931084 41.016084),10096318361,316924346,0,10.650379199095545
5110347260,Simit Sarayı,41.015282,28.975777,food,amenity:cafe,cafe,,,,POINT (28.975777 41.015282),10617354303,10617342044,0,4.2159583618880925
5081274330,Simit salonu,41.009962,28.951631,food,amenity:cafe,cafe,,,,POINT (28.951631 41.009962),13530207333,990017286,0,5.637333249905315
5106132768,Simitçi Kahvesi,41.015116,28.933005,food,amenity:cafe,cafe,,,,POINT (28.933005 41.015116),412289931,1064304315,0,5.8041030992007965
5053701524,Simurg,41.013444,28.961055,food,amenity:cafe,cafe,,,,POINT (28.961055 41.013444),311367423,10617771287,0,6.602536466859012
5099040173,Sinekli Bakkal Çay Bahçesi,41.008262,28.947359,food,amenity:cafe,cafe,,,,POINT (28.947359 41.008262),1058892391,10603586353,0,4.319158266281024
5107245371,Sipahi Oğlu Cafe,41.004895,28.924692,food,amenity:cafe,cafe,,,,POINT (28.924692 41.004895),1055512593,1055512592,0,6.097693224187656
5106132747,Sniper Coffee,41.013894,28.93555,food,amenity:cafe,cafe,,,,POINT (28.93555 41.013894),316924478,316924497,0,9.161193086703078
5194805323,Sofya kebab house,41.004745,28.970999,food,amenity:cafe,cafe,,,,POINT (28.970999 41.004745),275605024,248137315,0,3.8281081114645015
5113471043,Sohbet Çay Evi,41.016891,28.951667,food,amenity:cafe,cafe,,,,POINT (28.951667 41.016891),1061625174,1061625204,0,7.058866663742493
5243951382,Sola cafe,41.020202,28.945633,food,amenity:cafe,cafe,,,,POINT (28.945633 41.020202),1060106875,1060106868,0,6.898109967917261
5113465012,Somuncu baba,41.019002,28.951097,food,amenity:cafe,cafe,,,,POINT (28.951097 41.019002),1061625104,2371737279,0,7.161768162734782
3499249056,Son Osmanlı Nargile Cafe,41.015406,28.941901,food,amenity:cafe,cafe,,,,POINT (28.941901 41.015406),1059240231,10090682094,0,18.099915901985007
5243950766,Special Cafe,41.018262,28.945281,food,amenity:cafe,cafe,,,,POINT (28.945281 41.018262),2379850486,1059851620,0,6.86369545256142
2113030155,Starbucks,41.014481,28.945086,food,amenity:cafe,cafe,,,,POINT (28.945086 41.014481),1059851646,1059851761,0,38.01537252889723
5081442497,Starbucks,41.024549,28.959158,food,amenity:cafe,cafe,,,,POINT (28.959158 41.024549),2378719423,1061753332,0,22.84294344513287
5108843728,Starbucks,41.008334,28.973752,food,amenity:cafe,cafe,,,,POINT (28.973752 41.008334),13431435318,13431435314,0,5.572989036328467
5243952762,Starbucks,41.017167,28.940939,food,amenity:cafe,cafe,,,,POINT (28.940939 41.017167),1060106940,1060106941,0,12.633128716400089
9162042117,Starbucks,41.008474,28.969477,food,amenity:cafe,cafe,,,,POINT (28.969477 41.008474),9040148777,277129980,0,6.413874259362789
5113592128,Sultan Cafe,41.008451,28.937445,food,amenity:cafe,cafe,,,,POINT (28.937445 41.008451),8514450047,3371746129,0,7.5252874184586105
6274260488,Sultanahmet Kahvesi,41.008336,28.975348,food,amenity:cafe,cafe,,,,POINT (28.975348 41.008336),275611820,8602048856,0,7.450710865928325
5113126642,Sunya Cafe,41.004038,28.931682,food,amenity:cafe,cafe,,,,POINT (28.931682 41.004038),1036040877,3363397487,0,5.9405978701524145
5113620685,Sur Cafe,41.010311,28.979179,food,amenity:cafe,cafe,,,,POINT (28.979179 41.010311),13433927174,275610075,0,3.8834476881133337
5113615750,Sur cafe,41.031181,28.936368,food,amenity:cafe,cafe,,,,POINT (28.936368 41.031181),12356607908,1064575072,0,8.925404177498413
6939653172,Süleymaniye Coffee House,41.01575,28.961976,food,amenity:cafe,cafe,,,,POINT (28.961976 41.01575),13384266553,12824125145,0,3.7404352729674217
12945229563,Süleymaniye Çikolatacısı,41.013031,28.960732,food,amenity:cafe,cafe,,,,POINT (28.960732 41.013031),311367423,311367424,0,6.4186760925019515
7021236414,Sütlü Kahve,41.011379,28.959187,food,amenity:cafe,cafe,,,,POINT (28.959187 41.011379),256099720,7784240500,0,11.29833340516084
5243945203,Sütlükahve,41.01904,28.947934,food,amenity:cafe,cafe,,,,POINT (28.947934 41.01904),1059851607,1059851585,0,7.459025374102513
5107247588,Sılam Cafe,41.006957,28.930552,food,amenity:cafe,cafe,,,,POINT (28.930552 41.006957),13596806813,13596806812,0,9.445227471080678
5115937998,Sıt-ar Cafe,41.009321,28.930793,food,amenity:cafe,cafe,,,,POINT (28.930793 41.009321),817265363,11002147792,0,4.341160625754894
5113500285,T cafe,41.008111,28.971527,food,amenity:cafe,cafe,,,,POINT (28.971527 41.008111),269722911,8602077958,0,3.4194302764955133
5113592168,TADIM,41.011063,28.938705,food,amenity:cafe,cafe,,,,POINT (28.938705 41.011063),316964805,1058995758,0,10.635184558349529
5108837427,Tan Vakti,41.013759,28.97515,food,amenity:cafe,cafe,,,,POINT (28.97515 41.013759),11165697752,11165697753,0,4.365293931036858
5113599723,Tarbuş Cafe,41.009813,28.945434,food,amenity:cafe,cafe,,,,POINT (28.945434 41.009813),10127897727,2380739941,0,4.613094293624735
5113465234,Tarihi At Pazarı,41.018498,28.952562,food,amenity:cafe,cafe,,,,POINT (28.952562 41.018498),1061625001,1061625020,0,3.5795138550022707
5113465269,Tarihi merkez çay evi,41.018136,28.951372,food,amenity:cafe,cafe,,,,POINT (28.951372 41.018136),1061625181,1061625104,0,4.262731475145189
5113487043,Tarihi vezneciler külhan cafe,41.011464,28.961285,food,amenity:cafe,cafe,,,,POINT (28.961285 41.011464),10178682993,1262194338,0,11.236763722197136
8842876518,Tarini Eminönü kahvecisi,41.01641,28.973791,food,amenity:cafe,cafe,,,,POINT (28.973791 41.01641),13602762043,252235687,0,10.538550866531784
5110347256,Tatlıcı Safa Sirkeci,41.014976,28.975606,food,amenity:cafe,cafe,,,,POINT (28.975606 41.014976),8602030539,10617354303,0,3.5193770879627446
5115937376,Taç Cafe,41.008057,28.93695,food,amenity:cafe,cafe,,,,POINT (28.93695 41.008057),1057578238,1057578091,0,5.470726350573636
5107305881,Tea House,41.008529,28.949775,food,amenity:cafe,cafe,,,,POINT (28.949775 41.008529),1058892504,1058892518,0,4.117525313068988
5111206131,Teknik Internet cafe,41.020028,28.962236,food,amenity:cafe,cafe,,,,POINT (28.962236 41.020028),1260180121,3085947154,0,3.238733231801338
5088190863,Telis Cafe,40.999454,28.932295,food,amenity:cafe,cafe,,,,POINT (28.932295 40.999454),1035580965,1035581104,0,3.4617419807604537
5113487026,Teras cafe,41.01694,28.964609,food,amenity:cafe,cafe,,,,POINT (28.964609 41.01694),1261054686,311375342,0,19.52352473023626
5110344587,Teras kafe,41.017194,28.964388,food,amenity:cafe,cafe,,,,POINT (28.964388 41.017194),4516155305,311375343,0,3.951190419017007
5081443125,Terzioğlu cafe,41.024622,28.957229,food,amenity:cafe,cafe,,,,POINT (28.957229 41.024622),1061754134,1061754292,0,1.3055517356457096
7108569085,Teteria Narguile,41.008548,28.970712,food,amenity:cafe,cafe,,,,POINT (28.970712 41.008548),3181221421,13431435303,0,1.3126011162906355
12347693544,The Coff's,41.013922,28.977041,food,amenity:cafe,cafe,,,,POINT (28.977041 41.013922),2825649986,3079738258,0,4.825652652216498
5244801972,The Corner Cafe,41.003699,28.969698,food,amenity:cafe,cafe,,,,POINT (28.969698 41.003699),275608502,275608484,0,3.914754130537603
5081445066,The House Cafe,41.026414,28.958401,food,amenity:cafe,cafe,,,,POINT (28.958401 41.026414),1059527274,8782021576,0,9.455583642661914
5113500242,Timeks cafe,41.004944,28.973621,food,amenity:cafe,cafe,,,,POINT (28.973621 41.004944),3075182578,3075182593,0,8.145995716379797
5113620619,Topdeck,41.006231,28.980986,food,amenity:cafe,cafe,,,,POINT (28.980986 41.006231),278004973,1248902329,0,6.0627068346088935
5103810798,Topkapi Cafe,41.019746,28.92573,food,amenity:cafe,cafe,,,,POINT (28.92573 41.019746),2368765260,2368765262,0,2.797975497448905
11968450324,Topkapu,41.008801,28.981162,food,amenity:cafe,cafe,,,,POINT (28.981162 41.008801),31678621,275610075,0,7.5718098152010045
5111212306,Truva,41.016213,28.973028,food,amenity:cafe,cafe,,,,POINT (28.973028 41.016213),252235465,311367407,0,13.154520081159646
5244801896,Turkish Street Cafe,41.003449,28.974962,food,amenity:cafe,cafe,,,,POINT (28.974962 41.003449),349271203,2379706612,0,11.901641068268972
5107247603,Tuğra Pastanesi,41.006309,28.929118,food,amenity:cafe,cafe,,,,POINT (28.929118 41.006309),1057576228,1057576118,0,3.321280855676377
5244807622,Türk Ocağı İstanbul Şubesi,41.008763,28.972495,food,amenity:cafe,cafe,,,,POINT (28.972495 41.008763),3082166456,13431435311,0,6.685002780748576
5489388021,Türk ocagi,41.008781,28.973342,food,amenity:cafe,cafe,,,,POINT (28.973342 41.008781),269716638,269716442,0,15.514891638040119
5115933203,Türkiș Kafe,41.003469,28.930834,food,amenity:cafe,cafe,,,,POINT (28.930834 41.003469),1036041052,1057576305,0,9.94389222055764
5244795903,Ugur Büfe ve Çayocağı,41.016918,28.968711,food,amenity:cafe,cafe,,,,POINT (28.968711 41.016918),2379738152,2379738136,0,2.3358587790447003
5113127741,Unkap Pastanesi,41.003935,28.931266,food,amenity:cafe,cafe,,,,POINT (28.931266 41.003935),1057578144,1057576458,0,13.14102676558095
5244810297,Ureni Cafe,41.005049,28.965167,food,amenity:cafe,cafe,,,,POINT (28.965167 41.005049),248137282,248137304,0,7.354843069207148
5113126700,Uğur Çay Evi,41.005503,28.930986,food,amenity:cafe,cafe,,,,POINT (28.930986 41.005503),13596871519,13596871521,0,3.773530714619586
5110342211,Vabens Cafe & Bistro,41.013074,28.960779,food,amenity:cafe,cafe,,,,POINT (28.960779 41.013074),311367424,311367423,0,6.705693587558707
5110347242,Valide,41.016024,28.973013,food,amenity:cafe,cafe,,,,POINT (28.973013 41.016024),311367407,252235465,0,5.402427314570218
9988069817,Vanilla Balat,41.029952,28.950802,food,amenity:cafe,cafe,,,,POINT (28.950802 41.029952),1102729608,9797231521,0,5.090011293854891
5081265960,Vatan Cafe,41.012107,28.946381,food,amenity:cafe,cafe,,,,POINT (28.946381 41.012107),2380735237,1059239948,0,18.970758669313646
5110342187,Vefa Bozacısı 1876,41.015324,28.958418,food,amenity:cafe,cafe,,,,POINT (28.958418 41.015324),1260095496,311371929,0,7.6801471213714825
5053701523,Vefakar,41.013518,28.960538,food,amenity:cafe,cafe,,,,POINT (28.960538 41.013518),311367423,10617771287,0,11.429439576941972
10196872217,Velvet,41.031105,28.9487,food,amenity:cafe,cafe,,,,POINT (28.9487 41.031105),1102850536,1102850639,0,5.698422968098629
10296535709,Velvet Cafe Balat,41.031132,28.948745,food,amenity:cafe,cafe,,,,POINT (28.948745 41.031132),1102850536,1102850639,0,5.38560431629251
5081265932,Venezia Cafe,41.0125,28.941409,food,amenity:cafe,cafe,,,,POINT (28.941409 41.0125),1059239608,1059239811,0,6.131696773374074
5107305862,Vera Cafe,41.00835,28.949383,food,amenity:cafe,cafe,,,,POINT (28.949383 41.00835),1058892504,10068617936,0,8.437188828607546
5113481347,Waterpipe,41.020889,28.949057,food,amenity:cafe,cafe,,,,POINT (28.949057 41.020889),1061624325,1061622543,0,13.557505444660313
5106121842,Yale Cafe,41.016824,28.954338,food,amenity:cafe,cafe,,,,POINT (28.954338 41.016824),10660070279,10660070278,0,11.903163404034842
5113470994,Yaren Çay Ocağı,41.014897,28.927532,food,amenity:cafe,cafe,,,,POINT (28.927532 41.014897),12568149410,316968641,0,4.070487545654222
5081442489,Yarım Elma Kafe,41.02308,28.960943,food,amenity:cafe,cafe,,,,POINT (28.960943 41.02308),11511878761,12022588411,0,7.183425749244938
5086061063,Yazicioglu Cafe,41.026028,28.955686,food,amenity:cafe,cafe,,,,POINT (28.955686 41.026028),1061753769,1061754409,0,3.629576709096012
4225526502,Yaşar Çay Cafe,41.016564,28.950485,food,amenity:cafe,cafe,,,,POINT (28.950485 41.016564),3398293421,1059852199,0,3.060935019520039
11020844512,Yaşayan Mutfak,41.0097,28.976672,food,amenity:cafe,cafe,,,,POINT (28.976672 41.0097),1646281964,3179959794,0,7.371307073694274
5113483662,Yedi emirler çay evi,41.020863,28.947167,food,amenity:cafe,cafe,,,,POINT (28.947167 41.020863),1061622686,1061622681,0,3.9118624257385726
5110344552,Yeditepe cafe,41.017122,28.966355,food,amenity:cafe,cafe,,,,POINT (28.966355 41.017122),1261054664,1261054605,0,3.78881130300914
5113470974,Yeraltı Cafe,41.013482,28.923816,food,amenity:cafe,cafe,,,,POINT (28.923816 41.013482),1057575658,316968661,0,11.664373022703307
5113610076,Yeşil karadeniz kıraathanesi,41.031055,28.94472,food,amenity:cafe,cafe,,,,POINT (28.94472 41.031055),1102850457,1102850455,0,3.7601758255814737
6132533387,Yolsanat,40.99441,28.927367,food,amenity:cafe,cafe,,,,POINT (28.927367 40.99441),1034388245,1034388252,0,3.497290873111756
5108843072,Yücer Han Çay Ocağı,41.00914,28.975704,food,amenity:cafe,cafe,,,,POINT (28.975704 41.00914),275612349,3179959794,0,4.565221001768035
5113481391,Yıldırım çay evi,41.024172,28.948316,food,amenity:cafe,cafe,,,,POINT (28.948316 41.024172),10263288070,1061624045,0,4.181669552183766
5075929028,Zaitoune Oglu tatlasi,41.012294,28.940187,food,amenity:cafe,cafe,,,,POINT (28.940187 41.012294),2379681787,487079715,0,14.875633493144944
5106123816,Zaitouneh Oğlu,41.020918,28.942452,food,amenity:cafe,cafe,,,,POINT (28.942452 41.020918),12825913094,12825913093,0,5.6220087246009545
11729934270,Zeyrekhane,41.019915,28.957708,food,amenity:cafe,cafe,,,,POINT (28.957708 41.019915),12840929399,12367467120,0,14.008662519927128
5110345634,Zirve büfe,41.011908,28.974807,food,amenity:cafe,cafe,,,,POINT (28.974807 41.011908),4780684917,2768450538,0,4.094420411330535
5113465252,Zuhal pastanesi,41.018732,28.952465,food,amenity:cafe,cafe,,,,POINT (28.952465 41.018732),10609408198,1061625020,0,5.507186341620613
8829972517,balik ekmek,41.00892,28.96755,food,amenity:cafe,cafe,,,,POINT (28.96755 41.00892),13431433996,13431433998,0,1.3488091913004425
5040021621,bi kahve,41.014439,28.974736,food,amenity:cafe,cafe,,,,POINT (28.974736 41.014439),3402247668,3402247670,0,4.712614081077822
9410434317,degirmencioglu,41.011655,28.97003,food,amenity:cafe,cafe,,,,POINT (28.97003 41.011655),311371096,311371017,0,3.571075570023625
5088192745,güçlü büfe,41.002167,28.936886,food,amenity:cafe,cafe,,,,POINT (28.936886 41.002167),11889589310,1036041686,0,8.814865964764032
5243951400,joman's cafe,41.021194,28.944604,food,amenity:cafe,cafe,,,,POINT (28.944604 41.021194),1060106869,2371623903,0,6.123575521967953
5113609519,karagümrük spor lokali cafe,41.026416,28.939977,food,amenity:cafe,cafe,,,,POINT (28.939977 41.026416),4311935845,1064222268,0,8.213411789817838
11019981807,mare mosso caffè e vendite,41.034077,28.946383,food,amenity:cafe,cafe,,,,POINT (28.946383 41.034077),10613252747,1102850685,0,2.969847904088599
6390543885,peşrevzade,41.014328,28.974861,food,amenity:cafe,cafe,,,,POINT (28.974861 41.014328),3402247668,11165697750,0,4.511810688961645
5110342153,pide cafe bestro,41.013541,28.961135,food,amenity:cafe,cafe,,,,POINT (28.961135 41.013541),10073446405,1936894885,0,1.6563526866209732
5110342151,pipo kafe,41.013302,28.96103,food,amenity:cafe,cafe,,,,POINT (28.96103 41.013302),311367423,10617771287,0,7.505024547588784
9585484817,quedada,41.010972,28.968723,food,amenity:cafe,cafe,,,,POINT (28.968723 41.010972),3082586181,3082586164,0,0.3901122021746074
5110342148,sahra kafe,41.013422,28.960766,food,amenity:cafe,cafe,,,,POINT (28.960766 41.013422),311367423,10617771287,0,9.259140471566642
5244795904,salep kadem salepçilik,41.016992,28.968815,food,amenity:cafe,cafe,,,,POINT (28.968815 41.016992),2379738136,2379738152,0,4.897581731352377
5243951420,sultan jepe,41.021312,28.944977,food,amenity:cafe,cafe,,,,POINT (28.944977 41.021312),3143613871,1060106876,0,5.707147114939921
5110342147,tebessüm kafe,41.013444,28.961068,food,amenity:cafe,cafe,,,,POINT (28.961068 41.013444),10617771287,311367423,0,7.225739986292454
5243951378,trend cafe,41.020361,28.945913,food,amenity:cafe,cafe,,,,POINT (28.945913 41.020361),1060106868,1060106875,0,7.334612304849805
5113481381,uğur pastanesi,41.023752,28.947679,food,amenity:cafe,cafe,,,,POINT (28.947679 41.023752),1061624045,10263288070,0,6.907208565275914
5026474509,vay cafe,41.01091,28.947647,food,amenity:cafe,cafe,,,,POINT (28.947647 41.01091),1059240030,4618151745,0,0.7587409985776687
5026474514,vay cafe,41.012867,28.945195,food,amenity:cafe,cafe,,,,POINT (28.945195 41.012867),2380735243,2380735237,0,11.500703926023458
5110342171,vefa internet cafe,41.016838,28.958609,food,amenity:cafe,cafe,,,,POINT (28.958609 41.016838),311375350,2195426979,1,4.379433716613072
5075962035,yeni kahve,41.012565,28.949086,food,amenity:cafe,cafe,,,,POINT (28.949086 41.012565),1059852770,1059852975,0,3.3654322613926047
5112749747,Çakırağa Çay Evi,41.032931,28.939584,food,amenity:cafe,cafe,,,,POINT (28.939584 41.032931),1064575152,1064574865,0,4.2128728820448655
5243951992,Çarkicioglu kunefe,41.01867,28.943997,food,amenity:cafe,cafe,,,,POINT (28.943997 41.01867),1060107005,1060106884,0,10.592612950891343
5113483379,Çay,41.021632,28.948058,food,amenity:cafe,cafe,,,,POINT (28.948058 41.021632),1061623927,1061622767,0,4.25840246727716
5243951387,Çay,41.020679,28.945095,food,amenity:cafe,cafe,,,,POINT (28.945095 41.020679),1060106868,1060106869,0,4.432682739652931
5107245402,Çay Evi,41.006941,28.927568,food,amenity:cafe,cafe,,,,POINT (28.927568 41.006941),1057576038,1057575951,0,4.858613193702355
5113125938,Çay Evi,41.004171,28.928847,food,amenity:cafe,cafe,,,,POINT (28.928847 41.004171),1055513083,2380794371,0,7.310503139686006
5113127748,Çay Evi,41.005187,28.931549,food,amenity:cafe,cafe,,,,POINT (28.931549 41.005187),3363400945,4540346428,0,2.761691525117119
5088194825,Çay Evı,40.999931,28.931674,food,amenity:cafe,cafe,,,,POINT (28.931674 40.999931),1035581614,1035580900,0,4.570145465586708
5112749104,Çay Ocağı,41.033243,28.94458,food,amenity:cafe,cafe,,,,POINT (28.94458 41.033243),1102850524,1102850497,0,7.863450994542946
5081445083,Çaykur Özel Çaylar Satış Bayii,41.028746,28.952806,food,amenity:cafe,cafe,,,,POINT (28.952806 41.028746),11885165097,13602762092,0,7.24212650214689
4940583962,Çi Börek,41.011134,28.934419,food,amenity:cafe,cafe,,,,POINT (28.934419 41.011134),4601372338,4601372340,0,3.886763366199641
5113462476,Çikolata hane,41.017253,28.950878,food,amenity:cafe,cafe,,,,POINT (28.950878 41.017253),1061625197,1061625154,0,1.8897047386803771
8839753117,Çinaralti Cafe,41.01535,28.974288,food,amenity:cafe,cafe,,,,POINT (28.974288 41.01535),278344482,252235555,0,6.272728593450401
5075929041,Çobanoğlu,41.011112,28.94362,food,amenity:cafe,cafe,,,,POINT (28.94362 41.011112),1059239800,2371631230,0,14.549432695399632
5113462472,Çobanoğlu Baklavacı,41.017466,28.950302,food,amenity:cafe,cafe,,,,POINT (28.950302 41.017466),1061625197,10263288060,0,11.636026517605634
5115940962,Çınar Cafe,41.000324,28.930751,food,amenity:cafe,cafe,,,,POINT (28.930751 41.000324),1035581607,1035581799,0,4.108643843042112
5113495951,Öz cafe,41.026749,28.936149,food,amenity:cafe,cafe,,,,POINT (28.936149 41.026749),1060491421,1060491295,0,6.550680106154266
5081442514,Özge Cafe,41.025361,28.958008,food,amenity:cafe,cafe,,,,POINT (28.958008 41.025361),1061753319,1061753316,0,4.52870545356691
5108843389,Özgün Çay Evi,41.010664,28.977166,food,amenity:cafe,cafe,,,,POINT (28.977166 41.010664),3079788591,2379695100,0,17.646588863342917
5107247558,Özgür Büfe,41.00418,28.929485,food,amenity:cafe,cafe,,,,POINT (28.929485 41.00418),1055513083,1057576279,0,2.3880444869689876
5243952002,çay evi,41.019238,28.943419,food,amenity:cafe,cafe,,,,POINT (28.943419 41.019238),1060106865,1060107005,0,8.91460951902892
5130480321,çikolata cafe,41.021239,28.945613,food,amenity:cafe,cafe,,,,POINT (28.945613 41.021239),1060106876,1060106902,0,3.8299764785479655
5110342161,özlem kafe,41.016014,28.959137,food,amenity:cafe,cafe,,,,POINT (28.959137 41.016014),512541822,3379728855,0,3.9895295305930487
5113481400,İlkerim cafe,41.023624,28.95145,food,amenity:cafe,cafe,,,,POINT (28.95145 41.023624),1061754050,1061624724,0,6.397068214978584
5113594821,İnternet Cafe,41.009346,28.947908,food,amenity:cafe,cafe,,,,POINT (28.947908 41.009346),1058892482,1058892458,0,1.3610058343289515
5113620673,İstanbul Kahvehanesi,41.006212,28.978663,food,amenity:cafe,cafe,,,,POINT (28.978663 41.006212),3243465420,1325246136,0,11.39346127588344
5110344548,Şafak Büfe,41.017826,28.966956,food,amenity:cafe,cafe,,,,POINT (28.966956 41.017826),1261054728,311375190,0,5.350423763864489
5113465223,Şam kahvesi,41.017839,28.952099,food,amenity:cafe,cafe,,,,POINT (28.952099 41.017839),1061625106,6990550008,0,7.835844138806971
5081442501,Şantiye,41.026041,28.958819,food,amenity:cafe,cafe,,,,POINT (28.958819 41.026041),2378719423,1061753332,0,4.412238050079312
5106122985,Şefikoğluları Künefe,41.017159,28.954395,food,amenity:cafe,cafe,,,,POINT (28.954395 41.017159),1061624988,1061624996,0,8.306117688144855
5100823715,Şehri destan Cafe,41.01693,28.931141,food,amenity:cafe,cafe,,,,POINT (28.931141 41.01693),1059137419,1059137339,0,4.619647148297168
4944079421,Şehzade Nargile Cafe Restaurant,41.005846,28.933919,food,amenity:cafe,cafe,,,,POINT (28.933919 41.005846),1057576838,3363412435,0,21.86616457924429
5113465020,Şelale çay evi,41.01796,28.952025,food,amenity:cafe,cafe,,,,POINT (28.952025 41.01796),2371737278,1061625106,0,3.216123186194969
5113480886,şam şerif,41.020086,28.948156,food,amenity:cafe,cafe,,,,POINT (28.948156 41.020086),2371712091,4884590237,0,3.852493895054897
10781264705,Изил,41.003369,28.968932,food,amenity:cafe,cafe,,,,POINT (28.968932 41.003369),3075078796,3075078767,0,8.778423616678383
5108828629,Кафе Стамбул,41.013405,28.978358,food,amenity:cafe,cafe,,,,POINT (28.978358 41.013405),278366515,278366502,0,9.25829597504878
4299010989,Панорама Стамбула,41.016976,28.966256,food,amenity:cafe,cafe,,,,POINT (28.966256 41.016976),1261054664,1261054605,0,9.766533814148655
4318400191,محمد أفندي,41.016553,28.970383,food,amenity:cafe,cafe,,,,POINT (28.970383 41.016553),3083509873,11812527287,0,1.910803489843091
5230181122,مطعم طربوش,41.010468,28.946386,food,amenity:cafe,cafe,,,,POINT (28.946386 41.010468),10093528155,1057437389,0,23.054494317974488
5106132752,2 Lokma,41.014232,28.934838,food,amenity:restaurant,restaurant,,,,POINT (28.934838 41.014232),316924477,1295933748,0,12.051469997844034
5016287521,2017,41.010174,28.947996,food,amenity:restaurant,restaurant,,,,POINT (28.947996 41.010174),11532842214,1059240066,0,17.60470778724376
5188756121,2K Chicken,41.016813,28.970432,food,amenity:restaurant,restaurant,,,,POINT (28.970432 41.016813),11812527287,11812527294,0,10.832391607700865
5108843556,360 Panorama Cihannuma Restaurant,41.009146,28.977554,food,amenity:restaurant,restaurant,,,,POINT (28.977554 41.009146),3124384721,1646281964,0,21.706272567401633
5112834045,37 sultan restaurant,41.008685,28.951606,food,amenity:restaurant,restaurant,,,,POINT (28.951606 41.008685),1058892571,4286601068,0,0.9363263583821823
5113620686,3B resturant,41.009867,28.978836,food,amenity:restaurant,restaurant,,,,POINT (28.978836 41.009867),13433927174,13433942467,0,6.913165713770899
5081274323,63 Metro Pide,41.010516,28.951441,food,amenity:restaurant,restaurant,,,,POINT (28.951441 41.010516),990015289,990017342,0,7.443217329948959
4145039606,AGORA Meyhanesi 1890,41.033537,28.946766,food,amenity:restaurant,restaurant,,,,POINT (28.946766 41.033537),1590877531,11491671405,0,11.643043001492948
2771801936,ANTEB Kebab & Pizza,41.008581,28.974044,food,amenity:restaurant,restaurant,,,,POINT (28.974044 41.008581),13431435318,269716327,0,6.985663413125739
5100823691,ASRIN PASTANESi,41.019415,28.931988,food,amenity:restaurant,restaurant,,,,POINT (28.931988 41.019415),11036241529,11036241722,0,6.56503662340426
5113470996,Abalı Quesillas Mexican Restaurant,41.015183,28.927596,food,amenity:restaurant,restaurant,,,,POINT (28.927596 41.015183),818879492,818879506,0,9.058413168277225
5113598487,Abo şemso,41.009994,28.941061,food,amenity:restaurant,restaurant,,,,POINT (28.941061 41.009994),1058995844,1058995777,0,5.233458303507237
9584848878,Acar Büfe - Hocapaşa Menemencisi,41.014042,28.975426,food,amenity:restaurant,restaurant,,,,POINT (28.975426 41.014042),3457689628,3079738266,0,2.7222860122054007
5110347273,Acemoğlu Baklavaları,41.016058,28.976222,food,amenity:restaurant,restaurant,,,,POINT (28.976222 41.016058),3457706707,3457689675,0,3.0084754353024414
5244796162,Acemoğlu Beklavaları,41.017297,28.968848,food,amenity:restaurant,restaurant,,,,POINT (28.968848 41.017297),2379738152,3083509880,0,3.6920421985988363
5113473738,Acıktım Kardeşler Pide Lahmacun Şehremini,41.012006,28.92475,food,amenity:restaurant,restaurant,,,,POINT (28.92475 41.012006),1057575042,316974282,0,8.178060836929115
5075962044,Acıktım dürüm evi,41.011591,28.950018,food,amenity:restaurant,restaurant,,,,POINT (28.950018 41.011591),9809606571,990017839,0,7.008937684473694
5115937383,Ada Balık Evim,41.00936,28.937601,food,amenity:restaurant,restaurant,,,,POINT (28.937601 41.00936),1036040451,1036040634,0,5.3726808025870625
9480329226,Adana Güneş Kebap,41.016953,28.956147,food,amenity:restaurant,restaurant,,,,POINT (28.956147 41.016953),1061624194,1061624202,0,18.070953460008354
5113599517,Adıvar Cafeteria,41.009511,28.945354,food,amenity:restaurant,restaurant,,,,POINT (28.945354 41.009511),2380739941,2371640755,0,15.327938251615457
5110342166,Afacan büfe,41.015608,28.958845,food,amenity:restaurant,restaurant,,,,POINT (28.958845 41.015608),311371929,1260095496,0,6.8248986318377955
5243950219,Affouri,41.017049,28.942568,food,amenity:restaurant,restaurant,,,,POINT (28.942568 41.017049),1060106949,1060106952,0,10.918941565833201
10183104124,Afghan Faryab restaurant,41.005036,28.958007,food,amenity:restaurant,restaurant,,,,POINT (28.958007 41.005036),1018527964,1016468796,0,6.516747884739795
5110342163,Ahmet usta dürüm,41.015527,28.958824,food,amenity:restaurant,restaurant,,,,POINT (28.958824 41.015527),1260095496,311371929,0,9.950594605171583
5243952776,Ahsen hatay sofrasi,41.015241,28.943519,food,amenity:restaurant,restaurant,,,,POINT (28.943519 41.015241),1059851833,1059851985,0,8.033548515191889
5111214093,Ahtim,41.004318,28.943793,food,amenity:restaurant,restaurant,,,,POINT (28.943793 41.004318),1058996556,1058996287,0,0.7842494475596684
5099040204,Ahtım Köfte ve Ev Yemekleri,41.004392,28.943862,food,amenity:restaurant,restaurant,,,,POINT (28.943862 41.004392),1058996288,1058996287,0,8.123255266767414
6434110785,Ahır Kapı Fish House,41.003308,28.97985,food,amenity:restaurant,restaurant,,,,POINT (28.97985 41.003308),10653923936,566635077,0,8.250894752785081
5112749785,Ak Çiçek Mangal,41.030439,28.940378,food,amenity:restaurant,restaurant,,,,POINT (28.940378 41.030439),1064222017,1064575083,0,6.850753631845957
9383576823,Akar,41.014917,28.963049,food,amenity:restaurant,restaurant,,,,POINT (28.963049 41.014917),1936903879,12824125145,0,1.948483219086107
5113620669,Akbıyık Balık Evi,41.004842,28.979573,food,amenity:restaurant,restaurant,,,,POINT (28.979573 41.004842),278004976,278004987,0,12.611271391492092
5599608787,Akdamar Lokantasi,41.013943,28.976027,food,amenity:restaurant,restaurant,,,,POINT (28.976027 41.013943),3079738241,2379693988,0,2.6691667750004244
5243950212,Akdeniz Büfe,41.018872,28.946289,food,amenity:restaurant,restaurant,,,,POINT (28.946289 41.018872),1059852031,1059851616,0,12.119820552673986
3658729750,Akdeniz Hatay Sofrasi,41.013908,28.945783,food,amenity:restaurant,restaurant,,,,POINT (28.945783 41.013908),1059851826,1059852001,0,5.256155521920582
5075994624,Akdeniz Hatay Sofrası,41.01383,28.945738,food,amenity:restaurant,restaurant,,,,POINT (28.945738 41.01383),1059852001,2371697935,0,2.123163651539365
5108843969,Akraba Köfteci,41.009757,28.974789,food,amenity:restaurant,restaurant,,,,POINT (28.974789 41.009757),3079788577,275611387,0,8.250870689228927
5081274321,Aksaray Börek,41.010631,28.951424,food,amenity:restaurant,restaurant,,,,POINT (28.951424 41.010631),990017342,990015289,0,6.003723401749244
5099065446,Aksaray Mangal,41.009076,28.948434,food,amenity:restaurant,restaurant,,,,POINT (28.948434 41.009076),1058892562,1058892458,0,6.3572025085145185
5026474515,Aksaray Restaurant,41.013466,28.94472,food,amenity:restaurant,restaurant,,,,POINT (28.94472 41.013466),1059239841,1059239847,0,14.929801294740406
5130434313,Aksu Restaurant,41.007893,28.954231,food,amenity:restaurant,restaurant,,,,POINT (28.954231 41.007893),278366669,269723150,0,15.854538258949171
10178438648,Akvaryum Restaurant,41.003659,28.96522,food,amenity:restaurant,restaurant,,,,POINT (28.96522 41.003659),2370393236,1016468774,0,7.45421500574044
5113481348,Akçaabat köfte,41.020974,28.949043,food,amenity:restaurant,restaurant,,,,POINT (28.949043 41.020974),1061624325,1061622543,0,12.270235605451965
5113611488,Akçiçek doner,41.030199,28.940095,food,amenity:restaurant,restaurant,,,,POINT (28.940095 41.030199),1064222016,1064222014,0,4.665143698394753
5106123814,Akşemsettin Balık Lokantası,41.02105,28.942674,food,amenity:restaurant,restaurant,,,,POINT (28.942674 41.02105),12825913094,12825913091,0,5.925761021842613
5115939230,Al Baron Restaurant,41.008402,28.936749,food,amenity:restaurant,restaurant,,,,POINT (28.936749 41.008402),5387282071,4621154598,0,1.8123770461330897
5244807978,Al Rayan Restoran,41.009146,28.967503,food,amenity:restaurant,restaurant,,,,POINT (28.967503 41.009146),13431433996,3082166450,0,6.756276365626017
5113480889,Al jenani,41.019902,28.947811,food,amenity:restaurant,restaurant,,,,POINT (28.947811 41.019902),2371712091,10263288065,0,0.4458282321690427
5243950807,Alamin,41.01985,28.945563,food,amenity:restaurant,restaurant,,,,POINT (28.945563 41.01985),1060106998,1060106996,0,12.217568964693344
5108843763,Alaturka Cuisine Cafe and Restaurant,41.008304,28.975406,food,amenity:restaurant,restaurant,,,,POINT (28.975406 41.008304),275611820,8602048856,0,5.615655221400097
5113620641,Albura kathisma resturant & cafe,41.005829,28.980486,food,amenity:restaurant,restaurant,,,,POINT (28.980486 41.005829),278004975,1248902329,0,5.803703566167089
9609786052,Alemdar Restaurant,41.00953,28.978528,food,amenity:restaurant,restaurant,,,,POINT (28.978528 41.00953),13433927188,13433927166,0,4.417491730595396
5108843565,Alemdar Restaurant and Cafe,41.009462,28.978236,food,amenity:restaurant,restaurant,,,,POINT (28.978236 41.009462),13433927166,13433927188,0,28.151944842856356
5088190876,Ali Haydar İkinci Bahar,40.999974,28.931946,food,amenity:restaurant,restaurant,,,,POINT (28.931946 40.999974),1035580900,1035580901,0,4.9749137689838765
5107245367,Ali Usta,41.006558,28.924925,food,amenity:restaurant,restaurant,,,,POINT (28.924925 41.006558),1055512585,1057576048,0,6.409930370353745
5108843730,Ali Usta,41.008288,28.97412,food,amenity:restaurant,restaurant,,,,POINT (28.97412 41.008288),13431435318,13431435312,0,3.577273154424118
5243951532,Ali baba,41.018603,28.946528,food,amenity:restaurant,restaurant,,,,POINT (28.946528 41.018603),1059851616,1059852031,0,8.796452773175073
5113500751,Ali usta,41.021127,28.946311,food,amenity:restaurant,restaurant,,,,POINT (28.946311 41.021127),1061624387,1061624304,0,9.327886431837527
5112834055,Ali usta baklava,41.008167,28.951906,food,amenity:restaurant,restaurant,,,,POINT (28.951906 41.008167),1058892571,1058892587,0,7.21021553151784
5244801993,Alice,41.003624,28.972819,food,amenity:restaurant,restaurant,,,,POINT (28.972819 41.003624),1194549290,275606363,0,4.910128440849248
5075929039,Allüş cafe,41.011017,28.943999,food,amenity:restaurant,restaurant,,,,POINT (28.943999 41.011017),1059239740,1059239800,0,4.696643813775794
5110344542,Allı börek,41.017065,28.966763,food,amenity:restaurant,restaurant,,,,POINT (28.966763 41.017065),2379738142,311375190,0,5.3397763193117775
5113471040,Almahaba restaurant,41.016651,28.951281,food,amenity:restaurant,restaurant,,,,POINT (28.951281 41.016651),1061625204,1061625315,0,5.302221987549728
5243950176,Almanar,41.01715,28.942937,food,amenity:restaurant,restaurant,,,,POINT (28.942937 41.01715),1059851787,1060106949,0,6.84598025110857
5075929044,Alnabelsi resturant,41.010888,28.94504,food,amenity:restaurant,restaurant,,,,POINT (28.94504 41.010888),2371697918,10093528153,0,14.41542708216699
5113495717,Alnur,41.026738,28.937666,food,amenity:restaurant,restaurant,,,,POINT (28.937666 41.026738),1060491274,1060491364,0,3.6524931572189105
5075929046,Alqubtan resturants,41.010845,28.944917,food,amenity:restaurant,restaurant,,,,POINT (28.944917 41.010845),13530207311,10093528188,0,8.473687172397456
5113483405,Alraii,41.021316,28.947998,food,amenity:restaurant,restaurant,,,,POINT (28.947998 41.021316),1061622767,1061622733,0,5.281562081340267
5244807965,Alrayan Restaurant,41.009692,28.969123,food,amenity:restaurant,restaurant,,,,POINT (28.969123 41.009692),3082166459,3082166487,0,6.179452953134659
5244803050,Altin Cafe ve Restaurant,41.003249,28.97211,food,amenity:restaurant,restaurant,,,,POINT (28.97211 41.003249),2361227093,248137320,0,3.787592006163244
5108843115,Altin Kupa Restaurant,41.008587,28.977736,food,amenity:restaurant,restaurant,,,,POINT (28.977736 41.008587),3124384721,275610630,0,8.033814468457233
5244810636,Altın Şiş Kebap Salonu,41.006695,28.967831,food,amenity:restaurant,restaurant,,,,POINT (28.967831 41.006695),275601195,275601197,0,4.22210255775581
5112834068,Altın şiş kebap,41.0082,28.952516,food,amenity:restaurant,restaurant,,,,POINT (28.952516 41.0082),10263288029,1058892587,0,3.846311093469642
5112749779,Altınay Kebap Ve Lahmacun,41.031138,28.940861,food,amenity:restaurant,restaurant,,,,POINT (28.940861 41.031138),1064222032,1064574939,0,6.795055023280561
5112749742,Altınay Yufkacısı,41.03227,28.940741,food,amenity:restaurant,restaurant,,,,POINT (28.940741 41.03227),1064574765,1064574802,0,5.608170178265078
5106132774,Altınkapı Restaurant,41.015405,28.932471,food,amenity:restaurant,restaurant,,,,POINT (28.932471 41.015405),8623029399,10096318342,0,11.470282600259269
5244809870,Amcabey Dürüm Kebap Salonu,41.007999,28.967829,food,amenity:restaurant,restaurant,,,,POINT (28.967829 41.007999),269722929,3081525003,0,5.756110209972161
5108843725,Amedros Cafe and Restaurant,41.008349,28.973886,food,amenity:restaurant,restaurant,,,,POINT (28.973886 41.008349),13431435318,269716327,0,6.2579426336450465
5108828014,Ana Sofrası,41.013712,28.977509,food,amenity:restaurant,restaurant,,,,POINT (28.977509 41.013712),2370332234,278366496,0,3.0365783163636078
5107305890,Ana yurt lokantası,41.008216,28.949498,food,amenity:restaurant,restaurant,,,,POINT (28.949498 41.008216),1058892500,1058892764,0,4.2681480030131524
12651875858,Anadolu,41.009849,28.976191,food,amenity:restaurant,restaurant,,,,POINT (28.976191 41.009849),1646281959,3179959794,0,9.210186394973144
5075993810,Anadolu Büfe,41.014361,28.946091,food,amenity:restaurant,restaurant,,,,POINT (28.946091 41.014361),1059851826,1059851678,0,6.200694925837315
5244809916,Anar Kardeşler Köftecisi,41.008497,28.967157,food,amenity:restaurant,restaurant,,,,POINT (28.967157 41.008497),275602561,3081510982,0,4.933055706249499
9480332225,Anas Chicken,41.010079,28.948163,food,amenity:restaurant,restaurant,,,,POINT (28.948163 41.010079),1059240028,11532842214,0,7.797119009488853
5075929058,Anas chicken,41.01021,28.947541,food,amenity:restaurant,restaurant,,,,POINT (28.947541 41.01021),1059240057,1059240066,0,13.184989178319057
5244809878,Anatolia Restaurant,41.008419,28.968122,food,amenity:restaurant,restaurant,,,,POINT (28.968122 41.008419),269722929,3081525003,0,3.1519576029179035
5112834073,Android restaurant,41.00831,28.952796,food,amenity:restaurant,restaurant,,,,POINT (28.952796 41.00831),1058892587,10263288029,0,7.964076060383346
5088190867,Annemin Yeri,40.99955,28.932186,food,amenity:restaurant,restaurant,,,,POINT (28.932186 40.99955),1035580994,1035580965,0,4.450043690177087
5244809877,Antakya Restaurant,41.008429,28.968318,food,amenity:restaurant,restaurant,,,,POINT (28.968318 41.008429),3081525003,269722929,0,12.260027713885274
3499179004,Antep Kebab,41.008657,28.973555,food,amenity:restaurant,restaurant,,,,POINT (28.973555 41.008657),269716327,269716442,0,1.969248409007808
12347693559,Antep Kebap Lahmacun,41.014373,28.976568,food,amenity:restaurant,restaurant,,,,POINT (28.976568 41.014373),2371446930,269719185,0,6.6152618518509785
5112725594,Antep Sofrası,41.002956,28.925677,food,amenity:restaurant,restaurant,,,,POINT (28.925677 41.002956),1055512962,1055512956,0,7.71948929454015
5243950803,Antep sofrasi,41.021235,28.943302,food,amenity:restaurant,restaurant,,,,POINT (28.943302 41.021235),10694271483,12825913091,0,11.757215841055427
5112749092,Anteplioğlu Baklavacı,41.03326,28.946447,food,amenity:restaurant,restaurant,,,,POINT (28.946447 41.03326),1102850488,1102850685,0,6.02887248984074
13396860950,Antik,41.0104,28.978511,food,amenity:restaurant,restaurant,,,,POINT (28.978511 41.0104),3079738248,11165697767,0,5.835872761719612
5088190866,Antik Et Balık,40.999521,28.932187,food,amenity:restaurant,restaurant,,,,POINT (28.932187 40.999521),1035580965,1035580994,0,5.028128764936964
5111206141,Antipliogulu,41.019574,28.963222,food,amenity:restaurant,restaurant,,,,POINT (28.963222 41.019574),2370517758,2370517772,0,0.08825867612534982
10178438663,Apollon Restaurant,41.005883,28.973511,food,amenity:restaurant,restaurant,,,,POINT (28.973511 41.005883),31678606,1185323535,0,10.692688828112558
9043424918,Arapça Kafe,41.004521,28.979734,food,amenity:restaurant,restaurant,,,,POINT (28.979734 41.004521),278004987,278004976,0,6.457452514307393
5130434317,Ararat Restoran,41.007568,28.954174,food,amenity:restaurant,restaurant,,,,POINT (28.954174 41.007568),9793516683,269723150,0,6.60647747442282
4425687570,Aras (scam place),41.008284,28.97553,food,amenity:restaurant,restaurant,,,,POINT (28.97553 41.008284),275611820,8602048856,0,4.7249963794379735
5108843747,Aras Cafe Restaurant,41.008469,28.974493,food,amenity:restaurant,restaurant,,,,POINT (28.974493 41.008469),275612067,13431435312,0,5.106480940630076
4195127490,Arch Bistro,41.004627,28.971265,food,amenity:restaurant,restaurant,,,,POINT (28.971265 41.004627),275609040,248137315,0,2.4878719032716736
5108843369,Arden Teras,41.009899,28.976423,food,amenity:restaurant,restaurant,,,,POINT (28.976423 41.009899),1646281959,3179959794,0,7.713363677570611
5575606021,Armada Teras,41.003866,28.981637,food,amenity:restaurant,restaurant,,,,POINT (28.981637 41.003866),566635081,566635089,0,6.303392142108238
5108843033,Arsenal Cafe and Restaurant,41.008448,28.975426,food,amenity:restaurant,restaurant,,,,POINT (28.975426 41.008448),275611820,8602048856,0,5.449006554002855
5110344580,Arya longue,41.01679,28.965754,food,amenity:restaurant,restaurant,,,,POINT (28.965754 41.01679),311375340,1261054664,0,11.058018839525367
11977690669,As You Sea Seafood & Kepab,41.004011,28.978975,food,amenity:restaurant,restaurant,,,,POINT (28.978975 41.004011),13253198691,3180545179,0,3.601897608630366
5113615118,Asitane,41.03087,28.938996,food,amenity:restaurant,restaurant,,,,POINT (28.938996 41.03087),5519344120,5519344119,0,8.168160776346996
5244806791,Aslan,41.009813,28.971292,food,amenity:restaurant,restaurant,,,,POINT (28.971292 41.009813),2775763259,277129942,0,7.466343541658296
5244809862,Aslı Börek,41.008278,28.967329,food,amenity:restaurant,restaurant,,,,POINT (28.967329 41.008278),10629345973,275602561,0,5.974263523503788
5081264670,Asmaaltı Dürümc,41.015705,28.939834,food,amenity:restaurant,restaurant,,,,POINT (28.939834 41.015705),8978074016,8978074014,0,12.444243683667992
5113592203,Asmalı konağı,41.01101,28.941661,food,amenity:restaurant,restaurant,,,,POINT (28.941661 41.01101),2371631231,1058995749,0,10.275834869402662
6960247785,Asur Hotel,41.013215,28.976715,food,amenity:restaurant,restaurant,,,,POINT (28.976715 41.013215),278366486,278366484,0,3.5097623728216685
5108843971,Ateş Büfe,41.009741,28.974652,food,amenity:restaurant,restaurant,,,,POINT (28.974652 41.009741),3079788577,275611387,0,7.349732980134782
5115937214,Avcı Kebap,41.010011,28.931561,food,amenity:restaurant,restaurant,,,,POINT (28.931561 41.010011),3371937805,316924159,0,5.531845009997936
5115939284,Avcı Kebap,41.01004,28.931623,food,amenity:restaurant,restaurant,,,,POINT (28.931623 41.01004),3371937805,316924159,0,2.145361208617449
5088194907,Ay Büfe,41.001806,28.930028,food,amenity:restaurant,restaurant,,,,POINT (28.930028 41.001806),1035581816,1035581880,0,0.11964707261882525
5108844004,Ayasofya Kebap House,41.00969,28.9761,food,amenity:restaurant,restaurant,,,,POINT (28.9761 41.00969),275612349,3179959794,0,13.505433929724298
5244802006,Ayasofya Liman Restorant,41.004343,28.971454,food,amenity:restaurant,restaurant,,,,POINT (28.971454 41.004343),275609038,275609040,0,7.067067272693695
5087179445,Aydın kardeşler börekçi,40.995358,28.926284,food,amenity:restaurant,restaurant,,,,POINT (28.926284 40.995358),1034388569,1034388278,0,8.728660053383239
5087179443,Aydın kardeşler köfte salonu,40.995258,28.926161,food,amenity:restaurant,restaurant,,,,POINT (28.926161 40.995258),1034388569,1034388278,0,8.89635659638835
5111206143,Azimet Et Lokantasi,41.019757,28.963284,food,amenity:restaurant,restaurant,,,,POINT (28.963284 41.019757),2370517768,2370517772,0,3.363457443927735
5088194899,Aziz Urfa Kebap ve Lahmacun Salonu,41.003223,28.930735,food,amenity:restaurant,restaurant,,,,POINT (28.930735 41.003223),1036041052,2195428751,0,2.879715386677853
5244809903,Aziz Usta,41.007799,28.966756,food,amenity:restaurant,restaurant,,,,POINT (28.966756 41.007799),3081510951,3081510960,0,6.053475107435824
5113557342,Aziz oğulları börek salonu,41.010793,28.94286,food,amenity:restaurant,restaurant,,,,POINT (28.94286 41.010793),1058995792,1058995854,0,0.905132809052363
5106123770,Ağa Türk Mutfağı,41.025289,28.940343,food,amenity:restaurant,restaurant,,,,POINT (28.940343 41.025289),2370840011,2370840005,0,4.764538996352808
5112725608,Aşkla Pasta Cafe,41.002702,28.925063,food,amenity:restaurant,restaurant,,,,POINT (28.925063 41.002702),1055512946,1055512887,0,5.756440974646552
5086061067,Aşkın Restoran,41.026018,28.955441,food,amenity:restaurant,restaurant,,,,POINT (28.955441 41.026018),1061754409,1061753093,0,4.140899657600361
8553081917,BEHZADEM KEBAB & FİSH HOUSE,41.011597,28.959271,food,amenity:restaurant,restaurant,,,,POINT (28.959271 41.011597),7784240500,256099720,0,3.8947849655757873
5113481333,Bab alhara,41.020946,28.949327,food,amenity:restaurant,restaurant,,,,POINT (28.949327 41.020946),1061624325,1061622543,0,10.014214948881895
3079823143,Bab-ı Hayat,41.015774,28.971745,food,amenity:restaurant,restaurant,,,,POINT (28.971745 41.015774),768682863,6990259874,0,3.202774239083209
5113609489,Babacan,41.028427,28.93821,food,amenity:restaurant,restaurant,,,,POINT (28.93821 41.028427),1064221994,1064221997,0,9.497236089354844
5113620649,Babylonia resturant & pub,41.005805,28.980737,food,amenity:restaurant,restaurant,,,,POINT (28.980737 41.005805),1454266215,1248902329,0,9.633799419266797
5110345644,Babı ali restaurant,41.012348,28.975416,food,amenity:restaurant,restaurant,,,,POINT (28.975416 41.012348),2370354510,10557350840,0,2.4543710811407826
5081445111,Bahçivan Fırını,41.023798,28.95466,food,amenity:restaurant,restaurant,,,,POINT (28.95466 41.023798),1061754041,1061754138,0,0.9728855819123878
5106122981,Bahçıvan 2 Pide Lavaş Fırını,41.016967,28.95543,food,amenity:restaurant,restaurant,,,,POINT (28.95543 41.016967),1061624522,1061624194,0,4.023318705665146
5112736103,Bakırcılar Lokantası,41.012875,28.966196,food,amenity:restaurant,restaurant,,,,POINT (28.966196 41.012875),1455438406,10073446364,0,14.14440592024179
10822872909,Balat Pide Lahmacun,41.032631,28.94598,food,amenity:restaurant,restaurant,,,,POINT (28.94598 41.032631),1102850563,1102850654,0,5.481599202316908
5081442515,Balaturca,41.026141,28.958565,food,amenity:restaurant,restaurant,,,,POINT (28.958565 41.026141),1061753332,1061753346,0,4.338327322061903
5081445068,Balcafe ve Restaurant,41.02658,28.958052,food,amenity:restaurant,restaurant,,,,POINT (28.958052 41.02658),8782021576,1059527263,0,7.757015484529611
5243951435,Balik evi,41.021996,28.944631,food,amenity:restaurant,restaurant,,,,POINT (28.944631 41.021996),1060107061,1060106878,0,10.503204328301484
5113620630,Balikci Sabahattin,41.004506,28.980606,food,amenity:restaurant,restaurant,,,,POINT (28.980606 41.004506),2379706621,10613545370,0,4.785767726563584
5115939266,Balkan Dondurma,41.009534,28.936694,food,amenity:restaurant,restaurant,,,,POINT (28.936694 41.009534),316925368,413329060,0,7.481723811986492
9998872717,Balkan Lokantasi,41.013875,28.975963,food,amenity:restaurant,restaurant,,,,POINT (28.975963 41.013875),3079738241,2379693988,0,3.2297127307084454
5108836406,Balkan Lokantası,41.013836,28.975932,food,amenity:restaurant,restaurant,,,,POINT (28.975932 41.013836),278366486,2379693988,0,4.72145994702963
7864511585,Balkan Lokantası,41.013632,28.974779,food,amenity:restaurant,restaurant,,,,POINT (28.974779 41.013632),31678636,252233777,0,3.1645022406540795
5112834048,Balkan lokantası,41.008452,28.951616,food,amenity:restaurant,restaurant,,,,POINT (28.951616 41.008452),4286601068,1058892571,0,1.6811918813545763
5115937374,Baloon,41.008152,28.936999,food,amenity:restaurant,restaurant,,,,POINT (28.936999 41.008152),1057578238,1057578091,0,5.415292706612155
4159236194,Balıkçı Sabahattin,41.004701,28.980572,food,amenity:restaurant,restaurant,,,,POINT (28.980572 41.004701),2379706621,2379706625,0,8.954334567544377
5113500245,Baran,41.008082,28.974393,food,amenity:restaurant,restaurant,,,,POINT (28.974393 41.008082),3076865674,12367446045,0,3.171742295056635
5108843754,Baran 2 Restoran,41.008226,28.974863,food,amenity:restaurant,restaurant,,,,POINT (28.974863 41.008226),7711133787,13431435312,0,3.245153826426109
6255814286,Baran ET & Mangal,41.017461,28.954851,food,amenity:restaurant,restaurant,,,,POINT (28.954851 41.017461),1061624542,1061624522,0,6.56665466561447
3100037835,Barbecue House,41.00927,28.97686,food,amenity:restaurant,restaurant,,,,POINT (28.97686 41.00927),1646281964,3124384721,0,12.694618005321885
5108843562,Barbeku House,41.008607,28.977714,food,amenity:restaurant,restaurant,,,,POINT (28.977714 41.008607),275610630,3124384721,0,7.964231424910754
5115505469,Barbeku Restoran,41.008194,28.953817,food,amenity:restaurant,restaurant,,,,POINT (28.953817 41.008194),278366676,2371804442,0,4.953214676497714
5113471038,Bayrut oğlu lokantasi,41.016913,28.951554,food,amenity:restaurant,restaurant,,,,POINT (28.951554 41.016913),1061625174,1061625204,0,2.12300276268851
5113126702,Bağdatlım,41.00518,28.930981,food,amenity:restaurant,restaurant,,,,POINT (28.930981 41.00518),13596871519,13596871520,0,3.059412344129685
5115937321,Başaran Yufka Ve Manti,41.007138,28.928965,food,amenity:restaurant,restaurant,,,,POINT (28.928965 41.007138),316968591,1057576198,0,9.443811208371153
5088194918,Başlangıç Lokantası,41.000213,28.931188,food,amenity:restaurant,restaurant,,,,POINT (28.931188 41.000213),1035581609,1035581872,0,3.0743605335787683
6594722585,Behzadem Cafe Restaurant,41.011577,28.959217,food,amenity:restaurant,restaurant,,,,POINT (28.959217 41.011577),256099720,7784240500,0,8.459023357004115
5113557370,Beit alezz,41.009707,28.946724,food,amenity:restaurant,restaurant,,,,POINT (28.946724 41.009707),1058892800,1058892485,0,10.410625154942132
5244801900,Belli Resturant,41.002862,28.975288,food,amenity:restaurant,restaurant,,,,POINT (28.975288 41.002862),13530207353,1941154348,0,9.13846977021707
5099060694,Berat döner,41.006938,28.948956,food,amenity:restaurant,restaurant,,,,POINT (28.948956 41.006938),1058892493,2371666284,0,5.369283076739738
5081274098,Bereket Döner,41.015638,28.952258,food,amenity:restaurant,restaurant,,,,POINT (28.952258 41.015638),10660814371,10660814372,0,8.430863512284015
5103810785,Bereket Döner Topkapı Kaleiçi,41.019768,28.92825,food,amenity:restaurant,restaurant,,,,POINT (28.92825 41.019768),2385169823,1059137257,0,4.902878089829438
5440995527,Beso Restaurant Bistro,41.008684,28.97408,food,amenity:restaurant,restaurant,,,,POINT (28.97408 41.008684),269716327,269716442,0,4.010455067488579
5115937340,Beyaz Saray Dondurma Ve Boza,41.007022,28.931378,food,amenity:restaurant,restaurant,,,,POINT (28.931378 41.007022),1057576788,2373157126,0,11.307627945314216
5112834026,Beyaz geceler restaurant,41.007578,28.952017,food,amenity:restaurant,restaurant,,,,POINT (28.952017 41.007578),1058892573,1058892586,0,5.219292054835838
5244807950,Beyazit Sarayi Restorant,41.009391,28.967473,food,amenity:restaurant,restaurant,,,,POINT (28.967473 41.009391),3082166450,3082408152,0,6.270274889354346
6939659398,Beydagi,41.015726,28.962887,food,amenity:restaurant,restaurant,,,,POINT (28.962887 41.015726),12824125145,30215228,0,15.399765437555347
5244807922,Beydağı,41.011274,28.97078,food,amenity:restaurant,restaurant,,,,POINT (28.97078 41.011274),278005023,10636132246,0,4.75253090948562
5113128237,Beyoğlu Halk Döner,41.008,28.953722,food,amenity:restaurant,restaurant,,,,POINT (28.953722 41.008),278366676,4286601047,0,11.926023155531599
9113079217,Beyt Halep Cafe & Restaurant,41.010108,28.948054,food,amenity:restaurant,restaurant,,,,POINT (28.948054 41.010108),11532842214,1059240066,0,11.60621207178919
5113620702,Big Family,41.013816,28.979108,food,amenity:restaurant,restaurant,,,,POINT (28.979108 41.013816),278366502,278366504,0,5.698518588343548
5113127734,Big Mammas,41.004258,28.931078,food,amenity:restaurant,restaurant,,,,POINT (28.931078 41.004258),1057576458,1057578144,0,18.766083371672078
5099062151,Bilican saray,41.007647,28.948799,food,amenity:restaurant,restaurant,,,,POINT (28.948799 41.007647),1058892498,1058892526,0,8.107327065587324
5115933204,Birbey Lahmacun,41.00353,28.930976,food,amenity:restaurant,restaurant,,,,POINT (28.930976 41.00353),1036041051,1057576305,0,7.978906558682438
13396860930,Biryani Palace,41.01611,28.976168,food,amenity:restaurant,restaurant,,,,POINT (28.976168 41.01611),3457706707,3457689675,0,9.29736874832193
5108836379,Bistro Chef,41.012596,28.97743,food,amenity:restaurant,restaurant,,,,POINT (28.97743 41.012596),3079738251,11165697757,0,4.701013152695315
7896553385,Bitlisli,41.01371,28.975576,food,amenity:restaurant,restaurant,,,,POINT (28.975576 41.01371),2379693988,11165697753,0,3.0072197800931844
5081265935,Bizim Durum kebap Salonu,41.012221,28.941455,food,amenity:restaurant,restaurant,,,,POINT (28.941455 41.012221),2371631232,1059239608,0,6.976504396829239
5113471049,Bizim köfte,41.017154,28.950691,food,amenity:restaurant,restaurant,,,,POINT (28.950691 41.017154),1061625154,10263288058,0,4.89636713613015
5108827997,Blu Kitchen,41.012614,28.978131,food,amenity:restaurant,restaurant,,,,POINT (28.978131 41.012614),3079738236,13433942484,0,0.1974759374957797
5108843088,Bodrum Cafe and Restaurant,41.008222,28.977313,food,amenity:restaurant,restaurant,,,,POINT (28.977313 41.008222),1454266219,278366570,0,1.7354739513722486
12353422803,Bogenville,41.004194,28.969345,food,amenity:restaurant,restaurant,,,,POINT (28.969345 41.004194),275608460,275608484,0,4.1065282762518365
5244807960,Bolca Köfte Ve Piliç Çevirme,41.009668,28.968252,food,amenity:restaurant,restaurant,,,,POINT (28.968252 41.009668),3082166467,3082166487,0,4.177243594541828
5112971839,Bolu tat lokantası,41.006665,28.951675,food,amenity:restaurant,restaurant,,,,POINT (28.951675 41.006665),1058892578,1058892575,0,7.508761294374289
5110347262,Bolulu Hasan Usta,41.015488,28.97588,food,amenity:restaurant,restaurant,,,,POINT (28.97588 41.015488),10617342044,10617342042,0,3.294122243645308
8247183034,Bombay Masala Indian Restaurant,41.008116,28.971662,food,amenity:restaurant,restaurant,,,,POINT (28.971662 41.008116),269722911,8602077958,0,7.905873216063848
5108827985,Bonos Cafe Restoran,41.014507,28.976361,food,amenity:restaurant,restaurant,,,,POINT (28.976361 41.014507),269719185,3457689638,0,3.2345613639495965
5113599484,Borek&pide&doner&cafe,41.009443,28.94553,food,amenity:restaurant,restaurant,,,,POINT (28.94553 41.009443),10127897727,1058892851,0,8.532529931582763
5244807989,Bosna,41.008804,28.968532,food,amenity:restaurant,restaurant,,,,POINT (28.968532 41.008804),13431433998,13431435303,0,3.3387670354767267
5112736082,Bosnak Börekçi,41.014883,28.966183,food,amenity:restaurant,restaurant,,,,POINT (28.966183 41.014883),10202092399,30215237,0,11.137479640499686
5108843560,Boterra,41.008905,28.977397,food,amenity:restaurant,restaurant,,,,POINT (28.977397 41.008905),1646281964,3124384721,0,5.96346097412876
1762082631,Boukoleon Fish Restaurant,41.00293,28.975586,food,amenity:restaurant,restaurant,,,,POINT (28.975586 41.00293),10628357375,1941154348,0,11.670083559988592
5112750903,Bozkurtlu Lokantası,41.033714,28.946324,food,amenity:restaurant,restaurant,,,,POINT (28.946324 41.033714),1103230149,1102850685,0,4.6989057552728255
5243951419,Buhara,41.021298,28.945258,food,amenity:restaurant,restaurant,,,,POINT (28.945258 41.021298),1060106876,1060106902,0,6.751477947455509
10178410611,Buhara 93 Restaurant,41.004452,28.975175,food,amenity:restaurant,restaurant,,,,POINT (28.975175 41.004452),275602996,275602995,0,8.873699364331399
9846134917,Buhara Ocakbası,41.010252,28.975331,food,amenity:restaurant,restaurant,,,,POINT (28.975331 41.010252),3079788605,3079788588,0,12.903974930275966
5108843989,Buhara Ocakbaşı Restaurant,41.01031,28.975093,food,amenity:restaurant,restaurant,,,,POINT (28.975093 41.01031),3079788605,3079788588,0,5.513327181108817
5111212299,Burgerillas,41.017487,28.969406,food,amenity:restaurant,restaurant,,,,POINT (28.969406 41.017487),10653486795,1620494638,0,5.5740641856278295
5244806787,Bursa Gül Lokantası,41.009529,28.971238,food,amenity:restaurant,restaurant,,,,POINT (28.971238 41.009529),2775763259,277129942,0,5.238936424104329
5076115938,Buryan Kebap Ve Izgara Salonu,40.996348,28.92779,food,amenity:restaurant,restaurant,,,,POINT (28.92779 40.996348),1035581554,1035581595,0,3.1559709089925008
5106123818,Buuzecedi,41.020833,28.942282,food,amenity:restaurant,restaurant,,,,POINT (28.942282 41.020833),12825913094,12825913093,0,6.808328056936682
5111215216,Buylu Mutfak,41.005484,28.936368,food,amenity:restaurant,restaurant,,,,POINT (28.936368 41.005484),9023659780,2370778817,0,8.189313736453723
13396860948,Buyruk Esnaf Lokantasi,41.013902,28.976145,food,amenity:restaurant,restaurant,,,,POINT (28.976145 41.013902),3079738241,2379693988,0,4.299566479925985
3282470278,By Ferro,41.005169,28.969873,food,amenity:restaurant,restaurant,,,,POINT (28.969873 41.005169),13281920953,275605024,0,3.9335994169544257
6521591285,Byzantion Bistro & Restaurant,41.010177,28.954433,food,amenity:restaurant,restaurant,,,,POINT (28.954433 41.010177),256098791,256098790,0,6.758167296095399
4874834121,Büfe,40.994138,28.922629,food,amenity:restaurant,restaurant,,,,POINT (28.922629 40.994138),974668909,1034388225,0,3.800300046717137
5099040210,Büfe köfte,41.004985,28.943417,food,amenity:restaurant,restaurant,,,,POINT (28.943417 41.004985),1058996556,1058996287,0,9.084992022651596
5107305848,Büyük Günaydın Kelle Paça Salonu,41.007422,28.949225,food,amenity:restaurant,restaurant,,,,POINT (28.949225 41.007422),1058892495,1058892498,0,7.270276646583502
5244809868,Bıçakçılar,41.007938,28.96748,food,amenity:restaurant,restaurant,,,,POINT (28.96748 41.007938),3081525003,3081525006,0,7.5027361007738325
10596351605,Cabra Loca Coffee,41.014988,28.973716,food,amenity:restaurant,restaurant,,,,POINT (28.973716 41.014988),278344482,252235555,0,12.485173509049424
5113611457,Cadde Kebap,41.029037,28.93887,food,amenity:restaurant,restaurant,,,,POINT (28.93887 41.029037),1064222001,1064221997,0,10.374880830003066
5113611490,Cadde döner,41.030331,28.940276,food,amenity:restaurant,restaurant,,,,POINT (28.940276 41.030331),1064222017,1064575083,0,3.513824058756957
5244796154,Cafe Truva,41.017082,28.968017,food,amenity:restaurant,restaurant,,,,POINT (28.968017 41.017082),311372820,311372818,0,4.136655022592682
5108836407,Can Oba Restaurant,41.013817,28.975767,food,amenity:restaurant,restaurant,,,,POINT (28.975767 41.013817),11165697753,2379693988,0,5.853823692547522
5088192721,Can Pide Börek,41.002746,28.936724,food,amenity:restaurant,restaurant,,,,POINT (28.936724 41.002746),1036040583,1036041415,0,4.420261831342766
5099056174,Can Pide Ve Lahmacun Fırını,41.004691,28.944975,food,amenity:restaurant,restaurant,,,,POINT (28.944975 41.004691),1058892942,1058894172,0,7.822464773495998
5108843101,Can Restoran,41.008009,28.976892,food,amenity:restaurant,restaurant,,,,POINT (28.976892 41.008009),11005974944,11010266598,0,4.069603267564343
5099060696,Can ocakbaşı,41.006969,28.949656,food,amenity:restaurant,restaurant,,,,POINT (28.949656 41.006969),1058892493,1058894146,0,5.93762202400769
5103810780,Canip Ustanın Yeri,41.020093,28.927885,food,amenity:restaurant,restaurant,,,,POINT (28.927885 41.020093),1059137075,1059137079,0,9.745192076420578
1900626451,Cankurtaran Öğretmenevi,41.004149,28.982151,food,amenity:restaurant,restaurant,,,,POINT (28.982151 41.004149),13357412993,1250432565,0,13.532098213382216
5108828005,Capadocia Restaurant,41.012965,28.977916,food,amenity:restaurant,restaurant,,,,POINT (28.977916 41.012965),2370332227,31678593,0,0.7247977291089263
5099062130,Casablanca resataurant,41.007269,28.951554,food,amenity:restaurant,restaurant,,,,POINT (28.951554 41.007269),1058892575,1058892573,0,3.0188000205994197
5111215130,Catkapi ev yemek,41.005581,28.937012,food,amenity:restaurant,restaurant,,,,POINT (28.937012 41.005581),13477910374,2370778817,0,9.84489897735115
5244805889,Cemiyet Lokali,41.011038,28.974393,food,amenity:restaurant,restaurant,,,,POINT (28.974393 41.011038),311371045,31678629,0,9.35423603554671
5244807964,Cennet Ev Yemekleri,41.009725,28.968934,food,amenity:restaurant,restaurant,,,,POINT (28.968934 41.009725),3082166459,3082166487,0,3.1217963363056223
5111214085,Cesme cihan,41.005346,28.94302,food,amenity:restaurant,restaurant,,,,POINT (28.94302 41.005346),1058894000,1058996249,0,2.5619462373215853
1762077465,Cheers Soul Kitchen,41.002697,28.974265,food,amenity:restaurant,restaurant,,,,POINT (28.974265 41.002697),13530207353,506381568,0,7.650413496935737
5244803040,Chungiwa,41.003413,28.97421,food,amenity:restaurant,restaurant,,,,POINT (28.97421 41.003413),349271203,506381577,0,6.696011970892909
974678786,Cibali,41.026682,28.957759,food,amenity:restaurant,restaurant,,,,POINT (28.957759 41.026682),1061753362,2379807076,0,8.357360956207796
5081445070,Cibali Vasilis Balıkçısı,41.027277,28.956994,food,amenity:restaurant,restaurant,,,,POINT (28.956994 41.027277),1061754485,2378719428,0,10.312230607618865
5081442500,Cibalikapı Balıkçısı Haliç,41.025843,28.958921,food,amenity:restaurant,restaurant,,,,POINT (28.958921 41.025843),2378719426,1059527274,0,5.042722943248209
2460942679,Cigeristan,41.01178,28.949324,food,amenity:restaurant,restaurant,,,,POINT (28.949324 41.01178),4618151747,13478051067,0,4.487138495008201
5088192732,Cihan Derya Balık,40.999659,28.932172,food,amenity:restaurant,restaurant,,,,POINT (28.932172 40.999659),1035580994,1035580965,0,3.5902248237580037
5106133706,Cihan Derya Balık,41.012318,28.931671,food,amenity:restaurant,restaurant,,,,POINT (28.931671 41.012318),316924160,316924177,0,11.49475784418981
5115929120,Cihan Derya Balık,41.009584,28.967201,food,amenity:restaurant,restaurant,,,,POINT (28.967201 41.009584),3082408137,3082408157,0,3.988185459005872
5112750901,Cihan Tulumba Baklava,41.033763,28.946156,food,amenity:restaurant,restaurant,,,,POINT (28.946156 41.033763),1103230119,1103230149,0,5.631580860798368
4816553622,Cihannuma,41.008555,28.977766,food,amenity:restaurant,restaurant,,,,POINT (28.977766 41.008555),11005974937,278366570,0,5.494371418659846
1914160119,Cistern Restaurant,41.009997,28.979476,food,amenity:restaurant,restaurant,,,,POINT (28.979476 41.009997),13433927174,275610075,0,5.157849977153502
5075962047,Ciğer sarayı,41.011675,28.949556,food,amenity:restaurant,restaurant,,,,POINT (28.949556 41.011675),4618151747,13478051067,0,6.451132769096408
5099056170,Ciğerci Kemal Ustanin Yeri,41.004302,28.944833,food,amenity:restaurant,restaurant,,,,POINT (28.944833 41.004302),2371666272,1058894172,0,7.45886073585169
5244807970,Ciğerci Üçleri,41.009515,28.968572,food,amenity:restaurant,restaurant,,,,POINT (28.968572 41.009515),3082166459,3082166487,1,7.346250487422838
5108827990,Class Rest ve Pide Salonu,41.014281,28.976333,food,amenity:restaurant,restaurant,,,,POINT (28.976333 41.014281),13433994429,13433994434,0,5.818441068061761
4195110891,Constantine's Ark,41.012963,28.977057,food,amenity:restaurant,restaurant,,,,POINT (28.977057 41.012963),3079738251,278366484,0,5.841746022150882
5111212300,Cookland,41.01547,28.971612,food,amenity:restaurant,restaurant,,,,POINT (28.971612 41.01547),10617524225,311367410,0,5.4038281498551815
11375123135,Cozy Garden Restaurant Cafe,41.013861,28.977145,food,amenity:restaurant,restaurant,,,,POINT (28.977145 41.013861),3079738264,3079738258,0,4.81919040335779
5372736551,Cozy Pub & Restaurant,41.00826,28.974363,food,amenity:restaurant,restaurant,,,,POINT (28.974363 41.00826),275612067,13431435312,0,2.464893410081689
5115937341,Crazy Chicken,41.006931,28.931417,food,amenity:restaurant,restaurant,,,,POINT (28.931417 41.006931),1057577781,2370759039,0,6.408777985512766
5099040213,Damak Kebap Döner Yemek Salonu,41.005123,28.943296,food,amenity:restaurant,restaurant,,,,POINT (28.943296 41.005123),1058996556,1058996245,0,3.896913345191539
5111214088,Damak kebap,41.005063,28.943192,food,amenity:restaurant,restaurant,,,,POINT (28.943192 41.005063),1058996287,1058996556,0,2.3689973515678653
5103810772,Damak lokantası,41.020202,28.928309,food,amenity:restaurant,restaurant,,,,POINT (28.928309 41.020202),2385169824,1059137267,0,6.8396111285840115
5103810773,Damak lokantası,41.020221,28.928315,food,amenity:restaurant,restaurant,,,,POINT (28.928315 41.020221),1059137267,2385169824,0,9.00800959594342
5106118231,Daphne restaurant,41.012024,28.958001,food,amenity:restaurant,restaurant,,,,POINT (28.958001 41.012024),256099468,10080670974,0,6.048501367314461
1769514222,Daruzziyafe,41.016694,28.962545,food,amenity:restaurant,restaurant,,,,POINT (28.962545 41.016694),30215226,3085937854,0,12.81705352803868
5111205405,Daruzziyafe turkish resturant,41.016377,28.962321,food,amenity:restaurant,restaurant,,,,POINT (28.962321 41.016377),30215226,12824121456,0,1.5109325206923094
5243950793,Debs ve Remman,41.020679,28.942344,food,amenity:restaurant,restaurant,,,,POINT (28.942344 41.020679),12825913093,12825913094,0,9.94383984206637
5113483630,Dede sultan,41.020788,28.948932,food,amenity:restaurant,restaurant,,,,POINT (28.948932 41.020788),1061624325,1061623932,0,3.129698373630254
5244806783,Dehliz Restaurant,41.009241,28.971288,food,amenity:restaurant,restaurant,,,,POINT (28.971288 41.009241),311371051,278005017,0,6.871508563606194
5108836366,Dejavu Restaurant and Bar,41.012803,28.977686,food,amenity:restaurant,restaurant,,,,POINT (28.977686 41.012803),13433942485,3079738251,0,5.579412627877902
5244810316,Delil Döner,41.006256,28.9653,food,amenity:restaurant,restaurant,,,,POINT (28.9653 41.006256),275604700,275604632,0,6.644857967352299
5112834052,Demet lahmacun kebap,41.008276,28.952062,food,amenity:restaurant,restaurant,,,,POINT (28.952062 41.008276),1058892571,1058892587,0,4.84162255572127
5088192731,Deniz Balık Restaurant,40.999777,28.932343,food,amenity:restaurant,restaurant,,,,POINT (28.932343 40.999777),1035580908,1035580994,0,10.98480076564159
5081265959,Deniz Ürünleri restoranı,41.011686,28.94697,food,amenity:restaurant,restaurant,,,,POINT (28.94697 41.011686),1059239948,1059239922,0,16.939856604770686
5108843074,Deraliye Ottoman Cuisine Restaurant,41.008843,28.97591,food,amenity:restaurant,restaurant,,,,POINT (28.97591 41.008843),275612349,1454266229,0,4.141379374528326
5112725522,Destina Çiğ Köfte,41.002412,28.9301,food,amenity:restaurant,restaurant,,,,POINT (28.9301 41.002412),1035581903,1055512785,0,8.294288641812726
5088190875,Develi,40.999983,28.931844,food,amenity:restaurant,restaurant,,,,POINT (28.931844 40.999983),1035580901,1035580900,0,0.9389920888922154
5244810638,Develi Pide Salonu,41.006652,28.967322,food,amenity:restaurant,restaurant,,,,POINT (28.967322 41.006652),275600904,3081292063,0,5.295880521369499
5107247583,Develi Pidecisi,41.004743,28.928382,food,amenity:restaurant,restaurant,,,,POINT (28.928382 41.004743),1057576086,1057576171,0,8.615821872422675
11793844469,Develi1912 Samatya,40.999992,28.931937,food,amenity:restaurant,restaurant,,,,POINT (28.931937 40.999992),1035580900,1035580901,0,5.685235341038505
5108844423,Değirmencioğlu,41.0095,28.974363,food,amenity:restaurant,restaurant,,,,POINT (28.974363 41.0095),275611754,275611750,0,13.853370688531783
5106118237,Diana Restaurant,41.011648,28.957126,food,amenity:restaurant,restaurant,,,,POINT (28.957126 41.011648),256098331,256098343,0,12.007825936844146
5113125308,Dilek Pastanesi,41.003669,28.93101,food,amenity:restaurant,restaurant,,,,POINT (28.93101 41.003669),1036041051,1057576305,0,5.357503047662881
5244796180,Dilek Züccaciye Eminönü,41.01643,28.97018,food,amenity:restaurant,restaurant,,,,POINT (28.97018 41.01643),3184760684,311371084,0,4.690558856601336
5110342204,Direklerarası Kebap Salonu,41.012406,28.959338,food,amenity:restaurant,restaurant,,,,POINT (28.959338 41.012406),7784240553,2370590048,0,0.9334450511754422
5112728863,Direklerarası Sofrası,41.011873,28.959195,food,amenity:restaurant,restaurant,,,,POINT (28.959195 41.011873),7784240500,3081584726,0,10.062957860351512
12954682801,Diva fish kebab restaurant,41.00364,28.979274,food,amenity:restaurant,restaurant,,,,POINT (28.979274 41.00364),278004979,9716965040,0,6.374862389696995
5107305887,Divan Antep,41.00822,28.949612,food,amenity:restaurant,restaurant,,,,POINT (28.949612 41.00822),1058892500,1058892764,0,3.55020422779735
5244807903,Divan Kebap Döner Salonu,41.006975,28.965368,food,amenity:restaurant,restaurant,,,,POINT (28.965368 41.006975),1018528028,275604700,0,12.571732533440116
7014934107,Divella Bistro Restaurant,41.006432,28.980818,food,amenity:restaurant,restaurant,,,,POINT (28.980818 41.006432),278004997,278004973,0,3.074761558447522
5243950211,Diver,41.019521,28.94699,food,amenity:restaurant,restaurant,,,,POINT (28.94699 41.019521),10694357421,1059851638,0,9.83857517800351
5115929109,Doce Kebap,41.009562,28.966486,food,amenity:restaurant,restaurant,,,,POINT (28.966486 41.009562),13431433995,3802207357,0,2.8103244658927817
5106123768,Dodo,41.02534,28.9403,food,amenity:restaurant,restaurant,,,,POINT (28.9403 41.02534),2370840011,2370840005,0,7.901615272917924
5040810722,Domino Cafe,41.031776,28.947774,food,amenity:restaurant,restaurant,,,,POINT (28.947774 41.031776),1102850507,1102850537,0,7.931735009202134
5112749105,Dondurma,41.033233,28.944643,food,amenity:restaurant,restaurant,,,,POINT (28.944643 41.033233),1102850523,1102850524,0,2.525490982023194
5088192754,Dostlar Büfe ve Köfte,41.001948,28.935964,food,amenity:restaurant,restaurant,,,,POINT (28.935964 41.001948),1035582633,1036041686,0,0.9005689534030153
4936342125,DoyDoy Restaurant,41.004073,28.975458,food,amenity:restaurant,restaurant,,,,POINT (28.975458 41.004073),349271204,275602996,0,9.363968284001782
5244807948,Doydukmu,41.009438,28.967874,food,amenity:restaurant,restaurant,,,,POINT (28.967874 41.009438),3082166450,3082166467,0,8.724238741170392
5088192762,Doyum Kebap Ve Dürüm Salonu,41.001284,28.934508,food,amenity:restaurant,restaurant,,,,POINT (28.934508 41.001284),1035582634,1035580881,0,6.268347781733271
5099065456,Doyum Lokantası,41.008821,28.947629,food,amenity:restaurant,restaurant,,,,POINT (28.947629 41.008821),1058892473,1058892543,0,4.44378632191038
11980521869,Doyuran Ev Yemekleri,41.004111,28.964435,food,amenity:restaurant,restaurant,,,,POINT (28.964435 41.004111),1016925272,3081281686,0,3.8718433882313072
5107243193,Doğan Kardeşler Börek Salonu,41.004993,28.926779,food,amenity:restaurant,restaurant,,,,POINT (28.926779 41.004993),1057576028,1057576071,0,3.4162932468082268
5108843089,Dubb Indian Restaurant,41.008186,28.977124,food,amenity:restaurant,restaurant,,,,POINT (28.977124 41.008186),278366570,1454266219,0,4.570669034591815
5106124378,Dunya Dürüm,41.016245,28.952327,food,amenity:restaurant,restaurant,,,,POINT (28.952327 41.016245),3364860686,1061625326,0,9.250331459924622
5113127739,Durak Pide ve Börek,41.004087,28.931174,food,amenity:restaurant,restaurant,,,,POINT (28.931174 41.004087),1057576458,1057578144,0,16.0741789974264
5113486738,Durak rumeli köfte,41.029506,28.936122,food,amenity:restaurant,restaurant,,,,POINT (28.936122 41.029506),1060107304,10822581544,0,9.59506256342284
5108838375,Duran,41.012481,28.97702,food,amenity:restaurant,restaurant,,,,POINT (28.97702 41.012481),278366494,278366493,0,8.780639486965658
5111215774,Durmce,41.003856,28.94405,food,amenity:restaurant,restaurant,,,,POINT (28.94405 41.003856),1058894004,1058894082,0,4.13122754632466
5113590293,Duru,41.007725,28.943867,food,amenity:restaurant,restaurant,,,,POINT (28.943867 41.007725),1058996265,1058996194,0,3.2215537545046105
5113620644,Duvares cafe & resturant,41.005434,28.979963,food,amenity:restaurant,restaurant,,,,POINT (28.979963 41.005434),1248902329,278004975,0,7.876240523894702
9833781418,Duygu Aile Salonu,41.017521,28.953863,food,amenity:restaurant,restaurant,,,,POINT (28.953863 41.017521),1061624988,1061624996,0,5.1719280382635455
5094385428,Duygu Ocakbaşı,41.018029,28.951191,food,amenity:restaurant,restaurant,,,,POINT (28.951191 41.018029),1061625104,1061625181,0,6.253396095812323
5113594823,Döner Sadık Usta,41.009056,28.947964,food,amenity:restaurant,restaurant,,,,POINT (28.947964 41.009056),1058892543,1058892458,0,7.72168390394881
5113500732,Döner istanbul,41.022201,28.945229,food,amenity:restaurant,restaurant,,,,POINT (28.945229 41.022201),1061625280,1061624086,0,11.819066602324657
5244807405,Dönerci Şahin Usta,41.010689,28.97001,food,amenity:restaurant,restaurant,,,,POINT (28.97001 41.010689),10226426310,10226426312,0,2.9633917709487805
5112749120,Dönerim,41.032827,28.94597,food,amenity:restaurant,restaurant,,,,POINT (28.94597 41.032827),1102850654,1102850563,0,6.1607224980640245
10087576517,Dürüm Yiyelim,41.01586,28.97278,food,amenity:restaurant,restaurant,,,,POINT (28.97278 41.01586),3083509834,3083509875,0,3.2614651159905694
5113557345,Dürümcü,41.010733,28.943158,food,amenity:restaurant,restaurant,,,,POINT (28.943158 41.010733),1058995742,10127735762,0,13.591994778724146
5081265952,Dürümcü Haşim Usta,41.012823,28.944467,food,amenity:restaurant,restaurant,,,,POINT (28.944467 41.012823),1059239838,1059239670,0,4.5983565985761
5112725536,Dürümcü Kerem,41.003712,28.928064,food,amenity:restaurant,restaurant,,,,POINT (28.928064 41.003712),1057576502,1055513056,0,8.437237993754556
5244807932,Dürümcü Raif Usta,41.010962,28.970945,food,amenity:restaurant,restaurant,,,,POINT (28.970945 41.010962),10636132246,10226426312,0,5.9512789470826615
5112971844,Dürümcü mehmetin yeri,41.007115,28.95165,food,amenity:restaurant,restaurant,,,,POINT (28.95165 41.007115),1058892575,1058892573,0,5.138699437807422
5244807923,Dürümcü Ömer Usta,41.011193,28.970799,food,amenity:restaurant,restaurant,,,,POINT (28.970799 41.011193),278005023,10636132246,0,3.180357863628958
5244806752,EHLI KEBAP,41.009447,28.970314,food,amenity:restaurant,restaurant,,,,POINT (28.970314 41.009447),3082166481,277129953,0,5.00699376069637
5113592170,EMİRHAN,41.011125,28.93874,food,amenity:restaurant,restaurant,,,,POINT (28.93874 41.011125),316964805,1058995758,0,11.043277155299478
5100823688,ETNA EV YEMEKLERI,41.01952,28.93197,food,amenity:restaurant,restaurant,,,,POINT (28.93197 41.01952),11036241722,11036241529,0,4.536212658601165
5113592163,EVRIM EXTRA BUFE,41.010695,28.938526,food,amenity:restaurant,restaurant,,,,POINT (28.938526 41.010695),1058995783,1058995758,0,10.634584074874368
5113590304,Eda Büfe,41.008615,28.943699,food,amenity:restaurant,restaurant,,,,POINT (28.943699 41.008615),1058996146,1058996150,0,3.309482796633288
5111206136,Eda bufe,41.019769,28.962536,food,amenity:restaurant,restaurant,,,,POINT (28.962536 41.019769),311375314,311375318,0,3.2761215055136037
5108843582,Edun büfe,41.010436,28.977311,food,amenity:restaurant,restaurant,,,,POINT (28.977311 41.010436),1936550766,278366563,0,2.5845879451426583
5108843572,Efezade Restaurant Cafe Turkish Delight,41.009588,28.978553,food,amenity:restaurant,restaurant,,,,POINT (28.978553 41.009588),13433927188,13433927166,0,2.935654264754008
5113620689,Efezade resturant,41.009847,28.978836,food,amenity:restaurant,restaurant,,,,POINT (28.978836 41.009847),13433942467,13433927174,0,7.102028601976195
5110345306,Ehlihan,41.015202,28.971958,food,amenity:restaurant,restaurant,,,,POINT (28.971958 41.015202),311367410,311367419,0,0.8293140272180921
5109654689,Ehlihan Restaurant,41.014691,28.93364,food,amenity:restaurant,restaurant,,,,POINT (28.93364 41.014691),10096318336,316924475,0,11.355715969373522
5108843990,El Amed Terrace Restaurant,41.010307,28.975225,food,amenity:restaurant,restaurant,,,,POINT (28.975225 41.010307),3079788605,3079788588,0,6.3770153051386185
5108843586,El Pescador RESTAURANT,41.010408,28.978304,food,amenity:restaurant,restaurant,,,,POINT (28.978304 41.010408),3079738248,11165697767,0,6.619784125846052
5113620691,Ela Sofia Kebap,41.010248,28.97887,food,amenity:restaurant,restaurant,,,,POINT (28.97887 41.010248),13433927174,13433942467,0,6.164948089069596
5075929053,Elefendi,41.010292,28.946984,food,amenity:restaurant,restaurant,,,,POINT (28.946984 41.010292),10093528155,9188247766,0,18.140216127319057
5108837424,Elif Büfe,41.013728,28.975183,food,amenity:restaurant,restaurant,,,,POINT (28.975183 41.013728),11165697753,11165697752,0,3.527329647456867
5115938128,Elif Büfe,41.008995,28.931252,food,amenity:restaurant,restaurant,,,,POINT (28.931252 41.008995),316924109,316966372,0,3.9860069408514347
5115939938,Elif Büfe,41.011706,28.96848,food,amenity:restaurant,restaurant,,,,POINT (28.96848 41.011706),3082166491,3082166486,0,2.726464373238554
5244810310,Elif Köfte Salonu,41.005694,28.965933,food,amenity:restaurant,restaurant,,,,POINT (28.965933 41.005694),3081281735,3081281713,0,5.997447521302351
5115935417,Elif Pastanesi,41.00709,28.927511,food,amenity:restaurant,restaurant,,,,POINT (28.927511 41.00709),1057576038,1057575951,0,11.610991151288212
12098772701,Emek saray,41.0116,28.958285,food,amenity:restaurant,restaurant,,,,POINT (28.958285 41.0116),256099718,2942771231,0,5.181783489255495
5244812077,Eminönü Balikçisi ve Cafe,41.01903,28.965252,food,amenity:restaurant,restaurant,,,,POINT (28.965252 41.01903),311375205,1059527368,0,12.304968754006824
5115933151,Emir sultan,41.000275,28.930481,food,amenity:restaurant,restaurant,,,,POINT (28.930481 41.000275),1035581799,1035581805,0,3.252502162135623
5108836392,Enes İbrahim,41.013404,28.976344,food,amenity:restaurant,restaurant,,,,POINT (28.976344 41.013404),278366486,11165697755,0,2.099206827524767
5081610940,Engin Pastanesi,40.996271,28.924147,food,amenity:restaurant,restaurant,,,,POINT (28.924147 40.996271),1034388263,1034388295,0,4.818053859322897
5108836375,Enjoy Pub Restaurant,41.013263,28.977008,food,amenity:restaurant,restaurant,,,,POINT (28.977008 41.013263),278366484,13433994435,0,3.54908815468433
5108843065,Enjoyer cafe correcto Restaurant,41.008965,28.975571,food,amenity:restaurant,restaurant,,,,POINT (28.975571 41.008965),1454266229,275612349,0,2.8596361761654885
5086061098,Ensar Aile Börek Salonu,41.024694,28.954862,food,amenity:restaurant,restaurant,,,,POINT (28.954862 41.024694),1061753695,1061753692,0,15.950425232600262
5111206123,Ercanlar,41.019801,28.96172,food,amenity:restaurant,restaurant,,,,POINT (28.96172 41.019801),3085947154,3085947146,0,2.4291137340300955
10178410610,Erciyes Cafe & Restaurant,41.005019,28.969999,food,amenity:restaurant,restaurant,,,,POINT (28.969999 41.005019),13281920953,275605024,0,11.246513234090221
3100037836,Erol,41.00861,28.973857,food,amenity:restaurant,restaurant,,,,POINT (28.973857 41.00861),269716327,269716442,0,5.45755904794872
5113624629,Erol Taş Cafe & Resturant,41.005278,28.981642,food,amenity:restaurant,restaurant,,,,POINT (28.981642 41.005278),2379706629,1250432554,0,5.097659925292509
3090853858,Erzincanlı Ali Baba Restoran,41.015514,28.963271,food,amenity:restaurant,restaurant,,,,POINT (28.963271 41.015514),10073446433,30215228,0,8.43981179121514
5243952770,Erzurum Cağ Kebap,41.015725,28.942891,food,amenity:restaurant,restaurant,,,,POINT (28.942891 41.015725),2371706523,10090682114,0,15.799417341245372
2984153151,Esmer Chef,41.015513,28.975896,food,amenity:restaurant,restaurant,,,,POINT (28.975896 41.015513),10617342044,8602030545,0,5.510149795186784
6968692361,Esmer Chef Fish House,41.015816,28.976069,food,amenity:restaurant,restaurant,,,,POINT (28.976069 41.015816),8602030545,3457689675,0,5.076748354909427
5113611475,Et ustası,41.029576,28.939479,food,amenity:restaurant,restaurant,,,,POINT (28.939479 41.029576),1064221940,1064222005,0,11.276174844044155
5113126686,Etibeyaz,41.006451,28.931103,food,amenity:restaurant,restaurant,,,,POINT (28.931103 41.006451),1057576534,1057577781,0,9.781503847516191
5113500731,Etibeyaz,41.022235,28.945175,food,amenity:restaurant,restaurant,,,,POINT (28.945175 41.022235),1061625280,1061624086,0,10.893578817615396
5081264669,Evim Iskender Kebap,41.015834,28.939657,food,amenity:restaurant,restaurant,,,,POINT (28.939657 41.015834),8978074014,1059239306,0,5.501440553495672
5115937391,Evrim Restoran,41.010889,28.938308,food,amenity:restaurant,restaurant,,,,POINT (28.938308 41.010889),1057577916,1057578233,0,7.553120090664638
5026474506,Ewan Restaurant,41.010248,28.947407,food,amenity:restaurant,restaurant,,,,POINT (28.947407 41.010248),1059240057,1059240066,0,1.1600469881112916
5112728862,Express Restaurant and Pub,41.011927,28.959088,food,amenity:restaurant,restaurant,,,,POINT (28.959088 41.011927),2370607058,10073446456,0,16.038301483985833
5099062148,Eyfel hotelium cafe and restaurant,41.007667,28.949252,food,amenity:restaurant,restaurant,,,,POINT (28.949252 41.007667),1058892498,1058892500,0,5.570073307901163
5112729005,Eyfel restaurant,41.010408,28.9583,food,amenity:restaurant,restaurant,,,,POINT (28.9583 41.010408),3081584732,256099861,0,3.6320606735225
5087172338,Eyüp Sultan Sofrası,40.996938,28.928076,food,amenity:restaurant,restaurant,,,,POINT (28.928076 40.996938),1035581321,1035581500,0,11.442140520713151
5244802005,Ezgi restaurant,41.00421,28.971572,food,amenity:restaurant,restaurant,,,,POINT (28.971572 41.00421),248137316,3273930166,0,5.11143667997777
5244811471,Fahri Usta,41.011186,28.96935,food,amenity:restaurant,restaurant,,,,POINT (28.96935 41.011186),3082586150,3082517840,0,6.149255706681006
4429003940,Falafel & Humus,41.008645,28.971502,food,amenity:restaurant,restaurant,,,,POINT (28.971502 41.008645),278005017,2775763243,0,6.83513514550823
5243950785,Falafel alshalal,41.020238,28.941615,food,amenity:restaurant,restaurant,,,,POINT (28.941615 41.020238),12825913092,12825913093,0,11.608060109561798
5108843727,Faros Restaurant Cafe,41.008354,28.973734,food,amenity:restaurant,restaurant,,,,POINT (28.973734 41.008354),13431435318,13431435314,0,7.635362513311287
5087179431,Farrujna,40.994452,28.925253,food,amenity:restaurant,restaurant,,,,POINT (28.925253 40.994452),1034388382,1034388406,0,8.611879529154372
5110347270,Faruk Güllüoğlu,41.015824,28.976106,food,amenity:restaurant,restaurant,,,,POINT (28.976106 41.015824),3457689675,8602030545,0,2.548330138618065
5108837455,Fasuli,41.014493,28.975598,food,amenity:restaurant,restaurant,,,,POINT (28.975598 41.014493),3079738266,3457689628,0,16.106443916035555
5111215770,Fasuli,41.003516,28.943556,food,amenity:restaurant,restaurant,,,,POINT (28.943556 41.003516),1058893893,1058894180,0,1.6924603943034573
5075929024,Fateh Alhayr resturant,41.012946,28.938687,food,amenity:restaurant,restaurant,,,,POINT (28.938687 41.012946),9950866022,412728616,0,16.288370916435003
4419254703,Fatih Belediyesi,41.031038,28.939442,food,amenity:restaurant,restaurant,,,,POINT (28.939442 41.031038),12356494857,6913927736,0,1.9727204595234284
6662592985,Fatih Belediyesi çatladikapi sosyal tesisi,41.001667,28.973533,food,amenity:restaurant,restaurant,,,,POINT (28.973533 41.001667),13073192973,13530156094,0,22.620510462634467
5106121858,Fatih Damak Pide,41.016374,28.952488,food,amenity:restaurant,restaurant,,,,POINT (28.952488 41.016374),1061625326,3364860686,0,6.977559469258941
5106122992,Fatih Karadeniz Pidecisi,41.016724,28.952406,food,amenity:restaurant,restaurant,,,,POINT (28.952406 41.016724),3541432981,3364860686,0,11.973094948774175
5244809863,Fatih Köfte,41.008321,28.9675,food,amenity:restaurant,restaurant,,,,POINT (28.9675 41.008321),10629345973,275602561,0,7.126444960630977
5113465270,Fatih Köfte ve Yemek Salonu,41.018103,28.951285,food,amenity:restaurant,restaurant,,,,POINT (28.951285 41.018103),1061625181,1061625104,0,3.484941044886227
4225492003,Fatih Sarmacısı,41.017662,28.950493,food,amenity:restaurant,restaurant,,,,POINT (28.950493 41.017662),1061625154,1061625197,0,1.9418525053381095
5106122982,Fatih Sur Börekçisi,41.016881,28.955539,food,amenity:restaurant,restaurant,,,,POINT (28.955539 41.016881),1061624194,1061624522,0,5.720636194334653
5113480872,Fatih alhayr,41.020313,28.948778,food,amenity:restaurant,restaurant,,,,POINT (28.948778 41.020313),4884590237,10694357429,0,3.821223824496766
5113465251,Fatih dekorasyon,41.018777,28.952342,food,amenity:restaurant,restaurant,,,,POINT (28.952342 41.018777),2371737281,1061625020,0,0.8724773177592375
5243951409,Fatih durum,41.021833,28.944644,food,amenity:restaurant,restaurant,,,,POINT (28.944644 41.021833),1060106878,1060106876,0,8.782777419950158
5113483402,Fatih esnaflar lokantası,41.021362,28.947974,food,amenity:restaurant,restaurant,,,,POINT (28.947974 41.021362),1061622767,1061622733,0,5.089387187735503
5108308875,Fatih Çitir Pide,41.01939,28.95508,food,amenity:restaurant,restaurant,,,,POINT (28.95508 41.01939),1061623779,1061623218,0,7.834324832227628
5607713423,Fener Restaurant,41.004045,28.964013,food,amenity:restaurant,restaurant,,,,POINT (28.964013 41.004045),1016925272,5083862551,0,2.809010132195859
5100823716,Ferda Börek Salonu,41.016899,28.931175,food,amenity:restaurant,restaurant,,,,POINT (28.931175 41.016899),1059137419,1059137339,0,4.6392956408881885
5113592158,Fetih Börek & Pide,41.010328,28.93837,food,amenity:restaurant,restaurant,,,,POINT (28.93837 41.010328),1058995783,10127735775,0,12.136360183697155
11281508270,Fetih Iskembe,41.033512,28.946538,food,amenity:restaurant,restaurant,,,,POINT (28.946538 41.033512),10613252747,1102850685,0,5.67204986210811
5115937824,Feyzi Usta Kadayıf ve Baklavaları,41.010275,28.931374,food,amenity:restaurant,restaurant,,,,POINT (28.931374 41.010275),316968602,316924159,0,6.967686840370686
5244795911,Filibe Köfte,41.016666,28.969326,food,amenity:restaurant,restaurant,,,,POINT (28.969326 41.016666),311372816,3379760644,0,3.857554122265093
5108843048,Firuz Aga Restaurant,41.008121,28.976083,food,amenity:restaurant,restaurant,,,,POINT (28.976083 41.008121),8602048881,11010266598,0,4.194952606897115
5081264682,Flavory Restaurant,41.010273,28.947322,food,amenity:restaurant,restaurant,,,,POINT (28.947322 41.010273),1059240066,1059240057,0,6.49863277378557
5111215218,Fonyali,41.005783,28.936111,food,amenity:restaurant,restaurant,,,,POINT (28.936111 41.005783),1057577381,1057577319,0,9.442309852489535
5088190871,Forsa Balık,40.999799,28.931984,food,amenity:restaurant,restaurant,,,,POINT (28.931984 40.999799),1035580901,1035580900,0,5.113741333087105
5108843090,Fuego Restaurant,41.008211,28.976941,food,amenity:restaurant,restaurant,,,,POINT (28.976941 41.008211),278366570,1454266219,0,0.5391624602087004
5113599507,Furkan Döner,41.008605,28.945284,food,amenity:restaurant,restaurant,,,,POINT (28.945284 41.008605),1058892851,12252537891,0,8.006190161884131
11002665634,Fülâne,41.013974,28.977751,food,amenity:restaurant,restaurant,,,,POINT (28.977751 41.013974),2370332234,278366512,0,5.8787886553396
4124679394,Fındık Kabuğu Restoran,41.031826,28.948906,food,amenity:restaurant,restaurant,,,,POINT (28.948906 41.031826),4618219825,9336729842,0,9.776891508736666
5243953074,Fındık Kabuğu Restoran,41.031844,28.948907,food,amenity:restaurant,restaurant,,,,POINT (28.948907 41.031844),4618219825,9336729842,0,8.403739007713622
5111215200,Fırat Kepab,41.006998,28.937806,food,amenity:restaurant,restaurant,,,,POINT (28.937806 41.006998),3371761305,1058996011,0,6.723879192954422
5244810644,Fırat Ocakbaşı,41.007007,28.965528,food,amenity:restaurant,restaurant,,,,POINT (28.965528 41.007007),1018528028,3081292067,0,5.4182190975637585
5108837444,GAR PUB Cafe & Restaurant,41.014283,28.976358,food,amenity:restaurant,restaurant,,,,POINT (28.976358 41.014283),13433994429,13433994434,0,4.568229069279711
5113592154,GIRNE,41.010049,28.938229,food,amenity:restaurant,restaurant,,,,POINT (28.938229 41.010049),10127735775,1058995805,0,6.371002314774555
5112728877,Gala Kokoreç,41.011108,28.959255,food,amenity:restaurant,restaurant,,,,POINT (28.959255 41.011108),256099720,7784240500,0,6.05457165019902
5108828645,Galata Fish & Kebab Restaurant,41.014329,28.976851,food,amenity:restaurant,restaurant,,,,POINT (28.976851 41.014329),3079738260,2379693996,0,5.70158895623374
5244801877,Garden 1897 Restaurant,41.004117,28.972529,food,amenity:restaurant,restaurant,,,,POINT (28.972529 41.004117),1185323737,3075153128,0,7.967210084034854
11341593119,Garden mezze,41.014521,28.977339,food,amenity:restaurant,restaurant,,,,POINT (28.977339 41.014521),6903351874,3079738264,0,4.623295163954131
5113620655,Garden resturant,41.005686,28.980291,food,amenity:restaurant,restaurant,,,,POINT (28.980291 41.005686),278004975,1248902329,0,6.901226225824308
5075993808,Gaza Vattan Felafel,41.01301,28.947268,food,amenity:restaurant,restaurant,,,,POINT (28.947268 41.01301),1059852327,1059852319,0,0.769801727505888
5107245412,Gaziantep Kilis Kebap ve Lahmacun,41.006686,28.924678,food,amenity:restaurant,restaurant,,,,POINT (28.924678 41.006686),12723110490,1055512585,0,6.618310377885597
5100825078,Gaziantep Ocakbaşı Topkapı,41.021239,28.927476,food,amenity:restaurant,restaurant,,,,POINT (28.927476 41.021239),1059137038,13382492045,0,9.315325906019655
5106118291,Gaziantep Restaurant,41.011795,28.953819,food,amenity:restaurant,restaurant,,,,POINT (28.953819 41.011795),2379769355,1058893359,0,9.253920510699203
5115937378,Gaziantep Zahter Sofrası,41.008672,28.937265,food,amenity:restaurant,restaurant,,,,POINT (28.937265 41.008672),4621154598,1036040634,0,5.470175686207436
5113465015,Gaziantep ünal,41.018463,28.951563,food,amenity:restaurant,restaurant,,,,POINT (28.951563 41.018463),1061625104,2371737279,0,3.8347946234859207
5115937213,Gaziantep'li Künefeci Ömer Usta,41.010287,28.931558,food,amenity:restaurant,restaurant,,,,POINT (28.931558 41.010287),316968602,316924159,0,8.458771208150894
5107305896,Gaziantepli,41.008212,28.949243,food,amenity:restaurant,restaurant,,,,POINT (28.949243 41.008212),1058892455,10068617936,0,5.473659961902687
5244809902,Gaziantepli Altınoğlu Baklava,41.007897,28.967092,food,amenity:restaurant,restaurant,,,,POINT (28.967092 41.007897),3081510951,3081510979,0,6.436211372861561
5111215131,Gaziantepli Usta,41.005581,28.937098,food,amenity:restaurant,restaurant,,,,POINT (28.937098 41.005581),13477910374,2370778817,0,7.373552000058564
5244807956,Gelgör Kebap Salonu,41.009815,28.968147,food,amenity:restaurant,restaurant,,,,POINT (28.968147 41.009815),3082166452,3082166467,0,7.066481147804723
5113590319,General Sofrası,41.008983,28.947798,food,amenity:restaurant,restaurant,,,,POINT (28.947798 41.008983),1058892543,1058892458,0,6.358388746036208
5111215777,Giger kepeb,41.004286,28.94478,food,amenity:restaurant,restaurant,,,,POINT (28.94478 41.004286),1058894172,2371666272,0,5.141424447220197
2894123844,Giorgi,41.008008,28.949337,food,amenity:restaurant,restaurant,,,,POINT (28.949337 41.008008),1058892498,1058892500,0,0.9841946236133032
5099062155,Giorgi,41.007667,28.948558,food,amenity:restaurant,restaurant,,,,POINT (28.948558 41.007667),1058892535,1058892526,0,10.714560356972896
1808533830,Giritli,41.003659,28.980732,food,amenity:restaurant,restaurant,,,,POINT (28.980732 41.003659),566635078,3370712783,0,2.324310887981162
5244812128,Golden Night,41.019346,28.96732,food,amenity:restaurant,restaurant,,,,POINT (28.96732 41.019346),11975924524,11169273529,0,19.68595400747335
5115937389,Goralı 1945,41.010817,28.938322,food,amenity:restaurant,restaurant,,,,POINT (28.938322 41.010817),1057578233,1057577916,0,3.7231350453707286
8468053017,Grace Rooftop Restaurant,41.006259,28.973669,food,amenity:restaurant,restaurant,,,,POINT (28.973669 41.006259),1185323560,275587911,0,4.659564506951962
10178410586,Green,41.003968,28.965002,food,amenity:restaurant,restaurant,,,,POINT (28.965002 41.003968),1938000943,1016468695,0,5.425977194422007
9782808313,Green Garden Cafe,41.014223,28.978588,food,amenity:restaurant,restaurant,,,,POINT (28.978588 41.014223),3398706236,3398706235,0,2.9021522421690373
12339920801,Green Hill,41.007067,28.973316,food,amenity:restaurant,restaurant,,,,POINT (28.973316 41.007067),275597707,275595498,0,2.1496068849012047
5236198780,Gulhane Sark Sofrasi,41.010723,28.977653,food,amenity:restaurant,restaurant,,,,POINT (28.977653 41.010723),11165697764,278366557,0,2.0871616416188914
5110347237,Gungenci,41.016412,28.973737,food,amenity:restaurant,restaurant,,,,POINT (28.973737 41.016412),13602762043,252235687,0,9.288551676687298
5113599728,Gökhan Büfe,41.009008,28.943598,food,amenity:restaurant,restaurant,,,,POINT (28.943598 41.009008),1058996198,1058995839,0,4.026757204424515
5086061041,Gökkuşağı Meze Ve Ev Yemekler,41.02691,28.955392,food,amenity:restaurant,restaurant,,,,POINT (28.955392 41.02691),1061753295,1061753286,0,2.335345914057768
5106122989,Göktaş Branda,41.016746,28.955371,food,amenity:restaurant,restaurant,,,,POINT (28.955371 41.016746),10236225066,10080770713,0,9.522806903172802
10178438617,Gölçek Restaurant,41.003734,28.964969,food,amenity:restaurant,restaurant,,,,POINT (28.964969 41.003734),2370393234,2370393236,0,7.0395761949128435
5244807884,Göçmen Börekçisi,41.008698,28.967437,food,amenity:restaurant,restaurant,,,,POINT (28.967437 41.008698),275602561,251298881,0,2.622413093201721
5106123803,Gül Evi Restaurant,41.022003,28.944297,food,amenity:restaurant,restaurant,,,,POINT (28.944297 41.022003),1060106872,1060106878,0,7.207859444661072
5244806804,Gül Tantik,41.009782,28.972084,food,amenity:restaurant,restaurant,,,,POINT (28.972084 41.009782),3082166470,3082166474,0,4.059558281430815
5243950731,Gülbenoğlu,41.017657,28.943763,food,amenity:restaurant,restaurant,,,,POINT (28.943763 41.017657),2379850484,1060106883,0,5.633832546347626
3498778647,Güler Restaurant,41.012583,28.958166,food,amenity:restaurant,restaurant,,,,POINT (28.958166 41.012583),9654484531,3081584721,0,12.647456043200505
5113620697,Gülhane cafe & resturant,41.014156,28.979361,food,amenity:restaurant,restaurant,,,,POINT (28.979361 41.014156),278366508,278366504,1,7.192429663294558
5244809855,Güloğlu Baklava ve Börek Salonu,41.00798,28.967226,food,amenity:restaurant,restaurant,,,,POINT (28.967226 41.00798),10629345973,269722965,0,7.675127487238265
5088192729,Günbilir Balık Restaurant,41.000058,28.932262,food,amenity:restaurant,restaurant,,,,POINT (28.932262 41.000058),1035581001,1035580908,0,8.809794921654758
5081610907,Günbilir balık lokantası,40.993251,28.926857,food,amenity:restaurant,restaurant,,,,POINT (28.926857 40.993251),12993187567,12993187563,0,2.0134559310173006
4601423517,Güneydoğu Sofrası,41.017141,28.954654,food,amenity:restaurant,restaurant,,,,POINT (28.954654 41.017141),1061624988,1061624996,0,4.009358537369986
5106122987,Güneydoğu Sofrası,41.017148,28.954742,food,amenity:restaurant,restaurant,,,,POINT (28.954742 41.017148),1061624988,1061624996,0,9.317546060054388
5244810626,Gür Kebap,41.006617,28.966535,food,amenity:restaurant,restaurant,,,,POINT (28.966535 41.006617),275601319,3081292062,0,4.632412322148649
5106122968,Güven Ocakbaşı,41.017165,28.955764,food,amenity:restaurant,restaurant,,,,POINT (28.955764 41.017165),1061624202,1061624232,0,8.564488733299514
5665463134,Güvenç Konyalı,41.014331,28.975486,food,amenity:restaurant,restaurant,,,,POINT (28.975486 41.014331),3457689628,3079738266,0,4.19801453141958
5103810806,HATAY OCAKBAŞI RESTAURANT,41.017625,28.92926,food,amenity:restaurant,restaurant,,,,POINT (28.92926 41.017625),1059137325,989943824,0,8.4695601304656
5106121854,Hacielaziz Çiğköfte,41.017337,28.95339,food,amenity:restaurant,restaurant,,,,POINT (28.95339 41.017337),10660070278,1061625330,0,10.91212065909352
5243952628,Hacilaziz,41.016553,28.94593,food,amenity:restaurant,restaurant,,,,POINT (28.94593 41.016553),1059851654,1059851972,0,6.658432009526108
5111215215,Hacioglarri,41.005613,28.93639,food,amenity:restaurant,restaurant,,,,POINT (28.93639 41.005613),1058996075,9023659780,0,10.088964958308077
5244805719,Hacı Ali Usta,41.010644,28.972756,food,amenity:restaurant,restaurant,,,,POINT (28.972756 41.010644),3083418538,3083371818,0,5.0185710219841075
12347693561,Hacı Beyaz Chef,41.014368,28.976857,food,amenity:restaurant,restaurant,,,,POINT (28.976857 41.014368),3079738260,3817864006,0,5.29935555325395
5113128078,Hacı Bozan Oğulları,41.009362,28.95625,food,amenity:restaurant,restaurant,,,,POINT (28.95625 41.009362),269723072,269723085,0,6.523500980567344
5099060706,Hacı kral mutfağı,41.006603,28.951514,food,amenity:restaurant,restaurant,,,,POINT (28.951514 41.006603),1058892578,1058892575,0,6.101437072664421
5113500764,Hacıoğlu,41.020448,28.947,food,amenity:restaurant,restaurant,,,,POINT (28.947 41.020448),10263288066,9760089529,0,5.7539743138704615
5106123820,Hadramot Yemeni Restaurant,41.02053,28.9418,food,amenity:restaurant,restaurant,,,,POINT (28.9418 41.02053),12825913092,12825913093,0,4.701774266155478
5108843102,Hafız Mustafa,41.007983,28.976908,food,amenity:restaurant,restaurant,,,,POINT (28.976908 41.007983),11005974944,11010266598,0,1.43896920302418
5113127740,Hafızoğulları Lokantası,41.003911,28.931233,food,amenity:restaurant,restaurant,,,,POINT (28.931233 41.003911),1057576458,1057578144,0,16.529763224472497
5112749787,Hakan Cafe Börek Salonu,41.030051,28.941009,food,amenity:restaurant,restaurant,,,,POINT (28.941009 41.030051),1064221933,1064222060,0,8.379097600565123
5113599475,Hakiki hatay urunleri,41.008259,28.940363,food,amenity:restaurant,restaurant,,,,POINT (28.940363 41.008259),1058996230,1058995926,0,7.635720333479783
5075993816,Halep restaurant,41.013061,28.947139,food,amenity:restaurant,restaurant,,,,POINT (28.947139 41.013061),1059852319,1059852327,0,1.913097536736948
5075962026,Halil ibrahim şark sofrası,41.012727,28.948388,food,amenity:restaurant,restaurant,,,,POINT (28.948388 41.012727),1059852984,1059852319,0,8.57803251703925
262402714,Hamdi,41.017163,28.969899,food,amenity:restaurant,restaurant,,,,POINT (28.969899 41.017163),11812527294,13602762022,0,9.767104730458957
11212829440,Han Atlas Üzbek Restaurant,41.005789,28.962071,food,amenity:restaurant,restaurant,,,,POINT (28.962071 41.005789),1024722365,459111069,0,7.738634853106301
5110342181,Hanedan kebap,41.015964,28.957601,food,amenity:restaurant,restaurant,,,,POINT (28.957601 41.015964),1260095489,1059526402,0,3.2349353774552307
5113592131,Hanim eli,41.008777,28.937597,food,amenity:restaurant,restaurant,,,,POINT (28.937597 41.008777),1058995903,316924107,0,10.351092550919075
6961507386,Hanzade Terrace Restaurant,41.006445,28.970054,food,amenity:restaurant,restaurant,,,,POINT (28.970054 41.006445),275587103,275587102,0,8.748316133615067
5113462480,Hanımeli kıztaşı,41.016929,28.951172,food,amenity:restaurant,restaurant,,,,POINT (28.951172 41.016929),1061625204,1061625154,0,4.009446617969271
5106124123,Happy Chicken,41.020412,28.941585,food,amenity:restaurant,restaurant,,,,POINT (28.941585 41.020412),12825913092,12825913093,0,5.274346623080022
5086061053,Hasan Usta,41.026468,28.955546,food,amenity:restaurant,restaurant,,,,POINT (28.955546 41.026468),1061753259,1061753091,0,3.7818123799466195
5088192722,Hasanoğlu Börek Pasta ve Cafe,41.002836,28.936713,food,amenity:restaurant,restaurant,,,,POINT (28.936713 41.002836),1036040583,1036041415,0,2.6218241509904505
11265105037,Hasanpaşa Konaği,41.009257,28.961273,food,amenity:restaurant,restaurant,,,,POINT (28.961273 41.009257),3270661438,10188024036,0,15.335849431020034
5113599512,Haseki Ev Yemekleri,41.009186,28.944781,food,amenity:restaurant,restaurant,,,,POINT (28.944781 41.009186),1058892851,1058996198,0,7.971184746108079
6731413485,Haskral Hatay Sofrasi,41.012586,28.949009,food,amenity:restaurant,restaurant,,,,POINT (28.949009 41.012586),1059852770,1059852975,0,7.525291780419145
6732844986,Haskral Hatay Sofrasi,41.012592,28.948989,food,amenity:restaurant,restaurant,,,,POINT (28.948989 41.012592),1059852975,1059852770,0,8.572766869809175
5244812103,Hasırcılar Kebap Salonu,41.01821,28.967499,food,amenity:restaurant,restaurant,,,,POINT (28.967499 41.01821),768679872,768679864,0,7.806058755556941
5244796163,Hatay Asi Künefeleri,41.01726,28.968929,food,amenity:restaurant,restaurant,,,,POINT (28.968929 41.01726),2379738152,3083509880,0,3.202147905189885
5075962045,Hatay medeniyetler sofrası,41.011688,28.950053,food,amenity:restaurant,restaurant,,,,POINT (28.950053 41.011688),9809606571,990017839,0,2.222969610515575
5099065509,Hatay İkizler Tatlıcısı,41.007028,28.94228,food,amenity:restaurant,restaurant,,,,POINT (28.94228 41.007028),1058996208,1058893992,0,6.802531645278682
6449136888,Havuzbaşı Restoran Yenikapı,41.001744,28.960891,food,amenity:restaurant,restaurant,,,,POINT (28.960891 41.001744),13433929601,11185899583,0,53.84975147662368
5243951555,Hayat lokantasi,41.016419,28.94872,food,amenity:restaurant,restaurant,,,,POINT (28.94872 41.016419),1059851913,1059851997,0,8.360472842288914
5108843342,Hazal Börek Salonu,41.010417,28.974817,food,amenity:restaurant,restaurant,,,,POINT (28.974817 41.010417),31678630,3079788588,0,7.689611759427014
5113125300,Hazal Döner,41.003934,28.931798,food,amenity:restaurant,restaurant,,,,POINT (28.931798 41.003934),1036041045,1036040877,0,7.112636327960702
5113125921,Hazal Pide Ve Börek Salonu,41.003542,28.929973,food,amenity:restaurant,restaurant,,,,POINT (28.929973 41.003542),1055513081,1036041058,0,12.649628397915833
5088192735,Helena Çak Stone,41.000186,28.931873,food,amenity:restaurant,restaurant,,,,POINT (28.931873 41.000186),1035580900,1035581001,0,4.528780878269803
5088192773,Hemşerim Durumcusu,40.999658,28.931432,food,amenity:restaurant,restaurant,,,,POINT (28.931432 40.999658),1035580905,1035580904,0,8.471181954521997
5088194893,Her Telden Çılgın Kebapçı,41.003502,28.931261,food,amenity:restaurant,restaurant,,,,POINT (28.931261 41.003502),2370778797,1036041051,0,4.214808111370387
9833780518,Hesap Dokumu,41.004637,28.971102,food,amenity:restaurant,restaurant,,,,POINT (28.971102 41.004637),248137315,275605024,0,6.45566018745833
5244803035,Hippodrome Restaurant,41.00339,28.974778,food,amenity:restaurant,restaurant,,,,POINT (28.974778 41.00339),349271203,506381577,0,15.293310662518914
5115938123,Hira Kebap ve Dürüm Evi,41.007206,28.928668,food,amenity:restaurant,restaurant,,,,POINT (28.928668 41.007206),316968592,316968591,0,6.096137650524457
5244807847,Hira Lokantası,41.004832,28.965649,food,amenity:restaurant,restaurant,,,,POINT (28.965649 41.004832),2370393247,248137304,0,10.93504102032511
5243950801,Hirka-i sherif,41.021168,28.943216,food,amenity:restaurant,restaurant,,,,POINT (28.943216 41.021168),10694271483,12825913091,0,12.399716931785816
12347693558,Hocapaşa Fish & Kebab,41.013879,28.976426,food,amenity:restaurant,restaurant,,,,POINT (28.976426 41.013879),2379693988,3079738241,0,7.258976479453626
5108837440,Hocapaşa Pidecisi,41.013976,28.975606,food,amenity:restaurant,restaurant,,,,POINT (28.975606 41.013976),3079738266,2379693988,0,4.779615619351823
5112732232,Hotel Kaya Restaurant,41.010957,28.958653,food,amenity:restaurant,restaurant,,,,POINT (28.958653 41.010957),256099718,256099720,0,6.478240368990499
5108843525,House of Medusa,41.008764,28.977221,food,amenity:restaurant,restaurant,,,,POINT (28.977221 41.008764),3124384721,3124384723,0,12.983846512621408
5107305840,Huzur Uygur Mufatğı,41.007843,28.948773,food,amenity:restaurant,restaurant,,,,POINT (28.948773 41.007843),1058892524,1058892526,0,5.136384269907336
5087179433,Hükümran Sofrası,40.994685,28.925438,food,amenity:restaurant,restaurant,,,,POINT (28.925438 40.994685),1034388406,1034388153,0,7.804110535271667
6763640185,Hüner Ev Yemekleri,41.016582,28.937327,food,amenity:restaurant,restaurant,,,,POINT (28.937327 41.016582),2371631248,316964818,0,3.4881584124964546
5111215128,Ikizler pilavci,41.005468,28.936776,food,amenity:restaurant,restaurant,,,,POINT (28.936776 41.005468),2370778817,13477910374,0,4.833461294717131
5111215129,Is doner,41.0055,28.936883,food,amenity:restaurant,restaurant,,,,POINT (28.936883 41.0055),13477910374,2370778817,0,5.098317861897945
10589342905,Istanbul Anatolian cuisine,41.003401,28.972321,food,amenity:restaurant,restaurant,,,,POINT (28.972321 41.003401),2361227093,248137320,0,5.732856267596272
5244809858,Istanbul Restaurant,41.0082,28.967299,food,amenity:restaurant,restaurant,,,,POINT (28.967299 41.0082),269722965,10629345973,0,6.66969716866872
5026652711,Izgara Evi Restuarant,41.011029,28.942264,food,amenity:restaurant,restaurant,,,,POINT (28.942264 41.011029),2371631231,1058995854,0,7.823790677859297
5111215179,Jalal,41.00733,28.942591,food,amenity:restaurant,restaurant,,,,POINT (28.942591 41.00733),1058996106,10127887976,0,5.722503176163718
5106122966,Jing Ya Tang Restaurant,41.019102,28.957747,food,amenity:restaurant,restaurant,,,,POINT (28.957747 41.019102),12840929398,1061623433,0,5.16249720730908
5081442470,Jing ya Tang Restaurant,41.019096,28.957813,food,amenity:restaurant,restaurant,,,,POINT (28.957813 41.019096),1061623433,12840929398,0,0.16022852733516696
5115937363,KEBAPCI CAHIT USTA,41.006968,28.93533,food,amenity:restaurant,restaurant,,,,POINT (28.93533 41.006968),1057577362,3363433223,0,21.52701670051645
5244806784,KOSEM,41.009369,28.971288,food,amenity:restaurant,restaurant,,,,POINT (28.971288 41.009369),311371051,3082166470,0,5.975568969698906
5110342205,Kadeli büfe,41.012384,28.95944,food,amenity:restaurant,restaurant,,,,POINT (28.95944 41.012384),7784240549,7784240552,0,0.7455856128919368
9785338497,Kadioglu Et Lokantasi,41.019872,28.962465,food,amenity:restaurant,restaurant,,,,POINT (28.962465 41.019872),311375314,311375318,0,6.320240630833958
5111206130,Kadioglu kofte salonu,41.019839,28.96227,food,amenity:restaurant,restaurant,,,,POINT (28.96227 41.019839),3085947154,3085947146,0,14.642244218146871
10178438659,Kadırga Cafe & Restaurant,41.004781,28.968185,food,amenity:restaurant,restaurant,,,,POINT (28.968185 41.004781),3079788585,3079788623,0,6.3744066865422555
5244802008,Kadırga Resturant,41.004519,28.971446,food,amenity:restaurant,restaurant,,,,POINT (28.971446 41.004519),248137315,275609040,0,4.967166206695446
10178438664,Kaki Umbrella Restaurant Terrace,41.004868,28.979593,food,amenity:restaurant,restaurant,,,,POINT (28.979593 41.004868),278004975,278004976,0,12.657296595480277
5112834071,Kakule cafe ve restaurant,41.00831,28.95264,food,amenity:restaurant,restaurant,,,,POINT (28.95264 41.00831),10263288029,1058892587,0,8.188561554458131
5110345311,Kakşioğlu kafeterya,41.015089,28.971659,food,amenity:restaurant,restaurant,,,,POINT (28.971659 41.015089),311367410,311367419,0,2.717254911589499
5244801828,Kale Derya,41.002832,28.970797,food,amenity:restaurant,restaurant,,,,POINT (28.970797 41.002832),2370366652,3075078760,0,13.944301413822286
10178438628,Kalem Restaurant,41.006172,28.973224,food,amenity:restaurant,restaurant,,,,POINT (28.973224 41.006172),275587910,31678606,0,8.813630386196278
5115937987,Kalite Börek Salonu,41.010236,28.929063,food,amenity:restaurant,restaurant,,,,POINT (28.929063 41.010236),1057574316,1057574424,0,4.39448829654715
4343584752,Kalyon,41.0032,28.980911,food,amenity:restaurant,restaurant,,,,POINT (28.980911 41.0032),13357454631,4214834613,0,16.163072174847603
5244807839,Karacadağ Sofrası,41.005087,28.964575,food,amenity:restaurant,restaurant,,,,POINT (28.964575 41.005087),10196506162,248137304,0,11.809006256119249
4419254702,Karadeniz,41.008481,28.975056,food,amenity:restaurant,restaurant,,,,POINT (28.975056 41.008481),275612067,275611821,0,2.1997479492544345
5108843759,Karadeniz Aile Pide and Kebab Restaurant,41.008442,28.974963,food,amenity:restaurant,restaurant,,,,POINT (28.974963 41.008442),275611821,275612067,0,7.406397794166178
5244807961,Karadeniz Köfte ve Yemek Salonu,41.009669,28.968455,food,amenity:restaurant,restaurant,,,,POINT (28.968455 41.009669),3082166467,3082166487,0,6.524491192661374
5244806749,Karadeniz Pide Salonu,41.009157,28.970472,food,amenity:restaurant,restaurant,,,,POINT (28.970472 41.009157),277129953,3082166481,0,23.67824470976192
7090566391,Karadeniz Pide Vefa,41.017279,28.958318,food,amenity:restaurant,restaurant,,,,POINT (28.958318 41.017279),311375350,2195426979,1,8.159778401620807
5115937857,Karadeniz Pide-Börek Salonu,41.01159,28.92735,food,amenity:restaurant,restaurant,,,,POINT (28.92735 41.01159),316968738,1057574349,0,3.296597800190954
5108843032,Karadeniz Restaurant,41.008461,28.975276,food,amenity:restaurant,restaurant,,,,POINT (28.975276 41.008461),275611820,8602048856,0,3.4935692210029687
5115937985,Karadeniz Yayla Lokantası,41.010486,28.928921,food,amenity:restaurant,restaurant,,,,POINT (28.928921 41.010486),2373172460,1057574316,0,2.7685951297150972
5108843746,Karadeniz kardeşler pide kebab salonu,41.008502,28.9746,food,amenity:restaurant,restaurant,,,,POINT (28.9746 41.008502),275611821,275612067,0,4.3201125563474525
5113481388,Karadeniz pide,41.024043,28.948146,food,amenity:restaurant,restaurant,,,,POINT (28.948146 41.024043),1061624045,10263288070,0,6.371838738651534
5081445069,Karagöz Zorba,41.027285,28.957007,food,amenity:restaurant,restaurant,,,,POINT (28.957007 41.027285),1061754485,2378719428,0,8.90355369286882
1784925344,Karakol Restaurant,41.009296,28.981083,food,amenity:restaurant,restaurant,,,,POINT (28.981083 41.009296),31678654,3424786604,0,10.893484039338093
5111214096,Kardes bufe,41.004124,28.943986,food,amenity:restaurant,restaurant,,,,POINT (28.943986 41.004124),1058894004,2380754569,0,0.40257213933067026
5088194826,Kardesler Koftecisi,40.999824,28.931546,food,amenity:restaurant,restaurant,,,,POINT (28.931546 40.999824),1035581787,1035581614,0,4.211007375738
5108843975,Kardesler Resteurant,41.009891,28.974401,food,amenity:restaurant,restaurant,,,,POINT (28.974401 41.009891),3079788577,275611754,0,25.48255702642586
5099040200,Kardeş büfe,41.004119,28.944058,food,amenity:restaurant,restaurant,,,,POINT (28.944058 41.004119),1058894004,2380754569,0,5.064416201255824
5244806732,Kardeşler Köftecisi,41.00933,28.969465,food,amenity:restaurant,restaurant,,,,POINT (28.969465 41.00933),277129977,277129975,0,7.139744468248
5109654680,Kardeşler Yemek,41.013754,28.93253,food,amenity:restaurant,restaurant,,,,POINT (28.93253 41.013754),316926098,1049732670,0,7.227359318763913
5088194904,Kardeşler Yufkacısı,41.002162,28.930601,food,amenity:restaurant,restaurant,,,,POINT (28.930601 41.002162),1036040819,2373139473,0,4.527738549736596
5075962046,Kardeşler lokantası,41.011615,28.949636,food,amenity:restaurant,restaurant,,,,POINT (28.949636 41.011615),9809606573,13478051067,0,4.8166837448357285
5244801918,Karina Fish House,41.002986,28.975268,food,amenity:restaurant,restaurant,,,,POINT (28.975268 41.002986),13530207353,1941154348,0,3.21344093482592
10178410613,Kartallar Denizki Restaurant,41.004096,28.964907,food,amenity:restaurant,restaurant,,,,POINT (28.964907 41.004096),1016468695,3081281686,0,7.094073002609417
5244806751,Kasap Kebap,41.00939,28.970438,food,amenity:restaurant,restaurant,,,,POINT (28.970438 41.00939),2775763259,277129953,0,7.575808298633179
4471394798,Kasap Osman,41.014928,28.957038,food,amenity:restaurant,restaurant,,,,POINT (28.957038 41.014928),3086129817,1941121487,0,4.236327634391147
5108836417,Kasap Osman,41.013858,28.975358,food,amenity:restaurant,restaurant,,,,POINT (28.975358 41.013858),3079738266,2379693988,0,15.258624095628498
12374422255,Kasap Osman,41.013897,28.975572,food,amenity:restaurant,restaurant,,,,POINT (28.975572 41.013897),3079738266,2379693988,0,4.422229969266946
5081265953,Kasem Abu Alkas Lokantası,41.013023,28.944407,food,amenity:restaurant,restaurant,,,,POINT (28.944407 41.013023),1059239770,1059239838,0,9.250029867542528
9785245256,Kayatas,41.019906,28.962346,food,amenity:restaurant,restaurant,,,,POINT (28.962346 41.019906),1260180707,3085947154,0,6.900407277333925
5111206127,Kaytas,41.019922,28.961892,food,amenity:restaurant,restaurant,,,,POINT (28.961892 41.019922),3085947154,3085947146,0,5.365563031210571
5113612622,Kaçar borek salonu,41.029183,28.944002,food,amenity:restaurant,restaurant,,,,POINT (28.944002 41.029183),1064222428,1064574698,0,9.037233643699413
5244807843,Kaçkar Saray Büfe,41.004974,28.965028,food,amenity:restaurant,restaurant,,,,POINT (28.965028 41.004974),10196506162,248137304,0,10.323583025326375
13467823856,Kebab Dünyası Cafe&Restaurant,41.006429,28.953831,food,amenity:restaurant,restaurant,,,,POINT (28.953831 41.006429),1938009728,1055372709,0,12.85013849395313
5113500286,Kebab and fish house,41.007901,28.971591,food,amenity:restaurant,restaurant,,,,POINT (28.971591 41.007901),269722911,8602077958,0,2.882514139881042
5243952773,Kebabçı Mahmut,41.015482,28.943151,food,amenity:restaurant,restaurant,,,,POINT (28.943151 41.015482),2371706523,2371697951,0,10.165291254871423
5107305843,Kebabçım,41.007187,28.948695,food,amenity:restaurant,restaurant,,,,POINT (28.948695 41.007187),1058892526,1058892527,0,5.3850209523392385
5111206144,Kebap Evi,41.019696,28.963544,food,amenity:restaurant,restaurant,,,,POINT (28.963544 41.019696),2370517772,3370642642,0,3.8766282029051626
5112834049,Kebap dünyası,41.008352,28.951616,food,amenity:restaurant,restaurant,,,,POINT (28.951616 41.008352),1058892571,4286601068,0,1.6398552454083302
5113465267,Kebapçi salıh usta,41.018202,28.951524,food,amenity:restaurant,restaurant,,,,POINT (28.951524 41.018202),1061625104,1061625181,0,4.836226692333669
5103810784,Kebapçı Murat,41.019776,28.927859,food,amenity:restaurant,restaurant,,,,POINT (28.927859 41.019776),1059137075,1059137082,0,8.193536786919747
5244806746,Kebapçı Şahin Usta,41.009526,28.969959,food,amenity:restaurant,restaurant,,,,POINT (28.969959 41.009526),277129953,278005027,0,11.255915416049135
5087179426,Kebapçıoğlu,40.994334,28.923869,food,amenity:restaurant,restaurant,,,,POINT (28.923869 40.994334),10657014563,10657014565,0,1.5915669582954226
5243950789,Keifine gore felafel,41.020431,28.94197,food,amenity:restaurant,restaurant,,,,POINT (28.94197 41.020431),12825913093,1060106981,0,9.676302520183192
5115929118,Kelkit Döneri,41.009304,28.96707,food,amenity:restaurant,restaurant,,,,POINT (28.96707 41.009304),13431433995,3802207357,0,0.012626618983329022
5108843733,Kenger Home Made,41.008504,28.974365,food,amenity:restaurant,restaurant,,,,POINT (28.974365 41.008504),275612067,13431435312,0,6.099566512681954
5099065448,Kerim ustanın mutfağı,41.00896,28.948099,food,amenity:restaurant,restaurant,,,,POINT (28.948099 41.00896),1058892543,1058892458,0,6.768597503337717
5113615747,Keskin gürme,41.03061,28.936895,food,amenity:restaurant,restaurant,,,,POINT (28.936895 41.03061),1064575035,1064575033,0,6.026454509857563
3100037837,Keyf-i Mekan,41.012214,28.968072,food,amenity:restaurant,restaurant,,,,POINT (28.968072 41.012214),3370550735,3082166486,0,3.0209244542159595
5108843059,Khorasani Restaurant,41.008548,28.976074,food,amenity:restaurant,restaurant,,,,POINT (28.976074 41.008548),275612349,1454266229,0,12.367452237607532
5113500792,Kiler Et,41.017489,28.949956,food,amenity:restaurant,restaurant,,,,POINT (28.949956 41.017489),10263288060,10263288062,0,4.462258919334455
5107243172,Kilis Sofrası,41.004195,28.927743,food,amenity:restaurant,restaurant,,,,POINT (28.927743 41.004195),1057576136,1057576079,0,4.40582554441764
5113126687,Kirik Çatal Lokantasi,41.006116,28.931073,food,amenity:restaurant,restaurant,,,,POINT (28.931073 41.006116),3363402106,1057576534,0,12.901443738099012
5112728853,Klas restaurant,41.011813,28.958571,food,amenity:restaurant,restaurant,,,,POINT (28.958571 41.011813),2942771231,2370607058,0,10.034297242963238
12252425377,Kofte restaurant,41.011875,28.941256,food,amenity:restaurant,restaurant,,,,POINT (28.941256 41.011875),1059239608,10093528187,0,16.202004971979246
5108843976,Kofteci Ramiz,41.009723,28.974314,food,amenity:restaurant,restaurant,,,,POINT (28.974314 41.009723),3079788577,275611754,0,7.375185070502169
5108844440,Kofteci Ramiz,41.0096,28.973932,food,amenity:restaurant,restaurant,,,,POINT (28.973932 41.0096),269716638,275611754,0,4.2667944529719275
5113612623,Konak Bufe,41.029141,28.944175,food,amenity:restaurant,restaurant,,,,POINT (28.944175 41.029141),1064574698,1102850666,0,5.374861573104638
5103810774,Konak Lokantası,41.020275,28.928317,food,amenity:restaurant,restaurant,,,,POINT (28.928317 41.020275),1059137267,1059137370,0,13.10082217294142
5244810621,Konya Etli Ekmek Salonu,41.006763,28.966248,food,amenity:restaurant,restaurant,,,,POINT (28.966248 41.006763),248137284,3081292062,0,8.874718370906708
5243951365,Konya Etli Pide,41.020556,28.94488,food,amenity:restaurant,restaurant,,,,POINT (28.94488 41.020556),1060106881,1060106869,0,6.343017926586584
5110347267,Konyalı,41.01563,28.975962,food,amenity:restaurant,restaurant,,,,POINT (28.975962 41.01563),8602030545,3457689675,0,5.411330269856733
5109654688,Konyalı Gurme,41.014559,28.93352,food,amenity:restaurant,restaurant,,,,POINT (28.93352 41.014559),10096318336,316924475,0,10.78592684016877
903438877,Konyalı Restaurant,41.013559,28.985881,food,amenity:restaurant,restaurant,,,,POINT (28.985881 41.013559),3078464321,3078451829,0,11.033657725019799
5113620596,Konyalı topkapı,41.013713,28.985817,food,amenity:restaurant,restaurant,,,,POINT (28.985817 41.013713),3078464321,3078451829,0,1.82506750233615
1914160124,Korean Chinese,41.003396,28.97426,food,amenity:restaurant,restaurant,,,,POINT (28.97426 41.003396),349271203,506381577,0,3.244652779448242
5113624630,Korecan Restoran,41.00539,28.981899,food,amenity:restaurant,restaurant,,,,POINT (28.981899 41.00539),1250432554,2379709167,0,7.426015836125294
5111215155,Kosek and cafe,41.00648,28.939823,food,amenity:restaurant,restaurant,,,,POINT (28.939823 41.00648),1058996044,10127764442,0,6.308781726127954
5108843387,Kosk Kebap Durum Evi,41.010544,28.977158,food,amenity:restaurant,restaurant,,,,POINT (28.977158 41.010544),3079788591,2379695100,0,11.644012137533464
5112732284,Koska,41.009734,28.957831,food,amenity:restaurant,restaurant,,,,POINT (28.957831 41.009734),10073978970,10080802277,0,8.10790617016604
5244807891,Koska,41.008739,28.967277,food,amenity:restaurant,restaurant,,,,POINT (28.967277 41.008739),251298881,4776781979,0,8.324197208799966
5110347201,Koska Köftecisi,41.016702,28.958752,food,amenity:restaurant,restaurant,,,,POINT (28.958752 41.016702),1260095487,311375350,0,1.8147504417157565
5243952733,Kozde kebap,41.017944,28.941933,food,amenity:restaurant,restaurant,,,,POINT (28.941933 41.017944),1060106943,1060106944,0,3.7274338841287475
6296619895,Kroren Restaurant,41.017486,28.929711,food,amenity:restaurant,restaurant,,,,POINT (28.929711 41.017486),1059137325,10656725146,0,23.717402684673413
5088190868,Kucuk Ev,40.999691,28.932127,food,amenity:restaurant,restaurant,,,,POINT (28.932127 40.999691),1035580905,1035580901,0,3.245342418142694
5108843081,Kucuk Ev Cafe and Restaurant,41.008268,28.976493,food,amenity:restaurant,restaurant,,,,POINT (28.976493 41.008268),10609421040,1454266219,0,4.189191278149107
5108843590,Kucukoglu barbecue restaurant,41.010552,28.977476,food,amenity:restaurant,restaurant,,,,POINT (28.977476 41.010552),278366557,278366563,0,4.516785636959166
7100274085,Kudus,41.011618,28.949657,food,amenity:restaurant,restaurant,,,,POINT (28.949657 41.011618),9809606573,13478051067,0,6.089020948150308
5100825062,Kul Sofras,41.020715,28.932884,food,amenity:restaurant,restaurant,,,,POINT (28.932884 41.020715),1059136972,1059137106,0,10.319804743438231
5076115923,Kule köfte,40.995951,28.927454,food,amenity:restaurant,restaurant,,,,POINT (28.927454 40.995951),1034388084,1035581568,0,3.77799697748494
10178410598,Kumkapı Afrodit Restaurant,41.003451,28.965298,food,amenity:restaurant,restaurant,,,,POINT (28.965298 41.003451),1016468774,13004337867,0,6.516066967016126
10178438646,Kumkapı Albatros,41.003578,28.96526,food,amenity:restaurant,restaurant,,,,POINT (28.96526 41.003578),1016468774,13004337867,0,7.1378772088587
10178410614,Kumkapı Evren Restaurant,41.004021,28.964766,food,amenity:restaurant,restaurant,,,,POINT (28.964766 41.004021),1016468695,3081281686,0,7.399163290611935
10178410606,Kumkapı Hoş,41.004202,28.964584,food,amenity:restaurant,restaurant,,,,POINT (28.964584 41.004202),3081281686,1016925272,0,7.178845123838957
6359663185,Kumkapı Hünkar,41.003415,28.965081,food,amenity:restaurant,restaurant,,,,POINT (28.965081 41.003415),1016468774,13004337867,0,12.148085422962135
10178410607,Kumkapı Saki,41.004096,28.964708,food,amenity:restaurant,restaurant,,,,POINT (28.964708 41.004096),1016468695,3081281686,0,6.662984550128118
5081442495,Kumpir ve Waffle,41.023468,28.960473,food,amenity:restaurant,restaurant,,,,POINT (28.960473 41.023468),10613834524,1061753554,0,1.0015125706311063
6939657816,Kuru Fasulyeci Süleyman,41.015443,28.963249,food,amenity:restaurant,restaurant,,,,POINT (28.963249 41.015443),10073446433,30215228,0,15.19685971732095
5243950743,Kuzey Büfe,41.017112,28.942864,food,amenity:restaurant,restaurant,,,,POINT (28.942864 41.017112),1059851787,1060106949,0,7.675093343912909
5108843530,Kybele Restaurant,41.009328,28.976827,food,amenity:restaurant,restaurant,,,,POINT (28.976827 41.009328),1646281964,3124384721,0,10.479032570899632
5112737084,Köfte,41.012967,28.966856,food,amenity:restaurant,restaurant,,,,POINT (28.966856 41.012967),1277519242,311375203,0,10.279705526924223
4874840321,Köfteci,40.995053,28.925656,food,amenity:restaurant,restaurant,,,,POINT (28.925656 40.995053),1034388279,1034388278,0,5.790059645533614
5244812119,Köfteci Yaşar,41.017985,28.968527,food,amenity:restaurant,restaurant,,,,POINT (28.968527 41.017985),4779452136,3370503416,0,2.8881154688807866
5108828683,Köfteci Yusuf,41.016539,28.979147,food,amenity:restaurant,restaurant,,,,POINT (28.979147 41.016539),10592098887,3083547597,0,37.20789641429903
5086061083,Köfteci Ömer Usta,41.025873,28.95702,food,amenity:restaurant,restaurant,,,,POINT (28.95702 41.025873),3361027528,1061753375,0,3.2405231908833
5086061076,Kömür Lokantası,41.026034,28.95613,food,amenity:restaurant,restaurant,,,,POINT (28.95613 41.026034),1061753375,1061754209,0,6.96860850480035
5113500768,Kömür turk mutfağı,41.020233,28.947182,food,amenity:restaurant,restaurant,,,,POINT (28.947182 41.020233),10694357417,10263288066,0,2.7648105188743703
5106123811,Köroğlu Et Lokantası,41.021214,28.942964,food,amenity:restaurant,restaurant,,,,POINT (28.942964 41.021214),12825913094,12825913091,0,5.5789966900715795
5110344582,Kösem Sultan,41.016773,28.965583,food,amenity:restaurant,restaurant,,,,POINT (28.965583 41.016773),311375340,1261054686,0,6.992434141852837
5244811486,Közde Kanatçı Reco,41.012753,28.967622,food,amenity:restaurant,restaurant,,,,POINT (28.967622 41.012753),10656657539,10656657540,0,6.687790415792365
5244810639,Köşem,41.006708,28.967141,food,amenity:restaurant,restaurant,,,,POINT (28.967141 41.006708),275600904,3081292063,0,5.649922167219741
5088194847,Köşem Büfe,40.998188,28.93003,food,amenity:restaurant,restaurant,,,,POINT (28.93003 40.998188),1035581924,1035582312,0,0.12235125797547952
5113623106,Köşk Cafe & Restaurant,41.006355,28.980921,food,amenity:restaurant,restaurant,,,,POINT (28.980921 41.006355),278004973,278004997,0,3.326994167730099
5244812078,Küffette Köfte,41.018954,28.96538,food,amenity:restaurant,restaurant,,,,POINT (28.96538 41.018954),311375205,1059527368,0,16.195999311814802
5099065445,Kükrük,41.009156,28.948624,food,amenity:restaurant,restaurant,,,,POINT (28.948624 41.009156),1058892510,1058892562,0,4.520297361135723
5100823682,Küçük Ev,41.019898,28.932254,food,amenity:restaurant,restaurant,,,,POINT (28.932254 41.019898),1059137411,1059137279,0,4.922481937447955
5107247565,Kırık Çatal,41.006303,28.931052,food,amenity:restaurant,restaurant,,,,POINT (28.931052 41.006303),1057576534,1057576231,0,4.772220033907233
5088194886,Kırımlı Çibörek,41.003481,28.931848,food,amenity:restaurant,restaurant,,,,POINT (28.931848 41.003481),2370778795,2370778799,0,5.658853874013361
6288254684,Kırımlı Çibörek,41.015213,28.929371,food,amenity:restaurant,restaurant,,,,POINT (28.929371 41.015213),316968700,882000303,0,7.609465121402275
5100823680,Kırımlı Çıbörek Bın Yıllık Lezzet,41.020058,28.932103,food,amenity:restaurant,restaurant,,,,POINT (28.932103 41.020058),1059137279,1059137411,0,12.846353959712294
10178438618,Kırımızı Karides Balık Restaurant,41.003722,28.965182,food,amenity:restaurant,restaurant,,,,POINT (28.965182 41.003722),2370393236,1016468774,0,7.30937986263039
10206749532,Lale Sultan,41.00445,28.971353,food,amenity:restaurant,restaurant,,,,POINT (28.971353 41.00445),275609040,248137315,0,5.983549741775297
5112729013,Laleli Sultan Turkish Delight,41.011582,28.958316,food,amenity:restaurant,restaurant,,,,POINT (28.958316 41.011582),256099718,2942771231,0,2.553849402876792
5112732238,Lalen Restaurant,41.011063,28.958808,food,amenity:restaurant,restaurant,,,,POINT (28.958808 41.011063),256099718,256099720,0,4.516982751572305
5075929048,Layale Şamiye,41.010536,28.946009,food,amenity:restaurant,restaurant,,,,POINT (28.946009 41.010536),1059239926,1057437389,0,17.151791443422578
5243951508,Layali assalihya,41.016577,28.945598,food,amenity:restaurant,restaurant,,,,POINT (28.945598 41.016577),1059851972,1059851884,0,10.318390429357201
974678738,Le Caïque,41.026546,28.958092,food,amenity:restaurant,restaurant,,,,POINT (28.958092 41.026546),8782021576,1059527263,0,9.522140487127317
3457689622,Le Safran Restaurant,41.010508,28.978481,food,amenity:restaurant,restaurant,,,,POINT (28.978481 41.010508),3079738248,11165697767,0,4.690331830079884
10142739775,Lebap Restaurant,41.011096,28.953818,food,amenity:restaurant,restaurant,,,,POINT (28.953818 41.011096),256099223,256098735,0,12.520227609943891
5108844017,Lekker,41.009088,28.975371,food,amenity:restaurant,restaurant,,,,POINT (28.975371 41.009088),275612349,269716140,0,11.009134904507343
5106121866,Lezzet Gurme,41.017216,28.952056,food,amenity:restaurant,restaurant,,,,POINT (28.952056 41.017216),3364860514,3541432982,1,12.456909304427837
5113609496,Lezzet çiğ borek,41.026239,28.940277,food,amenity:restaurant,restaurant,,,,POINT (28.940277 41.026239),1064222268,4311935845,0,7.6887983466200165
7036816785,Lezzet-i Sark,41.017078,28.969287,food,amenity:restaurant,restaurant,,,,POINT (28.969287 41.017078),2379738152,2379738148,0,2.6138888407343166
3104170591,Little Havanna,41.003142,28.975006,food,amenity:restaurant,restaurant,,,,POINT (28.975006 41.003142),506381568,13530207352,0,6.26695296367569
5103810781,Lokanta 53,41.019963,28.927892,food,amenity:restaurant,restaurant,,,,POINT (28.927892 41.019963),1059137075,1059137079,0,4.543158122004248
9580735017,Lokma rumeli,41.016486,28.979486,food,amenity:restaurant,restaurant,,,,POINT (28.979486 41.016486),10592098887,3083547597,0,33.05442482293433
5113487668,Loti,41.008194,28.972971,food,amenity:restaurant,restaurant,,,,POINT (28.972971 41.008194),3282349643,3282349642,0,7.046450298566891
12959659469,MANDI SEBAM,41.012678,28.94101,food,amenity:restaurant,restaurant,,,,POINT (28.94101 41.012678),1059239608,2379681787,0,20.480435625819236
5113599502,MIX,41.008465,28.945652,food,amenity:restaurant,restaurant,,,,POINT (28.945652 41.008465),12252537891,12252537894,0,7.808160114910791
5113620634,Magnaura Cafe & Restaurant,41.005618,28.980552,food,amenity:restaurant,restaurant,,,,POINT (28.980552 41.005618),1248902329,278004975,0,14.277445381389324
5625137021,Mahmiye,41.008555,28.976156,food,amenity:restaurant,restaurant,,,,POINT (28.976156 41.008555),275612349,1454266229,0,6.416400152049316
5075929051,Mahrusi resturant,41.01045,28.946367,food,amenity:restaurant,restaurant,,,,POINT (28.946367 41.01045),10093528155,1057437389,0,20.671032734245063
5244806778,Makarna Sarayı,41.008685,28.971494,food,amenity:restaurant,restaurant,,,,POINT (28.971494 41.008685),2775763243,278005017,0,8.236084700259626
10067218317,Malaysta,41.009978,28.976281,food,amenity:restaurant,restaurant,,,,POINT (28.976281 41.009978),1646281959,3179959794,0,6.590725082974479
5108828621,Mandy Resturant,41.014106,28.977012,food,amenity:restaurant,restaurant,,,,POINT (28.977012 41.014106),2379693996,3079738264,0,12.212678283581788
5113557373,Mandy hadramut,41.009611,28.946923,food,amenity:restaurant,restaurant,,,,POINT (28.946923 41.009611),1058892485,1058892800,0,7.826308048880536
5244801902,Marbella Cafe ve Restaurant,41.002698,28.974202,food,amenity:restaurant,restaurant,,,,POINT (28.974202 41.002698),13530207353,506381568,0,8.424942502396464
5244807957,Mardin Et Ve Kebap Salonu,41.009837,28.968607,food,amenity:restaurant,restaurant,,,,POINT (28.968607 41.009837),3082166452,3082166467,0,4.191344343346299
913571125,Marmara 3 Döner&Kumru,41.013236,28.932247,food,amenity:restaurant,restaurant,,,,POINT (28.932247 41.013236),412289927,316924160,0,7.127646459339552
5110345640,Marmara Pastanesi,41.01215,28.975219,food,amenity:restaurant,restaurant,,,,POINT (28.975219 41.01215),2370354510,2370354513,0,2.2532626287335225
5110345249,Marmara döner,41.014923,28.975153,food,amenity:restaurant,restaurant,,,,POINT (28.975153 41.014923),3457689647,278344485,0,16.041430689942285
6450592985,Marmarion,41.008844,28.962754,food,amenity:restaurant,restaurant,,,,POINT (28.962754 41.008844),278366600,278366574,0,5.947626638027335
5115505473,Martini lokantası,41.008661,28.954097,food,amenity:restaurant,restaurant,,,,POINT (28.954097 41.008661),2379769349,2371804442,0,7.0420686634986955
5113599724,Martun 2,41.009892,28.945412,food,amenity:restaurant,restaurant,,,,POINT (28.945412 41.009892),2380739941,10127897727,0,3.732963120171017
3090853854,Masal,41.00823,28.976567,food,amenity:restaurant,restaurant,,,,POINT (28.976567 41.00823),10609421040,1454266219,0,2.8282612704133934
5108843083,Masal Restaurant,41.008336,28.976902,food,amenity:restaurant,restaurant,,,,POINT (28.976902 41.008336),1454266219,278366570,0,13.540372943563751
4990485221,Massa Bistro Turkish Kitchen,41.008593,28.975164,food,amenity:restaurant,restaurant,,,,POINT (28.975164 41.008593),275611821,275611820,0,4.543058776557148
5113620603,Matbah,41.009301,28.979203,food,amenity:restaurant,restaurant,,,,POINT (28.979203 41.009301),275610450,1199878487,0,4.3154230251150025
5088190873,Matya Kömürde Balık,40.999897,28.931914,food,amenity:restaurant,restaurant,,,,POINT (28.931914 40.999897),1035580900,1035580901,0,2.5967058061119426
5113557369,Mavi Bufe,41.009744,28.946607,food,amenity:restaurant,restaurant,,,,POINT (28.946607 41.009744),10127897742,10127897732,1,12.654635092844167
5244812108,Mavi Haliç Pide Salonu,41.01797,28.967589,food,amenity:restaurant,restaurant,,,,POINT (28.967589 41.01797),768679872,6787834092,0,4.558681630461205
5088190917,Maydanoz,41.003338,28.936419,food,amenity:restaurant,restaurant,,,,POINT (28.936419 41.003338),1036040577,1036040583,0,2.3758629826401814
5106124134,Mazaj Restaurant,41.019716,28.940421,food,amenity:restaurant,restaurant,,,,POINT (28.940421 41.019716),2371623895,1060107067,0,3.496066826513754
3090816360,Med Cezir,41.006577,28.97956,food,amenity:restaurant,restaurant,,,,POINT (28.97956 41.006577),278004972,278004957,0,1.2242856236091333
8863187019,Melek Lokantasi,41.01612,28.931006,food,amenity:restaurant,restaurant,,,,POINT (28.931006 41.01612),316924346,10096318361,0,11.029435172057958
5115505472,Melodi Restaurant,41.008576,28.954289,food,amenity:restaurant,restaurant,,,,POINT (28.954289 41.008576),2379769349,2371804442,0,9.3466810614122
5115933188,Merdane Börek,41.001999,28.930065,food,amenity:restaurant,restaurant,,,,POINT (28.930065 41.001999),1055512853,1035581903,0,2.571784711699017
5113126672,Merve Pastaneleri,41.006289,28.931036,food,amenity:restaurant,restaurant,,,,POINT (28.931036 41.006289),1057576231,1057576534,0,4.171180401375663
5244806785,Mescgur Sariyer Börekçisi,41.009412,28.971269,food,amenity:restaurant,restaurant,,,,POINT (28.971269 41.009412),2775763259,277129942,0,8.788326829478008
5099056175,Meshur Langa Borekcisi,41.004613,28.945104,food,amenity:restaurant,restaurant,,,,POINT (28.945104 41.004613),1058894172,1058892942,0,5.946018075539798
5243950794,Meshur sariyer,41.020788,28.942537,food,amenity:restaurant,restaurant,,,,POINT (28.942537 41.020788),12825913094,1060106889,0,9.495802918625408
5244806511,Meshur Üsküp Köftecisi,41.009042,28.968745,food,amenity:restaurant,restaurant,,,,POINT (28.968745 41.009042),13431433998,3082166446,0,5.33320495333051
5088194861,Mesire kebap ve lahmacun salonu,40.999428,28.931056,food,amenity:restaurant,restaurant,,,,POINT (28.931056 40.999428),1035581050,1035580904,0,2.693263001140474
5099065472,Metin Usta Baklava,41.008253,28.945993,food,amenity:restaurant,restaurant,,,,POINT (28.945993 41.008253),1058892397,1058892375,0,4.474850287960303
10738474298,Mevlana,41.007384,28.972187,food,amenity:restaurant,restaurant,,,,POINT (28.972187 41.007384),5129172836,7229096723,0,6.224435842964952
5244801973,Mevlana Kebap Salonu,41.003683,28.969376,food,amenity:restaurant,restaurant,,,,POINT (28.969376 41.003683),275608484,275608502,0,10.00745998857489
5088192744,Mevlana Pide,41.001176,28.933751,food,amenity:restaurant,restaurant,,,,POINT (28.933751 41.001176),10793031109,1035580921,0,8.344371609092446
5081610977,Mevlana kasap ızgara salonu,40.998215,28.929556,food,amenity:restaurant,restaurant,,,,POINT (28.929556 40.998215),1035581924,1035582309,0,7.872721649263968
5113470975,Mevlanakapı Merkez Efendi Köftecisi,41.013531,28.924072,food,amenity:restaurant,restaurant,,,,POINT (28.924072 41.013531),316968661,1057575658,0,8.960088660563166
5112725572,Mevzubahis Çiğköfte,41.002247,28.926814,food,amenity:restaurant,restaurant,,,,POINT (28.926814 41.002247),1055512952,1055512957,0,7.595621632960194
5113624627,Meydan Börek,41.005236,28.981694,food,amenity:restaurant,restaurant,,,,POINT (28.981694 41.005236),2379706629,1250432554,0,5.882413557767317
5115937991,Meydan Kahvaltı,41.009495,28.93101,food,amenity:restaurant,restaurant,,,,POINT (28.93101 41.009495),11002147792,817265363,0,6.78893858475636
5100825077,Meydan Lokantası,41.021283,28.927441,food,amenity:restaurant,restaurant,,,,POINT (28.927441 41.021283),13382492045,1059137038,0,12.41248997946991
5106123775,Meydan restaurant,41.024302,28.941679,food,amenity:restaurant,restaurant,,,,POINT (28.941679 41.024302),1060490864,1060490862,0,8.695544278515452
5081445071,Meyhani,41.027386,28.95691,food,amenity:restaurant,restaurant,,,,POINT (28.95691 41.027386),2378719428,1061754485,0,8.166657638983349
5088190872,Meze,40.999857,28.931947,food,amenity:restaurant,restaurant,,,,POINT (28.931947 40.999857),1035580900,1035580901,0,3.3393196773434353
5108837431,Meşhur Filibe Köftecisi,41.014099,28.97527,food,amenity:restaurant,restaurant,,,,POINT (28.97527 41.014099),1193429145,3079738266,0,4.074295648948816
5244796165,Meşhur Hasırcılar Ocakbaşı Dürüm,41.017051,28.969303,food,amenity:restaurant,restaurant,,,,POINT (28.969303 41.017051),2379738152,2379738148,0,4.307424494197136
5112749722,Meşhur Kır Pidesi,41.032756,28.945907,food,amenity:restaurant,restaurant,,,,POINT (28.945907 41.032756),1102850654,1102850563,0,6.790129301889963
5244796186,Meşhur Miss Döner,41.016146,28.970226,food,amenity:restaurant,restaurant,,,,POINT (28.970226 41.016146),311371084,3379760651,0,4.553781852184321
5244811430,Meşhur Pilavcı,41.01229,28.969227,food,amenity:restaurant,restaurant,,,,POINT (28.969227 41.01229),311371092,1408445406,0,6.71353505479999
5107247575,Meşhur Pilavcı Celal Usta,41.005587,28.92963,food,amenity:restaurant,restaurant,,,,POINT (28.92963 41.005587),1057576484,2373139481,0,5.422915016753401
5088192771,Meşhur Samatya Bilavcısı,41.000742,28.932864,food,amenity:restaurant,restaurant,,,,POINT (28.932864 41.000742),1035580930,1035581905,0,1.3570582764198433
5088192750,Meşhur Samatya pilavcısı,41.002097,28.936527,food,amenity:restaurant,restaurant,,,,POINT (28.936527 41.002097),1036041686,1035582633,0,2.467333103277834
5088192802,Meşhur Sarıyer Börekçisi,41.002234,28.936746,food,amenity:restaurant,restaurant,,,,POINT (28.936746 41.002234),1035582633,1036041686,0,2.3201327047456917
5088194830,Meşhur Sarıyer Börekçisi,40.999542,28.931248,food,amenity:restaurant,restaurant,,,,POINT (28.931248 40.999542),1035580904,1035581050,0,5.3067303107123
5107245381,Meşhur Sarıyer Börekçisi,41.006685,28.931776,food,amenity:restaurant,restaurant,,,,POINT (28.931776 41.006685),1057577781,2370759039,0,20.175276448783073
9141687153,Meşhur Sarıyer Börekçisi,41.011619,28.953682,food,amenity:restaurant,restaurant,,,,POINT (28.953682 41.011619),2379769355,256098735,0,21.675969373591048
5081445031,Meşhur Sarıyer börekçisi,41.027794,28.955241,food,amenity:restaurant,restaurant,,,,POINT (28.955241 41.027794),1061753278,1102729758,0,4.22316060840352
5108843104,Meşhur Sultanahmet Köftecisi,41.008008,28.977162,food,amenity:restaurant,restaurant,,,,POINT (28.977162 41.008008),11005974944,11010266598,0,7.644728107585961
5244796193,Meşhur Tahtakale Pilavcısı,41.015577,28.969793,food,amenity:restaurant,restaurant,,,,POINT (28.969793 41.015577),311371080,311371082,0,4.336854142666953
5088192760,Meşhur Tekirdağ Köftecisi,41.001454,28.93491,food,amenity:restaurant,restaurant,,,,POINT (28.93491 41.001454),1035582634,1035580881,0,5.493721117575336
5081442459,Meşhur Unkapanı Pilavcısı,41.02194,28.95987,food,amenity:restaurant,restaurant,,,,POINT (28.95987 41.02194),3361125318,1061754279,0,3.413516565863572
5081442474,Meşhur Unkapanı Pilavcısı,41.020288,28.95876,food,amenity:restaurant,restaurant,,,,POINT (28.95876 41.020288),1061753891,10929801377,0,16.547562899557366
5244809917,Meşhur Unkapanı Pilavcısı,41.008406,28.967074,food,amenity:restaurant,restaurant,,,,POINT (28.967074 41.008406),3081510982,3081510979,0,5.346543124042296
5113470986,Meşhur Çiğbörek,41.014573,28.92758,food,amenity:restaurant,restaurant,,,,POINT (28.92758 41.014573),316968638,1302458079,0,7.808063055128565
5112725580,Meşhur Çiğköfteci Hasan Usta,41.000212,28.924397,food,amenity:restaurant,restaurant,,,,POINT (28.924397 41.000212),1035581958,1035582420,0,14.474982533146516
1908677120,Mihri,41.007266,28.979165,food,amenity:restaurant,restaurant,,,,POINT (28.979165 41.007266),3076865544,11005974949,0,20.463016156781777
5108843078,Million Restaurant,41.008329,28.97629,food,amenity:restaurant,restaurant,,,,POINT (28.97629 41.008329),3274903072,1454266229,0,7.05902147816798
5111206128,Mini market,41.01993,28.962064,food,amenity:restaurant,restaurant,,,,POINT (28.962064 41.01993),3085947146,3085947154,0,0.7672458226394008
5115937195,Mir Börek Cafe,41.0081,28.931367,food,amenity:restaurant,restaurant,,,,POINT (28.931367 41.0081),316966372,316966371,0,7.837529778910249
6939603515,Mirar Sinan,41.015836,28.962776,food,amenity:restaurant,restaurant,,,,POINT (28.962776 41.015836),3085937863,10073446430,0,13.458326847821029
5107305827,Mis Köfte,41.00877,28.948801,food,amenity:restaurant,restaurant,,,,POINT (28.948801 41.00877),1058892449,3371725930,0,3.364804192036971
5113620658,Mitani Cafe,41.005886,28.980551,food,amenity:restaurant,restaurant,,,,POINT (28.980551 41.005886),278004973,1248902329,0,6.183610254935281
5244801990,Mitara Cafe,41.003625,28.973305,food,amenity:restaurant,restaurant,,,,POINT (28.973305 41.003625),1194549290,1185323656,0,6.622663442850876
3100037838,Mivan Restaurant Cafe,41.006213,28.96908,food,amenity:restaurant,restaurant,,,,POINT (28.96908 41.006213),275598190,275600227,0,8.267942124293063
5112834027,Molino pizza,41.007569,28.951919,food,amenity:restaurant,restaurant,,,,POINT (28.951919 41.007569),1058892573,1058892586,0,5.641155865601112
5484108425,Mom's Garden,41.004629,28.975054,food,amenity:restaurant,restaurant,,,,POINT (28.975054 41.004629),13109125017,275602995,0,7.256267774238789
5244803038,Mosaic Terrace Restaurant,41.00345,28.974331,food,amenity:restaurant,restaurant,,,,POINT (28.974331 41.00345),506381577,349271203,0,6.252347046162684
5108843079,Mozaik Cafe and Restaurant,41.008272,28.976392,food,amenity:restaurant,restaurant,,,,POINT (28.976392 41.008272),275612347,1454266229,0,0.8439606763777036
3452205491,Mr Cook Cafe & Restaurant,41.010732,28.974828,food,amenity:restaurant,restaurant,,,,POINT (28.974828 41.010732),3079788588,269716595,0,6.95999742416151
5108843336,Mr cook Cafe Restaurant,41.010724,28.974852,food,amenity:restaurant,restaurant,,,,POINT (28.974852 41.010724),3079788588,269716595,0,4.815665718813569
13396860947,Mr. Dumpling,41.013948,28.975941,food,amenity:restaurant,restaurant,,,,POINT (28.975941 41.013948),3079738241,2379693988,0,5.079393072946141
12954682301,Munhanie Restaurant,41.003623,28.972377,food,amenity:restaurant,restaurant,,,,POINT (28.972377 41.003623),275606363,248137320,0,4.571058544599946
5243950787,Musilli,41.020329,28.941789,food,amenity:restaurant,restaurant,,,,POINT (28.941789 41.020329),12825913093,12825913092,0,12.468246763543437
5075929060,Musul Mutfağı,41.010201,28.947784,food,amenity:restaurant,restaurant,,,,POINT (28.947784 41.010201),11532842214,1059240066,0,16.312749937120852
5244801846,Myterrace Cafe & Restaurant,41.00485,28.973035,food,amenity:restaurant,restaurant,,,,POINT (28.973035 41.00485),1185323728,1185323424,0,3.7710765610736394
5099065503,Müslüm Usta Has Urfa 63,41.007206,28.942588,food,amenity:restaurant,restaurant,,,,POINT (28.942588 41.007206),10603505285,1058996106,0,3.933623308741682
5115937217,Mırra Kahvaltı Salonu,41.009833,28.931584,food,amenity:restaurant,restaurant,,,,POINT (28.931584 41.009833),316924158,316924159,0,11.918940793862555
5108843063,N Terrace Restaurant,41.008709,28.975889,food,amenity:restaurant,restaurant,,,,POINT (28.975889 41.008709),1454266229,275612349,0,8.641566964101571
5108843076,NAR restaurant,41.008591,28.976109,food,amenity:restaurant,restaurant,,,,POINT (28.976109 41.008591),275612349,1454266229,0,6.981850012863853
5243950819,Nam-i lezzet,41.019358,28.945782,food,amenity:restaurant,restaurant,,,,POINT (28.945782 41.019358),1060106994,1060106993,0,4.700951048882117
5108837439,Namlı Rumeli Köftecisi,41.014025,28.975501,food,amenity:restaurant,restaurant,,,,POINT (28.975501 41.014025),3079738266,3457689628,0,3.764075818867258
5108843057,Nar Steak ve Doner Kebab Restaurant,41.008453,28.976103,food,amenity:restaurant,restaurant,,,,POINT (28.976103 41.008453),3274903072,1454266229,0,11.41502757964123
10235736710,Nasip-Et kebap,41.004906,28.967506,food,amenity:restaurant,restaurant,,,,POINT (28.967506 41.004906),248137420,2379726562,0,12.474259919699614
5115939234,Nazlı Urfa Kebap Salonu,41.009018,28.93143,food,amenity:restaurant,restaurant,,,,POINT (28.93143 41.009018),2370759050,316924109,0,1.9500907747288345
5081274327,Nergis Saray,41.01029,28.951453,food,amenity:restaurant,restaurant,,,,POINT (28.951453 41.01029),990015266,990015289,0,9.485556451312497
5112744269,Nevzat Usta,41.014572,28.96803,food,amenity:restaurant,restaurant,,,,POINT (28.96803 41.014572),3083371789,3083371817,0,1.2648378102228641
5108844452,New Asian Restaurant,41.008786,28.97368,food,amenity:restaurant,restaurant,,,,POINT (28.97368 41.008786),269716638,269716442,0,11.776072882508002
13272149001,New Balat café restaurant,41.030568,28.949824,food,amenity:restaurant,restaurant,,,,POINT (28.949824 41.030568),2371733273,1102850639,0,2.9134731191957237
5108836365,New Hatay Restaurant,41.012747,28.977623,food,amenity:restaurant,restaurant,,,,POINT (28.977623 41.012747),13433942485,3079738251,0,5.869826685801875
3102593664,New Season,41.003502,28.97598,food,amenity:restaurant,restaurant,,,,POINT (28.97598 41.003502),506381569,2379706614,0,3.593688064743454
5108828631,Ney Ocakbaşı,41.013778,28.978378,food,amenity:restaurant,restaurant,,,,POINT (28.978378 41.013778),7703025819,4780851342,0,1.6016968248112726
5108827994,Neyzade Restaurant,41.012798,28.978428,food,amenity:restaurant,restaurant,,,,POINT (28.978428 41.012798),31678593,278366502,0,17.45175057705601
10178410616,Neyzen,41.003896,28.96487,food,amenity:restaurant,restaurant,,,,POINT (28.96487 41.003896),1016468695,2370393236,0,7.256917308655716
5113483623,Nihavent,41.02081,28.948374,food,amenity:restaurant,restaurant,,,,POINT (28.948374 41.02081),1061622733,1061624672,0,3.2373187605426974
5243951369,Nishantashi bufe,41.020675,28.946099,food,amenity:restaurant,restaurant,,,,POINT (28.946099 41.020675),1060107001,1060106875,0,12.44427337224372
5115933926,Nizam Usta,41.004138,28.93288,food,amenity:restaurant,restaurant,,,,POINT (28.93288 41.004138),1036041038,1036041045,0,5.911652245347914
5088190870,Norjin Samatyon,40.999783,28.932027,food,amenity:restaurant,restaurant,,,,POINT (28.932027 40.999783),1035580900,1035580901,0,3.494692533460657
1914160125,Nostra Casa,41.003127,28.974316,food,amenity:restaurant,restaurant,,,,POINT (28.974316 41.003127),506381568,13530207352,0,1.365078304365441
12347693549,Nova Roma Restaurant,41.014019,28.977084,food,amenity:restaurant,restaurant,,,,POINT (28.977084 41.014019),3079738264,3079738258,0,6.3431127504730656
5113557379,Nuri Usta,41.009565,28.947417,food,amenity:restaurant,restaurant,,,,POINT (28.947417 41.009565),10127897748,10127897749,0,14.025879978348355
5099062123,Nuri usta baklava,41.007653,28.950284,food,amenity:restaurant,restaurant,,,,POINT (28.950284 41.007653),1058892595,1058892573,0,6.518263705083587
5244807621,Nuruosmaniye Köftecisi,41.009104,28.972615,food,amenity:restaurant,restaurant,,,,POINT (28.972615 41.009104),3082166456,13431435311,0,11.744367945920521
7154243585,Oba Restaurant,41.006209,28.964979,food,amenity:restaurant,restaurant,,,,POINT (28.964979 41.006209),275604700,275604632,0,9.251260285159416
5111222063,Ocakpasi,41.008224,28.964853,food,amenity:restaurant,restaurant,,,,POINT (28.964853 41.008224),3081510969,10188017813,0,0.706697878546605
5113620645,Ocean's 7 cafe & resturant,41.005137,28.979896,food,amenity:restaurant,restaurant,,,,POINT (28.979896 41.005137),278004976,278004975,0,10.661106232761853
5108828662,Old City Garden Restaurant,41.014177,28.978425,food,amenity:restaurant,restaurant,,,,POINT (28.978425 41.014177),7703025819,4780851342,0,0.07625103513461615
12208997977,Old Hipodrom,41.003498,28.973678,food,amenity:restaurant,restaurant,,,,POINT (28.973678 41.003498),2379723984,1185323656,0,5.907094135859779
5113623093,Old House Restaurant & Bar Cafe,41.006069,28.97934,food,amenity:restaurant,restaurant,,,,POINT (28.97934 41.006069),356404378,1325246136,0,6.7723303984256935
13396860927,Old Instanbul Rooftop Terrace,41.013641,28.976304,food,amenity:restaurant,restaurant,,,,POINT (28.976304 41.013641),2379693988,278366486,0,9.12288156436622
5441010621,Old Istanbul Cuisine,41.01025,28.97563,food,amenity:restaurant,restaurant,,,,POINT (28.97563 41.01025),1646281959,3179959794,0,6.154336842789415
4922661521,Old Ottoman Cafe & Restaurant,41.010728,28.975411,food,amenity:restaurant,restaurant,,,,POINT (28.975411 41.010728),10609409185,10609409184,0,5.760404970555264
12301074673,Olden 1772,41.014928,28.974104,food,amenity:restaurant,restaurant,,,,POINT (28.974104 41.014928),278344482,252235555,0,18.549746277224013
5108836359,Olive Anatolian Restaurant,41.012468,28.977799,food,amenity:restaurant,restaurant,,,,POINT (28.977799 41.012468),3079738251,3079738236,0,5.8386754748467835
10583738805,Olive Garden,41.004605,28.971156,food,amenity:restaurant,restaurant,,,,POINT (28.971156 41.004605),248137315,275609040,0,5.770740718899738
5108843113,Omar Cafe and Restaurant,41.008451,28.977629,food,amenity:restaurant,restaurant,,,,POINT (28.977629 41.008451),11005974937,278366570,0,5.030496427349993
5108827988,Onbaşılar Dürümcü,41.014387,28.976453,food,amenity:restaurant,restaurant,,,,POINT (28.976453 41.014387),2371446930,269719185,0,2.8713568992330343
5244807971,Orhan Usta Et Lokantası,41.009579,28.968468,food,amenity:restaurant,restaurant,,,,POINT (28.968468 41.009579),3082166467,3082166487,0,3.198256193382166
5221028385,Orient Express Restaurant,41.01521,28.977424,food,amenity:restaurant,restaurant,,,,POINT (28.977424 41.01521),12660718812,12660718810,0,31.171772007305936
5193225922,Ortaklar Kebab Lahmacun,41.007273,28.972204,food,amenity:restaurant,restaurant,,,,POINT (28.972204 41.007273),5129172836,7229096723,0,3.802646457656485
5243951541,Oses,41.017405,28.946443,food,amenity:restaurant,restaurant,,,,POINT (28.946443 41.017405),1059851969,1059851723,0,16.57180819139802
5243952757,Oses,41.016247,28.944683,food,amenity:restaurant,restaurant,,,,POINT (28.944683 41.016247),1059851792,1059851884,0,13.503439412862189
5112725558,Oses Çiğköfte,41.003252,28.927092,food,amenity:restaurant,restaurant,,,,POINT (28.927092 41.003252),1055512832,1055512952,0,8.36394450588785
13204905930,Oses Çiğköfte Vefa,41.013318,28.961086,food,amenity:restaurant,restaurant,,,,POINT (28.961086 41.013318),311367423,10617771287,0,3.2933909357273055
5087179448,Oses çiğköfte,40.995553,28.926592,food,amenity:restaurant,restaurant,,,,POINT (28.926592 40.995553),1034388375,1034388569,0,10.445193343355587
9230743217,Osi pizza & Pasta,41.004951,28.973158,food,amenity:restaurant,restaurant,,,,POINT (28.973158 41.004951),1185323728,1185323513,0,5.729548972914572
5113500262,Osman,41.006231,28.973237,food,amenity:restaurant,restaurant,,,,POINT (28.973237 41.006231),275587910,31678606,0,9.427114759611548
5081442496,Osman Oglu Kebap,41.023584,28.960491,food,amenity:restaurant,restaurant,,,,POINT (28.960491 41.023584),2370523715,1061753559,0,4.445291725292614
5115939942,Osmanli Kanat Ve Balik,41.011868,28.968277,food,amenity:restaurant,restaurant,,,,POINT (28.968277 41.011868),3082166468,3082166486,0,2.49685923016767
5026696826,Osmanli Konagi Restuarant,41.011094,28.941682,food,amenity:restaurant,restaurant,,,,POINT (28.941682 41.011094),2371631231,1058995749,0,8.791840687636867
5717779824,Osmanlı Kebapçısı,41.017938,28.968709,food,amenity:restaurant,restaurant,,,,POINT (28.968709 41.017938),3370503416,10653458670,0,6.026990823086873
5113126689,Osmanlı Tulumba Baklava,41.005996,28.930952,food,amenity:restaurant,restaurant,,,,POINT (28.930952 41.005996),1057576534,1057576231,0,19.627817279385667
5115937823,Osmanlı Tulumba ve Baklava,41.010104,28.931373,food,amenity:restaurant,restaurant,,,,POINT (28.931373 41.010104),316968602,316924159,0,6.441267921048421
5112725534,Osmanlı Tulumbacısı ve Baklava,41.00377,28.928172,food,amenity:restaurant,restaurant,,,,POINT (28.928172 41.00377),1055513056,1057576502,0,6.99962918129166
5115929112,Osmanlızade,41.009296,28.96718,food,amenity:restaurant,restaurant,,,,POINT (28.96718 41.009296),13431433995,3802207357,0,0.7777770066866758
8091078318,Otantik,41.009721,28.97622,food,amenity:restaurant,restaurant,,,,POINT (28.97622 41.009721),275612349,3179959794,0,8.306428582031371
5244806819,Otantik Karaca Kardelen,41.009496,28.972592,food,amenity:restaurant,restaurant,,,,POINT (28.972592 41.009496),3082166456,13431435311,0,7.828302787140021
5244807392,Ottoman et Mangal,41.009682,28.97015,food,amenity:restaurant,restaurant,,,,POINT (28.97015 41.009682),277129953,278005027,0,11.311282602161535
5110347229,Ozbasak,41.016206,28.975588,food,amenity:restaurant,restaurant,,,,POINT (28.975588 41.016206),252236332,278344498,0,4.13304377581488
5243951405,Ozgelis kabab salonu,41.021654,28.944642,food,amenity:restaurant,restaurant,,,,POINT (28.944642 41.021654),1060106878,1060106876,0,4.036258624732082
6186457987,Ozgur Kasap,41.013941,28.975409,food,amenity:restaurant,restaurant,,,,POINT (28.975409 41.013941),3079738266,2379693988,0,5.103281192574592
6045599785,Ozi Pizza and Pasta,41.00533,28.973358,food,amenity:restaurant,restaurant,,,,POINT (28.973358 41.00533),1185323513,1185323535,0,3.944244794302655
5113592164,PIZZALINA,41.010765,28.938556,food,amenity:restaurant,restaurant,,,,POINT (28.938556 41.010765),1058995783,1058995758,0,10.303720952061715
6896227885,Pak Pide,41.014592,28.967995,food,amenity:restaurant,restaurant,,,,POINT (28.967995 41.014592),3083371790,3083371817,0,3.2146747679058696
5113623111,Palatium Cafe & Restaurant,41.006022,28.980244,food,amenity:restaurant,restaurant,,,,POINT (28.980244 41.006022),277129911,6859766855,0,3.4848957745413585
3090853857,Palmiye,41.008122,28.977509,food,amenity:restaurant,restaurant,,,,POINT (28.977509 41.008122),11005974944,278366570,0,2.5874148655548743
5112728839,Palmyra Syrian Restaurant,41.011475,28.957555,food,amenity:restaurant,restaurant,,,,POINT (28.957555 41.011475),10080670974,256098331,0,11.274832437265358
5106135562,Palukçu Restaurant,41.016039,28.930221,food,amenity:restaurant,restaurant,,,,POINT (28.930221 41.016039),815119502,815187170,0,8.777494155690714
3079823142,Pandeli,41.017145,28.971179,food,amenity:restaurant,restaurant,,,,POINT (28.971179 41.017145),11812527208,3184760685,0,0.3145514790428911
5111215743,Pasa doner,41.004156,28.932399,food,amenity:restaurant,restaurant,,,,POINT (28.932399 41.004156),1036041045,1057577138,0,6.288377119249994
5111215733,Pasem kepeb,41.006708,28.933538,food,amenity:restaurant,restaurant,,,,POINT (28.933538 41.006708),1057576848,1057576852,0,0.720401239682937
5372736553,Pasha Restaurant,41.008259,28.974427,food,amenity:restaurant,restaurant,,,,POINT (28.974427 41.008259),275612067,13431435312,0,2.8810958145774
5112725539,Pashaa Kokoreç,41.003634,28.927897,food,amenity:restaurant,restaurant,,,,POINT (28.927897 41.003634),1055513056,1057576502,0,9.513580269525612
5243951430,Patii dunyasi,41.02169,28.9441,food,amenity:restaurant,restaurant,,,,POINT (28.9441 41.02169),3143613871,1060106872,0,7.395777236382305
5081274326,Paçacı Hasan,41.010348,28.951465,food,amenity:restaurant,restaurant,,,,POINT (28.951465 41.010348),990015266,990015289,0,10.211171592239491
5113126690,Paşa Balık,41.005952,28.930858,food,amenity:restaurant,restaurant,,,,POINT (28.930858 41.005952),1057576534,1057576231,0,19.561547351288826
5106122984,Paşa Broasted,41.01747,28.953929,food,amenity:restaurant,restaurant,,,,POINT (28.953929 41.01747),1061624988,1061624996,0,6.126788248822924
3499094105,Paşa Döner,41.02228,28.945109,food,amenity:restaurant,restaurant,,,,POINT (28.945109 41.02228),1061625280,1061622692,0,9.406244890737677
5115929117,Paşa Döner,41.009396,28.966608,food,amenity:restaurant,restaurant,,,,POINT (28.966608 41.009396),13431433995,3802207357,0,3.047197620996048
5115933200,Paşa Döner,41.003362,28.930515,food,amenity:restaurant,restaurant,,,,POINT (28.930515 41.003362),1036041058,1036041052,0,11.470228274535614
5107247538,Paşa Pilavcısı,41.003655,28.930704,food,amenity:restaurant,restaurant,,,,POINT (28.930704 41.003655),1057576311,1057576305,0,3.5003489576500324
5113500728,Paşa döner,41.022296,28.945099,food,amenity:restaurant,restaurant,,,,POINT (28.945099 41.022296),1061625280,1061622692,0,7.4631884063476885
5243952647,Paşalar sofrasi,41.017838,28.944844,food,amenity:restaurant,restaurant,,,,POINT (28.944844 41.017838),1059852048,1059851622,0,13.210795958527534
3090798091,Paşazade Restaurant,41.012726,28.977399,food,amenity:restaurant,restaurant,,,,POINT (28.977399 41.012726),3079738251,11165697757,0,6.685135233887112
5113486781,Pehlivan,41.026084,28.939682,food,amenity:restaurant,restaurant,,,,POINT (28.939682 41.026084),13382485575,1060490811,0,6.829401747394903
5081445080,Perispri,41.028653,28.953055,food,amenity:restaurant,restaurant,,,,POINT (28.953055 41.028653),13602762092,11885165097,0,6.260799181052721
5243951547,Pesto restorant,41.017303,28.945515,food,amenity:restaurant,restaurant,,,,POINT (28.945515 41.017303),1059851580,1059851581,0,10.448746463150183
5243952638,Pesto restorant,41.01726,28.945452,food,amenity:restaurant,restaurant,,,,POINT (28.945452 41.01726),1059851580,1059851581,0,10.101664165921168
9492168110,Pidem,41.014175,28.945441,food,amenity:restaurant,restaurant,,,,POINT (28.945441 41.014175),1059851646,1059851761,0,32.13082577904548
5081274106,Pihlivan Lokantası,41.016427,28.950839,food,amenity:restaurant,restaurant,,,,POINT (28.950839 41.016427),3398293421,10263288054,0,15.840363377321987
5081265963,Pilavci Resat,41.013491,28.944638,food,amenity:restaurant,restaurant,,,,POINT (28.944638 41.013491),1059239841,1059239838,0,21.777958270351753
5113592209,Pilavci ismail usta,41.011002,28.94208,food,amenity:restaurant,restaurant,,,,POINT (28.94208 41.011002),2371631231,1058995854,0,15.773332038002117
5115937368,Pilavcı 1453,41.007412,28.936625,food,amenity:restaurant,restaurant,,,,POINT (28.936625 41.007412),1057578238,1057576954,0,5.833577396530253
5107247587,Pilavcı Celal Usta,41.004097,28.928408,food,amenity:restaurant,restaurant,,,,POINT (28.928408 41.004097),1057576086,1057576171,0,8.80041855206763
5372700481,Pilavcı Fevzi,41.007462,28.970958,food,amenity:restaurant,restaurant,,,,POINT (28.970958 41.007462),269722911,269722919,0,5.791429349947045
5075994622,Pilavcı Kardeşler,41.013663,28.946035,food,amenity:restaurant,restaurant,,,,POINT (28.946035 41.013663),1059852001,2371697935,0,1.3757415527919075
5115937822,Pilavcı Nazmi,41.009869,28.931351,food,amenity:restaurant,restaurant,,,,POINT (28.931351 41.009869),316924158,316924159,0,7.750612392231814
5111215188,Pilavcı Yegit,41.008415,28.940831,food,amenity:restaurant,restaurant,,,,POINT (28.940831 41.008415),1058995926,1058996230,0,6.917942106402908
5130434266,Pirim Pub ve Restaurant,41.008975,28.954187,food,amenity:restaurant,restaurant,,,,POINT (28.954187 41.008975),2379769349,8602130223,0,6.900615228524204
5112966996,Pluton restaurant,41.007891,28.95255,food,amenity:restaurant,restaurant,,,,POINT (28.95255 41.007891),1058892587,1058892586,0,8.572687131385877
5111214104,Point manti,41.004553,28.936138,food,amenity:restaurant,restaurant,,,,POINT (28.936138 41.004553),1036041283,1036041308,0,4.31820774279509
5108843103,Pudding Shop Lale Restaurant,41.008025,28.977039,food,amenity:restaurant,restaurant,,,,POINT (28.977039 41.008025),11010266598,11005974944,0,7.828930741255705
9386536117,Queb Lounge,41.00552,28.980438,food,amenity:restaurant,restaurant,,,,POINT (28.980438 41.00552),1248902329,278004975,0,14.72994975731847
10178410602,Rasital,41.005364,28.979866,food,amenity:restaurant,restaurant,,,,POINT (28.979866 41.005364),278004975,278004976,0,8.489031537359299
5108836385,Raymond Cafe and Restaurant,41.012922,28.977126,food,amenity:restaurant,restaurant,,,,POINT (28.977126 41.012922),3079738251,278366484,0,5.54907409414502
5081265967,Razzak resturan,41.01464,28.94285,food,amenity:restaurant,restaurant,,,,POINT (28.94285 41.01464),2371697946,2371697949,0,8.57032279325864
4447856189,Raıf üsta,41.01098,28.971032,food,amenity:restaurant,restaurant,,,,POINT (28.971032 41.01098),10636132246,10226426312,0,13.511479046426118
5108828013,Red River Pub,41.013484,28.977452,food,amenity:restaurant,restaurant,,,,POINT (28.977452 41.013484),2370332227,278366496,0,4.861499085120549
5244801999,Reggae BR Shot and Food,41.003813,28.971912,food,amenity:restaurant,restaurant,,,,POINT (28.971912 41.003813),2370366683,275606362,0,5.7594361877114615
6328738686,Relax Mode Laleli,41.0089,28.959523,food,amenity:restaurant,restaurant,,,,POINT (28.959523 41.0089),269723025,2370625717,0,13.958061039290005
5113473736,Renk Kasabı Et Evi,41.012691,28.925707,food,amenity:restaurant,restaurant,,,,POINT (28.925707 41.012691),316968635,1057574965,0,0.9368279175329234
5243950767,Renk büfe,41.017768,28.944396,food,amenity:restaurant,restaurant,,,,POINT (28.944396 41.017768),1059852048,2379850484,0,14.15898937046126
11998999269,Restohan,41.013445,28.978543,food,amenity:restaurant,restaurant,,,,POINT (28.978543 41.013445),278366515,278366502,0,6.5355536005884725
5111212310,Resturant,41.016385,28.971612,food,amenity:restaurant,restaurant,,,,POINT (28.971612 41.016385),11812527227,11812527231,0,3.9960888368679623
5111222052,Resturant,41.008726,28.963652,food,amenity:restaurant,restaurant,,,,POINT (28.963652 41.008726),278366600,278366590,0,1.1135154059331283
5086061040,Rize Odun Ekmeği,41.026743,28.955885,food,amenity:restaurant,restaurant,,,,POINT (28.955885 41.026743),1061753256,1061753259,0,3.7724460840021656
12347693535,Rose Amida Restaurant,41.013012,28.976975,food,amenity:restaurant,restaurant,,,,POINT (28.976975 41.013012),3079738251,278366484,0,6.166257498511599
5108843080,Rumeli Cafe Restaurant,41.00831,28.976387,food,amenity:restaurant,restaurant,,,,POINT (28.976387 41.00831),1454266229,275612347,0,0.2656044769033785
5106129531,Rumeli Dondurma,41.023514,28.943414,food,amenity:restaurant,restaurant,,,,POINT (28.943414 41.023514),1064222609,1064222647,0,6.193162325767905
5113465264,Rumeli Dondurma & Tatlı,41.018325,28.951763,food,amenity:restaurant,restaurant,,,,POINT (28.951763 41.018325),1061625104,1061624454,0,4.501122560602589
5113126710,Rumeli Köfte Ve Yemek Salonu,41.004562,28.931118,food,amenity:restaurant,restaurant,,,,POINT (28.931118 41.004562),1057578144,1057576458,0,10.68145327588841
5087179467,Rumeli Tulumbacısı,40.996387,28.927576,food,amenity:restaurant,restaurant,,,,POINT (28.927576 40.996387),1035581595,1034388135,0,4.942874275006282
9777725039,Rumeli Vatan Lokantasi,41.009259,28.975259,food,amenity:restaurant,restaurant,,,,POINT (28.975259 41.009259),3274753070,3274753073,0,4.93255597694516
5110347271,Rumeli çikolata,41.015806,28.975947,food,amenity:restaurant,restaurant,,,,POINT (28.975947 41.015806),252236332,3457689675,0,7.9732236144743505
5113592152,SARI HAN TIME,41.009849,28.938126,food,amenity:restaurant,restaurant,,,,POINT (28.938126 41.009849),10127735775,1058995954,0,10.84369139161752
5244807955,Saaf-İ Kebap Salonu,41.009776,28.967799,food,amenity:restaurant,restaurant,,,,POINT (28.967799 41.009776),3082517908,3082517902,0,17.851033005457797
5111206140,Sadikogullari,41.019831,28.963015,food,amenity:restaurant,restaurant,,,,POINT (28.963015 41.019831),2370517768,3185233421,0,3.1050948667474985
5112728872,Sadık Ev Yemekleri,41.011363,28.959236,food,amenity:restaurant,restaurant,,,,POINT (28.959236 41.011363),256099720,7784240500,0,7.205270039892995
5087179440,Safa meyhanesi,40.995032,28.925875,food,amenity:restaurant,restaurant,,,,POINT (28.925875 40.995032),1034388278,1034388569,0,8.786701860457429
5087168298,Safir Köfte,40.9944,28.923538,food,amenity:restaurant,restaurant,,,,POINT (28.923538 40.9944),974668909,1034388269,0,7.8491649183653776
12369747201,Safir restaurant,41.004934,28.979109,food,amenity:restaurant,restaurant,,,,POINT (28.979109 41.004934),278004976,278004986,0,5.206345362863502
5110345297,Safranbolu pide,41.015089,28.973176,food,amenity:restaurant,restaurant,,,,POINT (28.973176 41.015089),278344482,252236136,0,2.8203700523097783
5113486732,Sahara saray,41.021578,28.948017,food,amenity:restaurant,restaurant,,,,POINT (28.948017 41.021578),1061622767,1061623927,0,7.228293436272947
5108843526,Sahre Et Kebap Restaurant,41.008991,28.977271,food,amenity:restaurant,restaurant,,,,POINT (28.977271 41.008991),1646281964,3124384721,0,7.516459737218213
5113557344,Sahtin,41.010758,28.943088,food,amenity:restaurant,restaurant,,,,POINT (28.943088 41.010758),10127735762,1058995854,0,13.72367063218878
5115505422,Sait İskender,41.008918,28.956494,food,amenity:restaurant,restaurant,,,,POINT (28.956494 41.008918),269723072,269723085,0,14.799914774044991
5243950741,Saitoğulları,41.017623,28.943692,food,amenity:restaurant,restaurant,,,,POINT (28.943692 41.017623),2379850483,2379850484,0,10.438828463393712
5088194827,Saki Pub,40.999753,28.93142,food,amenity:restaurant,restaurant,,,,POINT (28.93142 40.999753),1035581787,1035581614,0,0.6559988462419502
5106122947,Salih Usta Çiğköfteci,41.020837,28.952251,food,amenity:restaurant,restaurant,,,,POINT (28.952251 41.020837),1061623085,1061622594,0,10.175114585792658
5081442453,Salihpaşa Börek Fırını,41.022554,28.959687,food,amenity:restaurant,restaurant,,,,POINT (28.959687 41.022554),3361172126,1061754083,0,5.036249453904472
5026474512,Sallora Restaurant,41.011683,28.947227,food,amenity:restaurant,restaurant,,,,POINT (28.947227 41.011683),1059240044,1059239994,0,2.564135370501057
5075960988,Salloraoğlu tatlısı,41.012158,28.950056,food,amenity:restaurant,restaurant,,,,POINT (28.950056 41.012158),1059852958,1059853103,0,7.561913236934447
5075929033,Sallouraoğlu halep sofrası,41.01152,28.942071,food,amenity:restaurant,restaurant,,,,POINT (28.942071 41.01152),1059239760,10093528191,0,14.799763925051536
7896642785,Saltanat fish & kebab house,41.009165,28.975513,food,amenity:restaurant,restaurant,,,,POINT (28.975513 41.009165),275612349,3179959794,0,8.90548841318637
5108836389,Salute Pub and Restaurant,41.013053,28.976944,food,amenity:restaurant,restaurant,,,,POINT (28.976944 41.013053),3079738251,278366484,0,4.387872962631996
5088190874,Samatya Balık Evi,40.999937,28.931882,food,amenity:restaurant,restaurant,,,,POINT (28.931882 40.999937),1035580901,1035580900,0,1.7897906157076853
5088190864,Samatya Balıkçısı,40.999462,28.932219,food,amenity:restaurant,restaurant,,,,POINT (28.932219 40.999462),1035580965,1035581104,0,2.952324823717571
5088190862,Samatya Mangalbaşı,40.99958,28.93244,food,amenity:restaurant,restaurant,,,,POINT (28.93244 40.99958),1035580965,1035580956,0,9.979992622182772
5088192727,Samatya Ocakbasi,41.000255,28.932711,food,amenity:restaurant,restaurant,,,,POINT (28.932711 41.000255),1035580908,1035581134,0,9.372922667728602
5088192772,Samatya börek ve pide,41.001947,28.935803,food,amenity:restaurant,restaurant,,,,POINT (28.935803 41.001947),1036041424,1035582633,0,5.987940908395902
5111215769,Samatya coftecesi,41.003379,28.943084,food,amenity:restaurant,restaurant,,,,POINT (28.943084 41.003379),1058893893,1058894180,0,8.691731252658723
5088190860,Samatya Çapana,40.999583,28.932179,food,amenity:restaurant,restaurant,,,,POINT (28.932179 40.999583),1035580994,1035580965,0,4.316683917600494
5107305870,Sams arap yemekleri,41.008853,28.949334,food,amenity:restaurant,restaurant,,,,POINT (28.949334 41.008853),1058892510,1058892452,0,5.3579192221832646
5113470955,Samsat Cigkofte,41.017122,28.926388,food,amenity:restaurant,restaurant,,,,POINT (28.926388 41.017122),10628471542,316968650,0,10.589724063236927
5115939944,Samsun Bafra Pide ve Pizza,41.0121,28.968134,food,amenity:restaurant,restaurant,,,,POINT (28.968134 41.0121),3370550735,3082166486,0,3.264859854405084
5081265956,Saniyora Tatlası,41.011621,28.947279,food,amenity:restaurant,restaurant,,,,POINT (28.947279 41.011621),1059240044,1059239994,0,3.6911282605541307
6815610086,Saray,41.00375,28.971801,food,amenity:restaurant,restaurant,,,,POINT (28.971801 41.00375),2370366683,275606362,0,5.200412890749951
5113500287,Saray Kebap,41.007844,28.971591,food,amenity:restaurant,restaurant,,,,POINT (28.971591 41.007844),8602077958,269722911,0,2.7042451590886603
4720914919,Saray Muhallebicis,41.016973,28.973548,food,amenity:restaurant,restaurant,,,,POINT (28.973548 41.016973),10617341086,269715285,0,18.28230332804359
1784925350,Sarnic Restaurant,41.00987,28.979552,food,amenity:restaurant,restaurant,,,,POINT (28.979552 41.00987),13433927174,275610075,0,5.154083380818841
5243950791,Saruja Restaurant,41.020538,28.942147,food,amenity:restaurant,restaurant,,,,POINT (28.942147 41.020538),12825913093,1060106981,0,9.361326856152653
5088190865,Sarya,40.999488,28.932203,food,amenity:restaurant,restaurant,,,,POINT (28.932203 40.999488),1035581104,1035580965,0,4.3701896621813665
5099060695,Sarıyer börekçisi,41.006948,28.949266,food,amenity:restaurant,restaurant,,,,POINT (28.949266 41.006948),1058892495,1058892493,0,3.642902084588521
5110347223,Sarıyer börekçisi,41.016856,28.973194,food,amenity:restaurant,restaurant,,,,POINT (28.973194 41.016856),10617341086,10132350376,0,4.319961564699134
5112736080,Satır Köfte,41.014922,28.966327,food,amenity:restaurant,restaurant,,,,POINT (28.966327 41.014922),10202092399,30215237,0,8.22123995547403
5113486740,Sebil lokantası,41.029409,28.936225,food,amenity:restaurant,restaurant,,,,POINT (28.936225 41.029409),1060107304,10822581544,0,9.9276128655639
5243945193,Sedet İskender,41.018473,28.948494,food,amenity:restaurant,restaurant,,,,POINT (28.948494 41.018473),10694357436,10694357441,0,4.428648311321907
5088192730,Sedir Et ve Balık,41.000005,28.93247,food,amenity:restaurant,restaurant,,,,POINT (28.93247 41.000005),1035580908,1035580994,0,0.9057978039231652
5113483624,Sefa,41.020753,28.948504,food,amenity:restaurant,restaurant,,,,POINT (28.948504 41.020753),1061623932,1061624672,0,2.9895277341652196
5108843986,Sefa Restaurant,41.010239,28.974796,food,amenity:restaurant,restaurant,,,,POINT (28.974796 41.010239),3079788588,31678630,0,11.907274353458975
5110344579,Sefa i han,41.016514,28.96627,food,amenity:restaurant,restaurant,,,,POINT (28.96627 41.016514),2379738142,30215239,0,4.667084013224775
5113611444,Sefa pide,41.027074,28.941198,food,amenity:restaurant,restaurant,,,,POINT (28.941198 41.027074),1064222260,1064222273,0,5.066879460338733
5243945190,Selam Et Lokantası,41.01954,28.947367,food,amenity:restaurant,restaurant,,,,POINT (28.947367 41.01954),10694357421,1059851638,0,7.955729807656845
5108843051,Semazen Cafe and Restaurant,41.00813,28.976276,food,amenity:restaurant,restaurant,,,,POINT (28.976276 41.00813),8602048881,11010266598,0,8.426694100832199
5108843060,Semazen Restaurant,41.008662,28.975982,food,amenity:restaurant,restaurant,,,,POINT (28.975982 41.008662),275612349,1454266229,0,7.90132003056855
5107247563,Senl,41.006262,28.930992,food,amenity:restaurant,restaurant,,,,POINT (28.930992 41.006262),1057576534,1057576231,0,3.599877190742682
5115929116,Seos Cafe Restaurant,41.009604,28.96653,food,amenity:restaurant,restaurant,,,,POINT (28.96653 41.009604),10613390737,10613390735,0,0.6205735726130409
1914160126,Seoul II Restaurant,41.005366,28.980089,food,amenity:restaurant,restaurant,,,,POINT (28.980089 41.005366),278004975,1248902329,0,5.020442663268332
3107720171,Serbethane Cafe & Restaurant,41.004334,28.976809,food,amenity:restaurant,restaurant,,,,POINT (28.976809 41.004334),2379706617,566635086,0,5.422327489573567
5075929059,Sercıya ıstasyonu,41.010173,28.947735,food,amenity:restaurant,restaurant,,,,POINT (28.947735 41.010173),11532842214,1059240066,0,12.404651196849814
4687760602,Serggea resturant,41.01018,28.947738,food,amenity:restaurant,restaurant,,,,POINT (28.947738 41.01018),11532842214,1059240066,0,13.215769592996061
5113480880,Sevecen ev yemekleri,41.020285,28.94832,food,amenity:restaurant,restaurant,,,,POINT (28.94832 41.020285),4884590237,2371712091,0,5.235757619179778
3090853853,Seven Hills Restaurant,41.006372,28.979715,food,amenity:restaurant,restaurant,,,,POINT (28.979715 41.006372),1325246136,278004972,0,4.779276440755999
5112966986,Sevinç simit salonu,41.00723,28.952966,food,amenity:restaurant,restaurant,,,,POINT (28.952966 41.00723),1058892583,10263288027,0,17.381114241959633
2509855436,Seyhmuz Kebap,41.008896,28.969638,food,amenity:restaurant,restaurant,,,,POINT (28.969638 41.008896),277139018,3082166481,0,9.240937301839264
5115933199,Seyran Pastaneleri,41.003283,28.930293,food,amenity:restaurant,restaurant,,,,POINT (28.930293 41.003283),1036041052,1036041058,0,12.531310249319061
5113125306,Seyran Pastanesi,41.003774,28.931112,food,amenity:restaurant,restaurant,,,,POINT (28.931112 41.003774),1057578144,1036041051,0,12.905644347067572
5110344585,Sezgin döner,41.017279,28.964279,food,amenity:restaurant,restaurant,,,,POINT (28.964279 41.017279),311375343,4516155305,0,2.5214436248443284
5113620657,Shadow Cafe & Restaurant,41.006033,28.980739,food,amenity:restaurant,restaurant,,,,POINT (28.980739 41.006033),278004973,1248902329,0,5.970356047593381
13396860942,Sher Restaurant,41.013375,28.976632,food,amenity:restaurant,restaurant,,,,POINT (28.976632 41.013375),278366484,278366486,0,5.197663108992285
5243951401,Shif,41.021211,28.94472,food,amenity:restaurant,restaurant,,,,POINT (28.94472 41.021211),3143613871,1060106876,0,7.693385619153461
5107245394,Silivri Kapı Balıkçısı,41.007079,28.930204,food,amenity:restaurant,restaurant,,,,POINT (28.930204 41.007079),13596806814,13596806815,0,8.128529797948522
13467814001,Simit Café Restaurant,41.005923,28.953982,food,amenity:restaurant,restaurant,,,,POINT (28.953982 41.005923),413329095,3273273553,0,9.104333245109
5244796195,Simit Salonu,41.015513,28.969747,food,amenity:restaurant,restaurant,,,,POINT (28.969747 41.015513),311371080,311371082,0,4.610495350859132
5113128255,Simit Sarayı,41.007356,28.953839,food,amenity:restaurant,restaurant,,,,POINT (28.953839 41.007356),9793516684,9793516685,0,17.186777312326964
5108828653,Sirkeci Restaurant,41.014485,28.977122,food,amenity:restaurant,restaurant,,,,POINT (28.977122 41.014485),3079738264,6903351874,0,20.69399257657127
12347693551,Sirkeci Sultan Restaurant,41.014153,28.977133,food,amenity:restaurant,restaurant,,,,POINT (28.977133 41.014153),2379693996,3079738264,0,4.867127889777602
5112725535,Sirri Usta Çigköfte,41.00373,28.928099,food,amenity:restaurant,restaurant,,,,POINT (28.928099 41.00373),1057576502,1055513056,0,8.04948372405885
5081265954,Sit Elşam Pasta,41.011135,28.947684,food,amenity:restaurant,restaurant,,,,POINT (28.947684 41.011135),1059240036,4618151745,0,0.5510854220019965
1784925351,Sofia,41.009789,28.979445,food,amenity:restaurant,restaurant,,,,POINT (28.979445 41.009789),275610075,13433927174,0,7.023544772206264
5244802014,Sofya Kebab House,41.004725,28.970972,food,amenity:restaurant,restaurant,,,,POINT (28.970972 41.004725),248137315,275605024,0,7.0034058392306
5113500240,Sokullu,41.005249,28.973402,food,amenity:restaurant,restaurant,,,,POINT (28.973402 41.005249),1185323535,1185323513,0,4.292113295108521
3499249055,Son Osmanli Restaurant,41.015489,28.941759,food,amenity:restaurant,restaurant,,,,POINT (28.941759 41.015489),1059240231,10090682094,0,13.958913484638336
3499232972,Sorriso Restaurant,41.009728,28.954924,food,amenity:restaurant,restaurant,,,,POINT (28.954924 41.009728),10080802262,256098791,0,5.478912002038403
3100047495,Spectra Cafe,41.003848,28.972559,food,amenity:restaurant,restaurant,,,,POINT (28.972559 41.003848),3075153147,275606363,0,5.477009839491769
3184809998,Spectra Restaurant,41.005319,28.974202,food,amenity:restaurant,restaurant,,,,POINT (28.974202 41.005319),275606137,275607230,0,4.294826094587362
5107305823,Star Ocakbaşı ve Pub,41.008512,28.948954,food,amenity:restaurant,restaurant,,,,POINT (28.948954 41.008512),1058892455,3371725930,0,3.5508391166054087
5099065427,Suffa Et Ve Kebap,41.008009,28.950054,food,amenity:restaurant,restaurant,,,,POINT (28.950054 41.008009),1058892595,1058892764,0,9.868467148431193
5113620660,Suleyman,41.004896,28.979615,food,amenity:restaurant,restaurant,,,,POINT (28.979615 41.004896),278004975,278004976,0,11.866359276832487
3499273566,Sultan Ahmet Fish House,41.009954,28.975945,food,amenity:restaurant,restaurant,,,,POINT (28.975945 41.009954),3179959794,1646281959,0,13.839582650292726
5113599500,Sultan Balık,41.008309,28.945373,food,amenity:restaurant,restaurant,,,,POINT (28.945373 41.008309),12252537891,1058892638,0,9.478507752470348
3090816363,Sultan Köşesi,41.004157,28.976353,food,amenity:restaurant,restaurant,,,,POINT (28.976353 41.004157),349271204,349271205,0,10.826884249212906
1000022806,Sultan Mehmet Restaurant & Cafe,41.009905,28.978848,food,amenity:restaurant,restaurant,,,,POINT (28.978848 41.009905),13433942467,13433927174,0,7.5600811815159155
5113620688,Sultan Mehmet Restaurant & Cafe,41.009782,28.978832,food,amenity:restaurant,restaurant,,,,POINT (28.978832 41.009782),13433927174,13433942467,0,7.380580547298449
5108843105,Sultan Restoran,41.007992,28.977228,food,amenity:restaurant,restaurant,,,,POINT (28.977228 41.007992),11005974944,11010266598,0,6.792222899417925
5081274110,Sultan Resturant,41.010257,28.946764,food,amenity:restaurant,restaurant,,,,POINT (28.946764 41.010257),10093528155,9188247766,0,9.57665564005359
3499040568,Sultan Saray,41.008508,28.975213,food,amenity:restaurant,restaurant,,,,POINT (28.975213 41.008508),275611820,275611821,0,5.219835617411806
5108843519,Sultan Saray,41.008633,28.974259,food,amenity:restaurant,restaurant,,,,POINT (28.974259 41.008633),269716327,275611750,0,2.931509639372968
5108843743,Sultan Saray Cafe Restaurant,41.008639,28.974588,food,amenity:restaurant,restaurant,,,,POINT (28.974588 41.008639),275612068,275612067,0,10.268962090687525
4889905040,Sultan Sarniç Dügün & Davet Organizasyon,41.025031,28.950161,food,amenity:restaurant,restaurant,,,,POINT (28.950161 41.025031),1061753163,8647481290,0,19.70039596965573
12347693556,Sultan Sofrası İkram,41.014347,28.976644,food,amenity:restaurant,restaurant,,,,POINT (28.976644 41.014347),2371446930,3079738260,0,5.89381615069053
5108844010,Sultan ahmet köftecisi turşu depo,41.009407,28.975875,food,amenity:restaurant,restaurant,,,,POINT (28.975875 41.009407),3179959794,275612349,0,5.735798366894397
5110345274,Sultan hamam,41.015611,28.971981,food,amenity:restaurant,restaurant,,,,POINT (28.971981 41.015611),768682859,768682863,0,4.506248360643194
5113481394,Sultan sarnıcı,41.024994,28.950336,food,amenity:restaurant,restaurant,,,,POINT (28.950336 41.024994),1061754052,8647481290,0,9.874041250111512
2249787153,Sultan's Kitchen,41.006249,28.969526,food,amenity:restaurant,restaurant,,,,POINT (28.969526 41.006249),275587103,275600227,0,8.23593683740178
6356489886,Sultanahamet Köftecisi,41.007964,28.97731,food,amenity:restaurant,restaurant,,,,POINT (28.97731 41.007964),11005974944,11010266598,0,4.843163933575835
5108843361,Sultanahmet Fish House,41.010318,28.975821,food,amenity:restaurant,restaurant,,,,POINT (28.975821 41.010318),1646281959,1646281962,0,8.570921915030407
5108843046,Sultanahmet Halkin Koftecisi,41.008152,28.975884,food,amenity:restaurant,restaurant,,,,POINT (28.975884 41.008152),8602048856,8602048881,0,4.345751253381836
5112834091,Sultanahmet köftecisi,41.008995,28.951685,food,amenity:restaurant,restaurant,,,,POINT (28.951685 41.008995),13530207338,4286601068,0,3.1012391323261688
5108844011,Sultanahmet köftecisi depo,41.00935,28.975792,food,amenity:restaurant,restaurant,,,,POINT (28.975792 41.00935),275612349,3179959794,0,6.345552828742383
8513449417,Sultanhmet terrace restaurant,41.005116,28.979075,food,amenity:restaurant,restaurant,,,,POINT (28.979075 41.005116),278004976,278004986,0,7.9128591801588914
12347693531,Sultanıa Restaurant,41.012595,28.977623,food,amenity:restaurant,restaurant,,,,POINT (28.977623 41.012595),3079738236,3079738251,0,5.466833608406203
5081442499,Sur Balık,41.025698,28.958953,food,amenity:restaurant,restaurant,,,,POINT (28.958953 41.025698),2378719423,1061753332,0,4.622853537490614
3785353694,Sur Cafe,41.031157,28.93628,food,amenity:restaurant,restaurant,,,,POINT (28.93628 41.031157),12356607908,12356607909,0,3.083710674720509
5106122977,Sur Ocakbaşı,41.01729,28.95486,food,amenity:restaurant,restaurant,,,,POINT (28.95486 41.01729),1061624542,1061624522,0,7.349135402430666
5081610950,Sur Pide ve Lavaş Lahmacun Salonu,40.99743,28.924074,food,amenity:restaurant,restaurant,,,,POINT (28.924074 40.99743),1034388000,1034388092,0,11.169553913348212
5108843062,Sura Restaurant,41.008721,28.975864,food,amenity:restaurant,restaurant,,,,POINT (28.975864 41.008721),275612349,1454266229,0,8.895900608201455
5115939937,Susamoğl Baklava,41.01165,28.96854,food,amenity:restaurant,restaurant,,,,POINT (28.96854 41.01165),3082166491,10656679897,0,3.341244989441795
13396860943,Sushi Palace,41.006518,28.981897,food,amenity:restaurant,restaurant,,,,POINT (28.981897 41.006518),3390981096,278004935,0,12.409377333551507
5115937834,Sürpriz Büfe,41.011038,28.936762,food,amenity:restaurant,restaurant,,,,POINT (28.936762 41.011038),487079293,316966366,0,5.287183814493106
5244807394,Sütiş Special,41.009954,28.970053,food,amenity:restaurant,restaurant,,,,POINT (28.970053 41.009954),278005027,278005047,0,4.989524789195655
5817897755,Sırdaş Lokanta,41.016747,28.950346,food,amenity:restaurant,restaurant,,,,POINT (28.950346 41.016747),1059852304,1059852293,0,14.759996928240117
5108843518,Sırevi Restaurant,41.008602,28.973983,food,amenity:restaurant,restaurant,,,,POINT (28.973983 41.008602),269716442,269716327,0,5.626696996276993
5244805880,TAHTA KAŞIK RESTAURANT,41.010752,28.973661,food,amenity:restaurant,restaurant,,,,POINT (28.973661 41.010752),311371049,311371043,0,8.405020488413964
5193319823,TRIA ELEGANCE TERRACE RESTAURANT,41.005681,28.98102,food,amenity:restaurant,restaurant,,,,POINT (28.98102 41.005681),1454266215,1248902329,0,7.470683775403197
5106123806,Tabia Restaurant,41.021855,28.944053,food,amenity:restaurant,restaurant,,,,POINT (28.944053 41.021855),1060106872,1060106878,0,5.8438363516904825
5106135539,Tad Et & İzgara,41.013082,28.92775,food,amenity:restaurant,restaurant,,,,POINT (28.92775 41.013082),2373172462,316968627,0,9.378915486717897
5244807977,Tadım Köfte Salonu,41.009235,28.967687,food,amenity:restaurant,restaurant,,,,POINT (28.967687 41.009235),3082166450,3082166467,0,5.8697135235899855
5115938131,Tadım Unlu Mamulleri,41.008649,28.93123,food,amenity:restaurant,restaurant,,,,POINT (28.93123 41.008649),316966372,316924109,0,5.074685642789112
5081265961,Taehan Uygur Restoranı,41.012727,28.945259,food,amenity:restaurant,restaurant,,,,POINT (28.945259 41.012727),2380735243,2380735237,0,18.060323163035527
5244796156,Tahtekale Pılavcısı,41.017241,28.968136,food,amenity:restaurant,restaurant,,,,POINT (28.968136 41.017241),3083509860,768676855,0,4.477627104415185
4367577789,Tamara,41.003988,28.976021,food,amenity:restaurant,restaurant,,,,POINT (28.976021 41.003988),349271204,349271205,0,4.379070639699431
5088194867,Tandır Taşfırın Pide Lahmacun Kebap Salonu,40.999966,28.931593,food,amenity:restaurant,restaurant,,,,POINT (28.931593 40.999966),1035580900,1035581614,0,2.9615121444019366
7075596686,Tanrıdağ Uygur Restaurant,41.013487,28.937653,food,amenity:restaurant,restaurant,,,,POINT (28.937653 41.013487),412728616,316964806,0,20.93232848686789
5111215139,Tanton usta,41.005832,28.937892,food,amenity:restaurant,restaurant,,,,POINT (28.937892 41.005832),13477910374,2370778817,0,6.021879035594433
5113557367,Tarbuş,41.009815,28.946332,food,amenity:restaurant,restaurant,,,,POINT (28.946332 41.009815),10127897742,10127897732,1,12.934930823713358
5075929049,Tarbuş Mutfağı,41.010468,28.946286,food,amenity:restaurant,restaurant,,,,POINT (28.946286 41.010468),10093528155,1057437389,0,20.349727602681458
5086061079,Tarihi Börek,41.025992,28.956244,food,amenity:restaurant,restaurant,,,,POINT (28.956244 41.025992),1061753375,1061754209,0,6.86916974299277
7109062286,Tarihi Cemberlitas Muhallebicisi,41.007963,28.971486,food,amenity:restaurant,restaurant,,,,POINT (28.971486 41.007963),8602077958,269722911,0,6.215515294864337
5099065498,Tarihi Cerrahpaşa Köftecisi Mesut Usta,41.00732,28.94284,food,amenity:restaurant,restaurant,,,,POINT (28.94284 41.00732),1058996106,1058996265,0,4.626820346563371
5244812076,Tarihi Eminönü Balıkçısı,41.019062,28.965164,food,amenity:restaurant,restaurant,,,,POINT (28.965164 41.019062),311375205,1059527368,0,13.64582558179747
5113557376,Tarihi Eyüp Sultan,41.009605,28.947146,food,amenity:restaurant,restaurant,,,,POINT (28.947146 41.009605),1058892485,1058892800,0,20.384282293657684
5106122958,Tarihi Fatih Murat Pidecisi,41.019081,28.953216,food,amenity:restaurant,restaurant,,,,POINT (28.953216 41.019081),1061623755,1061624255,0,8.983526998140198
12004758169,Tarihi Fener işkembecisi,41.029668,28.951862,food,amenity:restaurant,restaurant,,,,POINT (28.951862 41.029668),11885165097,13602762092,0,4.8978963158251245
5106122948,Tarihi Kismet Pidecisi,41.020394,28.951868,food,amenity:restaurant,restaurant,,,,POINT (28.951868 41.020394),1061623085,1061623090,0,5.9734543002349305
9090515189,Tarihi Leziz Pide Fırını,41.018639,28.96475,food,amenity:restaurant,restaurant,,,,POINT (28.96475 41.018639),2370517717,2370517707,0,1.5378664490002667
11893467169,Tarihi Pasahan Konagi,41.016838,28.954429,food,amenity:restaurant,restaurant,,,,POINT (28.954429 41.016838),10660070278,10660070279,0,6.037524688048443
5099056215,Tarihi Sariyer Börekçisi,41.006326,28.95008,food,amenity:restaurant,restaurant,,,,POINT (28.95008 41.006326),1058892752,1058894146,0,8.400609681901958
5244807393,Tarihi Sofçuhan Muhallebicisi,41.0098,28.969963,food,amenity:restaurant,restaurant,,,,POINT (28.969963 41.0098),278005027,278005047,0,2.3902154053099567
5244807403,Tarihi Subaşı Lokantası,41.010621,28.969966,food,amenity:restaurant,restaurant,,,,POINT (28.969966 41.010621),10226426310,10226426312,0,3.356806814494889
4790800225,Tarihi Sultanahmet Köftecisi Selim Usta,41.008003,28.976967,food,amenity:restaurant,restaurant,,,,POINT (28.976967 41.008003),11005974944,11010266598,0,4.4356664030312025
5103810786,Tarihi ULUSOY PASTA BÖREKÇİSİ,41.019638,28.928218,food,amenity:restaurant,restaurant,,,,POINT (28.928218 41.019638),2378713429,1059137446,0,12.24136810433697
5112732251,Tarihi Unkapanı Pilavcısı,41.011564,28.960195,food,amenity:restaurant,restaurant,,,,POINT (28.960195 41.011564),4150674373,5011983663,0,8.332594912928055
5111215210,Tarihi dagkapi,41.006034,28.936411,food,amenity:restaurant,restaurant,,,,POINT (28.936411 41.006034),1058996075,3371761303,0,7.812159654540491
9722432917,Tarihi kardeşler börek ve pideci,41.017269,28.968158,food,amenity:restaurant,restaurant,,,,POINT (28.968158 41.017269),768676859,768676855,0,4.135392348098446
5244803048,Tarihi Çesme Restaurant,41.003512,28.972228,food,amenity:restaurant,restaurant,,,,POINT (28.972228 41.003512),2361227093,248137320,0,6.799230766589886
5244812097,Tarihi Özkan Koftecisi,41.017336,28.968077,food,amenity:restaurant,restaurant,,,,POINT (28.968077 41.017336),2379738168,768676855,0,3.9902833412207768
5106123815,Tarihi Özkan Köftecisi,41.020975,28.942561,food,amenity:restaurant,restaurant,,,,POINT (28.942561 41.020975),12825913094,1060106892,0,4.754110926856443
5099065447,Tat Köfte,41.00905,28.94834,food,amenity:restaurant,restaurant,,,,POINT (28.94834 41.00905),1058892458,1058892562,0,5.922968136625092
5110345304,Tat Sarıoğlu,41.01513,28.972342,food,amenity:restaurant,restaurant,,,,POINT (28.972342 41.01513),252236136,252235307,0,10.63742792821241
5112834056,Tat restaurant,41.008175,28.952062,food,amenity:restaurant,restaurant,,,,POINT (28.952062 41.008175),1058892571,1058892587,0,6.373983254442775
5115937839,Tatlıbak,41.011082,28.931599,food,amenity:restaurant,restaurant,,,,POINT (28.931599 41.011082),316925393,316926059,0,7.4289793200301615
7021235690,Tatpita Boşnak Böreği,41.011164,28.959245,food,amenity:restaurant,restaurant,,,,POINT (28.959245 41.011164),7784240500,256099720,0,6.7973922811630025
12768856301,Tayba Falafel Ve Pide,41.010913,28.944839,food,amenity:restaurant,restaurant,,,,POINT (28.944839 41.010913),13530207311,10093528188,0,12.40278831378002
5110345329,Taş fırın,41.014631,28.972465,food,amenity:restaurant,restaurant,,,,POINT (28.972465 41.014631),311371032,252235307,0,4.270819500233616
5106121849,Tekbir Pide Lahmacun Salonu,41.017723,28.954177,food,amenity:restaurant,restaurant,,,,POINT (28.954177 41.017723),1061624542,1061624522,0,8.278900568101095
5108836350,Terrace Restaurant,41.011959,28.977975,food,amenity:restaurant,restaurant,,,,POINT (28.977975 41.011959),8602032998,278366491,0,7.247584581116376
5088197335,Teyzemin Mutfağı,41.003242,28.93504,food,amenity:restaurant,restaurant,,,,POINT (28.93504 41.003242),1036040420,1036040577,0,3.5821625357537745
5113620631,The Cozy Garden,41.004765,28.979686,food,amenity:restaurant,restaurant,,,,POINT (28.979686 41.004765),278004976,278004987,0,11.991108012438989
11970900769,The First Ottoman Lounge,41.004468,28.964438,food,amenity:restaurant,restaurant,,,,POINT (28.964438 41.004468),3081281719,506381561,0,6.001056036299488
5480475146,The Han,41.01016,28.978858,food,amenity:restaurant,restaurant,,,,POINT (28.978858 41.01016),13433927174,13433942467,0,5.990199075737005
1000023064,The Port Shield Pub & Restaurant,41.011978,28.978224,food,amenity:restaurant,restaurant,,,,POINT (28.978224 41.011978),11165697759,11165697758,0,5.2599502778965705
5108843091,The Terrace Restaurant,41.008144,28.976446,food,amenity:restaurant,restaurant,,,,POINT (28.976446 41.008144),275612347,11010266598,0,2.9439595738244124
5113500243,The wox,41.005058,28.973682,food,amenity:restaurant,restaurant,,,,POINT (28.973682 41.005058),3075182593,3075182578,0,5.247089504976382
7896553285,Three partners cafe & restaurant,41.003514,28.973502,food,amenity:restaurant,restaurant,,,,POINT (28.973502 41.003514),2379723984,1185323656,0,4.788482356794584
12347693538,Ti Amo Bistro Cafe & Restarant,41.013261,28.977117,food,amenity:restaurant,restaurant,,,,POINT (28.977117 41.013261),278366484,13433994435,0,3.706781752636845
5106121848,Tostçu İbrahim,41.017846,28.954284,food,amenity:restaurant,restaurant,,,,POINT (28.954284 41.017846),1061624522,1061624542,0,7.946913000027794
5108828624,Trabzon Lokantası,41.013959,28.977709,food,amenity:restaurant,restaurant,,,,POINT (28.977709 41.013959),2370332234,278366512,0,7.558046761204631
5087168314,Trakya Köfte Salonu,40.995109,28.925633,food,amenity:restaurant,restaurant,,,,POINT (28.925633 40.995109),1034388279,1034388278,0,8.903480370362738
5113620639,Tria Elegance Restaurant,41.00597,28.980947,food,amenity:restaurant,restaurant,,,,POINT (28.980947 41.00597),278004973,1248902329,0,11.530873280182387
5112966978,Tuana restaurant,41.003409,28.953112,food,amenity:restaurant,restaurant,,,,POINT (28.953112 41.003409),1058894325,1058894316,0,1.670142569245729
5112725544,Tubaz Odunlu Taş fırını,41.000651,28.926399,food,amenity:restaurant,restaurant,,,,POINT (28.926399 41.000651),1035581963,1035581965,0,5.724473715371483
5088192752,Tunyalı Ocakbaşı ve Kababı,41.002036,28.936331,food,amenity:restaurant,restaurant,,,,POINT (28.936331 41.002036),1036041686,1035582633,0,2.2261051073440363
5108836414,Turgut,41.013611,28.975528,food,amenity:restaurant,restaurant,,,,POINT (28.975528 41.013611),11165697753,2379693988,0,4.582421460444946
6510541085,Turgut Kebab Pide,41.004667,28.979142,food,amenity:restaurant,restaurant,,,,POINT (28.979142 41.004667),278004976,13253198691,0,8.059789358062709
5112738819,Turko Baba Turkish Delight,41.014453,28.967346,food,amenity:restaurant,restaurant,,,,POINT (28.967346 41.014453),2379755801,311371100,0,7.2345927906797085
5100823689,Turkuaz Ev Yemekleri,41.019452,28.932201,food,amenity:restaurant,restaurant,,,,POINT (28.932201 41.019452),316961437,11036241529,0,5.431870705704128
5113620643,Turquoıse cafe resturant,41.005588,28.980146,food,amenity:restaurant,restaurant,,,,POINT (28.980146 41.005588),1248902329,278004975,0,8.350562678327455
5112728852,Tuğra turkish coffee turkish delight,41.011787,28.958494,food,amenity:restaurant,restaurant,,,,POINT (28.958494 41.011787),2942771231,2370607058,0,10.086754506272287
5113599729,Tüğba Kafeterya,41.008955,28.9433,food,amenity:restaurant,restaurant,,,,POINT (28.9433 41.008955),1058996198,1058995839,0,4.796865345927614
5115938008,URFA SOFRASI HASAN USTA,41.008512,28.930759,food,amenity:restaurant,restaurant,,,,POINT (28.930759 41.008512),817265347,2380793401,0,3.9027546860422424
7010848886,URFALİMSAVAKUSTA,41.012901,28.94843,food,amenity:restaurant,restaurant,,,,POINT (28.94843 41.012901),1059852319,1059852984,0,7.128601113867886
5113611463,Ulu kardeşler,41.029315,28.938904,food,amenity:restaurant,restaurant,,,,POINT (28.938904 41.029315),1064222001,1064221997,0,6.725759963428636
11980554269,Ulusoy Cafe & Pastane,41.004031,28.964427,food,amenity:restaurant,restaurant,,,,POINT (28.964427 41.004031),3081281686,1016925272,0,3.7362474607713216
5099056202,Umut Börek,41.00684,28.946791,food,amenity:restaurant,restaurant,,,,POINT (28.946791 41.00684),1058892431,1058894152,0,2.039959634095542
5081442510,Umut ev yemekleri,41.024629,28.958526,food,amenity:restaurant,restaurant,,,,POINT (28.958526 41.024629),5119030113,1061753194,0,3.4874654117683033
5111215147,Unkapanı Pilavcı,41.006164,28.939115,food,amenity:restaurant,restaurant,,,,POINT (28.939115 41.006164),1058996044,1058893937,0,2.2543274775201274
5110342190,Unkapanı pilavcısı,41.013438,28.960819,food,amenity:restaurant,restaurant,,,,POINT (28.960819 41.013438),311367423,10617771287,0,5.258458178308986
5244807972,Unsal Kebap,41.00959,28.968324,food,amenity:restaurant,restaurant,,,,POINT (28.968324 41.00959),3082166467,3082166487,0,3.651745208988388
5099056201,Urfa Kebap Ve Lahmacun Salonu,41.006797,28.946688,food,amenity:restaurant,restaurant,,,,POINT (28.946688 41.006797),1058894152,1058892431,0,7.816915002256338
5075962024,Urfa kebap sarayı,41.013286,28.948243,food,amenity:restaurant,restaurant,,,,POINT (28.948243 41.013286),1059852984,1594640471,0,6.543581303585647
5075993817,Urfa zaman ciğer ve kebep,41.013319,28.946656,food,amenity:restaurant,restaurant,,,,POINT (28.946656 41.013319),1059852327,2371697935,0,0.23700611433868138
5075962049,Urfalı hacı usta,41.011771,28.949396,food,amenity:restaurant,restaurant,,,,POINT (28.949396 41.011771),4618151747,13478051067,0,7.220569381265529
5088194897,Urfalı çıtır kadir lahmacun pide,41.003304,28.930708,food,amenity:restaurant,restaurant,,,,POINT (28.930708 41.003304),1036041052,2195428751,0,1.2235370680190982
5108827980,Urfalım Kebap,41.014509,28.976186,food,amenity:restaurant,restaurant,,,,POINT (28.976186 41.014509),9040148786,269719185,0,2.4318610063429493
5112749095,Urfam Kebap Döner,41.033187,28.946219,food,amenity:restaurant,restaurant,,,,POINT (28.946219 41.033187),1102850685,1102850654,0,6.021765072953618
5099065483,Ustam Kebap Dünyası,41.007691,28.9441,food,amenity:restaurant,restaurant,,,,POINT (28.9441 41.007691),3371830163,1058996194,0,5.528186992231526
9833781517,Uğur Büryan,41.017095,28.955432,food,amenity:restaurant,restaurant,,,,POINT (28.955432 41.017095),1061624522,1061624194,0,7.159044345207512
5081445110,Uğur Pastaneleri,41.023714,28.95463,food,amenity:restaurant,restaurant,,,,POINT (28.95463 41.023714),1061754041,1061754138,0,0.18787084756951308
5244809867,Vaha Cafe ve Restaurant,41.008007,28.967598,food,amenity:restaurant,restaurant,,,,POINT (28.967598 41.008007),3081525003,3081525006,0,4.487328646261363
5088194885,Valide Kebap ve Lahmacun Salonu,41.003521,28.931819,food,amenity:restaurant,restaurant,,,,POINT (28.931819 41.003521),2370778797,2370778799,0,4.686924785312176
5026474516,Van Restaurant,41.01318,28.944619,food,amenity:restaurant,restaurant,,,,POINT (28.944619 41.01318),1059239838,1059239841,0,5.200226663264466
5111205419,Vanlioglu,41.019463,28.961055,food,amenity:restaurant,restaurant,,,,POINT (28.961055 41.019463),1260180638,10617560380,0,1.0591307927267086
5110347208,Vanlı oğlu kebap,41.019424,28.960955,food,amenity:restaurant,restaurant,,,,POINT (28.960955 41.019424),10617560380,1260180638,0,0.2905928124786227
5112834054,Vatan lokantası,41.008175,28.951817,food,amenity:restaurant,restaurant,,,,POINT (28.951817 41.008175),1058892571,1058892587,0,6.292098022094379
5110342184,Vefa restaurant ve kafe,41.015705,28.9573,food,amenity:restaurant,restaurant,,,,POINT (28.9573 41.015705),311371933,2195426961,0,5.430375335501414
5244807402,Vejetaryen Mutfak,41.010775,28.97039,food,amenity:restaurant,restaurant,,,,POINT (28.97039 41.010775),10226426310,10226426312,0,3.8201108968538557
5106118232,Venezia restaurant,41.012094,28.957386,food,amenity:restaurant,restaurant,,,,POINT (28.957386 41.012094),256099468,256098691,0,8.17065247765628
5110342721,Vezneciler pilavcısı,41.011188,28.961163,food,amenity:restaurant,restaurant,,,,POINT (28.961163 41.011188),10253938200,10178682993,0,1.6298809755334496
5115939943,Vitamin Et Lokantası,41.01204,28.968168,food,amenity:restaurant,restaurant,,,,POINT (28.968168 41.01204),3370550735,3082166486,0,3.2884444548696625
5112725537,Volkan Köfte ve Döner Salonu,41.003687,28.928013,food,amenity:restaurant,restaurant,,,,POINT (28.928013 41.003687),1057576502,1055513056,0,8.8816961924124
5244801888,Warung Ibu Deden Restaurant,41.003725,28.97423,food,amenity:restaurant,restaurant,,,,POINT (28.97423 41.003725),275603001,275602998,0,10.121091848093135
12783839101,Warung Nusantara Indonesian Restaurant,41.01581,28.931284,food,amenity:restaurant,restaurant,,,,POINT (28.931284 41.01581),809761579,915823979,0,4.116472134444653
5113620665,West Town Cafe & Restaurant,41.005016,28.979172,food,amenity:restaurant,restaurant,,,,POINT (28.979172 41.005016),278004986,278004976,0,5.108784174416533
8572555517,YONCA,41.00688,28.95841,food,amenity:restaurant,restaurant,,,,POINT (28.95841 41.00688),248137296,3081558890,0,6.671911355536361
6515323886,Yabaci,41.006108,28.97325,food,amenity:restaurant,restaurant,,,,POINT (28.97325 41.006108),31678606,1185323535,0,7.986414374499921
5112834047,Yakamoz restaurant,41.008511,28.951616,food,amenity:restaurant,restaurant,,,,POINT (28.951616 41.008511),1058892571,4286601068,0,1.70558026335714
5115933923,Yaman Dondurma,41.00405,28.932567,food,amenity:restaurant,restaurant,,,,POINT (28.932567 41.00405),1036041038,1036041045,0,4.522699312594701
5113611497,Yaprak pide,41.029976,28.941065,food,amenity:restaurant,restaurant,,,,POINT (28.941065 41.029976),1064222060,1064221933,0,5.18661895703623
5113610091,Yaraligoz borek,41.031121,28.94482,food,amenity:restaurant,restaurant,,,,POINT (28.94482 41.031121),1064574704,1064574706,0,5.108232692442076
5108844016,Yarenler Cafe and Restaurant,41.00911,28.97545,food,amenity:restaurant,restaurant,,,,POINT (28.97545 41.00911),275612349,3179959794,0,8.461578572091753
3499293120,Yarenler Restaurant,41.009064,28.975502,food,amenity:restaurant,restaurant,,,,POINT (28.975502 41.009064),275612349,3179959794,0,1.7655876198093277
5087168296,Yedikule kebap pilavcı,40.9942,28.922607,food,amenity:restaurant,restaurant,,,,POINT (28.922607 40.9942),1034388225,974668909,0,10.925967332074503
5087179441,Yedikule kebapçısı,40.995066,28.925905,food,amenity:restaurant,restaurant,,,,POINT (28.925905 40.995066),1034388569,1034388278,0,8.009719311082012
5110347225,Yemek odası restaurant,41.017028,28.973661,food,amenity:restaurant,restaurant,,,,POINT (28.973661 41.017028),269715285,10617341086,0,24.9987176603339
5111222070,Yemek salonu,41.008103,28.965218,food,amenity:restaurant,restaurant,,,,POINT (28.965218 41.008103),269722975,3278000381,0,1.8533861574167856
4881623724,Yeni Köşem Restaurant,41.004386,28.964624,food,amenity:restaurant,restaurant,,,,POINT (28.964624 41.004386),4776703738,10196506162,0,5.371501725519609
5076114618,Yesilkir pide bank,40.994142,28.925729,food,amenity:restaurant,restaurant,,,,POINT (28.925729 40.994142),1034388336,1034388382,0,2.0582498192982284
13467805192,Yeşilköy Tavuk&Tavuk,41.007307,28.953224,food,amenity:restaurant,restaurant,,,,POINT (28.953224 41.007307),10263288027,10263288028,0,3.858043926309691
5099040197,Yeşimin Mutfağından Ev Yemekleri,41.004016,28.944198,food,amenity:restaurant,restaurant,,,,POINT (28.944198 41.004016),2380754569,1058894004,0,8.228673578131396
5086061066,Yilmazlar Lokantasi,41.026056,28.955509,food,amenity:restaurant,restaurant,,,,POINT (28.955509 41.026056),1061753093,1061754409,0,3.906033230780992
5088190907,Yunca Büfe,41.004167,28.934761,food,amenity:restaurant,restaurant,,,,POINT (28.934761 41.004167),1036040555,1036040559,0,3.1990420412601597
5111223236,Yunus,41.007383,28.957163,food,amenity:restaurant,restaurant,,,,POINT (28.957163 41.007383),269723148,269723149,0,20.281348132675724
5106127817,Yuvam Restaurant,41.024532,28.941993,food,amenity:restaurant,restaurant,,,,POINT (28.941993 41.024532),1064222512,1064222620,0,11.744228036004321
5244805883,Yörem Et ve İskender Salonu,41.010738,28.973781,food,amenity:restaurant,restaurant,,,,POINT (28.973781 41.010738),311371043,311371049,0,0.7712080471718804
5088194872,Yörem urfa taş fırnı,41.003396,28.932497,food,amenity:restaurant,restaurant,,,,POINT (28.932497 41.003396),1036040786,1036041490,0,4.259177379025755
5081442452,Yücel Unlu Mamulleri,41.022529,28.959742,food,amenity:restaurant,restaurant,,,,POINT (28.959742 41.022529),1061754279,1061754083,0,6.081082935418501
5113557362,Yüksel Uygur,41.009967,28.945709,food,amenity:restaurant,restaurant,,,,POINT (28.945709 41.009967),10127897742,10127897732,1,14.764024344314748
5244807976,Yıldız Kebap,41.009265,28.96794,food,amenity:restaurant,restaurant,,,,POINT (28.96794 41.009265),3082166450,3082166467,0,2.9806273157585186
5113611443,Yıldız borek,41.027152,28.941309,food,amenity:restaurant,restaurant,,,,POINT (28.941309 41.027152),1064222260,1064222273,0,4.5774356534547636
5113486779,Yıldız saray,41.02635,28.939455,food,amenity:restaurant,restaurant,,,,POINT (28.939455 41.02635),1060490979,1060491381,0,6.558629055380666
5244811437,Yılmaz Köfte,41.012479,28.968126,food,amenity:restaurant,restaurant,,,,POINT (28.968126 41.012479),3370554233,3082166495,0,9.345836408872634
5100825074,Yılmaz Lokantası,41.021432,28.927219,food,amenity:restaurant,restaurant,,,,POINT (28.927219 41.021432),1059137006,1059137007,0,10.022007483447732
5108843748,Zamos Cafe and Restaurant,41.008412,28.974453,food,amenity:restaurant,restaurant,,,,POINT (28.974453 41.008412),275612067,13431435312,0,2.662988517178156
5243953356,Zeman alkheir,41.028045,28.946382,food,amenity:restaurant,restaurant,,,,POINT (28.946382 41.028045),1064222218,2371608870,0,8.403565673035397
7816100108,Zerina,41.023042,28.960955,food,amenity:restaurant,restaurant,,,,POINT (28.960955 41.023042),11511878761,12022588411,0,4.562931898144196
5075929055,Zeyr ve Zater,41.010192,28.947226,food,amenity:restaurant,restaurant,,,,POINT (28.947226 41.010192),1059240057,1059240066,0,11.376622615070291
5081442476,Zeyrek Cafe Restaurant,41.020547,28.958893,food,amenity:restaurant,restaurant,,,,POINT (28.958893 41.020547),1061753891,10929801377,0,21.380001537851548
6344766185,Ziya,41.013935,28.975718,food,amenity:restaurant,restaurant,,,,POINT (28.975718 41.013935),2379693988,3079738266,0,4.1413601820048775
5244801998,Ziya Baba Slow Food,41.003675,28.97199,food,amenity:restaurant,restaurant,,,,POINT (28.97199 41.003675),3075078795,2370366683,0,2.6354465163481287
5108843351,Ziya Dürüm Evi,41.010717,28.974597,food,amenity:restaurant,restaurant,,,,POINT (28.974597 41.010717),31678629,311371023,0,10.500057088389498
5108843593,Ziya Sark Sofrasi,41.010786,28.97753,food,amenity:restaurant,restaurant,,,,POINT (28.97753 41.010786),278366557,2379695100,0,7.629175695829659
5243945198,Ziya Şark Sofrası,41.01934,28.947618,food,amenity:restaurant,restaurant,,,,POINT (28.947618 41.01934),9023919976,1059851607,0,7.940986325312449
5111215132,Ziyada ev yemek,41.005622,28.937184,food,amenity:restaurant,restaurant,,,,POINT (28.937184 41.005622),2370778817,13477910374,0,8.78382878734621
12311485567,Ziyafet kuzu çevirme İstanbul,41.013691,28.977044,food,amenity:restaurant,restaurant,,,,POINT (28.977044 41.013691),13433994434,13433994435,0,4.046616996127367
5112728850,Zurich Restaurant,41.01166,28.958099,food,amenity:restaurant,restaurant,,,,POINT (28.958099 41.01166),10080670974,256098331,0,10.079013351929826
5243951557,adiyaman çikoftecisi,41.01645,28.948803,food,amenity:restaurant,restaurant,,,,POINT (28.948803 41.01645),1059851913,1059851602,0,12.339837859838873
5135902724,buhara börek,41.021276,28.945179,food,amenity:restaurant,restaurant,,,,POINT (28.945179 41.021276),1060106876,1060106902,0,3.528806911248469
5075962048,ciğeristan,41.011726,28.949483,food,amenity:restaurant,restaurant,,,,POINT (28.949483 41.011726),4618151747,13478051067,0,7.450538204211719
5108843732,cozy pizza pide,41.008377,28.974321,food,amenity:restaurant,restaurant,,,,POINT (28.974321 41.008377),275612067,13431435312,0,7.7856982605655105
5243950782,hacielaziz chikoftaci,41.02015,28.941454,food,amenity:restaurant,restaurant,,,,POINT (28.941454 41.02015),1060106983,12825913092,0,7.016489248163899
5244795860,ipar pasta evi,41.01584,28.969248,food,amenity:restaurant,restaurant,,,,POINT (28.969248 41.01584),2195426964,2379692876,0,6.308566237597082
3090816364,istanbul enjoyer,41.008192,28.976864,food,amenity:restaurant,restaurant,,,,POINT (28.976864 41.008192),278366570,1454266219,0,2.1817961792480585
5115939261,köşem büfe,41.009556,28.936154,food,amenity:restaurant,restaurant,,,,POINT (28.936154 41.009556),316925368,413329060,0,9.2999623899992
13272149101,lotiz lounge hookah,41.011804,28.958389,food,amenity:restaurant,restaurant,,,,POINT (28.958389 41.011804),256099718,2942771231,0,3.334075389739113
5075962053,sanliurfa zaman ciger ve kebap salonu,41.012332,28.948377,food,amenity:restaurant,restaurant,,,,POINT (28.948377 41.012332),4618151747,1059852942,0,10.724671620900683
5135309624,selam restaurant,41.019542,28.947369,food,amenity:restaurant,restaurant,,,,POINT (28.947369 41.019542),9023919976,10694357421,0,7.850554543550886
3186628316,tacita,41.00505,28.973223,food,amenity:restaurant,restaurant,,,,POINT (28.973223 41.00505),1185323728,1185323513,0,4.248387119041134
5108837423,tantunabi,41.013781,28.975111,food,amenity:restaurant,restaurant,,,,POINT (28.975111 41.013781),11165697752,11165697753,0,4.114141936384454
5075962051,taç kebap,41.01193,28.949166,food,amenity:restaurant,restaurant,,,,POINT (28.949166 41.01193),4618151747,13478051067,0,10.217749278869713
5075929032,yemen resturant,41.011647,28.941606,food,amenity:restaurant,restaurant,,,,POINT (28.941606 41.011647),1057437398,10093528191,0,15.071775621885617
5075962034,zarzor iraqlı lokantası,41.012154,28.949334,food,amenity:restaurant,restaurant,,,,POINT (28.949334 41.012154),1059852958,10660877744,0,10.48997720276916
5075929037,zirwe sultan resturant,41.011344,28.94273,food,amenity:restaurant,restaurant,,,,POINT (28.94273 41.011344),1059239765,1059239760,0,11.595338563488342
5243952635,Çagdash lokanta,41.016952,28.945712,food,amenity:restaurant,restaurant,,,,POINT (28.945712 41.016952),1059851580,1059851972,0,11.388495062834108
5109654681,Çapa Dürüm Kebab,41.013758,28.932804,food,amenity:restaurant,restaurant,,,,POINT (28.932804 41.013758),1049732670,1291976988,0,9.921006324487275
5088190861,Çapana Et Balık,40.999516,28.932396,food,amenity:restaurant,restaurant,,,,POINT (28.932396 40.999516),1035580965,1035580956,0,2.7422136490936904
10178438647,Çapari,41.003616,28.965053,food,amenity:restaurant,restaurant,,,,POINT (28.965053 41.003616),1016468774,2370393236,0,7.333960819875028
5113481370,Çarşamba kebap,41.024157,28.948459,food,amenity:restaurant,restaurant,,,,POINT (28.948459 41.024157),10263288070,10263288069,0,5.284282270730524
5115939941,Çarşı Ocakbaşı,41.011827,28.968328,food,amenity:restaurant,restaurant,,,,POINT (28.968328 41.011827),3082166486,3082166491,0,3.0979301265491297
5115939926,Çarşıkapı Muhallebicisi 1984,41.009967,28.969965,food,amenity:restaurant,restaurant,,,,POINT (28.969965 41.009967),278005027,278005047,0,2.4933377672275747
5244801831,Çatladıkapı Sosyal Tesisleri,41.001796,28.973509,food,amenity:restaurant,restaurant,,,,POINT (28.973509 41.001796),13073192973,13530156094,0,8.386119258615954
5111222102,Çavuşoğlu,41.009309,28.958266,food,amenity:restaurant,restaurant,,,,POINT (28.958266 41.009309),278366661,10080802280,0,8.073004215574418
5112751026,Çayada in balat,41.033851,28.946722,food,amenity:restaurant,restaurant,,,,POINT (28.946722 41.033851),1590877531,1103230151,0,4.416377563168013
5110345282,Çağaloğlu,41.014258,28.974951,food,amenity:restaurant,restaurant,,,,POINT (28.974951 41.014258),3402247668,11165697750,0,2.876610153165144
6356595586,Çağri restaurant,41.006919,28.954026,food,amenity:restaurant,restaurant,,,,POINT (28.954026 41.006919),10183517575,10082522234,0,14.272916274944544
5100825059,Çağrı köfte ve döner,41.019311,28.932335,food,amenity:restaurant,restaurant,,,,POINT (28.932335 41.019311),316961437,901512807,0,6.93379783071911
5113611483,Çelik et ve tavuk durumları,41.029813,28.939734,food,amenity:restaurant,restaurant,,,,POINT (28.939734 41.029813),1064574990,1064221945,0,8.678765064324152
5244806770,Çemberlitaş Aksoy Dönercisi,41.008682,28.969528,food,amenity:restaurant,restaurant,,,,POINT (28.969528 41.008682),3181221421,13431435303,0,4.019066008180101
5244806780,Çemberlitaş Köftecisi,41.008894,28.971405,food,amenity:restaurant,restaurant,,,,POINT (28.971405 41.008894),311371051,278005017,0,8.102327178269098
5088194884,Çevre Kebap,41.00361,28.931883,food,amenity:restaurant,restaurant,,,,POINT (28.931883 41.00361),2370778799,1036040877,0,2.8838082276065222
5099040216,Çeşm-İ Cİhan Ev Yemeklerİ,41.005339,28.94314,food,amenity:restaurant,restaurant,,,,POINT (28.94314 41.005339),1058996249,1058894000,0,4.19918786449734
5244805710,Çeşme Döner Büfe,41.011494,28.972058,food,amenity:restaurant,restaurant,,,,POINT (28.972058 41.011494),3379773270,3379773271,0,8.534395746634488
5107245382,Çeşni Yöresel Gıdalar,41.006711,28.931733,food,amenity:restaurant,restaurant,,,,POINT (28.931733 41.006711),1057577781,2370759039,0,17.38850761455182
5081265957,Çitir Lahmacun,41.011647,28.947244,food,amenity:restaurant,restaurant,,,,POINT (28.947244 41.011647),1059239994,1059240044,0,0.010405511938754292
5087172331,Çiğköfteci ömer usta,40.996558,28.927473,food,amenity:restaurant,restaurant,,,,POINT (28.927473 40.996558),1035581595,1034388135,0,14.909146998893439
5113126654,Çorbacı Alaaddin Ustanın Yeri,41.004565,28.931598,food,amenity:restaurant,restaurant,,,,POINT (28.931598 41.004565),3363397487,1057576458,0,9.271033567682139
5099060708,Çömçe et lokantası,41.007708,28.951545,food,amenity:restaurant,restaurant,,,,POINT (28.951545 41.007708),1058892573,1058892571,0,3.8773578711840697
5088194848,Çıtır Börek ve Pide,40.998214,28.930067,food,amenity:restaurant,restaurant,,,,POINT (28.930067 40.998214),1035581050,1035582312,0,1.3793122035888823
5099065497,Çıtır pide lahmacun,41.007363,28.942946,food,amenity:restaurant,restaurant,,,,POINT (28.942946 41.007363),1058996106,1058996265,0,5.324198499621958
5107305830,Çığır lahmacun,41.008773,28.948706,food,amenity:restaurant,restaurant,,,,POINT (28.948706 41.008773),1058892449,3371725930,0,3.1737047809380834
5113126682,Öz Antep Tatlıcısı,41.00664,28.931144,food,amenity:restaurant,restaurant,,,,POINT (28.931144 41.00664),1057576534,1057577781,0,7.826774497665537
5087179461,Öz Anteplizade,40.996143,28.927347,food,amenity:restaurant,restaurant,,,,POINT (28.927347 40.996143),1035581568,1034388084,0,3.671618577038465
5088192790,Öz Ağam Kebap Lahmacun Salonu,41.002258,28.936811,food,amenity:restaurant,restaurant,,,,POINT (28.936811 41.002258),8321180974,1036041686,0,1.7027074806595717
5081442520,Öz Dürüm,41.02469,28.95808,food,amenity:restaurant,restaurant,,,,POINT (28.95808 41.02469),1061753402,5119030113,0,0.9657908995558472
5244805705,Öz Karadeniz,41.010735,28.972419,food,amenity:restaurant,restaurant,,,,POINT (28.972419 41.010735),311371022,311371047,0,7.623965488127996
5110345314,Öz Karadeniz pide,41.01505,28.971501,food,amenity:restaurant,restaurant,,,,POINT (28.971501 41.01505),311367410,311367419,0,2.7403561069365003
4225464289,Öz Kilis Lahmacun ve Kebap,41.021729,28.944559,food,amenity:restaurant,restaurant,,,,POINT (28.944559 41.021729),1060106878,1060106876,0,4.0923004646116805
5086061082,Öz Mostar,41.025918,28.956897,food,amenity:restaurant,restaurant,,,,POINT (28.956897 41.025918),3361027528,1061753375,0,4.299920911823079
5112738814,Öz Sultanahmet Köftecisi,41.014268,28.967344,food,amenity:restaurant,restaurant,,,,POINT (28.967344 41.014268),2379755801,311371100,0,7.150730758878353
5115929111,Öz Yumak,41.009394,28.96666,food,amenity:restaurant,restaurant,,,,POINT (28.96666 41.009394),13431433995,3802207357,0,3.615456229476871
5113483634,Öz antakya,41.020711,28.949171,food,amenity:restaurant,restaurant,,,,POINT (28.949171 41.020711),1061624325,1061623932,0,6.106574710926623
5113469916,Öz karadeniz pide salonu,41.023236,28.946735,food,amenity:restaurant,restaurant,,,,POINT (28.946735 41.023236),1061622777,1061622800,0,4.508892610884267
5244807912,Özbek Taomlari Lezzet,41.005351,28.964611,food,amenity:restaurant,restaurant,,,,POINT (28.964611 41.005351),3274151303,269722222,0,9.00119835628811
5113610120,Özcanlar kebap salonu,41.026395,28.94083,food,amenity:restaurant,restaurant,,,,POINT (28.94083 41.026395),4311935845,1064222282,0,8.428150962453202
5244810024,Özen Lokantası,41.008646,28.966196,food,amenity:restaurant,restaurant,,,,POINT (28.966196 41.008646),3081510971,10188017814,0,4.724442971382358
5110344544,Özen lokantası,41.017275,28.96702,food,amenity:restaurant,restaurant,,,,POINT (28.96702 41.017275),2379738163,3083509838,0,7.887855194179653
5113611423,Özen sariyer borekçisi,41.026446,28.940932,food,amenity:restaurant,restaurant,,,,POINT (28.940932 41.026446),1064222293,1064222291,0,2.901417529099678
5113611476,Özen sariyer boreği,41.029634,28.939269,food,amenity:restaurant,restaurant,,,,POINT (28.939269 41.029634),1064221945,1064222005,0,5.412319451322437
5088197322,Özgul börek,41.000048,28.931397,food,amenity:restaurant,restaurant,,,,POINT (28.931397 41.000048),1035581609,1035581614,0,0.8473597564668189
5099065511,Özgül Börek Salonu,41.006958,28.94213,food,amenity:restaurant,restaurant,,,,POINT (28.94213 41.006958),1058893992,1058996208,0,7.178771758354519
5244807904,Özhanedan,41.006746,28.965294,food,amenity:restaurant,restaurant,,,,POINT (28.965294 41.006746),1018528028,275604700,0,15.03747415197822
5243953348,Özkaradeniz,41.026232,28.948277,food,amenity:restaurant,restaurant,,,,POINT (28.948277 41.026232),1061754785,1102729775,0,8.53567100620831
5088192733,Öztürk Kardeşler Balık Lokantası,40.999622,28.932145,food,amenity:restaurant,restaurant,,,,POINT (28.932145 40.999622),1035580965,1035580994,0,6.47116910483645
5087172333,Ümit Börek Salonu,40.996712,28.927669,food,amenity:restaurant,restaurant,,,,POINT (28.927669 40.996712),1035581500,1035581595,0,15.454854125114334
5109654671,Üçler Urfa Kebab Salonu,41.012736,28.931626,food,amenity:restaurant,restaurant,,,,POINT (28.931626 41.012736),316924160,412289927,0,5.677011856369726
5113598495,özbey bufe,41.010595,28.941018,food,amenity:restaurant,restaurant,,,,POINT (28.941018 41.010595),1058995791,1058995747,0,7.0038188946093145
11528657999,İBB Sultanahmet Kent Lokantası,41.009599,28.977531,food,amenity:restaurant,restaurant,,,,POINT (28.977531 41.009599),4780788656,4780788655,0,21.354033184228992
11528657995,İBB Çapa Kent Lokantası,41.014432,28.934424,food,amenity:restaurant,restaurant,,,,POINT (28.934424 41.014432),10096318336,1295933748,0,13.722715860156372
5103810816,İkinci Adres Restoran Pub,41.016852,28.93064,food,amenity:restaurant,restaurant,,,,POINT (28.93064 41.016852),1295947787,10656725147,0,16.372891012065747
5244810296,İkizler Pilav ve Dürüm Evi,41.00497,28.965105,food,amenity:restaurant,restaurant,,,,POINT (28.965105 41.00497),248137304,248137282,0,8.18530093489759
5111215151,İkizler Pilavcı,41.006415,28.939501,food,amenity:restaurant,restaurant,,,,POINT (28.939501 41.006415),1058996044,2371640746,0,11.674907247301162
5113611451,İkram,41.027469,28.941305,food,amenity:restaurant,restaurant,,,,POINT (28.941305 41.027469),1064222260,1064222140,0,5.200287782404825
5113125951,İmamoğlu Kebap ve Lahmacun Salonu,41.00366,28.927636,food,amenity:restaurant,restaurant,,,,POINT (28.927636 41.00366),1055513056,1057576502,0,3.3171724208151563
4874812823,İmren,40.996184,28.927115,food,amenity:restaurant,restaurant,,,,POINT (28.927115 40.996184),1034388084,1034388569,0,5.769467116675199
5087179456,İncedal et lokantası,40.995912,28.927081,food,amenity:restaurant,restaurant,,,,POINT (28.927081 40.995912),1034388084,1034388569,0,13.477431095530289
5112728883,İnci Cafe Restaurant,41.010776,28.959216,food,amenity:restaurant,restaurant,,,,POINT (28.959216 41.010776),30215295,3081584732,0,7.357942856167273
10178438645,İnci Teras Restaurant,41.004648,28.979448,food,amenity:restaurant,restaurant,,,,POINT (28.979448 41.004648),278004987,278004976,0,10.730487233274248
5244795888,İshakpaşa Sofrası,41.015945,28.969537,food,amenity:restaurant,restaurant,,,,POINT (28.969537 41.015945),2195426964,311371082,0,8.836664923829716
5113609492,İsot lahmacun,41.027599,28.940926,food,amenity:restaurant,restaurant,,,,POINT (28.940926 41.027599),1064222278,1064222260,0,3.818604336017511
5112749724,İstanbul Ciğercisi,41.032697,28.945867,food,amenity:restaurant,restaurant,,,,POINT (28.945867 41.032697),1102850654,1102850563,0,6.414550163166924
5113128248,İstanbul Restoran,41.007658,28.953819,food,amenity:restaurant,restaurant,,,,POINT (28.953819 41.007658),3270661434,269723150,0,4.60032635728433
5113592212,İzgara Evi,41.010965,28.942245,food,amenity:restaurant,restaurant,,,,POINT (28.942245 41.010965),1058995854,2371631231,0,15.059294620223017
5081442456,Şafak Et Lokantası,41.022313,28.959875,food,amenity:restaurant,restaurant,,,,POINT (28.959875 41.022313),3361125318,1061754279,0,7.9571404461839865
5244803034,Şafak Restaurant,41.003649,28.974875,food,amenity:restaurant,restaurant,,,,POINT (28.974875 41.003649),349271203,275602998,0,6.654405500002587
5088194890,Şafak pide ve lahmacun,41.003447,28.931286,food,amenity:restaurant,restaurant,,,,POINT (28.931286 41.003447),2370778797,2370778799,0,2.3575956263924125
5113472207,Şahin Kardeşler 1 Börek Salonu,41.00665,28.923808,food,amenity:restaurant,restaurant,,,,POINT (28.923808 41.00665),13565832327,12723110489,0,5.9662249582960944
5113483413,Şam günleri,41.020967,28.948331,food,amenity:restaurant,restaurant,,,,POINT (28.948331 41.020967),1061622767,1061622733,0,2.3973657404445596
5075929034,Şam şerif tatlası,41.011497,28.942147,food,amenity:restaurant,restaurant,,,,POINT (28.942147 41.011497),1059239760,10093528191,0,14.450438776843505
5106127801,Şanlar Pastneleri,41.026521,28.947424,food,amenity:restaurant,restaurant,,,,POINT (28.947424 41.026521),1064222529,1064222581,0,7.128047286893876
5099060693,Şanlı et lokantası,41.006948,28.948754,food,amenity:restaurant,restaurant,,,,POINT (28.948754 41.006948),1058892493,2371666284,0,7.947124477917438
5244807887,Şar Restaurant,41.008779,28.967066,food,amenity:restaurant,restaurant,,,,POINT (28.967066 41.008779),3081510982,4776781979,0,5.685038011215522
5244809857,Şar Restaurant,41.008095,28.967263,food,amenity:restaurant,restaurant,,,,POINT (28.967263 41.008095),10629345973,269722965,0,7.2449903190975355
5113598486,Şark Büfe,41.009793,28.940829,food,amenity:restaurant,restaurant,,,,POINT (28.940829 41.009793),1058995844,3218776826,0,6.596453254719094
10178410603,Şato,41.005334,28.980163,food,amenity:restaurant,restaurant,,,,POINT (28.980163 41.005334),278004975,278004989,0,9.048266461170483
5244806763,Şehmuz Kebap Salonu,41.008907,28.969727,food,amenity:restaurant,restaurant,,,,POINT (28.969727 41.008907),277139018,3082166481,0,6.448559502617993
5110344578,Şehri saadet,41.016531,28.966398,food,amenity:restaurant,restaurant,,,,POINT (28.966398 41.016531),2379738142,30215239,0,2.129912291484971
5112728864,Şehzade Börek,41.011802,28.959214,food,amenity:restaurant,restaurant,,,,POINT (28.959214 41.011802),7784240500,3081584726,0,8.476937722445923
5108837430,Şehzade Cağ Kebap,41.014019,28.975269,food,amenity:restaurant,restaurant,,,,POINT (28.975269 41.014019),3079738266,1193429145,0,3.585064359336345
5244810306,Şehzade Ocakbaşı Restaurant,41.005648,28.965223,food,amenity:restaurant,restaurant,,,,POINT (28.965223 41.005648),275604973,275604841,0,3.573642981311731
5110345252,Şen büfe,41.015222,28.974315,food,amenity:restaurant,restaurant,,,,POINT (28.974315 41.015222),10617332666,252235555,0,9.014465510431227
5115933201,Şenol,41.003421,28.930722,food,amenity:restaurant,restaurant,,,,POINT (28.930722 41.003421),1036041052,2195428751,0,3.2796227742505186
5243951544,Şerifoglu,41.017551,28.947258,food,amenity:restaurant,restaurant,,,,POINT (28.947258 41.017551),1059851969,1059851965,0,13.29560820674898
5113594824,Şifa döner,41.009096,28.948021,food,amenity:restaurant,restaurant,,,,POINT (28.948021 41.009096),1058892482,1058892458,0,5.752635071229769
5108827981,Şirin Köfte Kebap Döner Salonu,41.014635,28.976302,food,amenity:restaurant,restaurant,,,,POINT (28.976302 41.014635),3457689638,269719185,0,4.845650884301773
5244803043,Şirvan Şark Sofrası,41.002906,28.973413,food,amenity:restaurant,restaurant,,,,POINT (28.973413 41.002906),3075078763,3075078775,0,7.9220385903388655
5113620661,Şiva Cafe & Bar,41.006133,28.980863,food,amenity:restaurant,restaurant,,,,POINT (28.980863 41.006133),278004973,1248902329,0,6.06255040056954
5108828630,Şöhret Köftecisi,41.013458,28.978252,food,amenity:restaurant,restaurant,,,,POINT (28.978252 41.013458),3079738246,7703025837,0,13.91981089032542
5088192787,Şölen Ocakbaşı,41.000138,28.931808,food,amenity:restaurant,restaurant,,,,POINT (28.931808 41.000138),1035581001,1035580900,0,4.017169297601102
5107245384,Şölen Pastaneleri,41.006709,28.931522,food,amenity:restaurant,restaurant,,,,POINT (28.931522 41.006709),2370759039,1057577781,0,18.09790056669753
5115937198,Şölen Pastaneleri,41.008402,28.931359,food,amenity:restaurant,restaurant,,,,POINT (28.931359 41.008402),316966372,316966371,0,6.360923244822444
9833781617,Şırdancı Mehmet,41.017681,28.954293,food,amenity:restaurant,restaurant,,,,POINT (28.954293 41.017681),1061624522,1061624542,0,5.463384683851339
6665917986,أطيب فلافل,41.010151,28.947806,food,amenity:restaurant,restaurant,,,,POINT (28.947806 41.010151),11532842214,1059240066,0,11.353481564876736
6153737886,المدينة,41.011327,28.950019,food,amenity:restaurant,restaurant,,,,POINT (28.950019 41.011327),13478051068,9809606573,0,12.266573896932771
10044870517,جيري فتار قهوة ومطعم,41.016949,28.966261,food,amenity:restaurant,restaurant,,,,POINT (28.966261 41.016949),1261054664,1261054605,0,12.685099617640873
8771469619,كنافة نابلسي,41.020386,28.948628,food,amenity:restaurant,restaurant,,,,POINT (28.948628 41.020386),4884590237,2371712091,0,1.2777273702742902
5346492723,مطعم اسماك,41.00524,28.957036,food,amenity:restaurant,restaurant,,,,POINT (28.957036 41.00524),459507113,1018528014,0,0.6660009030035274
6015750885,مطعم حضرموت,41.020255,28.941854,food,amenity:restaurant,restaurant,,,,POINT (28.941854 41.020255),12825913092,12825913093,0,22.316658195713725
11049357405,مطعم كباب بغداد,41.01305,28.946543,food,amenity:restaurant,restaurant,,,,POINT (28.946543 41.01305),8702517531,13168223885,0,3.566644019850787
5075929057,مطعم مندي,41.010247,28.947566,food,amenity:restaurant,restaurant,,,,POINT (28.947566 41.010247),1059240057,1059240066,0,13.906053323817945
1900616737,Ancient Hippodrome Substructure,41.004072,28.973413,museum_historic,historic:archaeological_site,,,archaeological_site,,POINT (28.973413 41.004072),2666795801,13109125025,0,7.44413601675034
13615790287,Lausos Sarayı'nın Kalıntıları,41.007586,28.975554,museum_historic,historic:archaeological_site,,,archaeological_site,,POINT (28.975554 41.007586),3076865601,1645203797,0,17.670227042936858
12766787301,Unnamed POI,41.009446,28.962221,museum_historic,historic:archaeological_site,,,archaeological_site,,POINT (28.962221 41.009446),10119894401,2370435052,0,7.5406285916313145
12766787501,Unnamed POI,41.009412,28.962619,museum_historic,historic:archaeological_site,,,archaeological_site,,POINT (28.962619 41.009412),10119894401,2370435052,0,6.901657163861726
12312742216,İBB Bulgur Palas Kütüphanesi,41.006995,28.944046,museum_historic,historic:building,library,,building,,POINT (28.944046 41.006995),11828724970,11828724971,0,8.884052083016385
12768472401,Padişah Mahfili - Yeni Cami,41.016893,28.972777,museum_historic,historic:castle,,,castle,,POINT (28.972777 41.016893),311367407,11812527240,0,11.567505212997359
5076115936,Imrahor ilyasbey mezarlığı,40.996268,28.92814,museum_historic,historic:cemetery,grave_yard,,cemetery,,POINT (28.92814 40.996268),1035581568,1035581554,0,11.341197181303098
5081610966,Panayia Belgradu Kilisesi,41.000114,28.921979,museum_historic,historic:church,place_of_worship,,church,,POINT (28.921979 41.000114),13565832355,12243521564,0,19.64088764158395
11006008339,Yerebatan Sarnıcı,41.00848,28.978383,museum_historic,historic:cistern,,attraction,cistern,,POINT (28.978383 41.00848),13433927188,13433927166,0,4.540039252303413
1035582478,Belgrad Kapı,40.99983,28.920538,museum_historic,historic:city_gate,,,city_gate,,POINT (28.920538 40.99983),1055512722,1034388212,0,19.9717964895521
13565832354,Belgrad Kapı,40.999831,28.920477,museum_historic,historic:city_gate,,,city_gate,,POINT (28.920477 40.999831),1055512722,1034388212,0,25.0776124711484
5787843345,Eğrikapı,41.036473,28.939398,museum_historic,historic:city_gate,,,city_gate,,POINT (28.939398 41.036473),1066631962,1066631811,0,20.203902623507286
13357454659,Hasbahçe Kapısı,41.01455,28.986604,museum_historic,historic:city_gate,,,city_gate,,POINT (28.986604 41.01455),4620754312,13109125042,0,50.42285105555971
1055512571,Silivrikapı,41.006083,28.92183,museum_historic,historic:city_gate,,,city_gate,,POINT (28.92183 41.006083),10735111742,12723110486,0,0.03842928045804578
11331440494,Unnamed POI,41.010396,28.956852,museum_historic,historic:city_gate,,,city_gate,,POINT (28.956852 41.010396),10073978967,11331464187,0,0.025016636078036007
11331440495,Unnamed POI,41.009744,28.956202,museum_historic,historic:city_gate,,,city_gate,,POINT (28.956202 41.009744),10073978967,11331464187,0,0.016823432712793903
415157636,Yılanlı Sütun,41.005665,28.97511,museum_historic,historic:column,,attraction,column,,POINT (28.97511 41.005665),10738808563,3076823502,0,6.116488145414168
3254365422,Atatürk,41.015053,28.976822,museum_historic,historic:memorial,,,memorial,,POINT (28.976822 41.015053),12660718812,13433994425,0,14.595064322538155
3281285898,Atatürk,41.004451,28.973311,museum_historic,historic:memorial,,,memorial,,POINT (28.973311 41.004451),3281285907,3281285902,0,3.9196691238713797
13357454625,Bizans Lahdi,41.004353,28.981218,museum_historic,historic:memorial,,,memorial,,POINT (28.981218 41.004353),10613656845,1250432588,0,3.7258052124140955
3254460380,Fatih Anıtı,41.015573,28.954219,museum_historic,historic:memorial,,,memorial,,POINT (28.954219 41.015573),3847980029,3847980030,0,18.999031776223962
6914442986,Fatih Sultan Mehmet Anıtı,41.030347,28.937023,museum_historic,historic:memorial,,,memorial,,POINT (28.937023 41.030347),1064575033,1060107324,0,10.754618576031765
3279345565,Hamal,41.014488,28.972908,museum_historic,historic:memorial,,,memorial,,POINT (28.972908 41.014488),1936670757,311371032,0,1.7634110397709157
3254460381,Hava Şehitleri Anıtı,41.016075,28.952635,museum_historic,historic:memorial,,,memorial,,POINT (28.952635 41.016075),3364860686,1061625326,0,22.801584534843016
4506862293,Hurrem Haseki (Roksolana) Turbesi,41.015668,28.964808,museum_historic,historic:memorial,,,memorial,,POINT (28.964808 41.015668),3085937866,12353722998,0,21.357586443446387
4506783904,Kanuni Sultan Suleyman 1 Turbesi,41.0157,28.964466,museum_historic,historic:memorial,,,memorial,,POINT (28.964466 41.0157),3085937886,3085937866,0,19.10738766674506
3236233297,Kıztaşı,41.015441,28.950285,museum_historic,historic:memorial,,,memorial,,POINT (28.950285 41.015441),10263288053,10263288051,0,3.6686952245092868
3220979738,Manifaturaci Draper,41.014808,28.971091,museum_historic,historic:memorial,,,memorial,,POINT (28.971091 41.014808),311367463,311367464,0,2.9096543103799153
3281285899,Mithat Paşa,41.004219,28.973377,museum_historic,historic:memorial,,,memorial,,POINT (28.973377 41.004219),3281285907,3281285902,0,4.51848243003946
5478162925,Sarayburnu Atatürk Anıtı,41.016263,28.986132,museum_historic,historic:memorial,,,memorial,,POINT (28.986132 41.016263),12382156826,12382156843,0,12.643070709870209
11813287018,Sohum Kalesi Kitâbesi,41.012383,28.984036,museum_historic,historic:memorial,,,memorial,,POINT (28.984036 41.012383),2674488939,2674488945,0,3.82218445469927
6432801437,Turgut Reis,41.013533,28.987321,museum_historic,historic:memorial,,,memorial,,POINT (28.987321 41.013533),4620754312,13109125042,0,18.159190988782672
4509007790,Unnamed POI,41.018933,28.9505,museum_historic,historic:memorial,,,memorial,,POINT (28.9505 41.018933),1061625181,3365517676,0,28.238425316100166
4509011791,Unnamed POI,41.018844,28.950815,museum_historic,historic:memorial,,,memorial,,POINT (28.950815 41.018844),1061625104,2371737279,0,22.338584663409755
5108806124,Unnamed POI,41.007927,28.975245,museum_historic,historic:memorial,,,memorial,,POINT (28.975245 41.007927),275612016,3076865604,0,3.9064592023550597
11812060147,Unnamed POI,41.005894,28.975446,museum_historic,historic:memorial,,,memorial,,POINT (28.975446 41.005894),3076823533,3424654989,0,4.730448586543299
11813287022,Unnamed POI,41.012644,28.983788,museum_historic,historic:memorial,,,memorial,,POINT (28.983788 41.012644),1199394185,364455125,0,3.561577808579227
11813287023,Unnamed POI,41.012618,28.983732,museum_historic,historic:memorial,,,memorial,,POINT (28.983732 41.012618),364455125,1199394185,0,0.9087600789503961
6916379085,İstanbul’un Orta Noktası,41.013123,28.957839,museum_historic,historic:memorial,,,memorial,,POINT (28.957839 41.013123),2370590050,3086131038,0,3.635758893175842
3374681017,Atik Ali Paşa Medresesi,41.008408,28.969981,museum_historic,historic:monument,,,monument,,POINT (28.969981 41.008408),277129980,9040148777,0,9.072535242083504
3383039241,Bayram Paşa Külliyesi,41.008774,28.942342,museum_historic,historic:monument,,,monument,,POINT (28.942342 41.008774),1058995856,1058996267,0,5.253000826039764
9206305917,Beyazit Kulesi,41.011394,28.964682,museum_historic,historic:monument,,,monument,,POINT (28.964682 41.011394),3081960364,3081960383,0,6.676985534318166
4695996389,Gotlar Sütunu,41.014641,28.985677,museum_historic,historic:monument,,attraction,monument,,POINT (28.985677 41.014641),11117641630,11117641630,1,4.166571613409382
1620494633,Hatice Turhan Sultan Türbesi,41.016202,28.971905,museum_historic,historic:monument,,,monument,,POINT (28.971905 41.016202),3083509857,768682863,0,27.541606451227093
3374678648,Kara Mustafa Paşa Külliyesi,41.008716,28.96776,museum_historic,historic:monument,,,monument,,POINT (28.96776 41.008716),1408445385,251298881,0,5.25418298475286
3374678647,Koca Sinan Paşa Külliyesi,41.008809,28.969064,museum_historic,historic:monument,,,monument,,POINT (28.969064 41.008809),13431435303,13431433998,0,12.634611223784214
1908677124,Milyon Taşı,41.008067,28.978018,museum_historic,historic:monument,,,monument,,POINT (28.978018 41.008067),11005974939,11005974944,0,5.042065541617082
3384627300,Unnamed POI,40.996197,28.928503,museum_historic,historic:monument,,,monument,,POINT (28.928503 40.996197),1035581515,1035581202,0,12.985778834220403
5985089186,Unnamed POI,41.013597,28.981641,museum_historic,historic:monument,,,monument,,POINT (28.981641 41.013597),3078464319,3078464322,0,3.8897077895068013
9732000517,Yanbol sinagog,41.033268,28.946336,museum_historic,historic:monument,,,monument,,POINT (28.946336 41.033268),1102850685,1103230149,0,0.29652500422331446
12382547352,Arkadyos Sütunu,41.007736,28.943061,museum_historic,historic:ruins,,,ruins,,POINT (28.943061 41.007736),1058996086,1058996265,0,7.174249257041963
4977947521,Ayios Polieuktos Kilisesi,41.014232,28.952959,museum_historic,historic:ruins,,,ruins,,POINT (28.952959 41.014232),9585453889,9585453905,0,20.956181816865367
1652694014,Magnaura Sarayı,41.005448,28.979659,museum_historic,historic:ruins,,,ruins,,POINT (28.979659 41.005448),6859766855,356404378,0,12.047880734415068
13094040818,Tarihi Kemer Kalıntısı,41.021825,28.952164,museum_historic,historic:ruins,,,ruins,,POINT (28.952164 41.021825),1061622427,1061622430,0,2.9375570798678563
5739586344,Unnamed POI,41.012715,28.983917,museum_historic,historic:ruins,,,ruins,,POINT (28.983917 41.012715),1199394185,364455125,0,11.617024061978322
13635188807,Unnamed POI,41.00229,28.973349,museum_historic,historic:ruins,,,ruins,,POINT (28.973349 41.00229),13583574240,13583574239,1,7.31770398669887
5112750009,Ebuzer Gifari Türbesi,41.037606,28.94286,museum_historic,historic:tomb,,,tomb,,POINT (28.94286 41.037606),1103230087,1103230088,0,3.3810823424841585
13357454624,Hasan Baba Kabri,41.004447,28.981597,museum_historic,historic:tomb,,,tomb,,POINT (28.981597 41.004447),1250432588,10613656845,0,12.970989962541028
13385771384,II. Abdülhamid Türbesi,41.008635,28.972596,museum_historic,historic:tomb,,,tomb,,POINT (28.972596 41.008635),3082166456,13431435311,0,16.423406086470884
13385771381,IV. Mehmet Türbesi,41.016086,28.97179,museum_historic,historic:tomb,,,tomb,,POINT (28.97179 41.016086),6990259874,768682863,0,27.814785420232063
5244807872,Karababa Türbesi,41.008301,28.969208,museum_historic,historic:tomb,,,tomb,,POINT (28.969208 41.008301),3075182582,277129980,0,8.68836474676336
5113592202,Molla Gorani Hazretlerinin Kabri,41.01123,28.941136,museum_historic,historic:tomb,,,tomb,,POINT (28.941136 41.01123),1058995747,1058995920,0,16.55468785025861
5110342142,Molla Hüsrev cami Turbası,41.014778,28.959381,museum_historic,historic:tomb,,,tomb,,POINT (28.959381 41.014778),1260080702,10132350481,0,4.748405270230681
13357454623,Nimelceyş Kabiri,41.004969,28.981862,museum_historic,historic:tomb,,,tomb,,POINT (28.981862 41.004969),278004955,13253198687,0,2.855302851163538
13357454626,Nimelceyş Kabiri,41.003963,28.981908,museum_historic,historic:tomb,,,tomb,,POINT (28.981908 41.003963),11889950886,566635089,0,3.6689346021515705
5113620677,Sahabe-i Kiramdan Abdurrahman Şami Türbesi,41.00669,28.979145,museum_historic,historic:tomb,,,tomb,,POINT (28.979145 41.00669),278004957,3076865663,0,8.966311022486856
5081445115,Seyyit Velayet Türbesi,41.023848,28.954732,museum_historic,historic:tomb,,,tomb,,POINT (28.954732 41.023848),1061754041,1061754138,0,2.5569770870662403
10735111735,Silivrikapı Hypogeum,41.006603,28.9219,museum_historic,historic:tomb,,,tomb,,POINT (28.9219 41.006603),10735111742,13471530898,0,0.03543308455581889
13385771382,Sultan Abdulaziz Han kabri,41.008552,28.972579,museum_historic,historic:tomb,,,tomb,,POINT (28.972579 41.008552),13431435311,3082166456,0,15.82722229269553
13385771383,V. Murat Türbesi,41.016147,28.971712,museum_historic,historic:tomb,,,tomb,,POINT (28.971712 41.016147),11812527227,11812527231,0,29.321858456175164
4363666187,Zindan baba Türbesi,41.018787,28.969177,museum_historic,historic:tomb,,,tomb,,POINT (28.969177 41.018787),11975924519,11169305749,0,20.62607673297369
5081442505,Şeyh Ahmet Buhara Türbesi,41.02316,28.96026,museum_historic,historic:tomb,,,tomb,,POINT (28.96026 41.02316),1061754259,1059525658,0,5.056846909540398
5115935414,Şeyh Seyyid Seyfullah Hz.,41.007168,28.926987,museum_historic,historic:tomb,,,tomb,,POINT (28.926987 41.007168),1057575149,1057575163,0,8.166481094620629
8916085609,Gate of Rhegion,41.014097,28.92199,museum_historic,historic:yes,,,yes,,POINT (28.92199 41.014097),12723108264,12723108262,0,22.578905651941117
8916085610,Gate of Rhegion,41.014086,28.922069,museum_historic,historic:yes,,,yes,,POINT (28.922069 41.014086),12723108264,12723108262,0,15.888992432967504
5599994986,Surp Kevork Kilisesi,41.001865,28.933147,museum_historic,historic:yes,place_of_worship,attraction,yes,,POINT (28.933147 41.001865),1036041178,1035580891,0,37.28490628381826
5112750831,İvaz Efendi Çeşmesi,41.037889,28.941146,museum_historic,historic:yes,,,yes,,POINT (28.941146 41.037889),2264127898,12826038925,0,1.048942261103022
11867279469,Ayasofya Tarih ve Deneyim Müzesi,41.006455,28.975367,museum_historic,tourism:museum,,museum,,,POINT (28.975367 41.006455),3424654991,3076865690,0,11.68617268615795
5112732265,Beyazıt Türk Hamam Kültürü Müzesi,41.009946,28.961554,museum_historic,tourism:museum,,museum,,,POINT (28.961554 41.009946),5011983663,31678562,0,25.0819205378727
2472730735,Binbirdirek Sarnıcı,41.007606,28.974417,museum_historic,tourism:museum,,museum,,,POINT (28.974417 41.007606),1645203797,275587911,0,9.921223660494476
12243524937,Fethiye Müzesi,41.02921,28.946518,museum_historic,tourism:museum,,museum,,,POINT (28.946518 41.02921),3367656699,1102850624,0,26.17186070341185
3373094254,Halı Müzesi,41.005682,28.978669,museum_historic,tourism:museum,,museum,,,POINT (28.978669 41.005682),3279422229,31678616,0,7.644521182374155
4990028128,Halı Müzesi,41.008732,28.980956,museum_historic,tourism:museum,,museum,,,POINT (28.980956 41.008732),31678621,275610075,0,11.24231381293378
5103810789,Hamidiye Kültür Ve Eğitim Vakfı Topkapı Nusret,41.019625,28.927784,museum_historic,tourism:museum,,museum,,,POINT (28.927784 41.019625),1059137075,1059137082,0,9.553793640661102
5108837436,Hodjapasta,41.014271,28.975689,museum_historic,tourism:museum,,museum,,,POINT (28.975689 41.014271),3079738266,3457689628,0,5.682139693578273
1807703751,Istanbul Photography Museum,41.00464,28.967754,museum_historic,tourism:museum,,museum,,,POINT (28.967754 41.00464),3075078798,248137420,0,7.467166475630796
4721808990,Kapali Carsi,41.01011,28.969963,museum_historic,tourism:museum,,museum,,,POINT (28.969963 41.01011),3082408134,278005047,0,0.37916215631428357
5108828006,Lions Rug and kilims Art Gallery,41.012871,28.977892,museum_historic,tourism:museum,,museum,,,POINT (28.977892 41.012871),13433942484,13433942485,0,1.361622061752618
5244801843,Marmara Üniversitesi Cumhuriyet Müzesi ve Sanat Galerisi,41.005186,28.974389,museum_historic,tourism:museum,,museum,,,POINT (28.974389 41.005186),275602992,275606137,0,7.504056368395124
8699169212,PTT Müzesi,41.014715,28.973899,museum_historic,tourism:museum,,museum,,,POINT (28.973899 41.014715),3370525361,278344482,0,5.893936400071789
5081442512,Rezan Has Museum,41.02528,28.958432,museum_historic,tourism:museum,,museum,,,POINT (28.958432 41.02528),5119030113,1061753319,0,23.42703754564971
5108837438,Tasciri Spettacolo,41.014044,28.975613,museum_historic,tourism:museum,,museum,,,POINT (28.975613 41.014044),3457689628,3079738266,0,11.244825044290128
10284696709,Topkapi Sarayı,41.011344,28.983203,museum_historic,tourism:museum,,museum,,,POINT (28.983203 41.011344),31678645,2674488923,0,4.926735154636416
9217070484,Türk Eczacılık Tarihi İhtisas Müzesi,41.010849,28.963116,museum_historic,tourism:museum,,museum,,,POINT (28.963116 41.010849),256097740,11365741269,0,6.888915499857279
5115939964,Türk Vakıf Hat Sanatları Müzesi,41.01005,28.963181,museum_historic,tourism:museum,,museum,,,POINT (28.963181 41.01005),10613317680,13281920964,0,25.333952655872142
5113500256,Türk ve İslam Eserleri Müzesi,41.00628,28.974915,museum_historic,tourism:museum,,museum,,,POINT (28.974915 41.00628),12183402506,12183402507,0,7.2702707760424925
5244807623,Türkiye Gazeteciler Cemiyeti Basın Müzesi,41.008562,28.972216,museum_historic,tourism:museum,,museum,,,POINT (28.972216 41.008562),3082166456,13431435311,0,14.684313601380026
5244807883,Yahya Kemal Museum,41.008741,28.967614,museum_historic,tourism:museum,,museum,,,POINT (28.967614 41.008741),1408445385,251298881,0,3.6327959030382844
3400112453,Yedi Kule Hisarı Müzesi,40.993569,28.923931,museum_historic,tourism:museum,,museum,,,POINT (28.923931 40.993569),9731716720,1034388537,0,4.094577597732448
5113620695,İslam bilim ve teknoloji tarihi müzesi,41.013219,28.978968,museum_historic,tourism:museum,,museum,,,POINT (28.978968 41.013219),12374460921,12374460922,0,2.9819527573338402
5244801844,İstanbul Cumhuriyet Eğitim Müzesi,41.00496,28.973933,museum_historic,tourism:museum,,museum,,,POINT (28.973933 41.00496),275606137,3075182578,0,2.8199494813243513
5108828680,İstanbul Demiryolu Müzesi,41.015199,28.976683,museum_historic,tourism:museum,,museum,,,POINT (28.976683 41.015199),8602030547,13433994425,0,29.573536476303122
9217099231,İstanbul Üniversitesi Rıdvan Çelikel Arkeoloji Müzesi,41.009856,28.960116,museum_historic,tourism:museum,,museum,,,POINT (28.960116 41.009856),11279359852,31678562,0,19.759315285218243
4763681623,Alfred Heilbronn Botanik Bahçesi,41.018313,28.963871,park_garden,leisure:garden,,,,garden,POINT (28.963871 41.018313),10617232713,2370517707,0,48.601336459883896
8969305833,Lale Bahçesi,41.013755,28.984855,park_garden,leisure:garden,,,,garden,POINT (28.984855 41.013755),2398449411,3078464288,0,8.327428426053222
8418045788,Basketbol Sahası,41.004792,28.921911,park_garden,leisure:park,,,,park,POINT (28.921911 41.004792),12243521522,13565832333,0,13.456484499677407
13530207351,Hoca Ahmet Yesevi Parkı,41.002865,28.97139,park_garden,leisure:park,,,,park,POINT (28.97139 41.002865),13583574258,2361227099,0,10.296504516416736
5113470953,Kalburcu Mehmet Parki,41.01741,28.926031,park_garden,leisure:park,,,,park,POINT (28.926031 41.01741),10628471543,10628471542,0,11.8572181382611
10127887983,Keyci Hatun Parkı,41.007752,28.942825,park_garden,leisure:park,,,,park,POINT (28.942825 41.007752),1058996265,1058996086,0,10.740300742572735
5113470962,Kırımlı park,41.016571,28.92432,park_garden,leisure:park,,,,park,POINT (28.92432 41.016571),10628478887,3398220622,0,3.036557093499515
8735018410,Mehmet Akif Ersoy Parkı,41.007768,28.975445,park_garden,leisure:park,,,,park,POINT (28.975445 41.007768),3076865539,3076865604,0,10.189131997435306
12351753235,Yedikule hisarı,40.993173,28.9231,park_garden,leisure:park,,,,park,POINT (28.9231 40.993173),9731716733,9731716719,0,0.9117504653690977
5112749760,Abdullah El Ensari Türbesi,41.033298,28.944349,viewpoint_attraction,tourism:attraction,,attraction,,,POINT (28.944349 41.033298),1102850681,1102850684,0,4.543545365429689
5108843098,Cevri Kalfa Çeşmesi,41.008002,28.976769,viewpoint_attraction,tourism:attraction,,attraction,,,POINT (28.976769 41.008002),11005974944,11010266598,0,1.6240057700794754
9521568963,Colorful houses,41.029576,28.947632,viewpoint_attraction,tourism:attraction,,attraction,,,POINT (28.947632 41.029576),1102850580,1102850556,0,1.6812842269169384
9924403117,Cumaa Bazaar,41.011094,28.940427,viewpoint_attraction,tourism:attraction,,attraction,,,POINT (28.940427 41.011094),1058995747,1058995920,0,43.021948165892674
5108843109,Hacı Beşir Ağa Çeşmesi,41.00827,28.977987,viewpoint_attraction,tourism:attraction,,attraction,,,POINT (28.977987 41.00827),11005974938,11005974939,0,9.910081133633279
5112723898,Hacı Beşir Ağa Çeşmesi,41.00367,28.928744,viewpoint_attraction,tourism:attraction,,attraction,,,POINT (28.928744 41.00367),2380794371,1057576502,0,40.19358526081247
5108828672,II. Abdülhamit Çeşmesi,41.01478,28.979041,viewpoint_attraction,tourism:attraction,,attraction,,,POINT (28.979041 41.01478),278366508,278366509,0,0.5795870855475348
10284693111,Kiremit Caddesi,41.029534,28.947637,viewpoint_attraction,tourism:attraction,,attraction,,,POINT (28.947637 41.029534),1102850580,1102850610,0,0.3233801297380629
4895209121,Laleli,41.008694,28.955729,viewpoint_attraction,tourism:attraction,,attraction,,,POINT (28.955729 41.008694),269723085,10178607731,0,10.30059694683763
5244803053,Mehmet Efendi Çeşmesi,41.00318,28.97208,viewpoint_attraction,tourism:attraction,,attraction,,,POINT (28.97208 41.00318),2361227093,248137320,0,3.525119338890832
6457625186,Merdivenli Yokuş Evleri,41.031306,28.946227,viewpoint_attraction,tourism:attraction,,attraction,,,POINT (28.946227 41.031306),1102850430,1102850431,0,1.6986283081278137
10284707909,Merdıvenli Yokuş,41.031253,28.946205,viewpoint_attraction,tourism:attraction,,attraction,,,POINT (28.946205 41.031253),1102850431,1102850430,0,2.3782203005065687
5244807882,Merzifonlu Kara Mustafa Paşa Medresesi,41.008669,28.967937,viewpoint_attraction,tourism:attraction,,attraction,,,POINT (28.967937 41.008669),251298881,1408445385,0,8.518749648445885
4511219615,Molla Gurani Turbesi,41.011069,28.941832,viewpoint_attraction,tourism:attraction,,attraction,,,POINT (28.941832 41.011069),1058995749,2371631231,0,3.9204978712490344
9393008312,Nakkaş Sarnıcı,41.004102,28.975153,viewpoint_attraction,tourism:attraction,,attraction,,,POINT (28.975153 41.004102),275602996,275602998,0,14.946290834617447
5108838368,Paşa Kapısı,41.011143,28.977982,viewpoint_attraction,tourism:attraction,,attraction,,,POINT (28.977982 41.011143),11165697762,3457985562,0,0.5261770562682294
5244805876,Pera Spa,41.010597,28.973182,viewpoint_attraction,tourism:attraction,,attraction,,,POINT (28.973182 41.010597),311371040,311371041,0,4.9824159659851395
6373152085,Prison of Anemas,41.038414,28.940798,viewpoint_attraction,tourism:attraction,,attraction,,,POINT (28.940798 41.038414),3367763572,2376022255,0,43.53633405292793
9867832017,Rainbow stairs,41.016589,28.966676,viewpoint_attraction,tourism:attraction,,attraction,,,POINT (28.966676 41.016589),2379738142,30215239,0,5.716919725637514
5108836360,Sultan Spa and Wellness Center,41.012376,28.977568,viewpoint_attraction,tourism:attraction,,attraction,,,POINT (28.977568 41.012376),11165697758,11165697757,0,7.8579866321168605
5115933169,Tarihi Hacı Kadın Hamamı,40.999786,28.927489,viewpoint_attraction,tourism:attraction,,attraction,,,POINT (28.927489 40.999786),1035581945,3363029913,0,6.684822432820084
10284693110,Vodina Caddesi,41.030324,28.950098,viewpoint_attraction,tourism:attraction,,attraction,,,POINT (28.950098 41.030324),2371733273,1102729611,0,0.3416774390371402
4591595605,cuma pazar,41.011382,28.940868,viewpoint_attraction,tourism:attraction,,attraction,,,POINT (28.940868 41.011382),1058995920,1058995747,0,6.055391640082502
663391267,Çemberlitaş Hamamı,41.008542,28.971624,viewpoint_attraction,tourism:attraction,public_bath,attraction,,turkish_bath,POINT (28.971624 41.008542),2775763243,13431435311,0,8.520522046975069
5244807985,Çorlulu Alipaşa Madresesi,41.008912,28.968318,viewpoint_attraction,tourism:attraction,,attraction,,,POINT (28.968318 41.008912),13431433996,13431433998,0,10.441580521564983
5111212264,Cesme,41.011657,28.97194,viewpoint_attraction,tourism:viewpoint,,viewpoint,,,POINT (28.97194 41.011657),1645728206,3379772325,0,0.5900788926679341
8277311717,Harmony hotel teras,41.002641,28.973571,viewpoint_attraction,tourism:viewpoint,,viewpoint,,,POINT (28.973571 41.002641),2379723980,1055372133,0,8.742503009276762
5108828689,Sarayburnu Manzarası,41.017543,28.985746,viewpoint_attraction,tourism:viewpoint,,viewpoint,,,POINT (28.985746 41.017543),7511154358,12382156880,0,21.94929631454009
11143992097,Terrace,41.009989,28.976532,viewpoint_attraction,tourism:viewpoint,,viewpoint,,,POINT (28.976532 41.009989),3079788631,1646281962,0,3.5091420537716056
