osmid,y,x,elevation
27412888,41.0222611,28.9612568,1.732322454452515
27609492,41.0408106,28.9448547,0.0
30215226,41.0163717,28.9623402,49.07112121582031
30215228,41.0157233,28.9631482,53.41699600219727
30215230,41.0150553,28.9639639,54.78393936157227
30215232,41.0150127,28.9645479,52.27719116210938
30215237,41.0150442,28.9667135,40.04451751708984
30215238,41.0151177,28.9674757,27.26699256896973
30215239,41.0165609,28.9661658,22.67779541015625
30215244,41.0141074,28.9659276,55.12582397460938
30215246,41.0132134,28.9659734,58.19535446166992
30215248,41.0126222,28.965995,58.68410491943359
30215250,41.012003,28.9660188,57.81315612792969
30215252,41.0116957,28.9660099,56.59016799926758
30215295,41.0107153,28.9593377,46.61740112304688
30215296,41.010362,28.9593505,44.21000671386719
31678562,41.009673,28.9612865,46.03291320800781
31678593,41.0124357,28.9785492,9.857747077941895
31678598,41.0172365,28.9748744,0.2212540209293365
31678600,41.0176784,28.9725003,-0.01716813631355762
31678606,41.0061266,28.9731154,36.12633514404297
31678611,41.0072204,28.9770894,34.13510894775391
31678612,41.0075591,28.9766076,35.316162109375
31678616,41.0058551,28.9787115,29.45767974853516
31678621,41.0084746,28.9813019,38.06301498413086
31678629,41.0109987,28.9746557,42.84157180786133
31678630,41.0103095,28.9742002,46.91342544555664
31678633,41.0115634,28.9737283,48.06203079223633
31678636,41.0130184,28.9750091,23.9509449005127
31678639,41.0072804,28.9796692,32.95097351074219
31678645,41.0110274,28.9828462,43.516357421875
31678646,41.00958,28.9818351,39.96138000488281
31678650,41.0092236,28.9816596,39.80531692504883
31678651,41.009016,28.9819123,38.44148254394531
31678652,41.0087153,28.9815823,38.7947998046875
31678654,41.0089151,28.9813197,39.7933235168457
35890182,41.0182562,28.9717712,2.609948873519897
35890184,41.017432,28.9722579,0.5166219472885132
35891069,41.0229648,28.9625912,1.153969645500183
35892065,41.0225838,28.9616052,1.205168128013611
35892066,41.0223447,28.9611727,2.019332647323608
248137248,41.0087077,28.9608523,41.72473526000977
248137251,41.0081341,28.9623363,39.92677688598633
248137261,41.0071122,28.9683904,45.4806022644043
248137265,41.0070517,28.9732273,47.47687530517578
248137270,41.0070304,28.9703471,46.03311538696289
248137271,41.0056799,28.9696219,19.1804084777832
248137282,41.0052221,28.9653761,17.06825637817383
248137284,41.0068392,28.9664195,40.89426422119141
248137285,41.0074622,28.9667771,47.30400085449219
248137296,41.0069285,28.9580198,12.41524505615234
248137297,41.0065219,28.9592514,11.96093368530273
248137301,41.0053656,28.9630991,9.372652053833008
248137304,41.0048532,28.9651379,9.926762580871582
248137305,41.004494,28.9666614,9.172686576843262
248137308,41.0047199,28.9672268,8.514861106872559
248137315,41.0046627,28.9711774,8.9375581741333
248137316,41.0042856,28.9716291,9.769790649414062
248137320,41.0035818,28.9723649,8.638360023498535
248137322,41.003187,28.973797,11.16139793395996
248137337,41.0021306,28.9736437,0.9067941308021545
248137420,41.0047704,28.9673546,8.08637523651123
248137496,41.0039108,28.9501997,-0.9024442434310913
251298881,41.0087832,28.9674773,52.08835220336914
251299908,41.0126292,28.939002,40.04368209838867
251895937,41.0196129,28.924614,58.892822265625
251897318,41.0309883,28.9363232,73.31854248046875
252233777,41.0138201,28.9749437,14.0757417678833
252235307,41.0147429,28.9722246,22.30881881713867
252235465,41.0160348,28.9731127,3.733444452285767
252235555,41.0155632,28.9743734,5.963747978210449
252235687,41.0163048,28.9733529,3.554019451141357
252236136,41.015291,28.9725624,20.85397148132324
252236332,41.0158257,28.9755642,2.992635726928711
256097472,41.011066,28.9554429,36.79966354370117
256097474,41.0114658,28.9554728,36.43325805664062
256097475,41.0116513,28.9555545,35.75225448608398
256097733,41.012892,28.9577276,40.90251159667969
256097740,41.0107324,28.9615437,50.86784362792969
256097742,41.0106744,28.9622379,51.45877075195312
256098018,41.0147793,28.9540259,38.64226150512695
256098105,41.0146072,28.9545932,37.56872177124023
256098253,41.0135536,28.9565341,38.60338973999023
256098329,41.0115831,28.9555145,35.90845489501953
256098331,41.0115255,28.9573541,41.96768569946289
256098341,41.0127224,28.9562564,38.30375289916992
256098343,41.0115455,28.9566359,41.99961471557617
256098691,41.0120128,28.9573153,41.55094146728516
256098698,41.0111907,28.9573351,43.35885620117188
256098735,41.0114121,28.9539513,21.09921836853027
256098769,41.0122602,28.9559629,40.13655471801758
256098770,41.0126531,28.9548594,34.87585830688477
256098774,41.0124922,28.9547874,35.11627197265625
256098775,41.0120153,28.9551387,36.41621398925781
256098787,41.0112924,28.9544811,31.16203880310059
256098788,41.0108248,28.9544842,28.86050605773926
256098790,41.0102644,28.9545123,26.19657516479492
256098791,41.0096944,28.954521,17.58344268798828
256098828,41.0106445,28.95544,34.77080535888672
256099187,41.0097027,28.9540821,16.8807487487793
256099223,41.0109415,28.9539746,23.67526817321777
256099261,41.0102706,28.9554432,31.05923080444336
256099468,41.0120337,28.9578156,42.59824371337891
256099527,41.0109692,28.9573266,41.62263488769531
256099718,41.0110016,28.9583385,47.46199035644531
256099720,41.0110451,28.9593283,47.29746246337891
256099747,41.0102982,28.9573124,36.32138442993164
256099861,41.0103249,28.9583444,43.12636184692383
269715284,41.0173616,28.972978,0.2650785446166992
269715285,41.0171208,28.9733851,0.6435816287994385
269716140,41.0089327,28.9751124,49.25434875488281
269716327,41.0086425,28.9741832,51.59312438964844
269716442,41.0086778,28.9734961,53.10218048095703
269716595,41.0107783,28.9749715,42.82149887084961
269716638,41.0096351,28.9738552,57.67966461181641
269716718,41.010209,28.972493,53.68206024169922
269719185,41.0144345,28.9762859,6.211815357208252
269722101,41.0080518,28.9657029,46.9692268371582
269722102,41.008614,28.9659596,49.16709899902344
269722117,41.0077498,28.963925,34.57509613037109
269722142,41.0070084,28.9637429,24.18309783935547
269722143,41.0066107,28.9637404,21.7469654083252
269722222,41.0054647,28.96452,19.2254524230957
269722223,41.0050366,28.9643101,7.472249507904053
269722234,41.0049132,28.9666152,15.48926067352295
269722235,41.0045775,28.9662648,11.21873378753662
269722257,41.0050434,28.962,5.854443073272705
269722259,41.0054513,28.9606599,7.068800926208496
269722260,41.0055134,28.9601981,7.807778358459473
269722703,41.007054,28.9697408,45.17416000366211
269722711,41.0070916,28.9688574,44.22672271728516
269722741,41.0073008,28.9678155,47.36138534545898
269722769,41.0062707,28.9680029,41.72903060913086
269722853,41.0055469,28.9678753,25.33459854125977
269722855,41.005589,28.967354,32.42785263061523
269722911,41.0074068,28.9718899,49.06814193725586
269722919,41.0074101,28.9708804,49.24227905273438
269722920,41.0074013,28.970414,50.31846237182617
269722921,41.0074121,28.9697692,48.76117706298828
269722924,41.007642,28.9680638,49.20526123046875
269722929,41.0077428,28.9676582,49.44184112548828
269722965,41.0078254,28.9672765,49.29866409301758
269722975,41.008137,28.9652551,46.67340850830078
269722982,41.0084122,28.965356,47.94984817504883
269722986,41.007963,28.9630426,37.95819473266602
269723024,41.0081694,28.959305,25.99090194702148
269723025,41.0087798,28.9593377,39.24304580688477
269723055,41.0087498,28.9576717,31.93154335021973
269723072,41.0095236,28.9562435,25.52743911743164
269723085,41.0087391,28.9563092,27.18941497802734
269723087,41.0087359,28.9549153,24.73216438293457
269723102,41.0081537,28.9584004,31.82411193847656
269723103,41.0081661,28.9578668,30.85825538635254
269723104,41.008186,28.9562845,27.70770835876465
269723148,41.0075404,28.957419,26.83308029174805
269723149,41.0076594,28.9562718,27.79394721984863
269723150,41.0076692,28.9543076,26.08676910400391
269723156,41.0081753,28.9571352,29.31674957275391
269723200,41.0074769,28.9581309,28.44137191772461
269723203,41.0071329,28.9562585,26.4979133605957
269723208,41.0064718,28.9572643,7.592559337615967
269723209,41.0070456,28.957339,10.43603515625
275587102,41.0066097,28.9702755,39.00918960571289
275587103,41.0063999,28.9696786,31.57508850097656
275587114,41.0051624,28.9695678,7.551404476165771
275587910,41.0065459,28.9731744,41.7220458984375
275587911,41.0064549,28.9733927,41.72908020019531
275588161,41.0057057,28.9748014,34.53041839599609
275595467,41.0077204,28.9733855,50.65560531616211
275595498,41.0072447,28.973976,46.77171325683594
275596558,41.0074316,28.9689961,47.67689895629883
275596953,41.0060189,28.9701759,25.53810691833496
275597707,41.0071076,28.9732425,47.84977340698242
275598187,41.0060596,28.9696565,25.06759643554688
275598190,41.0061045,28.9690413,34.35199737548828
275598630,41.0056654,28.9667761,33.20175933837891
275598824,41.005569,28.9704427,17.3708667755127
275598825,41.0055199,28.969044,14.51101493835449
275599016,41.0063937,28.9707835,35.92573928833008
275599537,41.0086134,28.9686588,54.69634246826172
275599852,41.0061729,28.9683988,36.6392707824707
275600227,41.0062583,28.9693493,29.0861930847168
275600228,41.0066373,28.9692458,35.14800262451172
275600229,41.0070815,28.9691224,43.78496170043945
275600904,41.0063779,28.9674606,41.20597076416016
275601195,41.0072566,28.9679383,47.08675765991211
275601197,41.0066383,28.9681747,43.16668701171875
275601274,41.0058461,28.9668113,34.42987060546875
275601319,41.0064799,28.9669562,40.49746322631836
275602561,41.0084084,28.9674376,51.54188919067383
275602992,41.0051586,28.9745998,32.77810287475586
275602995,41.0045653,28.9749352,28.95550918579102
275602996,41.0043816,28.9751159,25.91293907165527
275602998,41.0039522,28.9747338,20.41216468811035
275603001,41.0037483,28.9739649,15.92898559570312
275603347,41.0050165,28.9748536,32.09526062011719
275603350,41.005052,28.9748864,32.30175018310547
275604237,41.0059925,28.9658624,26.50329208374023
275604632,41.0061457,28.96543,25.19163131713867
275604634,41.0073697,28.9659435,43.87716674804688
275604700,41.0063255,28.9649119,29.35634994506836
275604841,41.0055843,28.9656223,22.1186466217041
275604973,41.00582,28.9646633,24.13740348815918
275605019,41.0060526,28.9707136,27.04978942871094
275605020,41.0067676,28.9707396,43.73056030273438
275605024,41.0051057,28.9701951,8.446829795837402
275605079,41.0062264,28.9722349,34.31826019287109
275605220,41.0067604,28.9715854,42.77336502075195
275605382,41.0059752,28.9718706,33.89605712890625
275605862,41.0052238,28.9702643,9.169907569885254
275605888,41.0057149,28.9715765,27.62654495239258
275605890,41.0051084,28.9710897,12.36105442047119
275606137,41.0053232,28.9742823,34.18902587890625
275606140,41.0047836,28.9732527,31.80070304870605
275606362,41.0038734,28.9716643,8.183215141296387
275606363,41.0035825,28.9725973,10.21505546569824
275606985,41.0065561,28.9727443,39.9017448425293
275607229,41.0059117,28.9744272,36.24472427368164
275607230,41.0054833,28.9739851,35.76753234863281
275608252,41.0041138,28.9689774,2.596034526824951
275608459,41.0033576,28.9700775,3.471133947372437
275608460,41.0042512,28.9692199,2.515935182571411
275608484,41.0037664,28.969745,3.314789772033691
275608501,41.0031536,28.9691784,3.556828022003174
275608502,41.0035331,28.9692987,4.033547401428223
275608599,41.0047417,28.962633,5.961818695068359
275608926,41.0033267,28.9681805,2.441033124923706
275609038,41.0040687,28.971099,4.168819904327393
275609040,41.0044459,28.9714579,9.968321800231934
275610075,41.0097294,28.9796105,34.91938018798828
275610450,41.0093873,28.9793299,34.21324157714844
275610630,41.0085702,28.9778823,32.58820343017578
275611240,41.0087996,28.9746871,51.23782348632812
275611387,41.0096979,28.9750576,51.55534744262695
275611750,41.0086737,28.9743132,51.01971054077148
275611754,41.0096495,28.9741816,55.69727325439453
275611820,41.0086305,28.9752991,48.48630905151367
275611821,41.0084967,28.9751041,50.76900482177734
275612016,41.0081075,28.975186,42.84253311157227
275612067,41.0085546,28.9744477,50.36654281616211
275612068,41.0087531,28.9744873,51.31925201416016
275612347,41.0081991,28.9764131,38.86634063720703
275612349,41.0090399,28.9755004,49.74226379394531
276949333,41.0110161,28.9781009,16.01640701293945
277129898,41.0078444,28.9814754,34.04130172729492
277129904,41.0081484,28.9807783,35.85342407226562
277129911,41.0061013,28.980285,27.48769187927246
277129913,41.0073039,28.9815959,27.77889633178711
277129942,41.010172,28.9712377,48.31375503540039
277129953,41.0095249,28.9702715,47.53647232055664
277129975,41.0092701,28.9695389,52.32218551635742
277129977,41.0097096,28.9696905,50.35725402832031
277129980,41.0085386,28.9693989,56.32568740844727
277139018,41.0090046,28.9694966,53.62133026123047
278004935,41.0066234,28.9816681,19.56159210205078
278004940,41.0055103,28.9824511,6.644248485565186
278004955,41.0052111,28.9819949,5.396602630615234
278004957,41.0068288,28.9791606,32.1003532409668
278004972,41.0063936,28.9798128,29.09037971496582
278004973,41.0062559,28.9811167,22.12033653259277
278004975,41.0053456,28.9799819,20.27859115600586
278004976,41.0048358,28.9793458,19.58351707458496
278004979,41.0035403,28.979262,7.302596569061279
278004980,41.0047875,28.9808042,6.334546566009521
278004986,41.0053364,28.9786106,25.73435020446777
278004987,41.004425,28.9800109,10.15022945404053
278004989,41.0050957,28.9803598,14.04891967773438
278004997,41.0065085,28.9807645,26.38418388366699
278005017,41.0087278,28.9713558,51.10831832885742
278005018,41.0104641,28.971151,47.84982299804688
278005023,41.0116034,28.9705975,38.60026168823242
278005027,41.0096253,28.9699951,49.06095123291016
278005045,41.0097616,28.9695072,50.87271118164062
278005047,41.0100938,28.9699634,48.43047714233398
278005078,41.0136129,28.9560398,39.18491363525391
278005079,41.0117569,28.9547596,36.02639389038086
278005084,41.0116957,28.952008,16.81730079650879
278344475,41.0158581,28.9734733,7.482505321502686
278344482,41.0148392,28.9737659,8.828001976013184
278344485,41.0151664,28.9750226,6.950606346130371
278344498,41.0162973,28.9755327,2.042885780334473
278366484,41.0131244,28.9769137,16.40949058532715
278366486,41.0134945,28.9763597,13.3504114151001
278366489,41.0130686,28.9761612,15.01088809967041
278366491,41.0122172,28.9776574,19.30828285217285
278366493,41.0124699,28.9772133,23.31147003173828
278366494,41.0128226,28.9765935,17.3387508392334
278366496,41.0135223,28.9773422,11.32160758972168
278366502,41.0131063,28.9786975,6.184886455535889
278366504,41.0138711,28.9790721,5.613335132598877
278366508,41.0147884,28.9790595,6.102468013763428
278366509,41.0146739,28.9783668,5.228896617889404
278366512,41.0140798,28.9779556,5.485617637634277
278366513,41.0140195,28.9782872,4.885901927947998
278366515,41.0136785,28.9782871,5.944263458251953
278366550,41.0163237,28.9759226,2.358056306838989
278366557,41.0106746,28.9775524,25.89902114868164
278366563,41.0104704,28.9773034,29.79208374023438
278366570,41.0082392,28.9775603,34.45998382568359
278366574,41.0090515,28.9625989,48.04215621948242
278366580,41.0086636,28.9649145,48.95736312866211
278366582,41.0092564,28.9649471,50.05508804321289
278366588,41.0092982,28.9641935,49.87978744506836
278366590,41.0086456,28.964087,49.5594596862793
278366595,41.0060904,28.9635489,15.05920028686523
278366597,41.0057989,28.9633808,10.88571453094482
278366600,41.0087727,28.9633083,48.12415313720703
278366601,41.0070675,28.9624401,30.64408493041992
278366661,41.0087452,28.9583823,36.90369033813477
278366663,41.0095382,28.9610099,45.79980850219727
278366669,41.0082228,28.9546269,23.91915130615234
278366671,41.0071773,28.9535816,8.462562561035156
278366676,41.0082379,28.9535921,10.76233577728271
311367407,41.0163449,28.9724442,3.243593692779541
311367408,41.0156177,28.9717812,11.2068567276001
311367410,41.0150579,28.9714275,17.21336364746094
311367419,41.0153505,28.9724506,20.19709396362305
311367420,41.0152839,28.9636967,54.32694625854492
311367421,41.014509,28.9625864,59.49863815307617
311367423,41.0133042,28.9611774,53.33879852294922
311367424,41.012683,28.960357,46.00615310668945
311367425,41.0124841,28.9599786,42.8632698059082
311367428,41.0125645,28.9611585,53.07036972045898
311367448,41.0128774,28.9675488,43.27216720581055
311367450,41.0130417,28.968443,37.6293830871582
311367453,41.0133918,28.96903,31.80990219116211
311367456,41.0138037,28.9697287,21.13448333740234
311367458,41.0139152,28.9701293,19.64533424377441
311367463,41.0146437,28.9709876,14.39451885223389
311367464,41.0149629,28.9711039,13.15239143371582
311367465,41.0153343,28.9712061,14.46134757995605
311367467,41.0157824,28.9714428,7.463991165161133
311367472,41.0137213,28.9722195,38.13634490966797
311367476,41.0122725,28.9730368,41.84403991699219
311367479,41.0122762,28.9718297,41.55952835083008
311367480,41.0121586,28.9712455,36.54777908325195
311367483,41.012015,28.9706103,32.2098388671875
311367504,41.0111039,28.9693712,43.09583282470703
311371017,41.0116704,28.970418,36.37681198120117
311371021,41.0105104,28.9717208,53.21500015258789
311371022,41.0105194,28.9725156,54.00489807128906
311371023,41.0106184,28.974385,46.74503707885742
311371032,41.0145423,28.9729072,19.48197364807129
311371035,41.014097,28.974006,17.29580116271973
311371040,41.0105531,28.9732468,54.28140258789062
311371041,41.0109988,28.9731928,54.61489486694336
311371042,41.0116126,28.9731314,47.88169860839844
311371043,41.0105668,28.9736128,53.05482864379883
311371045,41.0112281,28.9742344,43.41245269775391
311371047,41.0108821,28.9725056,55.08869552612305
311371049,41.0109939,28.9740046,47.25468063354492
311371050,41.010192,28.971679,52.22844314575195
311371051,41.0093238,28.9711823,48.94440078735352
311371057,41.0102532,28.9735118,54.13336563110352
311371064,41.014668,28.9702571,17.7205867767334
311371066,41.015459,28.970567,13.0618724822998
311371080,41.0149519,28.9694911,18.54750442504883
311371082,41.0156213,28.96988,15.01596069335938
311371084,41.0162984,28.9704133,5.382455348968506
311371092,41.0123464,28.9692785,36.13792419433594
311371096,41.0116157,28.9697297,38.45680999755859
311371100,41.0145321,28.9674333,37.4636116027832
311371102,41.013225,28.9675013,42.11094284057617
311371103,41.0111625,28.9609391,49.41068267822266
311371106,41.0156388,28.9612433,48.9638786315918
311371107,41.0171386,28.9612452,31.99896812438965
311371872,41.0145369,28.9598862,44.66434097290039
311371885,41.0145638,28.9612357,51.53264617919922
311371929,41.0151217,28.9583638,34.9559211730957
311371933,41.0154507,28.9576971,34.56403350830078
311371936,41.0165078,28.9594815,34.37633895874023
311371943,41.0169911,28.9603128,32.65800857543945
311371949,41.0172877,28.9625409,37.10513687133789
311372816,41.0162893,28.9689645,11.16547870635986
311372818,41.0168378,28.9683473,9.80016040802002
311372820,41.017072,28.9679513,10.99126815795898
311375190,41.0171257,28.9668417,11.66285133361816
311375199,41.0158607,28.9671961,22.61419105529785
311375201,41.0158716,28.9668863,23.67907333374023
311375203,41.0130139,28.9667112,51.82472991943359
311375205,41.019661,28.964498,1.338888883590698
311375263,41.0209743,28.9628535,1.784722566604614
311375270,41.0195971,28.9638148,2.859206914901733
311375314,41.0192523,28.9622945,17.58928298950195
311375318,41.0199191,28.9625686,9.503195762634277
311375322,41.0188367,28.9626053,27.89240264892578
311375328,41.0172758,28.9624536,35.29946136474609
311375336,41.014965,28.9659663,48.35916137695312
311375340,41.016608,28.9657872,30.01626777648926
311375342,41.0171287,28.9646459,40.88013458251953
311375343,41.0172253,28.964414,44.76619720458984
311375350,41.0167892,28.9587984,27.09004592895508
311375833,41.0191687,28.9595663,9.6843900680542
316924107,41.0089397,28.9375516,52.007080078125
316924108,41.008962,28.9356623,51.27284622192383
316924109,41.0090372,28.9313005,49.72061157226562
316924110,41.0090553,28.930406,46.94414520263672
316924115,41.0068021,28.9333819,45.66390228271484
316924158,41.0095701,28.9313595,48.3554801940918
316924159,41.0100636,28.9314479,51.88378524780273
316924160,41.0124245,28.9315342,54.53108215332031
316924177,41.0123817,28.9335219,54.11678314208984
316924178,41.0123061,28.9378566,47.38980102539062
316924179,41.0123077,28.9383232,41.86819839477539
316924265,41.0118453,28.9287952,50.09959411621094
316924268,41.012096,28.9297707,53.21931838989258
316924271,41.012326,28.9307213,56.55754852294922
316924272,41.0122726,28.9310751,53.52245712280273
316924274,41.012106,28.9315,54.41982650756836
316924287,41.0124287,28.9314354,54.19518661499023
316924331,41.0132945,28.9312049,57.23402786254883
316924334,41.014268,28.9305656,57.02612686157227
316924338,41.0152142,28.9301401,56.81074523925781
316924340,41.0157775,28.9298324,57.75514221191406
316924346,41.0160311,28.9314122,55.10787200927734
316924472,41.0154278,28.9318923,54.50849914550781
316924473,41.0149262,28.9327125,53.40972900390625
316924475,41.0144707,28.9332927,55.51440811157227
316924477,41.0139098,28.9344219,53.37823867797852
316924478,41.0134959,28.9353017,52.92540740966797
316924497,41.0139491,28.9357378,50.31802368164062
316924533,41.0123735,28.9343388,53.89906692504883
316924848,41.0127819,28.9334847,54.68170166015625
316925092,41.0090038,28.9334648,50.09387969970703
316925364,41.0095842,28.9318273,53.51618194580078
316925366,41.0095318,28.9324468,52.74721527099609
316925367,41.0095165,28.9334433,51.81756591796875
316925368,41.0094776,28.9356395,52.22146606445312
316925393,41.0111512,28.9314716,54.19359588623047
316925788,41.0111162,28.9334775,50.18683242797852
316925791,41.0110968,28.9350488,48.35126876831055
316925794,41.0110556,28.9378502,51.01113510131836
316926024,41.0104719,28.9378258,52.76783752441406
316926025,41.0128639,28.9378596,43.98953247070312
316926047,41.0123786,28.9342472,53.88173675537109
316926048,41.009529,28.93301,52.8370361328125
316926057,41.0100491,28.9330248,52.65695953369141
316926059,41.0111392,28.9321417,53.64056777954102
316926088,41.0100499,28.9334539,51.30501174926758
316926098,41.0133372,28.9322585,57.15970611572266
316926107,41.0128721,28.9347833,53.63821411132812
316926114,41.0132997,28.9339044,54.74557495117188
316960499,41.0242593,28.9293802,42.1386604309082
316961437,41.0193552,28.9321497,36.16156005859375
316964801,41.0117324,28.9334903,52.81306076049805
316964802,41.0117166,28.9346449,53.62921905517578
316964804,41.0116796,28.9378492,50.00959396362305
316964805,41.011646,28.9388535,44.21110916137695
316964806,41.0137708,28.9366287,48.74089050292969
316964818,41.0167923,28.9367984,29.73347473144531
316966366,41.0110843,28.935618,54.28710556030273
316966367,41.0073656,28.9356054,43.39383316040039
316966369,41.0078732,28.9356058,47.64226531982422
316966370,41.00791,28.9334052,47.3338508605957
316966371,41.007942,28.9312688,47.07459259033203
316966372,41.0084852,28.931286,48.19073867797852
316966373,41.0084417,28.9334379,48.52698516845703
316966374,41.0083847,28.9356363,48.74812698364258
316966377,41.0073794,28.9333962,47.22878265380859
316966381,41.0117738,28.9314932,54.42131805419922
316966390,41.0100461,28.9356494,52.48647689819336
316968591,41.0070229,28.9285615,40.81663513183594
316968592,41.0074935,28.9286472,40.4788932800293
316968594,41.0084137,28.928774,41.63436508178711
316968596,41.0089655,28.9291562,45.8228759765625
316968598,41.0095629,28.9297971,49.68566513061523
316968601,41.0107095,28.9305552,54.46388626098633
316968602,41.0105534,28.9314687,53.83127975463867
316968604,41.0105398,28.9310132,53.8503532409668
316968607,41.0111049,28.9299817,53.96611785888672
316968620,41.012651,28.9284014,51.40176010131836
316968622,41.012249,28.9294201,53.9339599609375
316968627,41.0130706,28.9276023,50.72379684448242
316968630,41.0134153,28.92657,52.32726669311523
316968635,41.0127649,28.925773,49.34785461425781
316968638,41.013594,28.9268482,53.24139022827148
316968641,41.0148501,28.9277699,55.96129989624023
316968647,41.0158173,28.9259592,58.02523422241211
316968648,41.0161008,28.9250612,60.02906036376953
316968650,41.0170628,28.9265563,58.52181243896484
316968655,41.018317,28.9258171,60.27849197387695
316968658,41.0137099,28.9256306,52.3514404296875
316968661,41.0135403,28.9243986,53.4616813659668
316968667,41.013663,28.9247913,52.56401443481445
316968668,41.0141507,28.9248719,56.21158981323242
316968669,41.0143705,28.9249454,56.31301116943359
316968670,41.0145488,28.9246573,56.79338836669922
316968672,41.0167768,28.9258181,59.03384780883789
316968676,41.0176585,28.9281147,55.56377029418945
316968678,41.0133706,28.9275654,52.53721618652344
316968700,41.0154076,28.9294105,56.58386611938477
316968702,41.014694,28.9277409,55.75315475463867
316968706,41.0147409,28.9283324,55.79579544067383
316968711,41.0141341,28.9292303,56.41617965698242
316968713,41.0138883,28.9298549,56.71668243408203
316968715,41.0131338,28.9304517,56.73850250244141
316968719,41.0139262,28.9282907,54.34146881103516
316968726,41.0126551,28.9261303,48.84215545654297
316968734,41.0118388,28.9279571,48.34326171875
316968736,41.0119003,28.9287166,50.1783332824707
316968738,41.0116681,28.9273767,46.04396057128906
316968745,41.0119032,28.9259491,46.15203475952148
316974255,41.0139824,28.9234414,54.24014282226562
316974257,41.0142569,28.9238791,55.41843032836914
316974258,41.0146334,28.9239085,55.71953201293945
316974259,41.015032,28.9240078,56.18735504150391
316974260,41.0154052,28.9240813,56.43342590332031
316974261,41.0158968,28.9241397,56.76642227172852
316974262,41.0163169,28.9242694,57.70705795288086
316974266,41.014164,28.9255295,55.11748504638672
316974267,41.0153849,28.9257774,58.11267852783203
316974269,41.0141837,28.9253072,55.37879180908203
316974272,41.0106147,28.9246048,40.25497055053711
316974277,41.0112126,28.9248381,44.14095687866211
316974279,41.0114653,28.924861,45.47487640380859
316974282,41.0119855,28.924943,49.56432342529297
349271203,41.0036146,28.9749929,18.6501579284668
349271204,41.0038592,28.9757516,22.47957038879395
349271205,41.0040912,28.9764783,27.36967277526855
356404378,41.0056883,28.9789782,29.11949157714844
364451321,41.029712,28.9515556,0.4858978390693665
364451360,41.0301604,28.9509153,2.008461236953735
364451362,41.0300227,28.9511291,1.555460453033447
364451385,41.0286089,28.9525507,5.0472731590271
364453332,41.0136244,28.9838779,33.51986312866211
364455125,41.012525,28.9841021,45.09313583374023
412289916,41.0175029,28.9280008,56.47129440307617
412289918,41.0143288,28.9318996,56.74962997436523
412289921,41.0143663,28.9301334,56.85353469848633
412289922,41.0152515,28.9291518,55.99316024780273
412289926,41.012046,28.9296726,52.94632720947266
412289927,41.0132762,28.9321803,57.65157318115234
412289931,41.015248,28.9330345,52.64937591552734
412289934,41.0153831,28.930643,56.40995788574219
412289936,41.0144624,28.9320607,55.61639404296875
412289938,41.0134224,28.9318694,57.87240982055664
412289962,41.0157652,28.9274431,57.21174621582031
412728607,41.01719,28.935763,29.85552024841309
412728616,41.0130799,28.9380381,44.37221145629883
412728663,41.0163866,28.9352587,38.01010131835938
413329056,41.010018,28.9370156,52.71514511108398
413329060,41.0094636,28.9369837,52.53170013427734
413329063,41.0089827,28.9350776,52.7772102355957
413329082,41.006003,28.9537093,4.911385059356689
413329083,41.0065327,28.9536065,5.732237339019775
413329089,41.0063624,28.9577422,8.474811553955078
413329091,41.0062055,28.9551222,7.588376998901367
413329094,41.0056106,28.9546913,4.814579010009766
413329095,41.0059633,28.9549002,5.639525413513184
413329098,41.0056432,28.9574098,8.24914836883545
413329099,41.006051,28.9589397,7.839174270629883
415156591,41.0044923,28.9778357,26.80929756164551
415160890,41.0400451,28.9438926,0.0009999918984249234
415160891,41.0406862,28.9445398,0.0
459111069,41.005766,28.9618213,9.143651008605957
459111242,41.0075944,28.9620014,34.14463424682617
459111244,41.0078106,28.9614082,38.97712707519531
459111246,41.0079687,28.9610383,39.41230773925781
459111250,41.0080979,28.9602475,35.87749481201172
459507111,41.0055357,28.9596587,7.642336845397949
459507113,41.0051854,28.9572331,6.775223255157471
459507114,41.0057825,28.9569167,8.073330879211426
459507120,41.0043902,28.9583396,4.606904983520508
459507122,41.0037623,28.9605324,4.451438426971436
487079292,41.0123117,28.93686,53.41447067260742
487079293,41.0110857,28.9368385,52.7049674987793
487079294,41.0117088,28.9368798,53.09084320068359
487079302,41.0194676,28.9243923,57.68933486938477
487079304,41.0105504,28.9326831,52.31501007080078
487079712,41.0148727,28.9326336,53.78337478637695
487079713,41.012417,28.938564,41.63339233398438
487079714,41.0117638,28.93994,36.38561630249023
487079715,41.0121803,28.9398915,36.77708435058594
506381556,41.0037559,28.9625993,6.111568450927734
506381557,41.0041248,28.9628645,5.498864650726318
506381558,41.0045026,28.9631345,7.697978973388672
506381559,41.0049352,28.9634439,7.825132846832275
506381561,41.0045871,28.9640494,8.230908393859863
506381565,41.0035535,28.9629816,4.519715309143066
506381568,41.0031469,28.9742198,11.44549942016602
506381569,41.0033548,28.9761612,16.36098861694336
506381572,41.0032344,28.9769337,10.26265811920166
506381577,41.0033426,28.9741976,11.99944305419922
506394602,41.0100483,28.9324527,52.86302185058594
506394606,41.0117259,28.9355714,54.28006362915039
506394607,41.0123429,28.9355787,53.37516784667969
512541822,41.0161035,28.9591562,33.20322799682617
539145022,41.005172,28.972124,19.81713485717773
539145023,41.0048663,28.9715542,11.32185077667236
566635077,41.0032373,28.979591,6.602604866027832
566635078,41.0037269,28.980287,7.182384490966797
566635081,41.0034432,28.9812397,1.318409085273743
566635086,41.0043738,28.9766101,28.80536460876465
566635089,41.0040168,28.9818814,2.074362754821777
768676855,41.0172737,28.968103,9.707450866699219
768676859,41.0175831,28.9683762,9.126066207885742
768679864,41.0182603,28.9672095,3.722481727600098
768679867,41.0169713,28.9695611,3.965060234069824
768679872,41.0179898,28.9676887,3.371261119842529
768682859,41.0154507,28.9722849,17.32704734802246
768682863,41.0157399,28.9718779,8.225886344909668
768687920,41.016254,28.9710955,3.179340600967407
802789205,41.0031118,28.976812,8.92033863067627
809761579,41.0157378,28.9311815,55.32154846191406
813584990,41.0139454,28.9297117,56.62276077270508
814785942,41.0159066,28.9347464,43.80323791503906
814785952,41.0164208,28.9331547,46.48652648925781
814785958,41.0158691,28.9333662,49.76601409912109
814786012,41.0172131,28.9357009,30.13016319274902
814786041,41.0179594,28.9342484,31.4860897064209
814786044,41.0177536,28.9340166,37.81585311889648
814786055,41.0175912,28.9335013,40.49126815795898
814786058,41.0175575,28.933016,43.94973754882812
814786066,41.0159038,28.9337848,46.87990570068359
814786074,41.015662,28.9327351,52.79794311523438
814786094,41.0168681,28.9341364,43.86258316040039
815119502,41.0162675,28.9303272,54.74807739257812
815187062,41.0155593,28.9282144,56.44983673095703
815187089,41.0165035,28.9276615,57.13019180297852
815187104,41.0158134,28.928954,55.61635971069336
815187161,41.0160459,28.9296574,55.06919479370117
815187170,41.0159707,28.9300162,56.25406646728516
817265154,41.0120788,28.9249551,49.96973037719727
817265267,41.011618,28.9233687,47.18247222900391
817265270,41.0121514,28.9234117,47.86563491821289
817265288,41.0122363,28.9227626,47.98336410522461
817265304,41.0132717,28.9221203,49.42937469482422
817265340,41.0090406,28.9292459,46.16540908813477
817265347,41.0084749,28.9304123,46.50143814086914
817265359,41.0097116,28.9303668,50.69476318359375
817265363,41.0092641,28.9304408,48.51756286621094
817265473,41.0111369,28.9310559,54.34029769897461
817265475,41.0102561,28.9310244,53.09579467773438
817265478,41.0097141,28.931143,50.17138290405273
817265487,41.0102492,28.9303955,53.15183258056641
817265505,41.0098311,28.9301534,51.11704254150391
818879464,41.0149922,28.9256576,58.02742004394531
818879467,41.0148766,28.9261421,58.05124282836914
818879470,41.014765,28.9265907,58.13046264648438
818879473,41.0146579,28.9270455,58.24541091918945
818879483,41.0142018,28.926344,55.60937881469727
818879490,41.0149978,28.9267855,57.70828628540039
818879492,41.0154716,28.9269966,57.29716110229492
818879493,41.0156072,28.9249356,58.86153793334961
818879506,41.015016,28.9278169,55.52117919921875
818879532,41.0144311,28.9289035,56.21685791015625
818879533,41.0148407,28.9285157,56.009765625
818879535,41.0151133,28.9262103,57.86680221557617
818879536,41.0187625,28.9291233,54.42099380493164
818879540,41.0143291,28.9259193,56.86328125
822105231,41.0122681,28.9314541,54.25523376464844
830672295,41.0049648,28.9823616,4.421182155609131
851415507,41.0141316,28.9323456,57.68398284912109
851415524,41.0136833,28.9317456,57.82501220703125
854573625,41.0180285,28.9341438,30.72488594055176
854574824,41.0154936,28.9231213,54.76926040649414
854574967,41.0151586,28.9229872,53.73813629150391
854576279,41.0148206,28.9229228,54.05780410766602
854580208,41.0109602,28.9302013,54.29032897949219
854580744,41.0094201,28.9296081,48.93141555786133
854763947,41.0158771,28.9363004,35.30252075195312
882000303,41.0145096,28.9288951,56.22523498535156
882267660,41.0167906,28.9238725,56.56182861328125
882267697,41.0184473,28.9264833,57.12906265258789
882295304,41.0164317,28.9252348,59.60940933227539
882363092,41.016535,28.9248536,58.77114105224609
882363209,41.0163344,28.9249829,58.82933044433594
882554698,41.0146905,28.9229338,54.19296646118164
882554722,41.0160643,28.9233439,55.3392333984375
882558483,41.0104105,28.9327784,52.13218307495117
882558495,41.0105492,28.9334638,47.65129470825195
882560695,41.0077493,28.9287269,40.69716644287109
882560897,41.0078068,28.9294448,41.67117691040039
882562135,41.0165217,28.9267575,57.95637893676758
882563460,41.0168323,28.9259297,59.26426315307617
882582235,41.0170149,28.9265772,58.37125396728516
899159431,41.0164058,28.9347069,40.64693450927734
899168552,41.0155286,28.9342808,47.1458625793457
899170126,41.0162124,28.9368723,31.83957481384277
899225065,41.0181815,28.969449,2.20892858505249
901512807,41.0187702,28.9329899,35.22509384155273
910636480,41.0159781,28.9400561,19.10523986816406
910636485,41.0163747,28.9404531,18.99602127075195
910637333,41.0156785,28.9406355,19.1281852722168
912261351,41.0132127,28.9291194,55.45994567871094
912261708,41.0136269,28.9300539,56.80937576293945
912262904,41.0133461,28.9293576,55.94366836547852
912263153,41.0130987,28.9298643,56.39017486572266
912265448,41.0127379,28.930047,56.07786178588867
912265450,41.013303,28.9303174,56.82724380493164
912265737,41.0127821,28.9302624,56.2488899230957
912265740,41.0123379,28.930369,55.78370666503906
912266607,41.0123615,28.9294115,55.16560363769531
913577929,41.0158383,28.929054,55.48640441894531
913579996,41.0138238,28.9315567,57.57806015014648
913580264,41.0139566,28.9320773,58.31655883789062
913582346,41.0131168,28.928716,54.36806106567383
913582349,41.013376,28.9289121,55.11992645263672
915823791,41.0154946,28.9314861,56.0136604309082
915823803,41.0156298,28.9317134,54.3186149597168
915823979,41.0158896,28.9315356,54.12838745117188
940863435,41.0043721,28.9623719,4.465085029602051
952160704,41.0125136,28.9574105,42.16133117675781
974668672,40.9939571,28.922077,10.16478061676025
974668909,40.9942573,28.9233038,14.13679313659668
975062463,41.023522,28.9305586,37.92733001708984
975062470,41.0220372,28.9326999,30.13375854492188
989943824,41.0173953,28.9291818,55.53312301635742
989993675,41.017817,28.9277882,56.39791488647461
989994408,41.0157491,28.9320024,53.52521514892578
989995645,41.0179987,28.9274259,55.91301345825195
989995653,41.018222,28.9274639,56.01880645751953
990015265,41.0118386,28.9513366,17.31296348571777
990015266,41.0099242,28.9513189,10.17416763305664
990015289,41.0105033,28.9513525,12.83594226837158
990015291,41.0110583,28.9504222,12.07892227172852
990016551,41.0110698,28.9499389,11.34183883666992
990016554,41.0110704,28.9513492,14.96011734008789
990016796,41.0110514,28.9517559,15.19091320037842
990016798,41.0110444,28.9522661,15.60189247131348
990017286,41.0099033,28.9518185,11.98642253875732
990017289,41.0104414,28.9518944,13.30267810821533
990017291,41.0105812,28.9519617,13.54847145080566
990017293,41.0110483,28.9519775,15.32363605499268
990017342,41.0108084,28.9513528,14.13901710510254
990017359,41.0108002,28.9519678,14.41854000091553
990017558,41.0108,28.9517589,14.35208225250244
990017696,41.0117671,28.9517795,17.0704517364502
990017839,41.0116407,28.9499525,12.44272232055664
990018199,41.0104987,28.9508169,11.12075328826904
990018296,41.011052,28.9508419,14.4974889755249
990018297,41.0115921,28.9508482,15.53554725646973
990018298,41.0118747,28.9508523,16.8370189666748
990018867,41.0098741,28.9520818,10.30444717407227
990018870,41.0101591,28.9521966,11.51239013671875
990019172,41.0101673,28.951852,12.30867767333984
990019323,41.0115846,28.9523296,16.34369659423828
990019519,41.0115668,28.9513674,16.37086296081543
990019520,41.0115638,28.9517587,16.55729293823242
1016468672,41.0038106,28.9634995,4.098867416381836
1016468695,41.0040289,28.9648658,5.304684638977051
1016468698,41.0040945,28.9592082,4.245770454406738
1016468774,41.0035676,28.9651758,4.76270055770874
1016468796,41.0047475,28.958525,5.883386611938477
1016468834,41.0043483,28.9634604,7.804924964904785
1016468882,41.0039765,28.9631693,4.699636459350586
1016468905,41.0041747,28.9638166,7.392484664916992
1016925272,41.0039776,28.964195,5.769077777862549
1018171027,41.0035934,28.9624791,6.838237762451172
1018171043,41.0036658,28.9613901,4.071341991424561
1018171045,41.0039054,28.9620396,5.551727294921875
1018527952,41.0073403,28.9638408,24.6607494354248
1018527956,41.006177,28.9648441,28.0860538482666
1018527964,41.0050606,28.9577806,6.556406021118164
1018527990,41.0047653,28.9567025,3.648781776428223
1018527999,41.0036097,28.963773,3.692617177963257
1018528014,41.0052582,28.956936,6.484226226806641
1018528019,41.0050772,28.9586791,7.071060180664062
1018528028,41.0071174,28.9652751,42.13024139404297
1018528060,41.0040391,28.9606577,5.724398136138916
1018528064,41.0052224,28.9614433,5.490289688110352
1018528111,41.0055929,28.9582278,7.985916137695312
1018528122,41.0045964,28.9595533,7.114383697509766
1018528148,41.0053668,28.9558733,5.954150199890137
1018528162,41.0055227,28.9551504,5.24517822265625
1024722358,41.0068683,28.9603366,16.60161781311035
1024722365,41.0056755,28.9622826,10.61469459533691
1024722391,41.0072215,28.959375,19.74182891845703
1024722394,41.0050695,28.9568442,5.336744785308838
1024722401,41.0065382,28.9622075,17.94805908203125
1024722407,41.0068582,28.9605968,17.0481128692627
1024722428,41.007105,28.9596788,19.65779113769531
1024722432,41.0055257,28.9622185,9.563874244689941
1024722438,41.0063084,28.9600875,7.594184875488281
1024722444,41.0068052,28.9611171,18.31099319458008
1024722460,41.0065661,28.9591273,11.16758251190186
1024722467,41.004942,28.9556769,3.696417331695557
1025662147,41.0167361,28.9299917,54.43158340454102
1034388000,40.9979,28.9241941,21.51774215698242
1034388013,40.9979741,28.9235216,19.66940879821777
1034388018,40.9980975,28.9227837,17.49077987670898
1034388023,40.9965567,28.9233171,19.1284008026123
1034388025,40.9972083,28.9233607,20.28639793395996
1034388029,40.9976686,28.923466,20.47220611572266
1034388032,40.9977796,28.9226319,14.94283866882324
1034388043,40.9972711,28.9224339,13.7497673034668
1034388052,40.9950143,28.9289132,10.764328956604
1034388053,40.9946909,28.9282884,10.04900550842285
1034388055,40.9944444,28.9277148,10.52522373199463
1034388059,40.9951942,28.927302,17.09370231628418
1034388066,40.9950306,28.9264175,21.34205627441406
1034388068,40.9947861,28.926754,20.4492359161377
1034388076,40.995335,28.928632,13.47719287872314
1034388080,40.9955423,28.9279873,16.83458518981934
1034388084,40.9961933,28.9272238,21.13335800170898
1034388088,40.9972916,28.9259417,24.55457305908203
1034388092,40.997429,28.9242076,22.71454048156738
1034388103,40.9978974,28.9274589,24.32725143432617
1034388109,40.9973008,28.9265346,24.51108360290527
1034388111,40.9971604,28.9262856,24.59992790222168
1034388115,40.9970085,28.9258938,24.31019401550293
1034388118,40.9976417,28.926206,25.00113677978516
1034388124,40.9966104,28.9267249,22.12409019470215
1034388133,40.9966969,28.9268352,22.23384475708008
1034388135,40.9963108,28.9273794,21.18528175354004
1034388140,40.9944479,28.9284883,9.620454788208008
1034388144,40.9953637,28.9276241,17.28581237792969
1034388153,40.99473,28.9253648,18.60552024841309
1034388166,40.9944058,28.9243458,18.15226364135742
1034388170,40.9983189,28.9269609,25.21528816223145
1034388185,40.9965159,28.9241452,20.39715194702148
1034388188,40.9965212,28.9227517,15.38382720947266
1034388197,40.9965861,28.9221544,11.62928199768066
1034388210,40.9960978,28.9218975,9.887110710144043
1034388212,40.9957282,28.9217093,9.746228218078613
1034388225,40.9940428,28.922357,12.81471920013428
1034388229,40.9959434,28.9228303,10.36528396606445
1034388231,40.9961043,28.9228139,13.23267936706543
1034388240,40.9945444,28.9264862,18.51224899291992
1034388242,40.9939138,28.9271379,11.62386894226074
1034388245,40.9940646,28.9276146,10.48656558990479
1034388252,40.9948595,28.9268343,20.44870758056641
1034388263,40.9962397,28.9240746,18.70359039306641
1034388265,40.9958083,28.9239487,17.62207794189453
1034388269,40.9943847,28.9237988,15.53586196899414
1034388277,40.9947281,28.9259839,19.65053176879883
1034388278,40.9949751,28.9256631,19.62009429931641
1034388279,40.9953074,28.9252114,19.55570220947266
1034388286,40.9978192,28.9286281,25.09241485595703
1034388295,40.9958959,28.9259682,20.46667098999023
1034388315,40.993568,28.9244567,16.53615760803223
1034388325,40.993954,28.9253895,15.90200614929199
1034388336,40.9941314,28.9257759,16.02125358581543
1034388342,40.9942538,28.9260914,16.23353004455566
1034388352,40.9950378,28.9270746,18.59722518920898
1034388360,40.9948076,28.9290592,10.59181022644043
1034388375,40.9952876,28.9267338,20.66534614562988
1034388382,40.9943865,28.9254575,17.55481338500977
1034388395,40.9941832,28.9251177,17.62237358093262
1034388397,40.993948,28.9245827,17.46328735351562
1034388406,40.9945745,28.925252,18.20992660522461
1034388410,40.994424,28.9248152,18.25341033935547
1034388420,40.9937544,28.9266192,11.95973587036133
1034388434,40.9943997,28.9245362,18.32110023498535
1034388498,40.9950799,28.9293749,10.54961395263672
1034388516,40.9942193,28.9279893,9.97741413116455
1034388537,40.9935755,28.9239988,16.42642593383789
1034388569,40.99557,28.9264073,20.64372253417969
1034388743,40.9915562,28.9219688,10.42298793792725
1035580876,41.0011545,28.9339986,6.632256507873535
1035580878,41.0009127,28.9343409,5.397571086883545
1035580881,41.0012798,28.934339,7.189248561859131
1035580882,41.0010411,28.9345626,4.385692119598389
1035580883,41.0033992,28.9333813,30.10603141784668
1035580884,41.0020451,28.9317832,31.14023017883301
1035580885,41.0016404,28.931299,29.7100658416748
1035580886,41.0012532,28.9308359,29.16072845458984
1035580889,41.0006658,28.9298785,22.5721321105957
1035580890,41.001298,28.9329303,15.4133768081665
1035580891,41.0016603,28.9323566,24.4942741394043
1035580892,41.0018688,28.9320278,29.82705307006836
1035580893,41.0022377,28.9314619,32.58418273925781
1035580897,41.003399,28.9327921,31.53562545776367
1035580898,41.0018469,28.9310077,31.26417541503906
1035580899,41.0014683,28.9305423,29.83053398132324
1035580900,41.0000604,28.9317724,7.508720397949219
1035580901,40.9997474,28.932121,4.448845863342285
1035580904,40.9996196,28.9312384,14.28109741210938
1035580905,40.9994719,28.9319396,6.198633670806885
1035580908,41.0000131,28.9324654,5.921040058135986
1035580913,41.0004657,28.9333536,7.372446537017822
1035580921,41.0011194,28.9338323,6.760642051696777
1035580930,41.0008495,28.9330461,9.686517715454102
1035580956,40.9994755,28.9324919,3.917195796966553
1035580965,40.9994952,28.9322552,4.409632682800293
1035580973,40.9992379,28.9327617,1.710609316825867
1035580979,40.998943,28.9331447,0.8777338266372681
1035580980,40.9989526,28.9332923,0.785002589225769
1035580994,40.9998048,28.932185,4.564390659332275
1035581001,41.0002866,28.9321119,8.43205738067627
1035581006,40.9990114,28.9314961,9.561877250671387
1035581015,40.9981754,28.9311088,12.9448070526123
1035581017,40.9976245,28.9307787,10.85225582122803
1035581018,40.9973138,28.9305845,10.361328125
1035581025,40.9989957,28.9320192,5.0721116065979
1035581028,40.9989763,28.9318102,5.533930778503418
1035581050,40.9993325,28.9310298,14.98707675933838
1035581072,40.99805,28.9314934,6.250992298126221
1035581090,40.9980145,28.9316441,5.622652053833008
1035581104,40.9992,28.9320294,4.817060470581055
1035581134,41.0006217,28.9326381,9.678525924682617
1035581171,40.9979979,28.9298651,18.50972366333008
1035581185,40.99761,28.929923,15.38013076782227
1035581190,40.9972426,28.9296749,14.85674858093262
1035581194,40.9967151,28.9290319,11.66628932952881
1035581202,40.9963117,28.9285499,17.27545928955078
1035581211,40.9968193,28.9306927,9.16879940032959
1035581218,40.9969881,28.9300423,11.81160163879395
1035581222,40.9964703,28.9295462,12.74167823791504
1035581236,40.9963218,28.930372,8.287817001342773
1035581292,40.9969622,28.9318657,3.547746896743774
1035581296,40.9972112,28.9309248,7.712793350219727
1035581321,40.9969531,28.9283366,20.86183547973633
1035581323,40.9974618,28.9280251,23.23995399475098
1035581329,40.9978621,28.9274094,24.11409568786621
1035581342,40.9952904,28.9295816,9.381744384765625
1035581348,40.9951655,28.9287843,11.31148052215576
1035581355,40.9960387,28.9293708,13.22924518585205
1035581357,40.9958536,28.9292034,14.22824859619141
1035581369,40.9952532,28.9287109,12.25132846832275
1035581376,40.9954506,28.929801,8.348860740661621
1035581423,40.9952808,28.9305856,3.217890977859497
1035581434,40.9956058,28.93005,8.127883911132812
1035581465,40.9997592,28.9282516,26.59544944763184
1035581468,40.9999266,28.9286321,25.55745315551758
1035581488,41.0002874,28.9285671,26.58878707885742
1035581500,40.9967424,28.9279845,21.64837455749512
1035581501,40.996597,28.9282707,20.31459426879883
1035581515,40.9963181,28.9284317,17.92962074279785
1035581533,40.9957121,28.9300396,8.781704902648926
1035581554,40.9963174,28.9280052,20.07430648803711
1035581568,40.995772,28.9277071,19.08427429199219
1035581581,40.9964288,28.9281132,20.30096626281738
1035581595,40.9964813,28.9276248,21.27701187133789
1035581607,41.0003737,28.930881,21.38641548156738
1035581609,41.0001713,28.9311899,16.69079399108887
1035581614,40.9999198,28.9315806,9.275960922241211
1035581646,40.9996384,28.9295482,21.97095680236816
1035581652,41.0001058,28.9296061,25.55863189697266
1035581677,41.0003463,28.9288365,26.18279457092285
1035581703,40.9995399,28.9288944,24.03823852539062
1035581767,41.0002301,28.9283872,26.06872940063477
1035581787,40.9996817,28.931318,13.49015045166016
1035581788,40.9999554,28.9309147,17.61334228515625
1035581799,41.0001529,28.9306032,21.04388427734375
1035581805,41.0004075,28.9302502,23.83962440490723
1035581816,41.0007031,28.929522,25.38596534729004
1035581835,41.0012372,28.9318774,23.6647777557373
1035581837,41.0008677,28.9314409,25.15268707275391
1035581842,41.0006192,28.9311402,23.62928581237793
1035581845,40.9998968,28.9302829,20.79738998413086
1035581865,41.0004048,28.9291957,24.8699893951416
1035581872,41.0004222,28.9314638,16.92935562133789
1035581874,41.0008352,28.930785,28.43907356262207
1035581880,41.0018154,28.9300316,31.79130172729492
1035581881,41.001097,28.9310749,29.16895866394043
1035581882,41.000659,28.9317703,16.74197769165039
1035581898,41.0031105,28.933495,28.2912425994873
1035581902,41.0014609,28.9315611,27.8897533416748
1035581903,41.0023853,28.9301952,34.38055038452148
1035581904,41.0010201,28.9322161,16.32291793823242
1035581905,41.0006853,28.9327238,9.739206314086914
1035581908,40.9995385,28.9270493,28.97937202453613
1035581909,40.9985139,28.9298522,19.76275444030762
1035581910,40.9986648,28.9294883,21.42030143737793
1035581914,40.9984874,28.9286199,25.22569847106934
1035581923,40.9986968,28.9299618,19.48212432861328
1035581924,40.9982554,28.9297261,20.31377792358398
1035581925,41.0010118,28.9261826,35.16854476928711
1035581926,41.0010969,28.925681,32.63884735107422
1035581927,41.0011313,28.9253618,31.06125068664551
1035581928,41.0011859,28.9247074,28.49995231628418
1035581931,41.0015101,28.9243991,28.86940956115723
1035581932,41.0011904,28.9277046,33.30845260620117
1035581933,41.0011874,28.9275061,33.4027214050293
1035581935,41.0013317,28.9268035,34.42878341674805
1035581937,41.0015668,28.9265393,34.90478134155273
1035581938,41.001609,28.9263461,34.71754455566406
1035581944,41.0000897,28.9261947,33.29034423828125
1035581945,41.0000753,28.9279048,27.68301200866699
1035581946,41.0004005,28.9275932,30.16340065002441
1035581950,41.00079,28.9264978,34.36387634277344
1035581956,41.0005468,28.9246719,27.41032791137695
1035581958,40.999873,28.9247263,25.29116821289062
1035581959,41.0004067,28.9251681,28.92699241638184
1035581960,41.0007472,28.9253796,30.80819702148438
1035581963,41.0005919,28.9265099,34.15892028808594
1035581965,41.0006337,28.9260606,34.69036102294922
1035581969,41.0011521,28.9232661,25.8575439453125
1035581970,41.0009026,28.9238598,25.98374938964844
1035581993,41.0024411,28.9236075,24.49649047851562
1035582011,41.0015471,28.923118,23.27365875244141
1035582039,41.0010911,28.9228858,23.24415588378906
1035582057,41.0008703,28.9229773,25.07144165039062
1035582075,41.0017825,28.9239667,27.41504859924316
1035582077,41.0015371,28.9244166,28.96049118041992
1035582092,40.9992395,28.9256394,27.51005744934082
1035582117,40.9996535,28.9251957,27.12379264831543
1035582198,40.9964752,28.9324977,0.8321946263313293
1035582300,40.998947,28.9265475,29.17617225646973
1035582307,40.99864,28.9278998,25.49284362792969
1035582309,40.9983415,28.9292789,22.12851715087891
1035582312,40.9981835,28.9300559,18.59444999694824
1035582365,40.9988903,28.9263973,28.34541893005371
1035582420,41.0001373,28.9241545,25.85574722290039
1035582435,41.000221,28.9233018,23.0140438079834
1035582450,41.0007151,28.9227619,22.66401100158691
1035582561,41.001244,28.9241791,27.37613677978516
1035582633,41.001877,28.9357716,4.4795241355896
1035582634,41.0015496,28.9350081,5.146756172180176
1035622379,41.0189903,28.9258789,57.40987014770508
1036040420,41.0029482,28.9342243,24.4121036529541
1036040431,41.0020168,28.934668,11.44789409637451
1036040441,41.0035066,28.9339034,29.11885261535645
1036040451,41.0094561,28.9377177,53.180419921875
1036040553,41.0055368,28.9343329,35.11788177490234
1036040555,41.0047249,28.9344445,34.89029312133789
1036040559,41.0041022,28.9348463,29.10671234130859
1036040577,41.0032414,28.9351207,26.14430046081543
1036040583,41.0033599,28.9365516,23.19297790527344
1036040601,41.0040645,28.9346357,29.07248306274414
1036040607,41.0041933,28.9343215,31.85734558105469
1036040615,41.0040166,28.9337025,30.86250686645508
1036040634,41.0089389,28.9374575,52.01827239990234
1036040651,41.0029803,28.9339766,25.60697937011719
1036040786,41.0034484,28.9324895,32.89429473876953
1036040808,41.003211,28.9321894,35.41977310180664
1036040813,41.0028018,28.9317253,34.85954666137695
1036040816,41.0023862,28.9312264,33.65371322631836
1036040819,41.0019985,28.9307614,32.29511642456055
1036040825,41.0016096,28.9303241,30.60106468200684
1036040843,41.0017001,28.9338328,10.10168170928955
1036040846,41.0020787,28.933594,22.39313697814941
1036040852,41.0024978,28.933324,25.04252815246582
1036040855,41.0026893,28.9329999,28.01948165893555
1036040859,41.0028634,28.9327431,31.01487731933594
1036040865,41.0030591,28.9324568,33.73632431030273
1036040877,41.0038354,28.9317057,35.9313850402832
1036040892,41.0026088,28.9334849,25.21860504150391
1036040933,41.0008503,28.9324608,11.35540580749512
1036041017,41.0052399,28.9362275,37.01128768920898
1036041024,41.0051248,28.9358957,35.8432731628418
1036041038,41.0044225,28.9335312,32.71136856079102
1036041045,41.0040661,28.9324801,33.66903305053711
1036041051,41.0036547,28.9311367,37.46615219116211
1036041052,41.0035227,28.9306738,38.09505844116211
1036041058,41.0033694,28.9301051,37.05838394165039
1036041135,41.00674,28.9363477,41.46273803710938
1036041178,41.0020976,28.9328254,25.05457305908203
1036041182,41.0022879,28.9325292,29.21940040588379
1036041185,41.002465,28.9322869,32.43681335449219
1036041187,41.0026726,28.931971,33.99534225463867
1036041259,41.0029082,28.9338055,25.82827568054199
1036041260,41.0032742,28.933271,29.95131874084473
1036041283,41.0044722,28.9362365,34.83362197875977
1036041287,41.003547,28.9364913,28.11157608032227
1036041294,41.0049859,28.9361848,35.30691909790039
1036041308,41.0049531,28.9359798,34.94664001464844
1036041396,41.0024264,28.938101,5.780580043792725
1036041405,41.0028,28.9395445,6.923637390136719
1036041415,41.0027185,28.9367887,15.12430572509766
1036041424,41.002331,28.9354521,14.90652275085449
1036041442,41.0011485,28.9339198,6.70564603805542
1036041490,41.0033269,28.932749,31.73935317993164
1036041494,41.0031105,28.9330661,30.0212287902832
1036041500,41.0029443,28.9333189,28.05380058288574
1036041507,41.0027429,28.933619,25.53511047363281
1036041536,41.0033958,28.9339164,28.46315574645996
1036041662,41.0023328,28.9370051,9.775550842285156
1036041686,41.0022312,28.9367978,8.91230297088623
1036041734,41.0019907,28.9376182,1.949876189231873
1036041738,41.0016046,28.9367778,1.166922330856323
1036041949,41.0022656,28.9401298,1.915223240852356
1036042085,41.0019629,28.9402027,1.168595194816589
1036042653,41.0025941,28.9379214,9.05579948425293
1045078910,41.014382,28.9304646,56.99230194091797
1045079075,41.0124525,28.9314156,54.16266250610352
1045079319,41.0123701,28.9311534,53.53641510009766
1045079365,41.0122557,28.9311506,53.66342544555664
1045079400,41.0123308,28.9310207,54.66602325439453
1049732670,41.0138859,28.9327598,59.96093368530273
1049868843,41.0116398,28.9388081,45.20556640625
1049868851,41.0122384,28.938897,40.36182403564453
1055371195,41.0165053,28.9764561,0.01920214109122753
1055371699,41.0165069,28.9846881,7.622146129608154
1055371734,41.0171327,28.9751074,0.04331698268651962
1055371770,41.0164388,28.9846963,5.701303005218506
1055371979,41.0021688,28.9743689,1.431847929954529
1055371984,41.0021058,28.9732376,1.343433022499084
1055371988,41.0020628,28.9717517,1.763690114021301
1055372003,41.0028327,28.9681983,1.489954948425293
1055372049,41.003959,28.95608,0.7167883515357971
1055372133,41.0023015,28.9736316,1.087674140930176
1055372145,41.0022429,28.9735665,0.7662078142166138
1055372709,41.0062478,28.9536137,6.348430156707764
1055372722,41.0062835,28.9534253,5.381884098052979
1055372823,41.0027743,28.9529557,1.696358799934387
1055372845,41.0030765,28.956015,0.8985987901687622
1055372921,41.0072551,28.9533843,8.686141014099121
1055373030,41.0019539,28.9492772,0.827589213848114
1055373033,41.0017891,28.9481778,0.152155727148056
1055373044,41.0015933,28.9463093,0.7975820302963257
1055373157,41.0028219,28.950208,0.7527168393135071
1055373192,41.0015312,28.9488157,0.6723912954330444
1055373197,41.0015502,28.95116,0.3849954605102539
1055373199,41.0018054,28.9522493,-0.3593546450138092
1055512576,41.0063492,28.9227081,24.38506889343262
1055512578,41.0064206,28.922978,24.43803215026855
1055512585,41.0067676,28.9249946,28.76471519470215
1055512592,41.0049406,28.9249995,27.31118774414062
1055512593,41.0049666,28.9241449,26.22631645202637
1055512602,41.005192,28.9232854,23.82056045532227
1055512610,41.0059905,28.9219715,24.05072021484375
1055512613,41.0056692,28.923274,26.1119213104248
1055512619,41.005732,28.9242305,27.15798759460449
1055512623,41.0057863,28.9250397,29.12027549743652
1055512682,41.0036851,28.9247032,27.60563087463379
1055512718,41.0032574,28.9214717,18.06455230712891
1055512721,41.000718,28.9208572,14.7195987701416
1055512722,40.9998484,28.9207742,12.6172456741333
1055512738,41.0024993,28.9292364,34.11541366577148
1055512744,41.0028091,28.9295962,35.04701995849609
1055512750,41.0027434,28.9293969,34.64188003540039
1055512770,41.0014609,28.9274018,34.03388595581055
1055512772,41.0017522,28.9274164,34.39075088500977
1055512781,41.0023256,28.9277891,35.22373580932617
1055512785,41.0029455,28.9301622,37.33907699584961
1055512799,41.0016459,28.9285565,30.94786643981934
1055512800,41.0020884,28.929317,33.13150024414062
1055512809,41.0036926,28.926683,37.13205337524414
1055512810,41.0007695,28.9292103,27.5523624420166
1055512812,41.0011665,28.9292052,29.09810638427734
1055512832,41.0032685,28.9272945,35.54799652099609
1055512836,41.0017209,28.9268392,34.57897186279297
1055512841,41.0017683,28.927714,34.23706436157227
1055512848,41.001983,28.9280023,33.90995407104492
1055512853,41.0019692,28.9300204,32.53909301757812
1055512887,41.0027911,28.9252614,30.18796348571777
1055512898,41.0035134,28.9246775,27.92860412597656
1055512900,41.0021871,28.9258182,29.79969024658203
1055512906,41.0011518,28.9250116,29.15375137329102
1055512929,41.0027442,28.9245814,30.07098007202148
1055512946,41.002594,28.9250733,29.76528549194336
1055512952,41.0029254,28.9269575,35.11695861816406
1055512956,41.0035101,28.9264269,34.85612869262695
1055512957,41.0021643,28.9267138,34.85207366943359
1055512962,41.0029065,28.9254333,30.06191253662109
1055512970,41.002021,28.9267242,34.6970329284668
1055512978,41.0028192,28.9240034,26.12424087524414
1055513056,41.0035643,28.9274818,35.10057830810547
1055513060,41.0037001,28.9270038,37.12788009643555
1055513062,41.0037431,28.9267982,38.03971481323242
1055513081,41.0036271,28.9296316,36.30498504638672
1055513083,41.0039648,28.9292794,35.37598419189453
1057437389,41.0104252,28.9457054,19.24603271484375
1057437393,41.0105623,28.9452524,20.69564437866211
1057437398,41.0116714,28.9410153,33.68358993530273
1057437585,41.0097252,28.9480057,14.75500583648682
1057574286,41.0106703,28.9274476,43.43734359741211
1057574289,41.0107191,28.9280671,46.07781982421875
1057574296,41.0107758,28.9288845,50.89140319824219
1057574309,41.0104033,28.9274342,44.00550842285156
1057574316,41.0105176,28.9289616,50.93161773681641
1057574341,41.0109411,28.9280317,46.74074554443359
1057574349,41.0114068,28.9274195,45.33027648925781
1057574363,41.0109452,28.9288763,50.50048828125
1057574371,41.0074681,28.9257699,36.27038192749023
1057574376,41.0067077,28.9255059,32.36566925048828
1057574424,41.0102098,28.9291396,50.64544296264648
1057574433,41.0106148,28.928921,50.97127151489258
1057574445,41.011122,28.9288441,49.60459136962891
1057574496,41.0097635,28.9285011,44.19671249389648
1057574498,41.0093578,28.9283254,44.57883071899414
1057574513,41.0114535,28.929478,52.79515075683594
1057574602,41.0090963,28.92888,45.12742233276367
1057574604,41.0084831,28.9280709,43.05253601074219
1057574619,41.0086729,28.9272621,41.44903182983398
1057574625,41.0086279,28.9278632,43.4882926940918
1057574663,41.0095603,28.9277323,43.03536224365234
1057574676,41.007483,28.9302297,43.23447036743164
1057574687,41.0078344,28.9312677,46.8495979309082
1057574699,41.0081242,28.9298442,44.05778503417969
1057574704,41.0085128,28.9298334,45.39448165893555
1057574735,41.0097572,28.9264333,40.98386383056641
1057574740,41.0096157,28.9273421,42.91629028320312
1057574787,41.0089403,28.9273012,42.22253799438477
1057574790,41.0083763,28.9272155,40.24351119995117
1057574797,41.0090782,28.9262615,40.09144592285156
1057574800,41.0089986,28.9268508,41.45776748657227
1057574810,41.0084018,28.9280063,43.17193222045898
1057574815,41.0084147,28.926706,37.81417465209961
1057574839,41.0096231,28.926406,40.50305938720703
1057574846,41.0097867,28.9256447,38.55556869506836
1057574850,41.0099747,28.9248828,35.65458679199219
1057574851,41.0100675,28.9244628,35.7153434753418
1057574863,41.0103322,28.9255266,40.50242614746094
1057574872,41.0100478,28.9257849,40.19062042236328
1057574885,41.0104722,28.9262385,41.15157318115234
1057574898,41.0116206,28.9270882,44.3535270690918
1057574904,41.0095135,28.9242885,34.73831939697266
1057574906,41.0093103,28.9263284,41.27024078369141
1057574919,41.0108525,28.9231816,44.12446975708008
1057574922,41.0101827,28.9229212,42.38904571533203
1057574934,41.0096994,28.9237873,37.01698303222656
1057574944,41.0101249,28.9238133,38.73539733886719
1057574949,41.0114109,28.9258566,42.79391098022461
1057574965,41.0122823,28.9252937,48.46064376831055
1057574975,41.0125053,28.9235451,48.92114639282227
1057575005,41.0111115,28.925853,42.1702880859375
1057575024,41.0098648,28.9264202,40.63868713378906
1057575028,41.0083617,28.9261567,37.95449829101562
1057575042,41.0117756,28.9242552,46.36013412475586
1057575050,41.0112019,28.9232413,45.18855285644531
1057575054,41.0106937,28.9240612,39.91254425048828
1057575074,41.0112305,28.9241854,46.07130813598633
1057575081,41.0091615,28.9241726,34.41272735595703
1057575113,41.0083488,28.9260228,37.02914047241211
1057575115,41.0083964,28.9257486,34.36423873901367
1057575145,41.0083527,28.9279017,43.26303100585938
1057575149,41.007644,28.9271767,38.55220794677734
1057575163,41.0069907,28.9270547,36.23865509033203
1057575174,41.0080948,28.9282388,43.08189010620117
1057575193,41.0075789,28.9253813,33.19480133056641
1057575205,41.0069759,28.9269237,36.58489227294922
1057575224,41.0077609,28.9244302,29.98409461975098
1057575273,41.0111521,28.9301929,54.35360717773438
1057575327,41.0079723,28.923686,30.94286918640137
1057575345,41.0074826,28.9253099,32.41843795776367
1057575356,41.0079987,28.9230394,30.09417533874512
1057575460,41.0113444,28.9309117,54.47028732299805
1057575463,41.0114649,28.9304963,54.5744514465332
1057575485,41.0120091,28.9268393,46.89820861816406
1057575490,41.0124888,28.9270143,49.19866943359375
1057575495,41.0119367,28.927245,46.94507217407227
1057575499,41.0124273,28.9272368,49.00887298583984
1057575536,41.0110633,28.9300449,54.06531143188477
1057575658,41.0133217,28.9236536,52.08351516723633
1057575660,41.0132865,28.9237805,52.2479362487793
1057575664,41.0130939,28.9245681,49.71540451049805
1057575756,41.0135752,28.9245156,53.41180038452148
1057575851,41.0048857,28.9255795,28.55768394470215
1057575855,41.0057466,28.9257321,31.4564208984375
1057575873,41.0053118,28.9264177,33.85367584228516
1057575886,41.0051139,28.9267098,33.81913375854492
1057575892,41.0038272,28.9254213,31.09770774841309
1057575908,41.0055728,28.9261883,32.57991027832031
1057575910,41.0054314,28.926936,34.87879943847656
1057575917,41.0053346,28.9279853,36.64538955688477
1057575922,41.0053982,28.9281749,36.01916122436523
1057575929,41.0053177,28.9289323,39.32545471191406
1057575945,41.0048047,28.9274356,37.85334396362305
1057575951,41.0069997,28.9282139,40.1270751953125
1057575960,41.0067278,28.928162,39.25883102416992
1057575978,41.0058654,28.9280936,37.92583084106445
1057575993,41.0065454,28.9291361,41.49116516113281
1057576014,41.0042444,28.9267276,35.46168899536133
1057576028,41.0050394,28.9267009,33.87508773803711
1057576033,41.0058086,28.9271754,35.02117919921875
1057576038,41.0069899,28.9271294,36.22891616821289
1057576048,41.0060753,28.9250097,28.79096221923828
1057576071,41.0048544,28.9273229,37.44579315185547
1057576079,41.0042004,28.9278419,35.50315856933594
1057576086,41.003963,28.9282634,35.42072677612305
1057576118,41.0062853,28.9290675,41.03129577636719
1057576136,41.0039815,28.9270811,36.72584915161133
1057576171,41.0051329,28.9289459,39.76834106445312
1057576189,41.0066985,28.9291682,41.63918685913086
1057576198,41.0070658,28.9291452,41.71933364868164
1057576228,41.0061177,28.9303385,41.98373794555664
1057576231,41.0060372,28.9305998,41.38486099243164
1057576251,41.0068613,28.9302921,42.75617599487305
1057576279,41.0044897,28.9297352,38.13315582275391
1057576282,41.0046159,28.9297962,38.53824996948242
1057576292,41.0056422,28.9303335,40.21907806396484
1057576305,41.0035531,28.9307934,38.15648651123047
1057576311,41.0042108,28.9304753,38.76850509643555
1057576458,41.0049324,28.9311891,38.11150741577148
1057576484,41.0057935,28.9301401,40.61371612548828
1057576502,41.003872,28.9282484,36.63230895996094
1057576534,41.0063264,28.9312079,40.9970817565918
1057576718,41.0073635,28.9359192,45.24119186401367
1057576771,41.0071284,28.9298656,41.83370590209961
1057576788,41.007303,28.9312425,45.52387237548828
1057576838,41.0062213,28.9335158,41.82343673706055
1057576848,41.006481,28.933537,43.58759307861328
1057576852,41.006802,28.9335263,45.44843292236328
1057576903,41.0064806,28.9337629,42.94501113891602
1057576944,41.0074023,28.9312494,45.82193756103516
1057576950,41.0073539,28.9350143,47.06554412841797
1057576954,41.0073339,28.936662,49.22353363037109
1057576977,41.0084017,28.9350501,46.83486938476562
1057576981,41.0078845,28.9350166,44.20275115966797
1057577107,41.0045216,28.9337967,33.39299392700195
1057577138,41.005563,28.9326977,39.92621612548828
1057577319,41.0053575,28.9361708,36.98594284057617
1057577335,41.0056617,28.9358964,39.57878875732422
1057577343,41.0059116,28.9357354,38.2670783996582
1057577362,41.0067789,28.9349727,40.12810516357422
1057577381,41.0059523,28.9362364,40.93177795410156
1057577418,41.0068038,28.9342115,42.48627090454102
1057577420,41.0055301,28.934849,36.92948150634766
1057577527,41.0054951,28.9336849,37.19787979125977
1057577609,41.0068229,28.9328324,46.28458786010742
1057577781,41.0068743,28.9312494,42.74741363525391
1057577916,41.0110059,28.9384594,50.20937728881836
1057578091,41.0082734,28.9371297,51.13457107543945
1057578144,41.0037764,28.9314864,36.09635925292969
1057578233,41.0104749,28.9382055,53.1244010925293
1057578234,41.0099828,28.9379749,54.28723907470703
1057578238,41.0078426,28.9369107,49.52302551269531
1058892357,41.0095551,28.9464226,23.81334686279297
1058892375,41.0084084,28.9463586,33.19573974609375
1058892382,41.0076129,28.9473351,22.8211727142334
1058892391,41.0087164,28.9472092,27.89206314086914
1058892397,41.0082412,28.9458125,33.82056427001953
1058892405,41.007841,28.9444541,39.85064315795898
1058892431,41.0070539,28.946639,15.41773223876953
1058892437,41.0069239,28.9473745,8.549793243408203
1058892449,41.0088028,28.9486157,19.80023193359375
1058892452,41.0088035,28.9492738,14.34949684143066
1058892455,41.008268,28.9489027,17.28830909729004
1058892458,41.0090393,28.9481322,19.87582206726074
1058892473,41.0087766,28.9473605,27.14716529846191
1058892482,41.0092111,28.9471163,24.99753189086914
1058892485,41.0096191,28.9467735,21.14936828613281
1058892493,41.0069049,28.9493097,6.7605299949646
1058892495,41.007157,28.9493074,7.548986434936523
1058892498,41.0075775,28.9493138,9.17821216583252
1058892500,41.0082588,28.9493311,13.39821910858154
1058892504,41.0085656,28.9492793,14.53648948669434
1058892510,41.0094296,28.9492942,11.44861698150635
1058892516,41.009446,28.9498292,10.7869873046875
1058892518,41.0085661,28.9497964,9.968042373657227
1058892524,41.0082664,28.9487465,17.92751312255859
1058892526,41.0075729,28.9486897,15.78856468200684
1058892527,41.0070418,28.9486083,7.16569995880127
1058892533,41.0069785,28.9480882,8.006895065307617
1058892535,41.0075626,28.9480236,20.45955657958984
1058892538,41.0082645,28.9480111,24.22745704650879
1058892543,41.0089235,28.9478087,22.78600120544434
1058892555,41.0082723,28.948619,18.12957954406738
1058892562,41.0091634,28.9485135,16.50850868225098
1058892571,41.008231,28.9515971,10.20433902740479
1058892573,41.0076026,28.951592,11.61475849151611
1058892575,41.0070026,28.9515882,7.346628665924072
1058892578,41.0064262,28.9516204,3.379679679870605
1058892581,41.0065561,28.9534075,6.156718730926514
1058892583,41.0070585,28.9524955,7.575211048126221
1058892586,41.0076487,28.9524622,10.51652240753174
1058892587,41.0082335,28.9524279,13.26798152923584
1058892593,41.0076795,28.9533312,9.387301445007324
1058892595,41.0075936,28.9501739,9.642424583435059
1058892606,41.0075983,28.9456421,33.91803741455078
1058892610,41.0080434,28.9451362,38.86320877075195
1058892618,41.0072168,28.9501754,8.28510570526123
1058892631,41.0068456,28.9471394,7.286187171936035
1058892638,41.0081688,28.9455406,35.19164276123047
1058892647,41.0095016,28.9495058,10.67642402648926
1058892677,41.0050253,28.9502038,0.8290199041366577
1058892752,41.0062451,28.9501803,3.048439741134644
1058892764,41.0082399,28.9501701,8.151748657226562
1058892767,41.0082677,28.953308,9.774418830871582
1058892795,41.0103177,28.9452837,20.77969741821289
1058892800,41.0098707,28.9470792,17.47295951843262
1058892851,41.0093265,28.945183,28.28387451171875
1058892881,41.0048102,28.9470257,2.419492244720459
1058892921,41.0060234,28.950179,2.940590143203735
1058892942,41.0051112,28.9453257,5.978251457214355
1058892945,41.0050219,28.9458689,4.695600032806396
1058892973,41.0100038,28.9505974,10.24978160858154
1058892974,41.010037,28.9505461,10.25001525878906
1058892999,41.0115407,28.9483509,11.79190349578857
1058893007,41.0159597,28.9420004,17.41814041137695
1058893085,41.0098363,28.9490623,11.73277759552002
1058893244,41.0090639,28.9531559,12.01777648925781
1058893308,41.0120173,28.9532007,22.46095657348633
1058893359,41.0118966,28.9533858,21.53882598876953
1058893412,41.0157308,28.9417777,17.27699089050293
1058893417,41.01454,28.9435619,15.19985961914062
1058893478,41.0143777,28.9542752,36.47900772094727
1058893798,41.0050837,28.943082,21.71101188659668
1058893814,41.0041298,28.94379,9.9710111618042
1058893840,41.0033583,28.9405411,10.98775863647461
1058893842,41.0033326,28.940461,11.53921985626221
1058893844,41.0032437,28.9400466,11.47493839263916
1058893857,41.0041036,28.9391179,24.98266220092773
1058893867,41.0034082,28.9421378,5.562015533447266
1058893893,41.0029928,28.9407527,7.049376010894775
1058893896,41.0029733,28.9406308,7.119297981262207
1058893937,41.0059853,28.938532,41.24043273925781
1058893992,41.0069201,28.9418785,42.58034896850586
1058894000,41.0053139,28.9430148,23.51121139526367
1058894004,41.003901,28.9441842,5.827865123748779
1058894027,41.0080927,28.9452969,38.33766174316406
1058894072,41.0031563,28.9476466,2.337011814117432
1058894080,41.0035826,28.9465006,2.322045087814331
1058894082,41.0037401,28.9439598,5.524088859558105
1058894104,41.0031746,28.9512507,1.768323540687561
1058894105,41.0034437,28.9522423,1.316959023475647
1058894107,41.0036862,28.9530862,0.2548302114009857
1058894108,41.0035378,28.9513231,1.458659887313843
1058894109,41.0037069,28.9520964,1.37224018573761
1058894110,41.0039946,28.952899,0.907964289188385
1058894122,41.0042815,28.9527312,1.239373207092285
1058894126,41.0039858,28.9519485,1.571297764778137
1058894129,41.0037594,28.9513993,1.353942513465881
1058894146,41.0069314,28.9501766,6.028252601623535
1058894152,41.0067535,28.9468152,8.95044994354248
1058894172,41.0044211,28.9448474,3.451026678085327
1058894180,41.0035571,28.9436898,4.211818218231201
1058894261,41.0041343,28.9454309,1.594114184379578
1058894291,41.0028899,28.9512661,1.542629361152649
1058894304,41.0041821,28.9518173,1.781132578849792
1058894308,41.0044935,28.9526093,2.171435594558716
1058894309,41.0046419,28.9530785,0.5739349126815796
1058894310,41.0047029,28.9533329,-0.6097561120986938
1058894316,41.0034333,28.9532503,-0.846007764339447
1058894325,41.0031894,28.9524158,1.188416123390198
1058894329,41.0030437,28.9502001,0.4067740142345428
1058894369,41.0016991,28.9505125,0.2944192290306091
1058894376,41.0023512,28.9503042,0.3254673480987549
1058894455,41.0144391,28.954162,36.45725250244141
1058995726,41.0100796,28.9421422,42.68500518798828
1058995728,41.009653,28.9417878,44.8170280456543
1058995742,41.0103509,28.9426213,36.10986328125
1058995747,41.0108345,28.9409371,40.47758483886719
1058995749,41.0108187,28.9417762,35.98958206176758
1058995753,41.0107172,28.9398656,49.83671569824219
1058995758,41.0109898,28.9385352,50.14860153198242
1058995770,41.0064195,28.9444447,26.39765930175781
1058995771,41.0061503,28.9450135,21.22515296936035
1058995776,41.0094676,28.94109,43.04332733154297
1058995777,41.009833,28.9413748,49.23770904541016
1058995778,41.0102595,28.9417043,44.64063262939453
1058995779,41.0104155,28.9417476,42.09420394897461
1058995783,41.0104731,28.9382828,53.16263961791992
1058995784,41.010487,28.938939,52.64105606079102
1058995787,41.0104856,28.939378,54.19802856445312
1058995789,41.0104631,28.9398632,52.06942367553711
1058995791,41.0104398,28.9409332,48.38444519042969
1058995792,41.0104157,28.9426535,35.7830924987793
1058995805,41.0099809,28.9389165,53.31830978393555
1058995808,41.0099809,28.9393662,53.1584358215332
1058995810,41.0098078,28.9427933,37.89999771118164
1058995812,41.0093562,28.9424633,43.09359741210938
1058995816,41.0094442,28.9404343,48.50825119018555
1058995818,41.0088043,28.9408409,45.1629638671875
1058995822,41.0094483,28.9402062,49.36735534667969
1058995824,41.008908,28.9402441,48.58436965942383
1058995829,41.0099575,28.9424106,39.87861251831055
1058995835,41.0091809,28.94288,42.88531494140625
1058995839,41.0088767,28.9426081,43.2426872253418
1058995841,41.0099763,28.9398347,51.7367057800293
1058995844,41.0099512,28.9409149,52.10317611694336
1058995847,41.0095324,28.9420741,43.73384857177734
1058995854,41.0109224,28.9429466,28.31265830993652
1058995856,41.0088151,28.9423038,44.40398406982422
1058995861,41.007717,28.9369135,50.82217788696289
1058995878,41.0089239,28.9390674,51.57084655761719
1058995888,41.0077461,28.9395919,47.1210823059082
1058995903,41.0086112,28.937375,51.35475540161133
1058995912,41.0082824,28.9399223,49.10450744628906
1058995920,41.0114596,28.9409404,33.67691421508789
1058995926,41.008523,28.9408824,45.03472137451172
1058995936,41.0094468,28.9398224,50.46649169921875
1058995937,41.0089117,28.9398166,50.06711959838867
1058995942,41.0079866,28.9400568,47.98202133178711
1058995954,41.0094532,28.9378088,53.14407730102539
1058995962,41.0079633,28.9370442,50.69182586669922
1058995974,41.006146,28.9363278,41.25807571411133
1058995982,41.0076329,28.9402007,48.05512237548828
1058995985,41.0079306,28.9399504,47.84358596801758
1058995988,41.0072055,28.9393719,45.20760726928711
1058995989,41.007521,28.9390977,46.87071990966797
1058995992,41.0076298,28.9399236,47.7811393737793
1058995994,41.0078275,28.9397386,48.61672210693359
1058996000,41.0076981,28.9394899,45.8919792175293
1058996011,41.007094,28.9379409,45.84580230712891
1058996014,41.0063753,28.9382756,44.18879318237305
1058996027,41.0068064,28.9393728,42.7238883972168
1058996032,41.0074734,28.9406359,46.10118865966797
1058996044,41.0063304,28.9397012,40.44228363037109
1058996075,41.005955,28.9362923,41.04707717895508
1058996086,41.0080615,28.9428146,45.42766189575195
1058996090,41.0078587,28.9420285,45.26391220092773
1058996093,41.0077233,28.9417581,45.09757995605469
1058996103,41.0075495,28.9418848,45.00778961181641
1058996105,41.0079484,28.9424127,45.27609634399414
1058996106,41.0072999,28.9426943,44.38205718994141
1058996109,41.0081452,28.9410903,45.88711547851562
1058996114,41.0077185,28.9410591,45.72804260253906
1058996122,41.0075198,28.9406106,46.3665657043457
1058996127,41.0068971,28.9409526,43.10652923583984
1058996129,41.0072154,28.9416492,45.06417083740234
1058996142,41.0086815,28.9437229,37.75770568847656
1058996146,41.0086267,28.943736,38.3469352722168
1058996150,41.0083409,28.9438131,41.30752944946289
1058996158,41.0078757,28.9435466,43.5380859375
1058996161,41.0079627,28.9439391,42.50802993774414
1058996165,41.0082296,28.9427347,45.90281677246094
1058996175,41.0085179,28.9428424,45.05512237548828
1058996177,41.008466,28.9426154,45.22263336181641
1058996194,41.007732,28.9440262,41.98097991943359
1058996198,41.0090514,28.9436395,36.92356872558594
1058996208,41.0071058,28.9422958,43.34722518920898
1058996211,41.0084275,28.9412987,45.26105499267578
1058996213,41.0086411,28.941166,44.99291610717773
1058996227,41.0066342,28.9411142,41.77115249633789
1058996230,41.0081041,28.9402821,48.47137451171875
1058996240,41.0054058,28.9446594,11.6400089263916
1058996244,41.0051705,28.9438929,19.19685363769531
1058996245,41.0050294,28.9436697,20.01676940917969
1058996249,41.0055581,28.943435,25.44547653198242
1058996252,41.0057695,28.9424826,31.51605415344238
1058996265,41.0075164,28.9431495,43.12530136108398
1058996267,41.0088581,28.9425427,43.38321304321289
1058996274,41.0061628,28.9421865,36.62358474731445
1058996279,41.0067265,28.9364182,41.68368911743164
1058996287,41.0042866,28.9438295,11.4436674118042
1058996288,41.0046377,28.9443886,9.580083847045898
1058996293,41.007131,28.9460553,22.69096183776855
1058996302,41.0058373,28.944855,15.01832580566406
1058996305,41.004822,28.9440281,14.44420528411865
1058996308,41.0055931,28.9455297,6.769855499267578
1058996321,41.007313,28.9455337,30.18264007568359
1058996556,41.0050761,28.9432144,21.2660026550293
1059136956,41.021802,28.9276118,66.87262725830078
1059136957,41.0220405,28.9277432,66.46746063232422
1059136963,41.0224549,28.9274579,62.90301513671875
1059136969,41.0204057,28.934694,25.61526489257812
1059136972,41.0212308,28.9334851,27.72224235534668
1059136998,41.020867,28.928189,62.88393783569336
1059137003,41.0216376,28.9291504,61.74832153320312
1059137005,41.0219581,28.9268786,66.4566650390625
1059137006,41.0216981,28.9272162,66.3056411743164
1059137007,41.0213144,28.9270381,64.88867950439453
1059137018,41.0215112,28.928129,66.41690063476562
1059137021,41.0216229,28.9279619,67.67757415771484
1059137025,41.0218784,28.9274749,66.58528137207031
1059137026,41.0221207,28.9270764,64.64795684814453
1059137034,41.0217592,28.9281068,67.2835922241211
1059137038,41.0211306,28.9275166,64.81454467773438
1059137054,41.020819,28.9270786,65.55683898925781
1059137056,41.0209002,28.9268076,65.62499237060547
1059137064,41.0215596,28.9264551,66.41355895996094
1059137069,41.0199026,28.9262938,64.72020721435547
1059137075,41.0198646,28.9274185,61.93872451782227
1059137079,41.0199901,28.9280631,61.87545394897461
1059137082,41.0196777,28.9280147,60.37499618530273
1059137089,41.0202864,28.9256149,66.8365478515625
1059137093,41.0202734,28.925973,67.53411102294922
1059137094,41.0205271,28.92619,67.4660873413086
1059137096,41.0200977,28.9264262,65.98458862304688
1059137106,41.0207791,28.9327943,28.83609008789062
1059137109,41.023145,28.9306762,37.5944709777832
1059137115,41.0192526,28.9273013,61.41257095336914
1059137117,41.0186907,28.9278845,56.96742248535156
1059137120,41.0200833,28.9254919,65.45474243164062
1059137127,41.0202749,28.926593,66.26070404052734
1059137133,41.020686,28.9259618,66.96569061279297
1059137138,41.0234045,28.9284439,50.95610427856445
1059137139,41.0229049,28.9291322,46.10735702514648
1059137142,41.0205268,28.9312786,39.86611175537109
1059137143,41.0211872,28.9307546,41.59467697143555
1059137147,41.0218326,28.9297696,53.40044021606445
1059137149,41.0210408,28.9304438,53.19648361206055
1059137151,41.0229632,28.9285749,54.02602767944336
1059137157,41.0227338,28.9288876,51.64435958862305
1059137163,41.0240373,28.929817,40.66167831420898
1059137166,41.023895,28.929668,41.5283088684082
1059137177,41.0228741,28.927911,57.8465576171875
1059137178,41.0224184,28.9283473,59.97982788085938
1059137179,41.0217821,28.9289766,61.33260345458984
1059137190,41.0212567,28.9296707,62.79843902587891
1059137192,41.0214153,28.9301205,56.0623893737793
1059137199,41.0226778,28.9288119,53.15554809570312
1059137206,41.0231602,28.9297201,40.90977478027344
1059137218,41.020571,28.9322066,34.31538772583008
1059137221,41.020528,28.9307922,47.58724975585938
1059137224,41.0220283,28.9295878,52.54198455810547
1059137230,41.0205276,28.929791,59.56171798706055
1059137246,41.0195097,28.930139,49.96299362182617
1059137251,41.0192667,28.9291695,54.87606430053711
1059137253,41.019645,28.9292367,54.67736434936523
1059137254,41.0197173,28.9288538,57.85606002807617
1059137257,41.0198324,28.9281075,61.33161544799805
1059137262,41.0206637,28.928925,60.83310699462891
1059137264,41.0203771,28.9287435,61.35430526733398
1059137267,41.0201638,28.9281519,62.18643569946289
1059137270,41.0200866,28.9286625,60.78950500488281
1059137275,41.0199668,28.9307905,45.61241912841797
1059137277,41.0199071,28.9311634,41.4815788269043
1059137278,41.0198579,28.9316085,38.61117935180664
1059137279,41.0197798,28.932137,33.3354606628418
1059137282,41.0176688,28.9311775,49.28981018066406
1059137289,41.0185581,28.9313562,46.92296600341797
1059137291,41.0194988,28.9315491,40.93807601928711
1059137296,41.020543,28.9316814,35.33903503417969
1059137299,41.0195399,28.9310998,43.05278015136719
1059137300,41.0186104,28.9309389,47.45618057250977
1059137301,41.0178568,28.9308322,50.12481689453125
1059137305,41.0205314,28.9294752,59.339599609375
1059137325,41.0178073,28.9295553,54.55585098266602
1059137329,41.0187301,28.9296016,51.75461578369141
1059137335,41.0180379,28.9304525,50.60549926757812
1059137336,41.017562,28.9313579,49.28167343139648
1059137337,41.0172932,28.9317904,48.87788391113281
1059137339,41.017138,28.9307988,53.40595245361328
1059137346,41.0205283,28.9309274,45.61439514160156
1059137352,41.0186446,28.9305478,49.18135452270508
1059137370,41.0206692,28.9282458,62.58919906616211
1059137392,41.0206819,28.9280418,62.37632369995117
1059137405,41.0207736,28.9284997,61.54427337646484
1059137411,41.0205591,28.9324909,31.47333908081055
1059137419,41.0168042,28.9312066,54.09690856933594
1059137427,41.0183721,28.9321807,39.35256958007812
1059137441,41.0214205,28.9340392,27.68120384216309
1059137446,41.018801,28.9279765,57.63012313842773
1059137447,41.0187897,28.92862,57.29657745361328
1059137459,41.0178873,28.9294139,54.88007736206055
1059137533,41.0178855,28.9281512,55.17063140869141
1059137547,41.0183736,28.9277487,56.2540397644043
1059239155,41.0142224,28.9370096,45.93474960327148
1059239161,41.0137957,28.9378564,42.53364181518555
1059239165,41.0135057,28.9384319,40.4619255065918
1059239170,41.0129753,28.9394385,39.12189102172852
1059239190,41.0139274,28.9387798,37.01986694335938
1059239202,41.0143306,28.939153,32.34052276611328
1059239205,41.0148833,28.9397078,26.39672660827637
1059239213,41.0156147,28.9403843,19.37320899963379
1059239230,41.0145218,28.9403083,24.33658409118652
1059239245,41.0154123,28.9380416,31.55617713928223
1059239249,41.0149568,28.9388387,32.59051513671875
1059239265,41.0146568,28.9373771,40.22195816040039
1059239271,41.0142219,28.9382135,36.78926086425781
1059239276,41.0134438,28.9396817,36.68870162963867
1059239295,41.0167058,28.9400285,19.04320907592773
1059239300,41.016476,28.9397018,18.81061172485352
1059239306,41.0160629,28.9391179,21.64482116699219
1059239330,41.0155101,28.939383,30.06107330322266
1059239332,41.0153603,28.9373433,34.13932037353516
1059239352,41.0162248,28.9386188,22.7026481628418
1059239354,41.0150286,28.9377727,35.788818359375
1059239358,41.0149151,28.9376502,37.16953277587891
1059239375,41.0146271,28.9385559,35.04780960083008
1059239402,41.0156755,28.9368859,34.99698638916016
1059239438,41.0172824,28.9372428,24.70104598999023
1059239444,41.0174132,28.938985,20.75531387329102
1059239446,41.0175732,28.9391722,20.35094833374023
1059239480,41.0167355,28.940387,18.84241485595703
1059239529,41.0149265,28.941526,17.47072792053223
1059239531,41.0143133,28.9408934,19.36906242370605
1059239536,41.0137102,28.9403744,32.63954162597656
1059239555,41.013506,28.9414029,20.35907554626465
1059239557,41.0139676,28.9416718,18.24503326416016
1059239565,41.0152003,28.9410336,18.73761749267578
1059239574,41.0147194,28.942091,16.86906242370605
1059239578,41.0144146,28.9428337,18.94333076477051
1059239590,41.0151744,28.9426335,17.24469947814941
1059239608,41.0123256,28.941367,33.96465682983398
1059239617,41.0128037,28.9403747,35.03181457519531
1059239620,41.0131806,28.9396283,38.3160400390625
1059239632,41.0134169,28.9409222,25.8114070892334
1059239668,41.0130289,28.9437742,21.88481903076172
1059239670,41.0127814,28.9443679,21.58562088012695
1059239674,41.0126912,28.9435386,24.30044937133789
1059239683,41.0124535,28.9441141,20.73427963256836
1059239685,41.0131582,28.9438742,19.91271781921387
1059239688,41.0134274,28.9432529,20.06169128417969
1059239691,41.0136862,28.9423451,20.55742835998535
1059239701,41.0137428,28.9434963,16.73172950744629
1059239703,41.0126162,28.9426479,24.48418235778809
1059239723,41.0117717,28.943606,26.79254341125488
1059239740,41.0114781,28.9442765,25.4378662109375
1059239746,41.0112846,28.9446836,24.24172782897949
1059239760,41.011264,28.9425158,28.41469573974609
1059239765,41.0123416,28.9432882,24.21070671081543
1059239770,41.0133611,28.9440375,16.88815689086914
1059239781,41.0123245,28.9446508,17.05279922485352
1059239787,41.0125253,28.9441629,20.39217948913574
1059239800,41.0108777,28.9439924,23.64532089233398
1059239802,41.0120428,28.9444551,20.80727577209473
1059239811,41.0129804,28.9418361,28.04172706604004
1059239817,41.0140879,28.9426204,19.33659744262695
1059239820,41.0148015,28.9431743,16.39970588684082
1059239833,41.0110982,28.9431499,27.46267700195312
1059239837,41.0121302,28.9438546,25.46687316894531
1059239838,41.0130278,28.9445724,20.93431282043457
1059239841,41.0133601,28.9448308,15.61521625518799
1059239847,41.0135165,28.9450437,14.76432418823242
1059239862,41.0107542,28.9444988,23.15036392211914
1059239865,41.0120005,28.9450341,20.07500648498535
1059239895,41.0139191,28.9399216,33.91625595092773
1059239898,41.0138931,28.939995,33.72617721557617
1059239922,41.0118527,28.9463397,16.01335906982422
1059239926,41.0110331,28.9460481,21.94456481933594
1059239944,41.0119741,28.945687,18.86532783508301
1059239948,41.0119048,28.9470359,14.26504993438721
1059239951,41.0120883,28.9471092,13.23868083953857
1059239981,41.01072,28.9468886,18.24327659606934
1059239992,41.0115489,28.9464957,18.22611045837402
1059239994,41.0113054,28.9470861,15.58333396911621
1059240010,41.0118448,28.9478966,12.23513603210449
1059240028,41.0105469,28.9484293,13.6171703338623
1059240030,41.0107909,28.9476018,13.92798042297363
1059240036,41.0113815,28.9477307,13.18262100219727
1059240044,41.0117266,28.9472773,14.23892307281494
1059240050,41.01084,28.9469658,17.54031181335449
1059240057,41.0105849,28.947538,14.60949802398682
1059240066,41.010054,28.9473087,16.13114356994629
1059240076,41.0111351,28.9485225,12.17968940734863
1059240226,41.0154379,28.9411157,18.26624488830566
1059240228,41.0156364,28.9416107,17.63551902770996
1059240231,41.0155173,28.9421171,17.40531730651855
1059240248,41.0158906,28.9413168,17.89635276794434
1059240255,41.0162326,28.9416029,17.75001335144043
1059240262,41.0159965,28.9413739,17.80337142944336
1059240265,41.0155248,28.9410814,17.48514938354492
1059240309,41.0123813,28.9394714,39.38605499267578
1059240352,41.0160677,28.9418642,17.70423126220703
1059240365,41.0158251,28.9416332,17.09797477722168
1059525651,41.0234712,28.9599841,5.339141368865967
1059525658,41.0231608,28.960352,3.167417764663696
1059525660,41.0227768,28.9608172,1.631533265113831
1059525706,41.0224633,28.9604015,3.229426145553589
1059525711,41.0220472,28.9603937,5.178473472595215
1059525745,41.0216009,28.9604127,5.028367519378662
1059525787,41.0215608,28.9623153,2.116394519805908
1059525877,41.0227327,28.9612729,0.1302052885293961
1059525886,41.0229129,28.9612874,0.3645095527172089
1059525915,41.0228377,28.9618867,2.051587581634521
1059526006,41.0223147,28.9614059,0.2630411386489868
1059526040,41.0219355,28.9608697,5.051910877227783
1059526259,41.0236207,28.9606402,0.9819989204406738
1059526297,41.0168308,28.9507076,49.29817199707031
1059526385,41.0148221,28.9546397,38.07069396972656
1059526402,41.0165634,28.9562579,30.06955909729004
1059526409,41.0192139,28.9583884,14.26132202148438
1059526589,41.016873,28.9563599,28.91133308410645
1059526598,41.0148749,28.9545582,37.49280166625977
1059526667,41.0149894,28.9536859,39.02284240722656
1059526719,41.0184523,28.9683933,1.527629017829895
1059526741,41.0182081,28.9688064,2.335894107818604
1059526756,41.0183543,28.9678244,2.014252424240112
1059526784,41.0185383,28.9679652,0.972844660282135
1059527263,41.026699,28.9579495,0.6292287707328796
1059527274,41.0262996,28.9587084,0.1862690448760986
1059527324,41.0224998,28.961221,0.9507200717926025
1059527368,41.0190647,28.965604,1.663458108901978
1059528111,41.0267628,28.9584223,0.5720720291137695
1059528115,41.0268633,28.9581231,0.499531477689743
1059528151,41.027893,28.956687,0.3063318729400635
1059528168,41.0283024,28.9552565,0.7507262229919434
1059536650,41.0143395,28.955063,38.43259811401367
1059851510,41.018729,28.947015,53.89648056030273
1059851512,41.0183372,28.9474083,52.39479064941406
1059851521,41.0170534,28.9489301,47.03507995605469
1059851524,41.0174814,28.9496468,50.06853103637695
1059851532,41.0167693,28.9438899,29.28050231933594
1059851534,41.0170951,28.944437,36.27556610107422
1059851546,41.0153002,28.9531132,40.0455322265625
1059851548,41.0153889,28.9531905,39.83216094970703
1059851580,41.0171039,28.9453895,40.20183944702148
1059851581,41.0180707,28.9469527,50.00118637084961
1059851584,41.0184097,28.9475753,53.03163146972656
1059851585,41.0188072,28.9482938,52.5879020690918
1059851593,41.0180633,28.9479083,52.11385726928711
1059851602,41.0167722,28.9492521,46.2983283996582
1059851607,41.0192141,28.9478636,56.3974494934082
1059851614,41.0188413,28.9471994,55.21517944335938
1059851616,41.018458,28.9465493,50.71497344970703
1059851620,41.0178793,28.9455408,44.22788619995117
1059851622,41.0175495,28.944936,36.27716064453125
1059851638,41.0192693,28.9467531,55.23700714111328
1059851646,41.0145159,28.9443671,16.8953800201416
1059851647,41.0150424,28.9450069,22.63234329223633
1059851652,41.0157574,28.945864,31.99114227294922
1059851654,41.016249,28.9464729,40.89218902587891
1059851678,41.0147317,28.9454712,17.8897533416748
1059851683,41.0154406,28.9462899,29.45451927185059
1059851689,41.0159623,28.9469231,40.40133666992188
1059851694,41.0162437,28.9472693,40.55043792724609
1059851700,41.0165346,28.9476009,41.16316986083984
1059851710,41.0140319,28.9474826,25.67938995361328
1059851712,41.013733,28.9486658,22.09890747070312
1059851716,41.015671,28.948349,40.8549919128418
1059851718,41.015949,28.947833,40.37516021728516
1059851723,41.0171463,28.9463155,42.72099304199219
1059851739,41.0166816,28.9474528,42.16352844238281
1059851750,41.017009,28.9480212,43.49965286254883
1059851761,41.013748,28.9455053,14.79024696350098
1059851767,41.014762,28.9439702,15.88573837280273
1059851777,41.014704,28.9437615,15.4926929473877
1059851787,41.0173309,28.9433599,31.53121185302734
1059851790,41.0172592,28.9433929,29.64522361755371
1059851792,41.016,28.9445891,30.80810546875
1059851812,41.016898,28.9428322,19.9619255065918
1059851819,41.0156553,28.9441366,25.74334907531738
1059851821,41.0153194,28.9446273,24.29010772705078
1059851826,41.0142568,28.9461284,17.88168334960938
1059851832,41.0164594,28.9422186,18.60085487365723
1059851833,41.0153728,28.9438177,20.84168815612793
1059851841,41.016047,28.9454602,32.2089958190918
1059851855,41.014332,28.9489492,30.3053035736084
1059851859,41.0145595,28.9479339,30.99044609069824
1059851862,41.0147477,28.9475984,31.27969169616699
1059851866,41.0150349,28.9469784,27.53911781311035
1059851884,41.0163778,28.945108,35.20457077026367
1059851908,41.0153417,28.9480857,40.86985778808594
1059851910,41.0159609,28.9486032,44.10214996337891
1059851913,41.0162346,28.9487941,45.457275390625
1059851924,41.0172439,28.9498989,47.60828018188477
1059851959,41.0185526,28.9487374,52.27187728881836
1059851963,41.0184785,28.9486116,51.32609558105469
1059851965,41.0177291,28.9472968,48.85224151611328
1059851969,41.017391,28.9467471,45.49423217773438
1059851972,41.0167824,28.9457232,36.2879524230957
1059851985,41.0149972,28.9433432,16.75450134277344
1059851997,41.0165937,28.9483974,40.25063323974609
1059851998,41.0162474,28.9480801,38.20397567749023
1059851999,41.0156242,28.947529,37.70717620849609
1059852001,41.01386,28.9456381,14.64189147949219
1059852013,41.0136141,28.9453364,14.7852668762207
1059852026,41.0186154,28.9455885,49.55247116088867
1059852031,41.0189009,28.9460718,50.98117065429688
1059852033,41.0196582,28.9474137,51.21269989013672
1059852035,41.0197254,28.9475293,50.99312210083008
1059852048,41.0179902,28.9444942,38.79022216796875
1059852065,41.0165552,28.9421928,18.22817039489746
1059852068,41.0164808,28.9420679,17.80850219726562
1059852087,41.0164589,28.9416015,17.83744239807129
1059852094,41.0165512,28.9410867,18.55158424377441
1059852152,41.0153872,28.950217,45.42316818237305
1059852163,41.0157037,28.9497904,48.89044189453125
1059852196,41.0167493,28.9506279,48.47735595703125
1059852199,41.0161992,28.9502251,48.32350540161133
1059852217,41.0148099,28.9500365,41.07928085327148
1059852220,41.0147269,28.9502531,40.65311050415039
1059852226,41.0143286,28.9502944,36.08103179931641
1059852234,41.0144329,28.9500648,38.68816757202148
1059852279,41.0159946,28.9517929,46.39133453369141
1059852281,41.0155005,28.9515276,47.49650192260742
1059852284,41.0150343,28.9511866,42.15294647216797
1059852291,41.016639,28.9494877,46.16031265258789
1059852293,41.0164809,28.949699,47.58650588989258
1059852296,41.0159157,28.9507563,47.52512741088867
1059852304,41.0169282,28.9503482,49.38208770751953
1059852319,41.012555,28.9482235,13.31235122680664
1059852327,41.0132364,28.9468232,13.29789161682129
1059852333,41.0135344,28.9470704,20.66479682922363
1059852338,41.0151532,28.9484327,39.7559928894043
1059852342,41.0157592,28.9489615,46.19105529785156
1059852356,41.0136107,28.9498125,21.78211975097656
1059852359,41.0145256,28.9498414,39.07451629638672
1059852374,41.014043,28.9511112,32.87419891357422
1059852387,41.0135874,28.9513729,31.60287475585938
1059852434,41.0148234,28.9490895,34.97293472290039
1059852478,41.0151652,28.9500385,43.70889282226562
1059852486,41.0153614,28.9504214,45.0909309387207
1059852505,41.0142967,28.952158,32.95196914672852
1059852551,41.0164089,28.9511584,46.77957916259766
1059852587,41.0134817,28.9534408,30.45708465576172
1059852668,41.0141761,28.9520163,32.49008178710938
1059852704,41.0122869,28.9510025,18.89476585388184
1059852720,41.0129631,28.9520927,24.66075897216797
1059852770,41.0125022,28.9491876,16.92394828796387
1059852773,41.0129658,28.9498095,19.90589141845703
1059852776,41.0124781,28.9531842,25.18204116821289
1059852781,41.0125859,28.9529603,25.47707176208496
1059852789,41.0127867,28.9525501,26.59475135803223
1059852838,41.0113698,28.9528079,17.32044219970703
1059852861,41.0122405,28.95214,17.52802085876465
1059852876,41.0137388,28.9528848,32.95830154418945
1059852879,41.0129418,28.9522589,26.26484489440918
1059852942,41.0123237,28.9481528,13.18796062469482
1059852958,41.0118532,28.9499344,13.87634181976318
1059852975,41.0128029,28.9489296,18.96115112304688
1059852984,41.0131587,28.948431,18.99526023864746
1059853023,41.013301,28.9510547,26.95110702514648
1059853078,41.0136365,28.9486041,18.37883567810059
1059853094,41.0132421,28.9494511,21.01810264587402
1059853103,41.0125612,28.950456,20.1336612701416
1059853164,41.0132357,28.9509989,25.83723640441895
1059853170,41.0126305,28.9505089,20.41996383666992
1060106594,41.0253487,28.9325512,36.64815902709961
1060106595,41.0251623,28.9329089,37.46918869018555
1060106597,41.024433,28.9338413,36.23013687133789
1060106600,41.024009,28.9336348,33.60114669799805
1060106603,41.0242587,28.9333643,34.61615753173828
1060106610,41.025045,28.9326575,36.63397598266602
1060106613,41.0240471,28.9330477,32.76606750488281
1060106614,41.0242723,28.9358652,46.42662048339844
1060106616,41.0254851,28.9333263,46.35249328613281
1060106628,41.0300587,28.9355384,74.25597381591797
1060106630,41.0215936,28.9352343,28.2746524810791
1060106633,41.0222161,28.9362813,36.27390289306641
1060106640,41.0254755,28.9343582,47.79277420043945
1060106645,41.0237497,28.9335753,32.66482543945312
1060106654,41.0231551,28.9331305,31.70811462402344
1060106657,41.0227197,28.9325959,31.95400047302246
1060106658,41.0225537,28.9324129,31.65810775756836
1060106663,41.0248046,28.9320586,35.49544906616211
1060106666,41.0245755,28.9322906,33.52006530761719
1060106667,41.0243804,28.9320121,33.39912796020508
1060106670,41.024944,28.9325083,36.48244094848633
1060106676,41.0196564,28.9370024,23.38327980041504
1060106684,41.0211138,28.9382,32.56830978393555
1060106686,41.0213971,28.938217,34.69319534301758
1060106687,41.0216758,28.9381737,37.88837814331055
1060106693,41.0216941,28.9393157,46.72465515136719
1060106698,41.0216415,28.9378713,35.49973678588867
1060106701,41.0224638,28.9341474,29.45058822631836
1060106705,41.0212377,28.9357147,27.71091079711914
1060106716,41.0232624,28.9434022,59.4918212890625
1060106721,41.023344,28.9424467,60.77995300292969
1060106724,41.0234944,28.9419168,61.77423858642578
1060106729,41.0236654,28.9412057,63.50585174560547
1060106732,41.022728,28.9419748,57.03052139282227
1060106738,41.0241322,28.9421493,63.09031295776367
1060106744,41.0218891,28.9370673,35.65361022949219
1060106761,41.0227818,28.9429194,57.07505416870117
1060106762,41.0226452,28.9432693,53.67807769775391
1060106763,41.0224581,28.9441623,53.62484359741211
1060106764,41.0231617,28.943538,58.49495697021484
1060106766,41.0215801,28.9435836,41.28458023071289
1060106769,41.0221822,28.942865,49.33270645141602
1060106772,41.0223732,28.9425486,56.67276763916016
1060106783,41.0240459,28.940971,64.70650482177734
1060106791,41.0219187,28.942189,48.06830978393555
1060106793,41.0221605,28.9417149,51.03177642822266
1060106800,41.0232589,28.9405939,63.41218566894531
1060106803,41.0220705,28.9386291,45.79071807861328
1060106805,41.0221366,28.9387884,47.3199577331543
1060106806,41.0222694,28.9391841,49.7877197265625
1060106811,41.0221983,28.9401451,50.79639053344727
1060106821,41.0191742,28.9450511,46.91108703613281
1060106822,41.0194471,28.9455191,49.986328125
1060106825,41.022855,28.9404326,58.2259635925293
1060106827,41.0217021,28.9399427,41.9295654296875
1060106828,41.0215129,28.9399739,40.71437835693359
1060106834,41.0210182,28.9395678,35.34168243408203
1060106844,41.020102,28.939578,27.64997863769531
1060106845,41.0206916,28.9399499,35.99827575683594
1060106848,41.0226334,28.9442963,54.32088851928711
1060106851,41.0221891,28.9439833,49.36502838134766
1060106857,41.0225004,28.9426344,57.36015701293945
1060106862,41.0201038,28.9441263,45.94144439697266
1060106863,41.0198256,28.9436301,41.99591064453125
1060106865,41.019477,28.943041,33.91161727905273
1060106868,41.0202082,28.9455095,52.01621246337891
1060106869,41.0206995,28.9450074,52.45206451416016
1060106872,41.0217305,28.9439434,43.13776016235352
1060106875,41.020449,28.9459207,53.53845977783203
1060106876,41.0212466,28.9451505,51.01948928833008
1060106878,41.0219615,28.9443676,47.59386825561523
1060106881,41.0204443,28.9445569,48.93087768554688
1060106883,41.0181686,28.9433565,32.58268737792969
1060106884,41.0185242,28.9439808,37.83757400512695
1060106887,41.0193749,28.9440953,41.69795989990234
1060106889,41.0201234,28.9433534,43.50746154785156
1060106892,41.0215605,28.941896,44.60382843017578
1060106902,41.0211764,28.9459173,52.43500900268555
1060106906,41.021684,28.9408472,44.92412567138672
1060106907,41.0216854,28.940693,45.82860565185547
1060106928,41.0209792,28.9405519,46.16613006591797
1060106930,41.0207849,28.9407301,41.46404647827148
1060106932,41.021135,28.941411,42.54936599731445
1060106934,41.0204607,28.9410345,35.46965408325195
1060106936,41.0208304,28.941719,42.10139465332031
1060106940,41.0171386,28.9406807,19.52976036071777
1060106941,41.0173643,28.9409959,20.36469841003418
1060106943,41.0178618,28.9418612,21.37233352661133
1060106944,41.0181997,28.9424619,27.37527275085449
1060106945,41.0185228,28.942999,31.01476669311523
1060106949,41.0169826,28.9428061,20.12208557128906
1060106952,41.0174451,28.9423114,20.53738021850586
1060106962,41.0187352,28.940982,21.68027496337891
1060106971,41.0177526,28.9428923,34.08305358886719
1060106974,41.0169991,28.9415557,19.15862655639648
1060106978,41.0206533,28.9443456,48.04112243652344
1060106980,41.0203897,28.9438353,46.22743606567383
1060106981,41.0197694,28.9427676,34.44153594970703
1060106983,41.0193997,28.9421081,28.36531639099121
1060106985,41.0190703,28.9415777,24.01543426513672
1060106993,41.019261,28.9457052,50.36680603027344
1060106994,41.0200268,28.9470436,54.33048248291016
1060106996,41.0196035,28.9453627,49.73201751708984
1060106998,41.0203536,28.9467234,54.55718612670898
1060107001,41.0206946,28.9464024,53.158203125
1060107002,41.0199386,28.9450503,49.46641159057617
1060107004,41.0196545,28.9445728,46.07517242431641
1060107005,41.019024,28.9435035,33.7370491027832
1060107007,41.0186608,28.942853,28.61383819580078
1060107012,41.0185333,28.9386495,21.90403175354004
1060107014,41.0186615,28.9384474,22.17591094970703
1060107017,41.0209303,28.9351867,27.03643226623535
1060107046,41.018638,28.9385606,21.97221183776855
1060107048,41.0184125,28.9386348,20.78752899169922
1060107051,41.0182602,28.9386255,20.25415229797363
1060107061,41.0222259,28.9448199,53.74639129638672
1060107067,41.0198741,28.9407596,29.18466377258301
1060107072,41.0187019,28.9381939,21.55339813232422
1060107074,41.0187522,28.9379147,20.90152740478516
1060107291,41.0308963,28.9362261,73.32819366455078
1060107301,41.0297108,28.9368632,68.79718017578125
1060107304,41.0291947,28.9367506,66.9809341430664
1060107311,41.0292739,28.9370595,67.30029296875
1060107321,41.0297274,28.9370466,69.27203369140625
1060107324,41.0301875,28.9369561,71.00297546386719
1060107329,41.0307827,28.9365626,72.91580200195312
1060107379,41.0257884,28.9402505,63.45769882202148
1060107394,41.0289068,28.9371537,64.62760925292969
1060107398,41.0288504,28.9369412,65.45191192626953
1060107400,41.0286269,28.9371409,64.85659790039062
1060430743,41.0246566,28.9404284,64.97091674804688
1060430745,41.0251837,28.9393614,64.2911605834961
1060431211,41.030596,28.9504665,1.715739846229553
1060431219,41.030868,28.9508484,0.343593418598175
1060431223,41.0310394,28.9508473,0.4216634631156921
1060431302,41.0306804,28.9511639,0.1239337623119354
1060431309,41.0304564,28.9507174,1.002685189247131
1060431325,41.0395328,28.9434088,0.0590699128806591
1060431391,41.0376533,28.9450805,1.607245564460754
1060431395,41.0370729,28.9454168,1.146235823631287
1060431418,41.0325203,28.9482462,2.336762666702271
1060431473,41.0370108,28.9455737,1.320146203041077
1060431481,41.0386519,28.9447105,0.1796598434448242
1060490635,41.0227306,28.9373699,46.42171478271484
1060490639,41.0227117,28.937843,49.58112335205078
1060490649,41.0226919,28.9386898,53.12786102294922
1060490653,41.0229934,28.9388797,54.66678237915039
1060490656,41.0231918,28.9389922,54.97101211547852
1060490657,41.0230461,28.9395515,55.972900390625
1060490660,41.0228295,28.9394148,55.33072280883789
1060490663,41.0228843,28.9383123,54.36413955688477
1060490665,41.0223459,28.9378844,45.12279891967773
1060490669,41.0235359,28.9392375,57.50697326660156
1060490670,41.0234751,28.9396642,58.50837707519531
1060490674,41.0217062,28.939062,45.68477630615234
1060490682,41.0225004,28.9376354,45.60434722900391
1060490686,41.0231514,28.9369686,47.19089126586914
1060490703,41.0222296,28.9368009,38.45685577392578
1060490704,41.0226481,28.9393267,53.58540725708008
1060490706,41.0225191,28.9398055,53.18220138549805
1060490708,41.0224134,28.9402516,52.70620346069336
1060490723,41.0250016,28.9396784,63.64608764648438
1060490724,41.0246683,28.9394244,62.91589736938477
1060490733,41.024155,28.9388072,58.29889297485352
1060490734,41.0236998,28.9384287,56.35255432128906
1060490739,41.0230027,28.9379945,52.9719123840332
1060490744,41.0240574,28.9378083,57.10442733764648
1060490746,41.0238501,28.938164,56.52270126342773
1060490750,41.0246398,28.9382122,61.10823822021484
1060490751,41.0244161,28.9386367,59.79940795898438
1060490752,41.0242001,28.9395928,61.10394287109375
1060490754,41.0240168,28.9399795,64.24436950683594
1060490763,41.0236956,28.9407819,64.02686309814453
1060490767,41.0251026,28.940728,64.7459716796875
1060490769,41.0247971,28.9405092,64.80624389648438
1060490773,41.0243414,28.940215,65.48597717285156
1060490777,41.0237371,28.9397655,60.58322143554688
1060490786,41.0234565,28.9406773,63.45880889892578
1060490792,41.0245071,28.9398306,63.75973510742188
1060490794,41.02483,28.9400664,64.00804901123047
1060490796,41.0249596,28.9401511,64.10248565673828
1060490798,41.025329,28.9404668,64.24763488769531
1060490802,41.024581,28.9387992,61.64151000976562
1060490804,41.0248404,28.9390391,63.34605026245117
1060490808,41.025369,28.9395246,64.1130599975586
1060490811,41.0259428,28.9399019,64.26670837402344
1060490815,41.0256215,28.9401825,63.5802116394043
1060490825,41.025181,28.9398308,63.93943405151367
1060490834,41.025902,28.9394604,64.17203521728516
1060490836,41.0260189,28.9392278,65.75894165039062
1060490838,41.026171,28.9389978,67.04410552978516
1060490841,41.0263178,28.9387776,65.82137298583984
1060490847,41.0260558,28.9384289,64.60640716552734
1060490853,41.0256867,28.9389676,64.63490295410156
1060490858,41.0258374,28.9387134,64.75023651123047
1060490862,41.0240418,28.9414864,63.7495231628418
1060490864,41.0244626,28.9416255,64.09886932373047
1060490877,41.024735,28.9412593,64.74243927001953
1060490878,41.024549,28.9411026,64.95903778076172
1060490881,41.0241274,28.9409034,64.9792251586914
1060490903,41.0233771,28.9372063,50.43657684326172
1060490912,41.0242915,28.9365292,53.85032653808594
1060490930,41.0226576,28.9353473,35.27465438842773
1060490947,41.0227877,28.9346029,32.85922241210938
1060490954,41.0228771,28.9351286,34.02063751220703
1060490973,41.0255464,28.9392262,64.36475372314453
1060490979,41.0263365,28.9395598,61.85204696655273
1060490994,41.0251031,28.9376458,61.21663665771484
1060490997,41.0249642,28.9375303,60.56406402587891
1060491000,41.024588,28.9372684,57.59893417358398
1060491009,41.0250619,28.9373028,59.34818267822266
1060491011,41.0252216,28.9368478,55.54904174804688
1060491015,41.0253558,28.9360442,46.83072662353516
1060491018,41.0256647,28.9378924,61.6943359375
1060491021,41.0252387,28.9374535,60.45067596435547
1060491034,41.0254872,28.9388217,64.1112060546875
1060491043,41.0252073,28.9385737,64.37194061279297
1060491046,41.0251061,28.9384854,64.14053344726562
1060491049,41.0247813,28.9382962,62.48523712158203
1060491052,41.0242767,28.9379953,58.19340896606445
1060491058,41.0230092,28.9367618,44.92354202270508
1060491062,41.0225964,28.936302,40.93227767944336
1060491064,41.0223318,28.9361631,37.19207382202148
1060491071,41.0233988,28.9362631,42.72351455688477
1060491107,41.025878,28.9341416,53.94308090209961
1060491108,41.0260806,28.9333299,50.31283950805664
1060491109,41.0256446,28.9357111,48.32463836669922
1060491110,41.0259139,28.9357195,50.86794662475586
1060491112,41.0265085,28.9357474,60.01831436157227
1060491118,41.0258998,28.9360599,53.9241828918457
1060491133,41.0248461,28.9366963,55.08712387084961
1060491138,41.0249848,28.9360115,48.86233520507812
1060491154,41.0266822,28.9372006,62.21475982666016
1060491155,41.026197,28.9378432,62.63018798828125
1060491166,41.0269384,28.9332643,55.19482803344727
1060491176,41.0256974,28.9334075,48.11816787719727
1060491200,41.0265271,28.9351244,61.0556640625
1060491219,41.026726,28.933873,57.41009902954102
1060491257,41.0274838,28.9383751,51.4605598449707
1060491270,41.0272882,28.9380914,58.85229110717773
1060491272,41.0271183,28.9377924,64.2571792602539
1060491274,41.0268755,28.9374385,64.09075927734375
1060491275,41.0263482,28.9368334,57.71052551269531
1060491278,41.0274326,28.9373713,69.34407806396484
1060491281,41.0268794,28.938053,62.40420913696289
1060491283,41.0266166,28.9383915,64.36326599121094
1060491290,41.0270488,28.9383279,58.47762680053711
1060491295,41.026519,28.9361375,57.82474136352539
1060491300,41.027301,28.9347358,64.43958282470703
1060491318,41.0259382,28.9375023,60.30199813842773
1060491361,41.0273472,28.9363862,64.76854705810547
1060491363,41.0271733,28.9370508,66.72698974609375
1060491364,41.0263716,28.9380552,63.69382858276367
1060491376,41.0254533,28.9369613,56.9653205871582
1060491379,41.0256043,28.9360504,50.44306945800781
1060491381,41.0269009,28.9390048,55.98213195800781
1060491388,41.0267562,28.9386535,62.45715713500977
1060491391,41.0277581,28.9375953,65.60760498046875
1060491412,41.0281761,28.9376057,62.69477462768555
1060491416,41.0277616,28.9371412,67.73287200927734
1060491421,41.0272192,28.9366747,65.3565902709961
1060491446,41.027856,28.9367833,66.83524322509766
1060491447,41.0279341,28.9365148,66.34014129638672
1060491457,41.0282638,28.9360633,67.98674011230469
1060491475,41.028387,28.9369191,65.22008514404297
1060491482,41.0282515,28.9366623,66.26470184326172
1060491509,41.0220476,28.9366255,35.67130661010742
1060491531,41.029341,28.9349751,70.3515396118164
1060491562,41.0280314,28.9377597,60.72431182861328
1060491582,41.0285903,28.937174,64.96588134765625
1061622423,41.0220774,28.9515508,44.72221374511719
1061622427,41.0219051,28.9520983,43.39541244506836
1061622430,41.0215935,28.9525575,47.11029815673828
1061622459,41.0229368,28.9526869,34.4931640625
1061622461,41.0226937,28.9535158,37.53018951416016
1061622463,41.0225712,28.9540572,37.8170166015625
1061622464,41.0223005,28.9549673,37.00509262084961
1061622468,41.0218819,28.9555021,34.27086639404297
1061622477,41.0200015,28.9533535,56.44198226928711
1061622487,41.0194935,28.9527015,58.59276580810547
1061622506,41.0231368,28.9496506,54.62472915649414
1061622510,41.0225727,28.9495075,60.61130523681641
1061622522,41.0231334,28.9505837,47.40153121948242
1061622525,41.0225365,28.9504094,48.51353073120117
1061622539,41.0214796,28.9497337,60.51411437988281
1061622543,41.0213562,28.9490598,65.4509506225586
1061622546,41.0211577,28.9486858,67.5183334350586
1061622565,41.0222115,28.9531999,39.59066772460938
1061622570,41.0225313,28.9524751,36.30571365356445
1061622580,41.0227528,28.9518422,37.85944747924805
1061622594,41.0209655,28.9518569,57.54819869995117
1061622618,41.0213182,28.9514787,55.30172729492188
1061622658,41.0217422,28.9510972,50.25061416625977
1061622681,41.0205391,28.9475359,57.20793151855469
1061622686,41.0210482,28.9470465,58.39201736450195
1061622689,41.0216109,28.946503,58.48745346069336
1061622690,41.0220827,28.946028,58.96989059448242
1061622692,41.0225878,28.9455108,65.28958892822266
1061622693,41.0230269,28.9449095,60.36811447143555
1061622700,41.0235009,28.9439387,62.18363952636719
1061622733,41.020854,28.9483761,66.18119812011719
1061622737,41.0207686,28.9480015,63.4564323425293
1061622740,41.0202195,28.947051,55.30694580078125
1061622748,41.0213199,28.947467,67.23118591308594
1061622750,41.0218536,28.9469511,67.39031982421875
1061622751,41.0223253,28.9464598,63.11759185791016
1061622754,41.0228204,28.9459097,65.10350036621094
1061622756,41.0233548,28.9454537,68.95262908935547
1061622767,41.021598,28.9479041,68.05032348632812
1061622770,41.0221436,28.9473969,67.38951110839844
1061622774,41.0225782,28.946903,66.62382507324219
1061622777,41.0230943,28.9463961,67.90563201904297
1061622779,41.023594,28.9458819,70.71858978271484
1061622800,41.0233831,28.9469006,69.38274383544922
1061622803,41.0228888,28.9474039,68.30171203613281
1061622814,41.0223991,28.9478601,67.65242767333984
1061622832,41.0214222,28.9546905,42.47987747192383
1061622844,41.0214004,28.9554495,37.53752899169922
1061622850,41.0210134,28.9553121,38.24452972412109
1061622877,41.0227172,28.9443764,54.52106475830078
1061622882,41.0229404,28.9445288,56.410888671875
1061622895,41.0230328,28.9439378,57.60427856445312
1061622917,41.0208269,28.9547096,43.79892730712891
1061622924,41.0207648,28.9551269,39.64162063598633
1061622935,41.0209768,28.9554828,38.03582000732422
1061622944,41.02037,28.9550634,42.00620651245117
1061622976,41.0215312,28.9537797,49.49940490722656
1061622981,41.021769,28.9559069,31.57144165039062
1061623073,41.0221335,28.9538406,43.13239288330078
1061623076,41.0213915,28.9529867,50.41913986206055
1061623080,41.021044,28.9526094,55.58405303955078
1061623085,41.0206913,28.9522994,55.51900482177734
1061623090,41.0202962,28.9518506,60.39690017700195
1061623114,41.0206977,28.9532061,54.69295501708984
1061623116,41.0207033,28.9536736,53.3157844543457
1061623124,41.0205677,28.9551155,40.70094299316406
1061623161,41.0203002,28.954054,50.77418518066406
1061623182,41.0209353,28.955739,36.8047981262207
1061623186,41.0210488,28.9551738,38.38771057128906
1061623192,41.0210357,28.9547161,43.07111740112305
1061623218,41.0195725,28.9549642,44.47762680053711
1061623254,41.0204886,28.9563082,35.03180694580078
1061623258,41.0202005,28.9561138,35.10118103027344
1061623260,41.0198981,28.9559503,36.42323684692383
1061623294,41.0198405,28.9569976,34.71341705322266
1061623301,41.0200707,28.9564495,34.9993782043457
1061623347,41.0194855,28.9567738,35.96375274658203
1061623358,41.0211342,28.9537431,52.65152359008789
1061623386,41.0199046,28.9535551,56.22028350830078
1061623392,41.0203524,28.9528241,56.68130874633789
1061623409,41.0221039,28.9506625,49.61674118041992
1061623433,41.0190107,28.9577592,18.59696960449219
1061623472,41.0208473,28.9557316,36.73057174682617
1061623486,41.0192431,28.9571636,33.89460372924805
1061623522,41.0188004,28.9574163,26.61972999572754
1061623613,41.0187459,28.9555562,41.96589279174805
1061623625,41.0186632,28.9558207,40.04486846923828
1061623650,41.018371,28.9565957,34.70377731323242
1061623707,41.0194407,28.9534375,55.99409866333008
1061623737,41.019122,28.9538833,51.68762588500977
1061623741,41.0188868,28.9543123,47.28955078125
1061623749,41.0193687,28.9541861,49.06356430053711
1061623755,41.0188219,28.9533681,55.12018203735352
1061623779,41.0191844,28.9549386,43.03137969970703
1061623789,41.0185982,28.9568614,30.09880447387695
1061623885,41.0185377,28.9562213,36.54185485839844
1061623918,41.0224305,28.9479905,67.64219665527344
1061623927,41.0218024,28.9483093,67.31950378417969
1061623932,41.020756,28.9487861,63.87590408325195
1061623974,41.0218871,28.9496727,60.28334045410156
1061624009,41.0211917,28.9500225,58.70491409301758
1061624019,41.0231727,28.9512329,42.64320755004883
1061624038,41.0231439,28.9486948,67.65111541748047
1061624042,41.0232167,28.9480613,69.06991577148438
1061624045,41.0236786,28.9474277,69.95183563232422
1061624049,41.023845,28.9471935,70.20055389404297
1061624075,41.0224659,28.9481336,67.6041488647461
1061624086,41.0217693,28.9455157,52.63879776000977
1061624194,41.0168203,28.9557472,32.47519683837891
1061624202,41.0171055,28.9560294,29.84094047546387
1061624232,41.0174653,28.955423,37.58555603027344
1061624248,41.0185162,28.9536592,51.72172164916992
1061624255,41.0191237,28.9530272,58.17600250244141
1061624262,41.0199242,28.9522518,60.08306884765625
1061624266,41.0216638,28.9504466,51.36524963378906
1061624285,41.0218474,28.9489199,66.10430908203125
1061624304,41.0207706,28.9465201,52.51609802246094
1061624325,41.0207685,28.9492661,63.33993530273438
1061624332,41.0225071,28.9487661,67.33995056152344
1061624339,41.0243607,28.9485461,67.23231506347656
1061624387,41.0213215,28.9459839,52.29268646240234
1061624398,41.0224135,28.9508299,47.59011077880859
1061624454,41.0185423,28.9520686,61.30105590820312
1061624522,41.0171864,28.9551461,39.19412994384766
1061624542,41.0178717,28.9540994,48.48601913452148
1061624548,41.0183304,28.9533632,52.61174774169922
1061624556,41.0189442,28.9527349,60.67684936523438
1061624568,41.0213513,28.9503131,56.25497817993164
1061624672,41.0207232,28.9484796,64.02790832519531
1061624724,41.0232331,28.9512648,42.24631118774414
1061624988,41.0169377,28.9548969,41.06709289550781
1061624996,41.017603,28.9538261,50.90109634399414
1061625001,41.0181329,28.9529921,53.11693572998047
1061625020,41.0187392,28.9523675,61.11714935302734
1061625035,41.0195453,28.9515496,62.1219367980957
1061625104,41.0183131,28.9516499,61.76444625854492
1061625106,41.017941,28.9520992,58.71915054321289
1061625109,41.017662,28.9522378,57.59951019287109
1061625154,41.0172353,28.9509263,57.24588775634766
1061625158,41.0175349,28.9514308,59.97550582885742
1061625174,41.0171636,28.9518172,58.57505798339844
1061625181,41.0179975,28.9509845,60.78979873657227
1061625197,41.017682,28.9504414,59.58844757080078
1061625204,41.0167378,28.9514224,54.66874313354492
1061625212,41.0161954,28.9517022,46.42886352539062
1061625233,41.0164797,28.954435,40.4998893737793
1061625280,41.0222933,28.9449352,54.711669921875
1061625315,41.0165052,28.9512526,47.02268981933594
1061625326,41.015932,28.9521555,46.88290786743164
1061625330,41.0171744,28.9533919,53.07360458374023
1061625380,41.0236224,28.9564926,23.35242652893066
1061625447,41.0173699,28.949916,48.87457656860352
1061625495,41.0165769,28.9545356,40.88724899291992
1061753074,41.0266595,28.9542825,17.3742790222168
1061753077,41.0263276,28.9547207,16.07028770446777
1061753083,41.0261811,28.9548944,16.18852424621582
1061753091,41.0260138,28.9550192,17.2897777557373
1061753093,41.0258187,28.9551874,18.49630928039551
1061753098,41.0273602,28.9563448,2.29215407371521
1061753102,41.0272235,28.9561754,4.600609302520752
1061753114,41.026924,28.9558244,10.05465221405029
1061753116,41.0266424,28.9554547,14.41261005401611
1061753119,41.025726,28.9542073,21.64427375793457
1061753127,41.0251061,28.9532549,24.01831245422363
1061753135,41.0245826,28.9528194,29.79317855834961
1061753154,41.0254659,28.9520442,38.72577285766602
1061753160,41.0258486,28.951323,48.41555404663086
1061753163,41.0250236,28.9497409,50.49444580078125
1061753189,41.0237476,28.9486136,68.28446197509766
1061753194,41.0245156,28.9587027,4.270899295806885
1061753196,41.0244177,28.9585457,5.598056793212891
1061753210,41.0270095,28.9550398,10.18011283874512
1061753213,41.0272451,28.9553747,6.663074493408203
1061753217,41.0275151,28.9556977,3.898307800292969
1061753221,41.0276904,28.955948,2.402844190597534
1061753230,41.0278126,28.9565086,0.3894646763801575
1061753249,41.027886,28.9556931,2.421726703643799
1061753250,41.0274948,28.9561417,2.382875680923462
1061753252,41.0272201,28.9565391,2.692909717559814
1061753253,41.0270703,28.9563666,5.345554828643799
1061753256,41.0268002,28.9560156,10.04174995422363
1061753259,41.0264962,28.9556457,14.98474025726318
1061753271,41.0267309,28.9567447,6.624844074249268
1061753274,41.027355,28.9559695,4.358765125274658
1061753278,41.027645,28.9552394,4.286811828613281
1061753286,41.0270786,28.9556302,8.887042045593262
1061753288,41.0265465,28.9563928,7.37238073348999
1061753295,41.0267964,28.9552941,12.21649837493896
1061753316,41.0253407,28.957848,8.518637657165527
1061753319,41.025421,28.9580401,6.84673023223877
1061753332,41.0261986,28.9585576,0.1015596836805344
1061753346,41.0255393,28.9579628,6.750312328338623
1061753352,41.0268556,28.956943,4.751565933227539
1061753354,41.0266263,28.9571907,4.358739376068115
1061753362,41.0268021,28.9574271,1.422521233558655
1061753375,41.0259355,28.9567015,9.653458595275879
1061753383,41.0262646,28.957141,6.040802478790283
1061753402,41.0246853,28.9580534,9.245327949523926
1061753419,41.0261269,28.9572658,6.156042575836182
1061753431,41.0245042,28.9560767,23.25517463684082
1061753434,41.024437,28.9562482,23.06977272033691
1061753436,41.0242836,28.9567512,18.67649841308594
1061753458,41.0233527,28.9538414,35.92040634155273
1061753461,41.0232285,28.9543849,35.85247039794922
1061753495,41.0243638,28.9533739,28.26035690307617
1061753501,41.0242453,28.9537613,28.39605522155762
1061753503,41.0240978,28.954203,29.21493339538574
1061753515,41.0247878,28.9540393,25.77932739257812
1061753518,41.0238198,28.9535463,27.8362865447998
1061753527,41.0270059,28.9572106,1.28736937046051
1061753554,41.0236209,28.960236,2.483130931854248
1061753559,41.0234442,28.9607168,0.9664114713668823
1061753587,41.0254727,28.9554406,20.23057556152344
1061753589,41.0252039,28.9564138,14.51818656921387
1061753598,41.0255895,28.9565571,11.03080081939697
1061753609,41.0247871,28.9562161,19.36623954772949
1061753614,41.0238902,28.955688,27.85244369506836
1061753624,41.0245255,28.956969,14.96032047271729
1061753627,41.0250304,28.9553045,23.55503273010254
1061753628,41.0251557,28.9546868,24.32415962219238
1061753629,41.0254272,28.9545232,22.08500289916992
1061753632,41.0261327,28.9537723,18.02750778198242
1061753637,41.0248091,28.9551949,24.70612525939941
1061753647,41.0239896,28.9553383,29.55408668518066
1061753654,41.0273228,28.9540729,15.79725170135498
1061753660,41.0259711,28.9527918,34.72230911254883
1061753662,41.0258942,28.952478,37.61060333251953
1061753666,41.0256841,28.9522629,38.0638313293457
1061753674,41.0245426,28.9515486,36.65331268310547
1061753677,41.0235201,28.9512461,41.88616180419922
1061753689,41.0253271,28.9529082,26.02007102966309
1061753690,41.0249183,28.9536474,24.56556129455566
1061753692,41.0246551,28.9544836,26.35019683837891
1061753695,41.0244882,28.9550277,26.60737609863281
1061753769,41.025873,28.9556704,17.53878593444824
1061753799,41.0217735,28.9574675,20.20871543884277
1061753801,41.0220488,28.9559685,28.96764373779297
1061753864,41.0205686,28.957898,28.29899406433105
1061753871,41.0209098,28.9584,21.61380577087402
1061753891,41.0206886,28.9593083,7.634690761566162
1061753908,41.0207697,28.9562201,35.21554946899414
1061753914,41.0210268,28.9567239,27.03828239440918
1061753940,41.0221366,28.9575346,17.85364723205566
1061753950,41.0208161,28.9572723,29.35518455505371
1061753961,41.0204957,28.9569446,31.82649993896484
1061753996,41.0221943,28.957168,18.55927276611328
1061754009,41.0226284,28.957763,15.58417701721191
1061754011,41.0221679,28.9573881,18.03446197509766
1061754041,41.0235733,28.9545524,32.03401947021484
1061754043,41.0237061,28.9540204,29.25784873962402
1061754045,41.0239349,28.9531365,28.04327201843262
1061754047,41.0241423,28.9526124,29.78497695922852
1061754050,41.0243783,28.9520591,30.38518142700195
1061754052,41.0246614,28.9509919,49.8831787109375
1061754083,41.0226259,28.9597393,5.170961856842041
1061754097,41.0224563,28.9580435,15.04316902160645
1061754103,41.023383,28.9579526,6.567634105682373
1061754125,41.0240978,28.9580589,6.738636493682861
1061754134,41.0246477,28.9573212,12.76174640655518
1061754138,41.0241443,28.9548396,28.94647216796875
1061754143,41.0236614,28.9575969,7.552220344543457
1061754153,41.0245262,28.95843,6.264966487884521
1061754175,41.0223694,28.9560401,26.56182861328125
1061754181,41.0284814,28.954082,1.665919899940491
1061754184,41.0284637,28.9537381,1.474698305130005
1061754207,41.0271544,28.9548738,7.089090347290039
1061754209,41.0262614,28.9559302,15.39825439453125
1061754224,41.025057,28.9575542,11.16619873046875
1061754226,41.0249881,28.9576327,11.38486385345459
1061754246,41.0235675,28.9593732,5.122488021850586
1061754259,41.023194,28.9603,3.460824012756348
1061754273,41.0228334,28.9607275,1.762359499931335
1061754276,41.022517,28.9602566,4.086787700653076
1061754279,41.0223471,28.9600094,4.527304172515869
1061754292,41.0245956,28.9571986,13.42341136932373
1061754409,41.0260688,28.9556053,16.54385566711426
1061754482,41.0282073,28.9554145,0.7803375720977783
1061754485,41.0270985,28.9573754,0.2342173159122467
1061754704,41.0261014,28.9575718,6.169673919677734
1061754785,41.0264317,28.9478653,60.41029739379883
1061754791,41.0267646,28.9471202,62.56371307373047
1064221933,41.0301091,28.940769,37.05522537231445
1064221934,41.0299113,28.940557,39.34487533569336
1064221935,41.0295657,28.9402224,41.16017150878906
1064221937,41.029402,28.9400294,41.77886962890625
1064221940,41.0292362,28.9398606,44.29460144042969
1064221945,41.0297709,28.9395404,48.78699111938477
1064221949,41.0284926,28.9404218,44.66969680786133
1064221951,41.0281033,28.9400258,48.99435806274414
1064221970,41.0289022,28.9397733,46.99919509887695
1064221974,41.0286189,28.9392359,49.67482757568359
1064221976,41.028258,28.9404661,45.97708129882812
1064221980,41.0278838,28.941161,51.05440139770508
1064221994,41.0281619,28.9377842,61.78095626831055
1064221997,41.0289863,28.938658,55.46396255493164
1064222001,41.0294509,28.9391507,52.3045539855957
1064222005,41.0295663,28.9392707,51.8698844909668
1064222014,41.0299798,28.9398221,42.10447692871094
1064222016,41.0301781,28.9401493,38.73906707763672
1064222017,41.030407,28.9404533,37.92409133911133
1064222032,41.0313465,28.940916,37.57637405395508
1064222060,41.0298154,28.9412148,34.55885696411133
1064222062,41.0295911,28.9410735,37.52996826171875
1064222064,41.0292603,28.9406728,40.5441780090332
1064222067,41.0289109,28.9403222,43.37360382080078
1064222071,41.0286528,28.940152,45.65110015869141
1064222075,41.0282678,28.9397553,49.30906295776367
1064222085,41.0280065,28.9401882,48.77375793457031
1064222087,41.0283796,28.9406105,44.28173446655273
1064222089,41.0285936,28.9408394,42.59489822387695
1064222094,41.0289339,28.9412171,39.88506317138672
1064222097,41.029273,28.9416249,38.741943359375
1064222100,41.0296779,28.9420924,32.49966049194336
1064222110,41.0297476,28.9389953,52.59474563598633
1064222124,41.0280934,28.9418173,51.78257369995117
1064222130,41.0280263,28.9411869,49.22991943359375
1064222140,41.0273419,28.9418516,59.31206130981445
1064222142,41.0277747,28.9417919,53.50380706787109
1064222143,41.0280009,28.9418123,52.98595809936523
1064222144,41.0281945,28.9418475,49.44443893432617
1064222146,41.0286734,28.9419665,42.27604293823242
1064222147,41.0290611,28.9420711,40.69629669189453
1064222148,41.0295593,28.9425011,35.15621566772461
1064222152,41.028879,28.942625,44.5980224609375
1064222157,41.0276909,28.9423789,55.24639511108398
1064222158,41.0286442,28.9425773,45.75452041625977
1064222171,41.0280655,28.9424676,52.31144332885742
1064222179,41.027243,28.9465465,62.86843872070312
1064222185,41.0270728,28.9458749,61.27763366699219
1064222188,41.027061,28.945747,61.50593566894531
1064222192,41.027168,28.9450416,61.826904296875
1064222202,41.0269182,28.9464302,61.55554580688477
1064222210,41.0268467,28.9458166,62.08762741088867
1064222218,41.0278717,28.9463201,61.15799331665039
1064222222,41.0278887,28.9457497,58.92863845825195
1064222232,41.027953,28.9452776,56.30609893798828
1064222243,41.0273726,28.9457229,59.58101272583008
1064222252,41.0275531,28.9452129,60.39055252075195
1064222260,41.0274306,28.9412411,56.00569534301758
1064222264,41.0270857,28.9407959,53.49126052856445
1064222266,41.0267815,28.9402068,51.94179916381836
1064222268,41.0264119,28.9396667,61.14854431152344
1064222273,41.0269516,28.9412435,62.0800666809082
1064222278,41.0275968,28.9408692,51.97966766357422
1064222282,41.0264837,28.9408096,60.54049682617188
1064222291,41.02655,28.9409081,60.77412796020508
1064222293,41.0262228,28.9411023,65.16106414794922
1064222313,41.0266408,28.9437533,60.79533004760742
1064222315,41.0264662,28.9444259,64.7642822265625
1064222317,41.026796,28.9440841,57.40915298461914
1064222318,41.0266823,28.9444844,60.83535385131836
1064222332,41.0261952,28.9453011,66.7462158203125
1064222334,41.0266798,28.9453497,62.97364807128906
1064222337,41.0266521,28.9463039,62.87475204467773
1064222346,41.0268583,28.9449063,61.27256393432617
1064222348,41.0269265,28.9445505,60.50786209106445
1064222363,41.0281275,28.9448172,54.74535369873047
1064222375,41.0273041,28.9423497,58.37118911743164
1064222377,41.0272136,28.9429491,57.01451873779297
1064222379,41.0271213,28.9434075,54.68025588989258
1064222381,41.0270282,28.9439035,54.00748825073242
1064222382,41.0268473,28.944529,60.57227325439453
1064222390,41.0280059,28.9448009,56.05988311767578
1064222392,41.0280689,28.9442041,52.58997344970703
1064222395,41.0281251,28.9436412,50.97042846679688
1064222400,41.0282625,28.9429167,49.66691207885742
1064222401,41.0283557,28.9429262,48.488525390625
1064222408,41.0290451,28.9427952,41.72136688232422
1064222414,41.0283953,28.9425434,48.11233520507812
1064222418,41.0262744,28.9431009,68.64250946044922
1064222424,41.02864,28.9437115,44.77561950683594
1064222428,41.0291192,28.9439299,43.16389465332031
1064222434,41.0261939,28.9436385,67.19276428222656
1064222451,41.0254878,28.9425311,69.09097290039062
1064222453,41.0252058,28.9430426,69.12210845947266
1064222458,41.026113,28.9419927,69.12337493896484
1064222462,41.0258071,28.9424024,69.22566223144531
1064222463,41.025682,28.9422807,69.08246612548828
1064222464,41.0254976,28.9421048,68.74433135986328
1064222468,41.0252832,28.9419074,67.76508331298828
1064222474,41.0258639,28.9418954,69.10894775390625
1064222480,41.0256841,28.941818,68.81834411621094
1064222481,41.0292225,28.9436005,37.78418350219727
1064222487,41.0263279,28.9427314,70.07449340820312
1064222488,41.0253711,28.9417223,67.40450286865234
1064222489,41.0263603,28.9420932,67.61897277832031
1064222494,41.0294045,28.9430045,37.52627563476562
1064222495,41.0263549,28.9424137,68.95858764648438
1064222496,41.0255786,28.9435073,67.62747955322266
1064222499,41.0252238,28.9456226,68.53059387207031
1064222500,41.0259188,28.9461883,66.6298828125
1064222501,41.0258993,28.9458929,67.85523223876953
1064222502,41.0259685,28.9456425,67.81542205810547
1064222503,41.0262076,28.9457087,66.23304748535156
1064222505,41.0259534,28.9450045,66.88047790527344
1064222507,41.026189,28.9449678,66.4006576538086
1064222508,41.025941,28.9444194,69.38742065429688
1064222509,41.0260443,28.9441324,68.1927490234375
1064222510,41.0257397,28.9408396,64.6529769897461
1064222511,41.0254523,28.9405386,64.20462799072266
1064222512,41.0248289,28.9413592,65.10350036621094
1064222514,41.0250834,28.9417182,66.9005355834961
1064222516,41.0252206,28.9420045,68.29449462890625
1064222517,41.0251911,28.9408508,64.90888214111328
1064222520,41.0251861,28.9414499,66.81063842773438
1064222521,41.0254205,28.9415532,67.24107360839844
1064222528,41.0259741,28.9400739,64.13188171386719
1064222529,41.0264124,28.9469435,65.00020599365234
1064222530,41.0260214,28.9467556,69.83025360107422
1064222531,41.0261927,28.9458666,65.99776458740234
1064222535,41.0288207,28.9447272,47.62925720214844
1064222540,41.0262304,28.9443282,67.46260833740234
1064222541,41.0261131,28.9442236,68.23866271972656
1064222543,41.0254291,28.9433349,68.62061309814453
1064222545,41.0248298,28.9426822,68.12657928466797
1064222547,41.0259912,28.9405261,63.74198532104492
1064222553,41.0241039,28.946029,72.09129333496094
1064222554,41.0247165,28.9465302,69.25452423095703
1064222555,41.0249799,28.9467744,68.58479309082031
1064222557,41.0252111,28.9469554,67.15119171142578
1064222558,41.0251248,28.9472456,69.56199645996094
1064222560,41.0253502,28.9465555,65.19562530517578
1064222563,41.0250264,28.9462811,68.30196380615234
1064222566,41.0254666,28.9456799,68.1151351928711
1064222567,41.025363,28.9461221,67.04169464111328
1064222569,41.0261647,28.9460072,65.8585433959961
1064222571,41.0260258,28.9464282,64.88522338867188
1064222574,41.0255663,28.9476074,66.30106353759766
1064222576,41.0255212,28.9484055,59.83642578125
1064222578,41.0265136,28.9466095,63.77514266967773
1064222581,41.0265782,28.947559,61.12776184082031
1064222582,41.0246519,28.9477844,69.33606719970703
1064222583,41.0245764,28.9485135,67.67708587646484
1064222591,41.0258358,28.9477641,62.82221221923828
1064222592,41.025766,28.9482799,57.0943489074707
1064222595,41.0246184,28.9473329,70.14533233642578
1064222596,41.0248349,28.9474025,69.818115234375
1064222600,41.0239185,28.9464539,71.14846801757812
1064222602,41.024946,28.9471076,69.52169036865234
1064222607,41.0241284,28.9431339,66.62016296386719
1064222609,41.0239827,28.9435719,64.92141723632812
1064222610,41.0243846,28.9429621,68.45045471191406
1064222613,41.0246069,28.9434287,67.74088287353516
1064222617,41.0249113,28.942529,68.18399810791016
1064222620,41.0242451,28.9421993,63.07517623901367
1064222621,41.0243728,28.9477158,69.76270294189453
1064222630,41.0245485,28.943851,67.66755676269531
1064222631,41.0244762,28.9443292,68.9241943359375
1064222634,41.0242974,28.9454129,70.6678695678711
1064222635,41.0241967,28.945767,71.52696990966797
1064222636,41.0234306,28.9469764,69.52763366699219
1064222637,41.0237495,28.9451867,66.36415100097656
1064222639,41.0239276,28.9456452,70.73497772216797
1064222645,41.0231447,28.9437864,58.0850715637207
1064222647,41.0233809,28.9434416,59.94589996337891
1064222657,41.028456,28.94616,55.64933776855469
1064222664,41.0286651,28.9453233,54.31811141967773
1064222666,41.028947,28.9443841,43.71955871582031
1064222673,41.029734,28.9417721,32.32797622680664
1064304300,41.0152152,28.9326131,53.09556198120117
1064304315,41.0150426,28.9328414,52.77998352050781
1064574390,41.029487,28.9427513,35.77059936523438
1064574397,41.0301874,28.9433882,30.41909408569336
1064574407,41.0307504,28.943074,23.07272338867188
1064574438,41.0312394,28.9438224,17.97176933288574
1064574444,41.0310388,28.9439742,17.59723281860352
1064574446,41.0308732,28.9441406,19.10796356201172
1064574449,41.0307186,28.9443155,25.02764892578125
1064574453,41.0308086,28.9433467,21.59742546081543
1064574454,41.0308153,28.9434307,20.96331024169922
1064574496,41.0307692,28.9405349,38.19956970214844
1064574503,41.0302992,28.9416196,31.57926368713379
1064574513,41.0310815,28.9416736,28.34627151489258
1064574515,41.0311538,28.9417125,27.21699523925781
1064574517,41.031424,28.9418768,21.40274429321289
1064574539,41.0319206,28.9421372,18.34998321533203
1064574547,41.0306922,28.942404,26.71562767028809
1064574558,41.03088,28.9425836,23.50257873535156
1064574564,41.0301011,28.9443462,28.48077583312988
1064574581,41.0309143,28.9428317,22.3068790435791
1064574606,41.0305175,28.9423035,26.86883544921875
1064574615,41.0302561,28.9414638,31.86935234069824
1064574616,41.0297574,28.9415374,33.34523010253906
1064574634,41.030246,28.9412143,32.50759887695312
1064574637,41.0302405,28.9406121,37.30274963378906
1064574638,41.0305291,28.9405063,38.40279388427734
1064574651,41.0334148,28.9403933,58.19723129272461
1064574652,41.0330733,28.9408752,56.60012817382812
1064574655,41.033008,28.9414203,51.94525909423828
1064574661,41.0335503,28.9406535,58.11443710327148
1064574664,41.0332524,28.9410402,56.39774322509766
1064574666,41.0331804,28.9414962,51.3975944519043
1064574672,41.0334589,28.9421331,45.86731338500977
1064574677,41.0337421,28.9410158,57.09376525878906
1064574680,41.0335579,28.9413325,53.72990417480469
1064574683,41.0334094,28.9416147,50.63812637329102
1064574689,41.0325662,28.9417867,38.20749282836914
1064574697,41.032858,28.9413434,52.12785339355469
1064574698,41.0290206,28.9441935,39.78168106079102
1064574702,41.0307842,28.9444115,24.48334121704102
1064574704,41.0310372,28.9448327,24.87614250183105
1064574706,41.0312123,28.944948,21.78104209899902
1064574723,41.0344165,28.9414078,49.59915542602539
1064574727,41.034014,28.9419427,51.43107986450195
1064574732,41.0333955,28.9422773,43.79222106933594
1064574743,41.0318264,28.9412415,39.92318344116211
1064574754,41.03389,28.941276,53.41137313842773
1064574756,41.0337486,28.9415305,51.45014953613281
1064574758,41.0336293,28.9417735,50.48585510253906
1064574765,41.0321315,28.9409646,44.61572647094727
1064574776,41.0327853,28.9412939,52.11934280395508
1064574783,41.0332544,28.9400991,58.65956115722656
1064574784,41.0328831,28.9406929,56.1875114440918
1064574797,41.0342926,28.9423301,47.06393051147461
1064574802,41.0325407,28.9403704,56.65373229980469
1064574810,41.0318938,28.9394682,57.60019302368164
1064574815,41.0320924,28.9387499,61.91708755493164
1064574837,41.0313244,28.9388266,55.30935287475586
1064574852,41.0320781,28.9409846,43.65576171875
1064574865,41.0330229,28.939668,59.84376525878906
1064574876,41.0314222,28.9402242,45.26955032348633
1064574895,41.0299671,28.9386682,53.91518020629883
1064574897,41.0294452,28.9382622,56.96764373779297
1064574908,41.0303756,28.9390575,50.8620491027832
1064574911,41.0299163,28.9387402,53.2839469909668
1064574918,41.0315222,28.9382376,63.91275787353516
1064574929,41.031599,28.9396564,48.52934646606445
1064574939,41.0311483,28.9407767,38.29614639282227
1064574942,41.0319198,28.9385541,62.48990631103516
1064574956,41.0308203,28.9387479,54.97461700439453
1064574961,41.0311203,28.9379728,64.30532836914062
1064574963,41.0313922,28.9373318,72.62800598144531
1064574968,41.0315789,28.9367998,74.06607055664062
1064574974,41.030228,28.9376944,64.21685028076172
1064574976,41.0296566,28.9374074,65.77617645263672
1064574982,41.0303534,28.9392693,47.86640167236328
1064574984,41.0301672,28.9392488,50.40306854248047
1064574986,41.0298493,28.9388467,52.43000793457031
1064574990,41.0299099,28.9397125,44.33075332641602
1064574999,41.0293434,28.9385353,56.07135772705078
1064575020,41.0295784,28.9378926,58.06512832641602
1064575033,41.030606,28.9367319,72.3749008178711
1064575035,41.0303472,28.9374128,68.48538208007812
1064575038,41.030075,28.938254,56.16778945922852
1064575044,41.0326048,28.9388478,62.80649566650391
1064575046,41.0324265,28.938946,62.22341156005859
1064575052,41.0307524,28.9376845,65.27933502197266
1064575054,41.0299297,28.9370206,70.09432220458984
1064575063,41.030997,28.9370613,72.85786437988281
1064575072,41.0313073,28.9363408,73.76338958740234
1064575075,41.0304819,28.9384662,56.72861480712891
1064575083,41.0302476,28.9402141,38.298828125
1064575098,41.030423,28.9384329,56.7222785949707
1064575132,41.0352575,28.9412697,43.37691497802734
1064575135,41.0345244,28.9413173,49.17819976806641
1064575152,41.0327559,28.9391731,61.3902473449707
1064575161,41.0320667,28.9377391,67.62540435791016
1064575165,41.0314843,28.9366117,74.42933654785156
1064575173,41.0286776,28.9372781,64.26789093017578
1064575175,41.028901,28.93777,60.23259735107422
1064575193,41.031355,28.9391041,49.37139892578125
1064575202,41.0309785,28.9388499,52.76630783081055
1066631769,41.034527,28.9408768,51.73168182373047
1066631775,41.0341947,28.9408396,56.04458236694336
1066631778,41.0336139,28.9407599,57.98833847045898
1066631811,41.035566,28.939889,44.41024017333984
1066631838,41.0341625,28.941191,52.92185592651367
1066631859,41.0339604,28.9413847,51.53451919555664
1066631921,41.0366246,28.9413113,32.87606811523438
1066631925,41.0367109,28.9408973,30.35473251342773
1066631947,41.0367155,28.9405277,29.62553024291992
1066631952,41.036522,28.9401228,31.87336730957031
1066631957,41.0365056,28.9398173,30.77478408813477
1066631962,41.0364918,28.939637,29.41900634765625
1066632005,41.0362855,28.9411445,35.35053634643555
1066632142,41.0387518,28.9420832,4.676496028900146
1066632150,41.0389481,28.9428803,4.24530029296875
1066632178,41.0394834,28.9433539,0.1039381176233292
1066632193,41.0390804,28.9420263,2.548023462295532
1066632218,41.0395415,28.942408,1.813091158866882
1102729548,41.0287408,28.9507182,28.99553680419922
1102729549,41.0287324,28.9503776,29.60738182067871
1102729552,41.0288954,28.9500578,32.00138473510742
1102729554,41.0290722,28.9499863,31.0667781829834
1102729557,41.0292215,28.9497461,33.04736709594727
1102729559,41.029225,28.9501163,23.81414031982422
1102729564,41.0279408,28.947233,57.94719696044922
1102729567,41.0276596,28.9472879,57.04277420043945
1102729571,41.0276351,28.9463886,62.51073837280273
1102729575,41.0288158,28.9488202,48.47446060180664
1102729583,41.0279924,28.9475948,57.59600830078125
1102729586,41.0296237,28.9499728,20.88801193237305
1102729587,41.0298754,28.9501818,12.57612037658691
1102729588,41.0301179,28.9504025,4.593866348266602
1102729594,41.0303349,28.9506001,1.583615779876709
1102729596,41.0289547,28.950441,24.91312980651855
1102729597,41.0289999,28.9507611,21.35580253601074
1102729599,41.0293531,28.9506558,17.24128341674805
1102729601,41.0290096,28.9504886,22.43226051330566
1102729603,41.0279898,28.950066,45.92543029785156
1102729605,41.0278482,28.9504652,46.6693115234375
1102729608,41.0298009,28.9509642,5.416091918945312
1102729611,41.0302674,28.9501667,5.987194538116455
1102729619,41.0284006,28.9502433,34.56179809570312
1102729620,41.0282949,28.9504955,35.45767211914062
1102729622,41.0294677,28.9502304,19.56026268005371
1102729623,41.0297251,28.9504651,12.76776695251465
1102729625,41.0296568,28.949903,21.28629875183105
1102729628,41.0293232,28.9508274,17.63786315917969
1102729631,41.0251088,28.9511338,46.85630798339844
1102729637,41.026786,28.9485734,56.59784698486328
1102729644,41.0274311,28.9489356,57.23120880126953
1102729645,41.0275375,28.9486936,58.29184341430664
1102729647,41.0282434,28.950025,43.14981460571289
1102729649,41.0280159,28.9497518,49.36609268188477
1102729655,41.0285625,28.9489824,49.49679946899414
1102729659,41.0277363,28.9493557,55.75868225097656
1102729663,41.0300622,28.9499029,11.86815166473389
1102729667,41.0286461,28.9496786,43.35398483276367
1102729671,41.0281638,28.9504341,39.2596435546875
1102729675,41.029084,28.9507817,19.40460014343262
1102729681,41.0286121,28.9513238,40.78714370727539
1102729693,41.0269188,28.948248,61.05152130126953
1102729695,41.0264699,28.9491634,49.08285522460938
1102729707,41.0270146,28.9519539,45.95878982543945
1102729709,41.0272169,28.9522865,43.34244155883789
1102729710,41.0273885,28.9523829,41.71024703979492
1102729719,41.0264339,28.9526786,41.70094299316406
1102729725,41.0276236,28.9527331,32.52280044555664
1102729726,41.0275823,28.9529192,30.59741020202637
1102729727,41.0275599,28.9530401,28.83621406555176
1102729732,41.0270904,28.9531866,35.05619430541992
1102729733,41.0273413,28.9529592,36.14334487915039
1102729737,41.0280005,28.9513096,40.91196441650391
1102729747,41.0279727,28.9529377,17.95218658447266
1102729750,41.0279579,28.9537901,7.945193767547607
1102729751,41.0280607,28.953708,6.07155179977417
1102729758,41.028091,28.9554,1.137261986732483
1102729763,41.0282135,28.951439,38.64233779907227
1102729766,41.02735,28.9504849,54.68225860595703
1102729769,41.0270169,28.9502707,55.0341911315918
1102729775,41.0259244,28.9482625,55.89614486694336
1102729784,41.0273958,28.9503554,54.7750244140625
1102729789,41.0294943,28.9508623,14.77349090576172
1102729840,41.0279696,28.9525976,23.09222030639648
1102729851,41.0256933,28.9532553,25.99942207336426
1102729859,41.0267976,28.9526526,46.61594390869141
1102729874,41.0274046,28.9543859,10.67913341522217
1102729876,41.027081,28.9547623,9.67672348022461
1102729888,41.0269359,28.9537833,25.31034469604492
1102729889,41.0264859,28.9531871,32.86808776855469
1102729891,41.0269664,28.9524048,46.34995269775391
1102729897,41.0261918,28.9510618,49.37078475952148
1102729924,41.0321251,28.9484429,3.590830564498901
1102850424,41.0318156,28.9418488,22.58852005004883
1102850426,41.0322655,28.9415636,37.0462646484375
1102850427,41.0319545,28.9434204,15.85768604278564
1102850429,41.0325,28.9427227,20.42309951782227
1102850430,41.0316869,28.9464496,14.39894485473633
1102850431,41.0311729,28.9461275,23.94916725158691
1102850432,41.030672,28.9453522,32.38470840454102
1102850434,41.030205,28.9454109,44.06206512451172
1102850438,41.0306018,28.9458769,37.01215744018555
1102850439,41.0308228,28.9460307,31.19392585754395
1102850441,41.0310501,28.9464272,25.42813682556152
1102850442,41.0312279,28.9463291,21.95454788208008
1102850443,41.0308242,28.9465642,29.99711036682129
1102850444,41.0307961,28.9454963,29.39739990234375
1102850445,41.0315372,28.9451587,16.65171241760254
1102850446,41.0316868,28.9447409,12.99687767028809
1102850447,41.0318141,28.9444757,13.93272304534912
1102850448,41.0319348,28.9441306,17.2511043548584
1102850449,41.0320411,28.9438491,15.02707099914551
1102850451,41.0316082,28.9439148,17.97878456115723
1102850452,41.0324628,28.944515,10.5079345703125
1102850453,41.0327337,28.9446926,11.36388397216797
1102850454,41.0313665,28.9445371,16.14602279663086
1102850455,41.0310817,28.9443861,18.24272727966309
1102850457,41.0310165,28.9447398,24.4892463684082
1102850458,41.0314527,28.9470313,16.37319755554199
1102850460,41.0309171,28.945606,27.92115783691406
1102850462,41.0302961,28.945203,39.15999984741211
1102850463,41.0316353,28.9465997,14.65682125091553
1102850464,41.0319169,28.9467882,13.59263515472412
1102850467,41.0321733,28.9469783,14.17573738098145
1102850469,41.0324513,28.9471832,8.59144401550293
1102850475,41.0316533,28.9457335,16.30808448791504
1102850476,41.0318915,28.9458871,14.43111801147461
1102850484,41.0321849,28.946086,13.68328285217285
1102850486,41.0324463,28.94627,12.48331260681152
1102850487,41.0327135,28.9464667,9.858652114868164
1102850488,41.0330922,28.9467211,5.083242416381836
1102850495,41.0321758,28.9452103,12.23991203308105
1102850496,41.0324571,28.9453773,13.03816509246826
1102850497,41.0327433,28.9455627,10.69785690307617
1102850499,41.0318358,28.9433328,16.54269409179688
1102850503,41.0311334,28.9432276,19.24799919128418
1102850504,41.0314635,28.9442925,16.05130958557129
1102850505,41.0317154,28.9436218,17.29327201843262
1102850506,41.0321181,28.9479499,8.348151206970215
1102850507,41.031849,28.9477934,9.504350662231445
1102850510,41.0315831,28.9476209,12.012451171875
1102850511,41.0317117,28.9472971,13.46099185943604
1102850512,41.0320876,28.9463366,12.16443634033203
1102850513,41.0323315,28.9457087,13.88190841674805
1102850514,41.0325945,28.9450156,12.25792026519775
1102850515,41.0328502,28.9443906,10.48293876647949
1102850518,41.0342638,28.9455637,7.088212490081787
1102850523,41.0333595,28.944743,11.7017126083374
1102850524,41.0332199,28.9446684,10.95447826385498
1102850526,41.0325832,28.9442063,9.382665634155273
1102850528,41.0312385,28.9437403,18.1031436920166
1102850529,41.0312897,28.9474306,15.66377544403076
1102850530,41.0326223,28.9467137,10.14342784881592
1102850531,41.0323499,28.9465296,12.83634185791016
1102850534,41.0318022,28.9453479,12.83847618103027
1102850535,41.0309146,28.9479455,11.8994197845459
1102850536,41.0307629,28.9484023,10.66349124908447
1102850537,41.0313887,28.9481588,9.777398109436035
1102850539,41.031501,28.9487645,4.604290008544922
1102850540,41.0319868,28.9483134,6.719710826873779
1102850541,41.0315699,28.9489424,2.151140213012695
1102850542,41.031465,28.9488008,4.665428638458252
1102850543,41.0314377,28.9470822,16.34458351135254
1102850544,41.0319708,28.9474698,11.64978694915771
1102850545,41.0322426,28.9476635,8.472047805786133
1102850546,41.0325976,28.9479093,4.081592559814453
1102850548,41.0305492,28.9482541,16.1933650970459
1102850549,41.0306056,28.9480271,15.98218250274658
1102850550,41.0306439,28.9477993,18.28188323974609
1102850552,41.0304023,28.9475483,28.0588207244873
1102850554,41.0300852,28.9474581,33.50919342041016
1102850556,41.0298352,28.9477328,29.21229934692383
1102850558,41.0294812,28.9479955,37.03799438476562
1102850559,41.0300176,28.9477942,28.85429000854492
1102850560,41.0303103,28.9479271,26.63087844848633
1102850563,41.0326018,28.9458823,11.23862361907959
1102850568,41.0323219,28.9448341,11.32981300354004
1102850569,41.0320487,28.9455077,13.92484188079834
1102850571,41.0311423,28.9475795,15.50480556488037
1102850574,41.0290631,28.9470749,41.33547210693359
1102850575,41.029022,28.9475364,39.75762939453125
1102850577,41.0289038,28.9479571,43.32449722290039
1102850579,41.0286462,28.9484136,50.63149642944336
1102850580,41.0295578,28.9476469,32.93040084838867
1102850581,41.0293779,28.948333,43.38428115844727
1102850582,41.0293183,28.9484754,43.73189926147461
1102850585,41.029347,28.9490194,40.94750595092773
1102850590,41.0300486,28.9483144,28.37958145141602
1102850592,41.0296009,28.9483704,37.56651306152344
1102850596,41.0289333,28.9458701,56.57257080078125
1102850599,41.0287671,28.9465236,49.54447937011719
1102850600,41.0285888,28.9472722,48.20064926147461
1102850601,41.0282573,28.947384,54.20881271362305
1102850605,41.0306562,28.9463792,34.93398666381836
1102850606,41.0302101,28.9460457,44.91459655761719
1102850609,41.0296876,28.9456815,47.79984283447266
1102850610,41.029423,28.947613,37.40731048583984
1102850613,41.0298267,28.9472562,39.30855178833008
1102850619,41.0285739,28.9470837,50.140380859375
1102850622,41.0297418,28.9446433,34.08377456665039
1102850623,41.0296103,28.9451646,42.80285263061523
1102850624,41.0295734,28.9465804,49.36297988891602
1102850626,41.02967,28.9458066,48.54465103149414
1102850627,41.0296839,28.9456241,47.31184768676758
1102850628,41.0297345,28.9452735,42.48163604736328
1102850630,41.0292578,28.9455427,52.28635025024414
1102850631,41.0293372,28.9449764,44.34458160400391
1102850638,41.0287838,28.9462057,54.30358505249023
1102850639,41.031251,28.9490144,5.83701753616333
1102850645,41.0300379,28.9488306,24.77277755737305
1102850654,41.0328636,28.9460827,9.695588111877441
1102850664,41.030441,28.9449241,30.79058456420898
1102850666,41.0294648,28.9443717,37.68136215209961
1102850681,41.0329932,28.9434823,15.0937557220459
1102850684,41.0333493,28.9444587,11.59163284301758
1102850685,41.0332421,28.9463362,5.50064754486084
1103229846,41.0344828,28.9432888,40.60915756225586
1103229849,41.0351424,28.9432399,37.32741546630859
1103229850,41.0349318,28.9448506,9.467567443847656
1103229853,41.0352796,28.9444039,17.18654441833496
1103229899,41.0348413,28.9419545,43.12453079223633
1103229903,41.0342168,28.9431112,41.39453887939453
1103229907,41.0348459,28.943793,32.43388748168945
1103229910,41.0352184,28.9440706,23.49844551086426
1103229911,41.0357113,28.9422856,28.67199325561523
1103229913,41.0353154,28.9429759,38.33537673950195
1103229918,41.0358092,28.9428362,32.98095321655273
1103229924,41.0359021,28.9438738,19.87105178833008
1103229927,41.0364378,28.9438069,14.0462760925293
1103229933,41.0360101,28.9431441,27.7939281463623
1103229942,41.0352646,28.9442098,20.67573928833008
1103229956,41.0384488,28.9436334,3.772939920425415
1103229960,41.0389698,28.9443358,0.0
1103229961,41.0368617,28.9447078,6.641888618469238
1103229962,41.0367197,28.9443245,7.631457328796387
1103229964,41.0366597,28.9442134,8.687185287475586
1103229968,41.0366189,28.9440997,9.884645462036133
1103229976,41.0363927,28.9430283,18.68244171142578
1103229992,41.035972,28.9438032,19.95136642456055
1103229997,41.0359788,28.9444805,11.40275955200195
1103229998,41.0361289,28.9449722,6.054656505584717
1103229999,41.0361297,28.9451497,5.716416835784912
1103230018,41.0376592,28.9421349,13.74940872192383
1103230021,41.0377725,28.9418774,14.47674751281738
1103230025,41.0378019,28.9417718,14.82625770568848
1103230028,41.0377691,28.9431043,8.279255867004395
1103230030,41.0379761,28.9427375,7.59796142578125
1103230035,41.0387612,28.9424498,5.187350273132324
1103230036,41.0381733,28.9428688,6.780962467193604
1103230039,41.0386707,28.9432936,4.906008243560791
1103230040,41.0375153,28.9445625,3.936541557312012
1103230041,41.0372723,28.9443384,5.875839233398438
1103230043,41.0369352,28.9440154,8.319015502929688
1103230053,41.0374165,28.9431518,10.59087562561035
1103230054,41.037119,28.9428887,11.76046562194824
1103230055,41.0369013,28.9427036,12.8238525390625
1103230056,41.0360549,28.9426651,26.86879348754883
1103230057,41.036117,28.9425233,24.38021278381348
1103230059,41.0362098,28.9422602,21.12276268005371
1103230060,41.0362233,28.9420543,22.08700180053711
1103230061,41.0368225,28.9428371,13.1421594619751
1103230062,41.0365581,28.942596,15.76134204864502
1103230065,41.0381049,28.9421347,9.200709342956543
1103230066,41.037777,28.9443388,3.180853605270386
1103230067,41.0374495,28.9440132,6.24585485458374
1103230068,41.037109,28.9436808,9.272103309631348
1103230069,41.0368172,28.943416,12.28135108947754
1103230070,41.036609,28.9432133,14.96206951141357
1103230073,41.0353918,28.9419607,33.60760116577148
1103230074,41.0371251,28.9445489,6.325170516967773
1103230077,41.0379804,28.9441291,3.11178731918335
1103230081,41.0369974,28.942524,13.07961940765381
1103230082,41.0367551,28.9429488,13.56321716308594
1103230083,41.0369801,28.9431599,11.85355281829834
1103230084,41.0372663,28.943413,10.12488651275635
1103230085,41.0375958,28.9437203,6.839175701141357
1103230087,41.0375472,28.9429287,10.44678211212158
1103230088,41.0375953,28.9427966,10.47601127624512
1103230089,41.0353397,28.9453515,5.508757591247559
1103230091,41.0346979,28.9455236,6.761301040649414
1103230096,41.0361444,28.9411496,36.84160995483398
1103230101,41.0356445,28.9417637,29.84363746643066
1103230102,41.0354464,28.9417792,33.38042831420898
1103230106,41.0349316,28.942555,41.31877899169922
1103230108,41.0351346,28.941261,44.74523544311523
1103230112,41.0348186,28.9417594,43.12749481201172
1103230119,41.033626,28.9460446,5.562230587005615
1103230122,41.0338704,28.9453221,8.413175582885742
1103230126,41.0353123,28.9449136,9.21450138092041
1103230128,41.0343277,28.944735,12.88624286651611
1103230130,41.0329,28.9433925,13.62182807922363
1103230133,41.0334825,28.9429439,38.97148132324219
1103230134,41.0337626,28.9426153,43.7624626159668
1103230143,41.0354621,28.946229,0.1919422298669815
1103230144,41.0353675,28.945745,2.849979400634766
1103230149,41.0340154,28.9461801,3.814480781555176
1103230150,41.0342464,28.9464109,1.919355988502502
1103230151,41.034272,28.9466279,1.602896690368652
1103230153,41.0345199,28.947246,0.4060974419116974
1103230159,41.0347589,28.9460926,5.031512260437012
1103230161,41.0343248,28.9461336,4.642678260803223
1103230164,41.0329943,28.9457777,9.356276512145996
1103230165,41.0342938,28.9453709,7.810637474060059
1103230169,41.0347709,28.9462884,2.826791524887085
1103230170,41.0348081,28.9464698,1.360474586486816
1103230172,41.0335875,28.9423951,44.55792236328125
1103230176,41.0341426,28.9430663,42.03145217895508
1141037807,41.0145832,28.9712925,16.55328559875488
1141037837,41.0118232,28.9760756,29.70984077453613
1185323424,41.0045646,28.9726761,19.81701850891113
1185323513,41.0051966,28.97329,34.80983352661133
1185323535,41.0056424,28.9737097,36.12035751342773
1185323560,41.0062447,28.9737936,39.95244216918945
1185323601,41.0031227,28.9720952,3.453839540481567
1185323656,41.0035599,28.9734206,11.73539066314697
1185323728,41.0049088,28.9730397,29.74637222290039
1185323737,41.0042747,28.9723938,15.23743057250977
1193429066,41.0047667,28.9777398,26.96889877319336
1193429145,41.0141078,28.9751567,11.83975601196289
1193429296,41.004141,28.9769792,28.03591728210449
1193429310,41.0066349,28.9765181,34.50458908081055
1193429493,41.0046116,28.9779791,26.86386489868164
1194549254,41.0030278,28.9729482,5.765340328216553
1194549276,41.003825,28.9730824,12.0292444229126
1194549290,41.0035769,28.9730533,9.89342212677002
1194549295,41.0025386,28.9728875,5.164021015167236
1199393908,41.0118762,28.9843485,43.76584243774414
1199393927,41.0115077,28.9833808,46.76608276367188
1199394063,41.0115715,28.9832174,46.25096130371094
1199394113,41.0118984,28.9842879,44.46827697753906
1199394185,41.0124452,28.9836254,45.71609497070312
1199394289,41.0123578,28.9841661,45.85347747802734
1199394315,41.0122555,28.9834956,47.623779296875
1199878487,41.0090396,28.9790587,33.02717208862305
1227118711,41.0314356,28.9504993,0.0
1248902329,41.0058118,28.9805593,24.44759178161621
1250311442,41.0147076,28.9323909,54.43431854248047
1250311471,41.0146749,28.932438,54.43298721313477
1250311479,41.0141729,28.9316502,57.17483520507812
1250432554,41.0052756,28.9817405,5.901638984680176
1250432557,41.0045312,28.9822217,4.421867847442627
1250432565,41.0041004,28.9819486,2.156630754470825
1250432588,41.0042778,28.9816529,6.078361034393311
1260080447,41.0146264,28.959122,39.97099304199219
1260080472,41.0186447,28.9591082,12.0754451751709
1260080585,41.0162718,28.9560575,31.30974197387695
1260080702,41.0147161,28.959491,40.54465103149414
1260095487,41.0160278,28.9581712,31.94971084594727
1260095489,41.0157554,28.9579469,33.70292663574219
1260095496,41.0157015,28.9588246,34.30531692504883
1260180121,41.0202356,28.9616264,9.081391334533691
1260180125,41.0188416,28.9610252,11.71749019622803
1260180172,41.0182196,28.9625822,33.66668701171875
1260180181,41.019895,28.9613709,9.833603858947754
1260180241,41.0202391,28.9605401,6.000054359436035
1260180303,41.0183054,28.9598804,17.60517311096191
1260180308,41.0181235,28.9618125,22.11390686035156
1260180311,41.021347,28.9624709,2.250813961029053
1260180348,41.017161,28.9616317,33.73084259033203
1260180361,41.0179588,28.9626039,35.45049667358398
1260180401,41.0177926,28.9625734,34.5112419128418
1260180416,41.0191723,28.9608102,10.17965888977051
1260180427,41.0169779,28.9602683,32.79440689086914
1260180430,41.0175831,28.9628793,43.2478141784668
1260180455,41.0192752,28.961929,14.86468982696533
1260180460,41.0186044,28.9619727,22.51017951965332
1260180466,41.0190002,28.9594117,11.16569423675537
1260180468,41.0177489,28.9593762,24.74352836608887
1260180477,41.0175607,28.9606956,25.51344108581543
1260180498,41.018072,28.9630466,41.10634613037109
1260180513,41.0187636,28.9611086,13.23691082000732
1260180516,41.0173336,28.9605476,30.00502395629883
1260180519,41.0200549,28.9609909,7.474401950836182
1260180532,41.0176904,28.9587139,18.87984085083008
1260180552,41.0186768,28.9612363,14.71840667724609
1260180621,41.0183583,28.9615441,19.77995681762695
1260180638,41.0193856,28.9607964,9.604233741760254
1260180674,41.0187395,28.9595056,12.87552261352539
1260180707,41.0199497,28.962438,10.00757122039795
1261054605,41.017144,28.9664124,12.8787202835083
1261054643,41.0184525,28.9663104,2.028612375259399
1261054648,41.0180077,28.9651755,20.35001182556152
1261054658,41.0187031,28.9655399,1.882869124412537
1261054664,41.0171132,28.9659811,19.06981468200684
1261054686,41.0167823,28.9653994,33.80300903320312
1261054713,41.0183446,28.9653619,10.0191593170166
1261054727,41.0177277,28.9659338,14.73497581481934
1261054728,41.0178978,28.9670371,4.272338390350342
1261054749,41.0171715,28.965675,22.21297454833984
1261054766,41.0175479,28.966425,8.940380096435547
1261121086,41.0125737,28.9625573,61.13158416748047
1262194237,41.0151841,28.9624162,55.48617172241211
1262194299,41.0149403,28.9620626,58.29655075073242
1262194338,41.0119192,28.9611584,50.97777938842773
1262194381,41.0119611,28.9626925,59.70369338989258
1262194392,41.0147671,28.9629165,59.24328994750977
1262447343,41.0141983,28.95875,41.78087997436523
1262447438,41.0141351,28.9612006,52.18785858154297
1262447787,41.0141685,28.9597359,45.38601684570312
1265828185,41.0149566,28.9657022,49.98724365234375
1265828272,41.0161328,28.963327,52.07867813110352
1265828339,41.0157151,28.9612422,48.33009338378906
1265828502,41.0162271,28.9601306,39.69119262695312
1265829050,41.0164137,28.9602284,40.03718948364258
1267012207,41.0170574,28.9607123,32.00402450561523
1267012313,41.0168473,28.9607524,34.38396453857422
1277519205,41.0145281,28.9667263,44.95985794067383
1277519221,41.0141496,28.9672632,41.36516952514648
1277519242,41.0127523,28.9667921,51.80629730224609
1277519272,41.0145295,28.9659491,54.57159042358398
1291976988,41.0134658,28.9336198,55.81159210205078
1291977004,41.0136003,28.9337277,55.7556037902832
1295933748,41.0143978,28.9347983,51.35199356079102
1295947787,41.0165361,28.9309256,53.81019592285156
1295961514,41.0163064,28.9308722,53.80411911010742
1302458061,41.014694,28.9278396,55.66748046875
1302458079,41.0146091,28.9277104,55.49529266357422
1302469748,41.0143459,28.9288528,56.3385124206543
1302508963,41.0178356,28.9385867,20.4321403503418
1325246136,41.0061047,28.9794945,30.89356422424316
1325246170,41.0060574,28.9813888,17.07152938842773
1408445348,41.0032689,28.9667434,2.158301591873169
1408445385,41.0086919,28.9682805,55.56754684448242
1408445406,41.0120958,28.9694914,36.5737190246582
1408445430,41.0123131,28.969779,32.77341079711914
1423440701,41.0223659,28.9313548,34.82077407836914
1423440706,41.022544,28.9315126,35.11269760131836
1454266202,41.0032831,28.9780152,8.532350540161133
1454266207,41.0037645,28.9791056,9.401283264160156
1454266215,41.0058043,28.9813318,15.78462409973145
1454266219,41.0082036,28.9765244,38.24460220336914
1454266229,41.0084117,28.9763407,40.00873947143555
1455438404,41.0097123,28.9664491,51.41407012939453
1455438406,41.0129945,28.9659785,58.87807464599609
1455438413,41.0132235,28.966714,50.88507080078125
1469119906,41.0164834,28.9760238,3.094785928726196
1469127519,41.0133715,28.9716803,37.89213943481445
1469127520,41.0136141,28.97034,19.67605972290039
1496717696,41.0295496,28.948695,38.79917526245117
1590877513,41.0341222,28.9472529,0.6223459839820862
1590877521,41.0339245,28.9478636,0.3090009689331055
1590877527,41.0287362,28.9342649,65.90999603271484
1590877531,41.0336505,28.9468634,2.17348837852478
1594640471,41.0133911,28.9477362,20.44133758544922
1620494638,41.0173727,28.9697311,2.365500926971436
1620494639,41.0179651,28.969746,1.363949537277222
1620859471,41.0071307,28.954996,23.43369674682617
1620859476,41.0064969,28.9555018,13.93153858184814
1620859481,41.0067708,28.9549445,13.52256393432617
1645185360,41.0074023,28.9772769,34.85774993896484
1645185375,41.013217,28.9844091,41.91000366210938
1645185386,41.0055251,28.9746216,33.30711364746094
1645201832,41.0124534,28.9842803,45.26865768432617
1645201833,41.0122611,28.984538,44.27890777587891
1645201838,41.012398,28.984417,45.01021575927734
1645201840,41.0116149,28.9830643,45.17517471313477
1645203797,41.0078413,28.9745612,44.42485046386719
1645204646,41.0072346,28.9763417,35.54045104980469
1645728201,41.0202763,28.9625764,7.823643207550049
1645728203,41.0205655,28.961886,7.205227375030518
1645728206,41.0116388,28.9721671,45.67720794677734
1646281948,41.0103368,28.9771412,32.74678802490234
1646281959,41.0103008,28.9756642,45.69207763671875
1646281960,41.0099346,28.9776288,27.74590492248535
1646281962,41.0104809,28.9758763,45.57291412353516
1646281964,41.0094262,28.9768783,34.0723991394043
1649668071,41.0032167,28.9772547,9.446819305419922
1652842406,41.0120931,28.9665074,56.24816131591797
1652842414,41.0122376,28.9674855,47.49174499511719
1652842418,41.0127084,28.9665124,56.038818359375
1652842419,41.0128523,28.9674849,43.74954223632812
1762077481,41.0051094,28.9722893,20.44464302062988
1762092188,41.0083585,28.9791945,31.45516395568848
1762097205,41.0148784,28.9758048,5.261219501495361
1770440081,41.0288619,28.9344194,67.65702056884766
1909688087,41.0084167,28.9779664,32.792724609375
1913208442,41.0042022,28.969119,2.533720970153809
1936550766,41.0101133,28.9778931,26.84056663513184
1936670757,41.0139906,28.9727633,28.88242530822754
1936670759,41.0135557,28.9734749,27.94386100769043
1936884786,41.0163687,28.9612332,41.1130485534668
1936884787,41.0177358,28.9625606,33.94351196289062
1936894885,41.0141765,28.9604771,44.81099319458008
1936898032,41.0147401,28.960726,50.57426071166992
1936903879,41.0148954,28.963108,57.81954193115234
1936904936,41.0152772,28.9612526,51.82799530029297
1937948666,41.0075392,28.9671846,48.09321975708008
1937965492,41.0083353,28.9618019,42.14644622802734
1937974275,41.0087353,28.9604542,40.30740737915039
1937976835,41.0080501,28.9626574,38.86567687988281
1937979224,41.007563,28.961194,36.72097015380859
1937984011,41.0075625,28.9629225,32.05533218383789
1938000943,41.0039614,28.9655832,6.648292064666748
1938000945,41.0039653,28.9666629,5.769568920135498
1938009728,41.0063091,28.9542159,8.011163711547852
1938011857,41.0063175,28.9548552,8.614582061767578
1938019412,41.0045638,28.9575692,4.245296955108643
1938022316,41.0061554,28.9585474,8.72894287109375
1941121487,41.0150835,28.9573771,35.78350448608398
1941126109,41.018738,28.9619478,22.75608253479004
1941154348,41.0030496,28.9754605,10.46655750274658
1955126505,41.0252255,28.9579128,9.159969329833984
1957082034,41.0191448,28.9581953,15.06098556518555
2195396106,41.0073274,28.9591209,19.09804153442383
2195396131,41.0078245,28.9594112,24.12916564941406
2195396133,41.007743,28.9608118,38.63502502441406
2195396139,41.0078495,28.9579882,29.30369758605957
2195396822,41.0234698,28.9525869,31.37674522399902
2195396823,41.0235785,28.9523147,30.59563446044922
2195396824,41.0237273,28.9519192,32.72440719604492
2195416760,41.0145603,28.969356,19.25586700439453
2195426957,41.015762,28.9675714,22.80769729614258
2195426961,41.0159426,28.9566995,34.80713653564453
2195426964,41.0159813,28.969328,13.55221366882324
2195426968,41.0163731,28.9683262,15.82181167602539
2195426974,41.0167163,28.9678022,15.07247829437256
2195426979,41.0173513,28.9587577,21.10903358459473
2195428743,41.0007542,28.927967,30.89046287536621
2195428746,41.0026558,28.9315599,34.4501953125
2195428751,41.0028952,28.9307301,36.8883056640625
2201796692,41.0194911,28.9642975,1.822473287582397
2245074733,40.9905797,28.9246078,6.948922157287598
2264127830,41.0320172,28.9491715,0.2906064391136169
2264127834,41.0321843,28.9489304,0.6077104210853577
2264127836,41.0326364,28.9493211,0.0
2264127898,41.0382818,28.9412877,8.631294250488281
2316765894,41.0023605,28.9777371,1.648715853691101
2361227082,41.0034294,28.9710994,5.667283535003662
2361227088,41.0034004,28.9706666,3.792954683303833
2361227093,41.0031489,28.9721096,3.715163946151733
2361227095,41.0035402,28.9715316,6.666801452636719
2361227097,41.0033383,28.9714998,5.945784568786621
2361227099,41.0028122,28.9712243,2.705448627471924
2361227111,41.0037861,28.9715595,7.400267124176025
2361233260,41.0030609,28.9687398,2.772016525268555
2366981643,41.0123665,28.9467059,13.29884910583496
2366981644,41.012495,28.9469651,13.25097274780273
2367475959,41.0110556,28.9490624,11.4024772644043
2368737632,40.9931154,28.9248802,12.93365383148193
2368737634,40.9934097,28.9243816,16.65824317932129
2368737641,40.9945012,28.9278686,10.12996292114258
2368737659,41.0028958,28.9234865,23.96221733093262
2368753468,41.0004216,28.9272137,30.52934455871582
2368765257,41.0131478,28.9279842,52.71399307250977
2368765258,41.0132625,28.927703,52.16878890991211
2368765259,41.0191316,28.9251057,57.75637054443359
2368765260,41.0194694,28.9254996,59.25070953369141
2368765262,41.0199248,28.925817,64.59681701660156
2368765263,41.0203916,28.9266747,66.11474609375
2370220565,41.0242589,28.9299447,40.1209602355957
2370327445,41.0037167,28.9807229,5.882873058319092
2370327451,41.0059584,28.9815582,14.45727252960205
2370327453,41.0061043,28.9834226,6.746537208557129
2370332227,41.0130087,28.9778478,11.87598991394043
2370332234,41.0137783,28.9776299,8.079931259155273
2370332238,41.0144343,28.9753255,10.04775905609131
2370341424,41.0129902,28.9730111,37.06332778930664
2370341425,41.0133979,28.9736778,27.7299747467041
2370354510,41.0121012,28.9754055,29.93296813964844
2370354513,41.0123049,28.9750547,27.92683792114258
2370366652,41.0030079,28.9706854,3.642657279968262
2370366659,41.0033306,28.9676448,2.362349271774292
2370366661,41.0034113,28.9667202,3.323138236999512
2370366683,41.0037146,28.9719859,8.89757251739502
2370366688,41.0038692,28.9685272,2.631005048751831
2370377779,41.0051267,28.9638996,7.459226131439209
2370377781,41.0055655,28.9640833,13.0276927947998
2370377786,41.0059217,28.964241,20.11775588989258
2370377789,41.0059813,28.964023,14.95800113677979
2370377802,41.0062391,28.9620537,14.28751564025879
2370377805,41.0063931,28.9615351,14.29165840148926
2370377806,41.0064079,28.9636681,19.13776206970215
2370393225,41.0029953,28.9661969,1.531355500221252
2370393233,41.0034812,28.9646912,4.072657585144043
2370393234,41.0037148,28.9646237,4.821297645568848
2370393236,41.0038163,28.9650332,5.420919418334961
2370393238,41.0039441,28.9660649,6.498358726501465
2370393242,41.0043652,28.9661981,9.539630889892578
2370393247,41.0046697,28.9658903,11.62126731872559
2370435017,41.0072767,28.9618303,30.06007957458496
2370435019,41.0073261,28.9609964,27.7111644744873
2370435029,41.0082203,28.9620987,41.03487777709961
2370435034,41.0082103,28.9640073,46.78668975830078
2370435036,41.008358,28.9631802,44.26232147216797
2370435052,41.0095382,28.9615505,45.76431655883789
2370443471,41.0093741,28.9648907,50.37852096557617
2370472381,41.015756,28.9661143,39.12164306640625
2370472382,41.014947,28.9655005,50.62489318847656
2370517678,41.0167279,28.9617562,41.45437622070312
2370517705,41.0182625,28.9648057,24.40973663330078
2370517707,41.0184707,28.9645015,25.9097843170166
2370517709,41.0184906,28.965094,11.06929779052734
2370517715,41.0186998,28.9617789,20.85556793212891
2370517717,41.0186879,28.9647888,12.55703544616699
2370517725,41.0188716,28.9649831,3.146713495254517
2370517732,41.0189069,28.9638605,29.08396148681641
2370517736,41.0189947,28.9618524,19.47823524475098
2370517747,41.019083,28.9641983,11.4393482208252
2370517758,41.0195181,28.9631622,13.16685581207275
2370517768,41.0197835,28.963081,8.482699394226074
2370517772,41.0197036,28.9633562,6.857461452484131
2370517787,41.0204331,28.9634259,2.137356519699097
2370517791,41.0204096,28.9622236,8.47805404663086
2370523685,41.0206043,28.9608031,5.655354976654053
2370523688,41.0212233,28.9623731,2.123810052871704
2370523715,41.0241064,28.9600782,0.4239890873432159
2370536668,41.0239691,28.9609628,0.0
2370536696,41.0271478,28.95664,3.071116924285889
2370536705,41.0275559,28.9555127,4.482929706573486
2370536711,41.0278393,28.9572508,0.1397506147623062
2370536716,41.0279243,28.9575154,0.0
2370536724,41.0282823,28.9554145,0.8942764401435852
2370547632,41.0237357,28.9596297,4.292848587036133
2370578081,41.0188395,28.9549983,43.51744079589844
2370578084,41.0191444,28.9603875,9.690706253051758
2370578088,41.0196424,28.9556996,40.85115051269531
2370578089,41.0196521,28.9568805,34.77306365966797
2370590047,41.0121828,28.9596234,43.59362030029297
2370590048,41.0123404,28.9592706,43.42250061035156
2370590050,41.0129922,28.9577765,40.92066955566406
2370590052,41.0133022,28.9566741,38.98397445678711
2370590079,41.0151842,28.958235,35.17238998413086
2370607049,41.0118153,28.9548393,36.11500930786133
2370607058,41.0119922,28.9588145,44.54978179931641
2370607102,41.0129911,28.9554035,36.16611099243164
2370607104,41.0135387,28.954446,37.68019485473633
2370607106,41.0137421,28.9539601,35.13560104370117
2370607111,41.0137707,28.9557959,38.27151870727539
2370607135,41.013871,28.9558889,38.16425704956055
2370607137,41.0141788,28.9550868,38.25365829467773
2370625707,41.0069747,28.9600487,18.48753929138184
2370625708,41.0071313,28.9542541,11.12876129150391
2370625715,41.0076771,28.9549945,25.44803810119629
2370625716,41.0077922,28.9601038,35.2066535949707
2370625717,41.0087608,28.9599669,38.85921859741211
2370636452,41.0049021,28.9598014,7.549490451812744
2370636463,41.005442,28.9555026,5.650551319122314
2370636470,41.0058343,28.9559679,8.182126998901367
2370636474,41.005882,28.9558581,8.260759353637695
2370636478,41.0061108,28.960677,7.664470672607422
2370636480,41.0060169,28.9555583,8.246498107910156
2370636482,41.0061407,28.9562009,10.06011962890625
2370636502,41.00631,28.9558583,10.98708343505859
2370636505,41.006491,28.9560494,13.69178676605225
2370636509,41.0066761,28.9557293,16.61835479736328
2370636512,41.006507,28.9567769,9.618622779846191
2370650499,41.0039777,28.9550279,0.7099997401237488
2370650502,41.0038919,28.9536558,-2.595666408538818
2370650504,41.004076,28.9560619,1.278210401535034
2370650506,41.0043946,28.9540079,-0.1437680721282959
2370669739,41.0029408,28.9556173,0.6959069967269897
2370722981,41.0228003,28.9326817,32.03461837768555
2370722983,41.0240062,28.9358062,41.60380554199219
2370722984,41.0241119,28.9353609,40.29367446899414
2370722985,41.0242197,28.9328471,33.66930770874023
2370722989,41.0244958,28.9333215,36.09329223632812
2370722990,41.0245146,28.9352144,42.56904983520508
2370722994,41.0247362,28.9353193,47.1086540222168
2370723001,41.0260449,28.9342935,56.42607879638672
2370723004,41.0265867,28.9344328,58.49895858764648
2370729064,41.0183057,28.9297252,51.58184814453125
2370729065,41.0214172,28.9339381,27.45538902282715
2370729070,41.0217349,28.9311104,37.0357780456543
2370729072,41.0217533,28.9362241,30.47038459777832
2370729074,41.0220188,28.9317188,33.78049850463867
2370729075,41.021946,28.9362458,32.88908767700195
2370729076,41.0219968,28.9359263,32.23722457885742
2370729077,41.0220791,28.9360695,33.77156448364258
2370729078,41.0228825,28.9310101,36.9674072265625
2370740456,41.015751,28.9329114,52.52701568603516
2370740459,41.0159313,28.9332978,49.78104400634766
2370740460,41.0159577,28.9337801,46.93365859985352
2370740461,41.0159424,28.9333636,49.67982864379883
2370740462,41.0159597,28.9337049,47.21925354003906
2370740463,41.0160214,28.9324288,53.36613845825195
2370740468,41.0163783,28.9332106,46.70828628540039
2370740469,41.0164108,28.9352015,38.00429534912109
2370740472,41.0164622,28.933202,46.4089241027832
2370740486,41.018997,28.9366878,22.45585823059082
2370740487,41.0190828,28.936975,21.82253837585449
2370740488,41.0190792,28.936577,22.95352172851562
2370740489,41.0194006,28.9365206,22.71218299865723
2370740491,41.01972,28.9356293,24.39432334899902
2370740493,41.0196792,28.936116,22.92651176452637
2370740494,41.0197328,28.9358395,23.44600105285645
2370759038,41.0067668,28.9359447,40.97273635864258
2370759039,41.0068617,28.9320188,45.73749542236328
2370759044,41.00739,28.9320306,46.94876861572266
2370759046,41.0083724,28.9363166,49.63277435302734
2370759048,41.0089737,28.9363568,51.40765762329102
2370759049,41.0090105,28.9330436,50.63828659057617
2370759050,41.0090281,28.9320205,48.85945129394531
2370759052,41.0093195,28.9313156,49.03911590576172
2370778756,41.0006035,28.9327801,9.67581844329834
2370778758,41.0007649,28.9331019,8.994166374206543
2370778762,41.0009866,28.9338671,6.005839824676514
2370778765,41.0024546,28.9374458,9.62149429321289
2370778780,41.0025414,28.9370993,10.98169326782227
2370778784,41.0025756,28.9372597,11.30145454406738
2370778793,41.0031404,28.9314109,36.6337776184082
2370778795,41.0033673,28.9319879,36.13119888305664
2370778797,41.0034146,28.9312486,37.86026382446289
2370778799,41.0035779,28.931865,36.07072448730469
2370778817,41.0053377,28.936471,37.7880973815918
2370789864,41.0301016,28.9381023,58.32151031494141
2370789865,41.0303025,28.939742,42.58281326293945
2370789866,41.0304936,28.9417564,31.02522087097168
2370789867,41.0305158,28.9397885,43.81930541992188
2370789868,41.0305395,28.9382551,59.38424301147461
2370789869,41.0308163,28.9422152,25.98720169067383
2370789870,41.0308906,28.9400793,42.62904739379883
2370789873,41.0317955,28.9406797,42.59929275512695
2370789874,41.0319264,28.9391636,59.98721313476562
2370789875,41.0320191,28.9410192,42.64627838134766
2370789876,41.0320471,28.9396403,57.85099411010742
2370789877,41.0321068,28.9402447,52.11906051635742
2370789884,41.0325709,28.9393204,60.34177017211914
2370792068,41.0287014,28.9373152,63.92911911010742
2370792080,41.0296995,28.937194,68.80479431152344
2370839994,41.0244198,28.9376834,57.90725326538086
2370839996,41.0246233,28.937847,59.69869995117188
2370839999,41.0249691,28.9388243,63.89554595947266
2370840005,41.0252313,28.9403624,64.24250030517578
2370840011,41.025384,28.9400076,63.88552093505859
2370840022,41.0269617,28.9390892,53.86061096191406
2370840024,41.0283053,28.9357286,68.37096405029297
2370854462,41.0292206,28.9447276,43.20983123779297
2370854463,41.0292242,28.9457006,53.99141311645508
2370854464,41.0292491,28.9445487,41.57638168334961
2370854465,41.0294254,28.9446984,40.25027084350586
2370854468,41.0296906,28.9448803,38.22427749633789
2370854473,41.0302832,28.9437641,28.26707077026367
2370854479,41.0310394,28.9473319,19.48664283752441
2370854482,41.0312819,28.9471638,17.73456001281738
2370854484,41.0319732,28.943352,15.69322490692139
2370854485,41.0322434,28.9437321,11.54677772521973
2370854486,41.032398,28.9440674,9.86844253540039
2370854488,41.0324694,28.943883,10.07226943969727
2370854489,41.0325476,28.9437542,10.22037982940674
2370858479,41.0266196,28.947433,61.68590545654297
2370858483,41.0270616,28.9476717,60.57566070556641
2370858486,41.0271675,28.9472788,60.68821716308594
2370858491,41.0276276,28.9427364,54.54257202148438
2370858492,41.0276645,28.9423733,55.38908004760742
2370858494,41.0285361,28.9444185,49.09805679321289
2370858495,41.0288625,28.9445976,45.95243072509766
2370859304,41.0278573,28.9460787,60.39895248413086
2371446930,41.0142902,28.9765956,7.233863830566406
2371446932,41.0080234,28.9783023,31.22130393981934
2371446936,41.0079716,28.9763996,37.99842834472656
2371446942,41.0105629,28.9787538,17.56806945800781
2371608834,41.0232811,28.9427958,60.66737365722656
2371608836,41.0233062,28.9426612,60.69436264038086
2371608838,41.0233157,28.9425943,60.70063781738281
2371608844,41.0236724,28.9428021,61.42079925537109
2371608846,41.0236889,28.9453917,69.03115844726562
2371608848,41.023734,28.942009,62.70132446289062
2371608850,41.0238327,28.9425585,62.69009780883789
2371608853,41.0241409,28.9442092,67.31781768798828
2371608855,41.0244619,28.9446112,69.74542999267578
2371608864,41.025958,28.9452993,67.49237823486328
2371608866,41.027161,28.9484119,59.45068740844727
2371608868,41.0272729,28.9481819,59.85350799560547
2371608870,41.0281147,28.9462647,58.91019058227539
2371608872,41.028147,28.942075,51.06386184692383
2371608874,41.0281474,28.9465862,59.2922477722168
2371608876,41.0281724,28.9482401,59.33443832397461
2371608877,41.0282683,28.9479113,57.92713165283203
2371608879,41.0282702,28.944819,53.46995162963867
2371608883,41.0282909,28.9444601,51.71456909179688
2371608885,41.0282629,28.9475026,51.94794845581055
2371608887,41.0283775,28.9442188,49.80735778808594
2371608889,41.0283487,28.9448069,52.81115341186523
2371608891,41.0283211,28.9421223,48.56539154052734
2371623895,41.0195385,28.9401853,25.8171558380127
2371623896,41.0200139,28.9395204,27.30389785766602
2371623897,41.0201981,28.9389798,29.06860733032227
2371623899,41.0203566,28.9397311,29.92285919189453
2371623900,41.0205019,28.9393904,31.13911247253418
2371623901,41.0210457,28.9439701,44.7207145690918
2371623903,41.0212821,28.9444245,43.29988098144531
2371623905,41.0213765,28.9436458,40.78464508056641
2371623911,41.0214781,28.9428984,44.68441390991211
2371623914,41.021661,28.9360313,29.0912914276123
2371623915,41.0219027,28.9357649,30.6323356628418
2371623916,41.0220837,28.9392207,48.62525177001953
2371623917,41.0222625,28.9388076,48.62725067138672
2371623918,41.0222176,28.9381968,45.17150115966797
2371623919,41.0224949,28.9383581,49.62240982055664
2371623921,41.0226294,28.9408447,52.7807731628418
2371623922,41.0224716,28.9388849,50.98457717895508
2371623923,41.0227829,28.9404057,56.79576110839844
2371623924,41.0230491,28.9384049,54.76168060302734
2371623925,41.0232827,28.9398469,58.00339508056641
2371623926,41.0233271,28.9396202,57.85379791259766
2371631229,41.0107971,28.9434565,25.93607902526855
2371631230,41.0109894,28.9435587,24.7568302154541
2371631231,41.0112146,28.9418462,32.11108779907227
2371631232,41.0121067,28.9419327,31.62780380249023
2371631233,41.015157,28.9407469,19.78874206542969
2371631235,41.0153382,28.9410062,18.23642921447754
2371631237,41.0153801,28.9409191,17.95441055297852
2371631240,41.0154847,28.940623,18.84408378601074
2371631242,41.0155029,28.9407217,18.51265525817871
2371631245,41.0162073,28.9371325,30.16313362121582
2371631248,41.0165309,28.937571,25.53190040588379
2371640745,41.006585,28.9381691,45.29874801635742
2371640746,41.0066427,28.9395212,40.80601501464844
2371640748,41.0067073,28.9397814,41.13376998901367
2371640750,41.0073297,28.9412801,45.06908416748047
2371640751,41.0074168,28.9414859,45.43423843383789
2371640754,41.008439,28.9422108,44.38864135742188
2371640755,41.0094727,28.9451713,26.36431884765625
2371653282,41.0029112,28.9419023,3.745573759078979
2371653288,41.0036378,28.9414046,10.53139781951904
2371666250,41.0023614,28.9482922,1.910693526268005
2371666252,41.0023685,28.9493776,1.536599159240723
2371666257,41.0029489,28.949375,2.263725757598877
2371666258,41.0029131,28.9482978,1.975521564483643
2371666262,41.0035989,28.9454465,3.004852056503296
2371666271,41.0040689,28.9448763,0.7125093340873718
2371666272,41.0040959,28.9444941,4.070395946502686
2371666284,41.0068652,28.9485875,6.772560119628906
2371672805,41.0076465,28.9460558,31.69762992858887
2371672807,41.0073957,28.9451553,37.06592559814453
2371697918,41.0110632,28.9453119,23.5945873260498
2371697919,41.0112426,28.9446683,24.01529121398926
2371697928,41.0121066,28.9451325,17.18505668640137
2371697935,41.0134369,28.9464296,14.1837215423584
2371697936,41.0134484,28.9451461,14.42915058135986
2371697941,41.0144487,28.9432242,16.46569061279297
2371697942,41.014474,28.948326,31.03887939453125
2371697946,41.0146189,28.9430035,17.11937141418457
2371697949,41.0150854,28.9425059,18.18222045898438
2371697950,41.0153621,28.9428174,16.55277442932129
2371697951,41.0157073,28.943302,18.01742172241211
2371697953,41.0165542,28.9431931,20.80465316772461
2371697954,41.0166807,28.9425166,19.53964805603027
2371706523,41.0154697,28.9429517,16.69669914245605
2371712091,41.0200491,28.9480177,54.62531280517578
2371712093,41.0206073,28.9476853,59.46888732910156
2371733264,41.0294703,28.9495769,32.30942535400391
2371733265,41.0296479,28.9491906,36.04868316650391
2371733266,41.0296534,28.9480641,31.97815322875977
2371733267,41.0297692,28.9526497,0.0003728579031303525
2371733269,41.0300997,28.9519669,0.190630167722702
2371733273,41.0304886,28.9498758,9.32912826538086
2371733277,41.0306318,28.950105,3.883382320404053
2371733281,41.03086,28.9501143,1.719645857810974
2371733282,41.0309996,28.950444,0.3355729877948761
2371733284,41.0310749,28.9502905,0.7971224188804626
2371733286,41.0312128,28.95039,0.3259419500827789
2371733636,41.0269354,28.9476406,60.81084060668945
2371737274,41.0178074,28.9511845,61.2813835144043
2371737275,41.017803,28.9506503,60.00434875488281
2371737277,41.0179178,28.9533209,50.34386825561523
2371737278,41.0181753,28.9518197,60.81809997558594
2371737279,41.0190421,28.9509536,62.69382476806641
2371737280,41.0192493,28.951349,62.1899528503418
2371737281,41.0194393,28.9516537,62.63970565795898
2371737283,41.0235967,28.9506949,47.79401016235352
2371737284,41.0240844,28.9514204,41.40060806274414
2371737285,41.0241893,28.950862,48.00895309448242
2371737286,41.0256377,28.9517736,43.0544548034668
2371804442,41.0082397,28.9541664,19.15899085998535
2371804448,41.0085681,28.9501602,9.479277610778809
2371804459,41.0091924,28.9501579,10.80000495910645
2371804462,41.0092443,28.9501933,10.66456985473633
2371804463,41.0092525,28.9501408,10.51847267150879
2371804465,41.0093627,28.9503585,11.09803771972656
2371804484,41.0105778,28.9522425,13.12397289276123
2371804505,41.0128011,28.9500423,19.76564025878906
2371804507,41.0128714,28.9507024,21.08927154541016
2371804514,41.0138553,28.951654,33.59652709960938
2371804522,41.0143837,28.951199,36.62018966674805
2371804524,41.014536,28.9524087,37.3522834777832
2373131586,41.0003527,28.9288875,26.01568412780762
2373131587,41.0006132,28.9288093,27.45267486572266
2373131591,41.0014062,28.9284356,32.77701950073242
2373139472,41.0013688,28.9234886,24.80230331420898
2373139473,41.0021736,28.9305032,33.3363037109375
2373139474,41.0025713,28.9309474,34.9124755859375
2373139477,41.0047549,28.9298695,38.89681625366211
2373139481,41.0054886,28.9295562,40.04925155639648
2373139482,41.0063706,28.9264039,34.03409194946289
2373139483,41.0066562,28.9271232,35.14234161376953
2373139484,41.0066692,28.9267136,35.78358459472656
2373139485,41.006761,28.9262641,35.46075820922852
2373157126,41.0070161,28.9312436,44.130859375
2373157128,41.0072628,28.9310052,45.32216644287109
2373172459,41.0101651,28.9280204,44.06597137451172
2373172460,41.0104145,28.9280265,47.73913192749023
2373172462,41.0127473,28.9281885,50.82385635375977
2373172470,41.0135992,28.928668,54.82306289672852
2373177357,41.0176587,28.9286263,55.49306106567383
2373177359,41.0179058,28.9285861,55.82136917114258
2373185153,41.0210822,28.9264785,65.89988708496094
2373206445,41.0363673,28.9421491,19.19466781616211
2373206452,41.0366989,28.9423348,16.23148727416992
2373206454,41.0368039,28.9421451,20.09845924377441
2375959138,41.0374486,28.9446324,4.047397136688232
2375959161,41.0387858,28.9431304,4.922526359558105
2375959172,41.038952,28.943486,1.03460955619812
2375959180,41.0393573,28.9432351,0.3454475700855255
2375995038,41.0370368,28.9424574,13.42324638366699
2375995039,41.0378338,28.9416345,15.22619819641113
2376022206,41.0338488,28.9420833,50.54116439819336
2376022213,41.0349363,28.9432713,37.82541656494141
2376022216,41.0353141,28.9421643,33.19195938110352
2376022219,41.0355466,28.94245,30.36857032775879
2376022249,41.0373182,28.9410631,27.16739845275879
2376022250,41.0373198,28.9402224,19.40128135681152
2376022255,41.037531,28.9402169,18.48839378356934
2376022264,41.0377352,28.9455011,0.7766966819763184
2377570001,41.0331294,28.9454332,10.97764205932617
2377570002,41.0332412,28.9459381,8.020544052124023
2377570003,41.0333182,28.9456828,9.341675758361816
2377570006,41.0334465,28.9455247,9.634867668151855
2377570014,41.0341179,28.9443325,22.75866317749023
2377570028,41.0348919,28.9412521,46.40372848510742
2377570030,41.0349905,28.9416158,41.27436828613281
2377570041,41.035961,28.9403348,35.69854736328125
2378680435,41.0287719,28.9370073,64.89636993408203
2378683449,41.0257617,28.9575637,6.40255069732666
2378683450,41.0258174,28.9577371,6.181735038757324
2378683452,41.0266577,28.9528714,39.61270141601562
2378683453,41.0272309,28.9522656,43.26134872436523
2378683454,41.0279065,28.9536513,10.47010040283203
2378683458,41.0281644,28.9532439,7.569236755371094
2378683467,41.0286513,28.9553908,0.0001575101050548255
2378683468,41.0286906,28.9550048,0.0009317462681792676
2378683482,41.030919,28.951988,0.0
2378683490,41.0311782,28.9512374,0.0
2378683497,41.0328759,28.9438362,10.45276069641113
2378683499,41.0332665,28.9500015,0.0
2378683512,41.0357575,28.9486925,0.0
2378683526,41.0368669,28.9468524,0.0
2378683528,41.0373726,28.9466047,0.0
2378713429,41.0196634,28.9280745,60.427001953125
2378713431,41.0198375,28.9280441,61.28427505493164
2378713439,41.0221702,28.92797,65.62482452392578
2378719423,41.0245209,28.9594797,1.379413485527039
2378719424,41.0245528,28.9595498,1.383948087692261
2378719426,41.0247449,28.9594975,0.9487591981887817
2378719428,41.0277913,28.9566572,0.2815296947956085
2378719431,41.0278256,28.9567361,0.2575796544551849
2379681787,41.0127413,28.9403334,35.58074951171875
2379681790,41.0157851,28.9237575,54.90642929077148
2379681791,41.0159599,28.9238033,55.20745468139648
2379681792,41.0159725,28.9237603,55.1900520324707
2379681793,41.0161516,28.9238196,56.06952667236328
2379681797,41.0170708,28.9356124,30.03393173217773
2379687549,41.0129193,28.9459092,13.79293251037598
2379687552,41.0136494,28.942715,20.6356315612793
2379692876,41.016131,28.9686762,16.14086151123047
2379693987,41.0135231,28.9754049,16.26373100280762
2379693988,41.0138709,28.9757946,11.8354549407959
2379693996,41.0142541,28.9768069,7.20212459564209
2379695095,41.0102824,28.973904,52.69852828979492
2379695100,41.0110343,28.9770784,26.22948837280273
2379706609,41.0032182,28.9762654,12.74968338012695
2379706612,41.003239,28.9753004,15.43059253692627
2379706614,41.0035488,28.9759901,20.96913719177246
2379706617,41.0041501,28.9769906,28.21285057067871
2379706621,41.0045229,28.9806919,6.870438098907471
2379706625,41.0048157,28.9802178,11.76127815246582
2379706629,41.0054004,28.9815919,7.279344081878662
2379709156,41.0026463,28.9808804,0.7079663872718811
2379709158,41.0028741,28.9811076,0.6125271916389465
2379709160,41.0051972,28.9821752,4.919796466827393
2379709167,41.0054169,28.9823098,5.735973834991455
2379715153,41.0090267,28.9661284,50.14691925048828
2379715154,41.0091786,28.9671932,50.49184036254883
2379715156,41.0091808,28.9655403,49.39580917358398
2379715161,41.0093163,28.9663534,50.20196914672852
2379723980,41.0030702,28.9737631,10.47104358673096
2379723981,41.0031022,28.9735002,8.14731216430664
2379723984,41.0035438,28.9738995,12.69252014160156
2379726562,41.0048346,28.9678101,9.033055305480957
2379726565,41.005047,28.9690912,6.029906749725342
2379738136,41.0167071,28.9684862,8.880796432495117
2379738138,41.0168166,28.9678408,14.22911930084229
2379738140,41.0169698,28.9670801,13.29255962371826
2379738141,41.0168686,28.9674942,14.63365650177002
2379738142,41.0165322,28.9668673,18.11162948608398
2379738148,41.0170479,28.9693986,4.182529926300049
2379738152,41.0172736,28.96897,4.451164245605469
2379738160,41.017502,28.967331,7.466666221618652
2379738162,41.0176144,28.9683743,8.865588188171387
2379738163,41.0176215,28.9670223,6.681013107299805
2379738166,41.0177177,28.968188,7.305357456207275
2379738168,41.0177047,28.9674668,5.198049068450928
2379738169,41.0178181,28.9680126,5.311707973480225
2379738171,41.0179048,28.9678624,3.930064678192139
2379738173,41.018007,28.967064,3.697277545928955
2379746960,41.016891,28.9612517,35.48974609375
2379746963,41.0194598,28.9637064,6.719805240631104
2379755800,41.0145779,28.9684685,26.85471534729004
2379755801,41.0140004,28.9674355,42.59174728393555
2379755808,41.014675,28.9674403,36.40132522583008
2379756971,41.0071932,28.9628482,30.71182632446289
2379758383,41.0372895,28.9457407,0.9579164385795593
2379768590,41.0247722,28.9523679,33.80364608764648
2379769349,41.0089123,28.9541893,17.31878662109375
2379769355,41.0117466,28.9539329,24.0580940246582
2379770188,41.0107549,28.9561172,38.86045455932617
2379770189,41.0104851,28.9573102,39.98347091674805
2379782149,41.0139358,28.9548439,37.83469390869141
2379807074,41.0256452,28.95489,20.11369132995605
2379807075,41.0259113,28.9577232,6.219801902770996
2379807076,41.0262421,28.9583932,0.4111177027225494
2379807077,41.0262278,28.9577584,5.28235912322998
2379811083,41.0268866,28.9519405,47.15995025634766
2379811084,41.0268613,28.9536486,28.84121131896973
2379811087,41.0271482,28.9533821,30.20430755615234
2379811690,41.0269363,28.9501333,51.66921997070312
2379811691,41.0271613,28.9498497,54.79418563842773
2379812823,41.030765,28.9524167,0.0542774461209774
2379815208,41.0301146,28.9449014,36.98189926147461
2379834230,41.0256437,28.9409816,65.41313934326172
2379834231,41.0258144,28.9411961,66.30728912353516
2379834232,41.0259838,28.9410714,65.45955657958984
2379834234,41.0261775,28.9409979,64.61614227294922
2379850483,41.0174276,28.9435777,35.16250991821289
2379850484,41.0176203,28.9438808,36.60346221923828
2379850486,41.0183531,28.9450951,39.02287673950195
2380729634,41.023515,28.9424245,61.43346405029297
2380735229,41.0107664,28.9461497,20.56454086303711
2380735232,41.0109397,28.9462918,20.56494140625
2380735234,41.0110306,28.9456846,23.53976249694824
2380735235,41.0111359,28.9453414,24.27270126342773
2380735237,41.0126576,28.9459011,14.00445365905762
2380735239,41.0127834,28.9457259,14.0411901473999
2380735243,41.0131008,28.9452655,14.85498523712158
2380735247,41.0133689,28.9457015,14.62159442901611
2380735253,41.0144909,28.9403869,24.00202560424805
2380739941,41.009884,28.9452068,27.58765029907227
2380754560,41.0033435,28.9437698,3.989452362060547
2380754566,41.0040138,28.9437302,9.774820327758789
2380754569,41.0042077,28.9439036,10.59410095214844
2380756691,41.0003531,28.9331152,8.55489444732666
2380757086,41.0062519,28.9328241,43.41480255126953
2380757455,41.0134223,28.9397455,36.41433334350586
2380758418,41.0162918,28.9384124,23.2524356842041
2380758420,41.0165941,28.9376121,24.80339241027832
2380759754,41.0159067,28.9338522,46.77457809448242
2380759755,41.0159366,28.934689,44.02886962890625
2380759756,41.0164259,28.9332436,46.57511520385742
2380760528,41.0223165,28.9356632,34.28963851928711
2380760529,41.0224869,28.9359343,38.57150650024414
2380761500,41.0227446,28.9361536,42.03059005737305
2380761501,41.022828,28.9384385,54.2386360168457
2380761502,41.0229984,28.938534,54.78584289550781
2380763664,41.0278512,28.9369353,67.015869140625
2380775273,41.0289619,28.936581,67.30274963378906
2380775274,41.0293104,28.9361978,70.31417846679688
2380785492,41.0188085,28.9279148,57.40856170654297
2380785493,41.0188327,28.9318038,43.68551254272461
2380785494,41.0188439,28.9321716,42.19408416748047
2380785500,41.0220447,28.9281913,66.31304931640625
2380785501,41.0223015,28.9292789,52.4885368347168
2380785502,41.0226762,28.9301796,43.30234146118164
2380785503,41.0238299,28.9312555,38.3287353515625
2380787603,41.0170098,28.9240457,57.65376663208008
2380793400,41.0078374,28.9307744,45.87995910644531
2380793401,41.008477,28.930785,47.42864227294922
2380794371,41.0040563,28.9286953,34.10475921630859
2380796668,40.9969648,28.9259274,24.26959419250488
2380796670,40.9970306,28.9259163,24.42697906494141
2380796673,40.9980361,28.9283557,22.93791770935059
2380796674,40.9980283,28.927266,24.81830787658691
2385169823,41.0197721,28.9285752,59.79848098754883
2385169824,41.020115,28.9284622,61.81460189819336
2385237095,41.0136641,28.9706582,21.51514625549316
2385237110,41.013951,28.9718778,38.25188064575195
2385465939,41.0066585,28.9436764,37.69784545898438
2386222834,41.0126524,28.9462919,13.4970121383667
2386222835,41.0128241,28.9464874,13.49897480010986
2398449387,41.012848,28.9847361,46.00386810302734
2398449392,41.0129071,28.985075,43.97184753417969
2398449394,41.0130077,28.9843517,43.71354293823242
2398449396,41.0130027,28.9848437,45.36846542358398
2398449398,41.0130369,28.9848674,45.27949142456055
2398449399,41.0132878,28.9850497,41.95262908935547
2398449405,41.0134379,28.9846722,40.24144744873047
2398449409,41.0135289,28.9852265,39.79191589355469
2398449411,41.0136555,28.9848298,38.47222137451172
2426682427,41.0081534,28.9783636,30.73890495300293
2474131665,41.0175781,28.9751818,0.0
2478522774,41.0188274,28.9704378,0.02920361794531345
2478528173,41.0193637,28.9688851,0.3476576507091522
2482957687,41.0018436,28.9281187,33.01915740966797
2605664091,41.0148341,28.97126,13.74573516845703
2605667829,41.0100911,28.9686784,49.09540557861328
2607278273,41.003645,28.9637849,3.762808322906494
2665716442,41.0163396,28.9854518,8.637259483337402
2665717379,41.015853,28.9853355,6.380779266357422
2666795801,41.004072,28.973096,16.24989891052246
2666803153,41.0067131,28.977951,33.12821578979492
2666803154,41.0079528,28.9765113,37.29108428955078
2668213695,41.0180642,28.9732058,0.02459731139242649
2674464450,41.0098733,28.9674435,52.66760635375977
2674488917,41.0113986,28.9839001,47.46200180053711
2674488918,41.0114315,28.983576,47.67517852783203
2674488920,41.0115533,28.9822969,38.51199722290039
2674488923,41.0115447,28.9832862,46.55643081665039
2674488925,41.0115864,28.9831794,46.0301628112793
2674488937,41.0123406,28.9832021,44.18388748168945
2674488939,41.0123114,28.9840252,46.66110229492188
2674488945,41.0124939,28.9839278,45.37592697143555
2674488955,41.0126803,28.9846206,45.69596099853516
2674488959,41.0130491,28.9851748,41.8958854675293
2674488961,41.0131201,28.9843825,42.92506408691406
2674488964,41.013199,28.9852732,40.24195098876953
2683365496,41.0099654,28.9674585,51.87824630737305
2701304679,41.0181307,28.9388159,20.42737579345703
2701304701,41.0179325,28.9386453,20.42472457885742
2706340995,41.0057793,28.9748786,34.71706008911133
2768450516,41.0115438,28.9751501,36.53869247436523
2768450530,41.0118373,28.9756267,31.17800521850586
2768450538,41.0120773,28.9749267,31.52292251586914
2768450584,41.0148579,28.9756199,6.350850582122803
2775763243,41.0084577,28.9715358,52.23498153686523
2775763249,41.0070126,28.9708525,45.90744018554688
2775763259,41.0094043,28.9711635,47.97901916503906
2824247422,40.9992076,28.93397,0.750511109828949
2824247423,40.9991179,28.9341889,0.5280202031135559
2824342412,40.996613,28.9330495,0.7286049723625183
2825649986,41.0142256,28.9766827,7.589926242828369
2837962552,41.0051873,28.9636107,8.16018009185791
2848920118,41.0131286,28.980079,34.70051574707031
2848920123,41.0137722,28.9813128,24.57692909240723
2848920125,41.0149744,28.9842203,37.3001594543457
2848920128,41.0155936,28.985143,17.9272403717041
2848920130,41.014857,28.9859638,25.61569976806641
2848920137,41.0099772,28.9813214,40.32382965087891
2848920138,41.0105791,28.9817698,39.72102737426758
2926218402,41.0269953,28.9502394,54.1724853515625
2941431901,41.010626,28.97898,18.13010215759277
2941431902,41.0129142,28.9790702,6.861039161682129
2941432001,41.0108254,28.9786643,17.62346267700195
2942366324,41.0180888,28.9693639,2.535180568695068
2942738826,41.0034421,28.9603131,1.263231635093689
2942771231,41.0118384,28.9583498,45.59710693359375
2984236656,41.0108807,28.9612857,49.97261047363281
3044788468,41.001997,28.9587887,0.7508067488670349
3044788471,41.0020245,28.9586285,0.7172935009002686
3044788473,41.0020605,28.9584403,0.7482091188430786
3044788475,41.0020969,28.9582788,0.7601176500320435
3044788480,41.0021401,28.9580878,0.7567532658576965
3044788506,41.0025743,28.9592781,1.158331155776978
3044788508,41.0031739,28.9592827,1.087230324745178
3044788512,41.0031798,28.9590844,0.7529683113098145
3044788515,41.0031699,28.9588727,0.754568874835968
3044788516,41.0031602,28.9587068,0.7832077145576477
3044788519,41.0031187,28.9584724,0.82341068983078
3044788521,41.0032374,28.9575528,0.7257365584373474
3044788739,41.0035503,28.9820771,0.8514214158058167
3044788740,41.0032943,28.9591518,0.8298488259315491
3044788748,41.003309,28.9577869,0.4450431168079376
3044788772,41.0160677,28.9806019,2.692663669586182
3044788777,41.0163726,28.9855627,8.20588207244873
3057305009,41.0048703,28.9539481,2.563154220581055
3057316893,41.0028957,28.977893,8.590010643005371
3075078760,41.002935,28.9708987,4.280498027801514
3075078763,41.0030504,28.9733312,6.926784515380859
3075078765,41.0033711,28.9708681,3.850592136383057
3075078766,41.0031512,28.9718246,4.583054065704346
3075078767,41.0033583,28.9692554,3.971440076828003
3075078775,41.0025488,28.9732619,5.001799583435059
3075078777,41.0026939,28.9714293,3.711638450622559
3075078779,41.003795,28.9734218,13.55110931396484
3075078795,41.0032706,28.9717817,5.378362655639648
3075078796,41.0035008,28.9687878,2.927604198455811
3075078798,41.004697,28.9678292,6.52092170715332
3075153098,41.0053358,28.9703141,11.23513317108154
3075153099,41.005936,28.97064,25.0161075592041
3075153113,41.0055214,28.9696097,15.3936185836792
3075153117,41.0053894,28.9714084,19.69844436645508
3075153121,41.005009,28.9717867,15.94956016540527
3075153128,41.0041429,28.9726463,18.14547538757324
3075153138,41.004485,28.972153,13.47858619689941
3075153142,41.0050811,28.9717626,16.85977172851562
3075153147,41.0038667,28.9726262,14.69401073455811
3075153148,41.0056188,28.9701024,17.66743087768555
3075182566,41.0069847,28.9713445,45.38594818115234
3075182569,41.0067502,28.9682232,43.60547637939453
3075182575,41.0057962,28.9713916,28.61087417602539
3075182576,41.0062702,28.9711825,33.02787399291992
3075182578,41.0049195,28.9738459,34.1571159362793
3075182580,41.0060951,28.9715936,31.40826606750488
3075182582,41.0080129,28.9692131,52.5583610534668
3075182588,41.0063684,28.9702384,31.83644866943359
3075182592,41.0064992,28.9681046,42.16255950927734
3075182593,41.0050713,28.9735421,35.13687515258789
3076823029,41.0073257,28.9764313,35.64663696289062
3076823462,41.0074284,28.9769943,34.89821624755859
3076823492,41.0057102,28.9751651,33.37440872192383
3076823493,41.0076586,28.976621,35.89216995239258
3076823496,41.0056315,28.97518,33.06381225585938
3076823498,41.0060635,28.9751657,33.97357940673828
3076823502,41.0057047,28.975057,33.80373001098633
3076823507,41.0052561,28.9750982,33.03439712524414
3076823512,41.0059911,28.9754872,33.04259490966797
3076823522,41.0060148,28.9758855,33.80471038818359
3076823533,41.005857,28.9753177,32.72561645507812
3076823537,41.007162,28.976732,35.47607421875
3076823542,41.0070556,28.9766234,35.36391067504883
3076823550,41.005991,28.975309,32.92736053466797
3076823551,41.0071788,28.9766732,35.63947296142578
3076823554,41.0070637,28.976736,35.54174041748047
3076865534,41.0075434,28.9760824,37.33414840698242
3076865537,41.0058996,28.9782124,31.15098190307617
3076865538,41.0072826,28.9776439,33.82158660888672
3076865539,41.0078354,28.9757966,40.48549652099609
3076865544,41.0074232,28.9790113,32.49475860595703
3076865546,41.0074503,28.9759901,37.2726936340332
3076865547,41.0059083,28.9777314,32.85137557983398
3076865551,41.0078964,28.9750309,43.50548553466797
3076865564,41.0061051,28.9778511,32.86296463012695
3076865567,41.0073239,28.9788005,32.18575286865234
3076865569,41.0075695,28.9791408,32.19801712036133
3076865573,41.0076007,28.978606,31.76384735107422
3076865590,41.0064088,28.9768333,34.17436599731445
3076865591,41.0065326,28.9782618,32.22746276855469
3076865599,41.0076871,28.9757948,40.35009765625
3076865601,41.0072584,28.9757999,36.76036834716797
3076865602,41.0060513,28.9772375,33.89178085327148
3076865604,41.0078713,28.9752866,42.02851104736328
3076865641,41.006163,28.977358,33.52566909790039
3076865658,41.0072418,28.9777153,33.42419815063477
3076865663,41.0062286,28.9784889,31.39834976196289
3076865674,41.0081068,28.9744417,46.021728515625
3076865678,41.0063011,28.9775069,33.37146377563477
3076865682,41.0074667,28.978925,32.66543197631836
3076865686,41.0068262,28.9783706,32.6895866394043
3076865690,41.0070411,28.976146,35.07243728637695
3076893489,41.0067983,28.978418,32.54281234741211
3076893490,41.0053206,28.9809582,11.88194274902344
3076893495,41.0070539,28.9785653,32.39432144165039
3076893497,41.0074206,28.9778845,32.69516754150391
3076893499,41.0074828,28.977762,33.45676803588867
3076893509,41.0073101,28.9781003,31.99379348754883
3076893512,41.0076132,28.9780661,33.31805038452148
3076893514,41.006589,28.9781601,32.24638366699219
3076893516,41.0068821,28.977896,33.41761016845703
3076893517,41.0069911,28.9774786,33.17137145996094
3076893518,41.0072752,28.9772575,35.04842376708984
3076893522,41.0070445,28.9775292,33.46899032592773
3076893523,41.0077923,28.9787272,31.73186874389648
3076893529,41.0071252,28.9784301,32.47604751586914
3076893531,41.0072253,28.97721,34.85466384887695
3076893736,41.0066548,28.9782175,32.49875640869141
3076893737,41.0072113,28.9776866,33.48358535766602
3077126992,41.0202269,28.9645433,1.346542358398438
3078451821,41.0140675,28.9855089,37.6485481262207
3078451824,41.0122491,28.9793689,10.56344699859619
3078451827,41.0149128,28.9841265,36.16839981079102
3078451829,41.0135018,28.9854408,39.99868392944336
3078464241,41.0110003,28.9792348,32.85895156860352
3078464243,41.013918,28.9853116,38.17245864868164
3078464253,41.013643,28.9810814,34.41621398925781
3078464256,41.0154266,28.9854467,19.77560806274414
3078464257,41.0128818,28.9839427,41.45261001586914
3078464260,41.0138146,28.9855921,37.30561828613281
3078464262,41.0120426,28.9802514,25.4865608215332
3078464263,41.0147121,28.9842881,33.64778900146484
3078464268,41.0141627,28.9847659,37.12161254882812
3078464269,41.0139805,28.9844257,33.57380294799805
3078464270,41.0139014,28.985386,38.14548873901367
3078464273,41.013622,28.9854533,39.33252334594727
3078464279,41.0147708,28.9845456,36.94215393066406
3078464286,41.0138185,28.9806096,5.39499568939209
3078464288,41.0136399,28.9850757,39.0576286315918
3078464296,41.0118767,28.9795915,13.52673625946045
3078464310,41.0151945,28.9852158,37.14457702636719
3078464312,41.0124717,28.9806349,17.85345268249512
3078464316,41.0091237,28.9815536,39.96378326416016
3078464318,41.010444,28.9816727,39.99380111694336
3078464319,41.013894,28.9818876,14.99366092681885
3078464321,41.0139814,28.9857159,35.45301055908203
3078464322,41.0124047,28.9802133,22.01556205749512
3078464325,41.0135732,28.985259,39.59849548339844
3078464326,41.0147735,28.9842386,34.78494644165039
3078473201,41.0141131,28.98093,5.814717292785645
3079738236,41.0124479,28.9779305,12.53538990020752
3079738241,41.0139287,28.9765457,10.15182685852051
3079738244,41.01592,28.9762417,2.56351900100708
3079738246,41.0135257,28.9781099,7.497115135192871
3079738248,41.0103886,28.9778678,24.4041633605957
3079738251,41.0127365,28.9775157,17.43794822692871
3079738258,41.0138232,28.977064,9.698505401611328
3079738260,41.0143397,28.9767772,6.753952980041504
3079738264,41.0141783,28.9772471,6.45090913772583
3079738266,41.0139857,28.975425,12.56193828582764
3079738267,41.01553,28.9763382,3.653441429138184
3079738268,41.013281,28.9780662,8.959351539611816
3079788571,41.0073732,28.9733076,49.45940017700195
3079788577,41.0096688,28.9745505,51.46995162963867
3079788585,41.0048743,28.968026,8.775346755981445
3079788588,41.0103544,28.9749467,47.50647735595703
3079788591,41.01055,28.9770198,31.7520809173584
3079788598,41.0049515,28.9684647,6.606702327728271
3079788599,41.0048088,28.9691591,2.344827651977539
3079788604,41.0044181,28.969023,2.232022285461426
3079788605,41.0103762,28.9755483,45.63068389892578
3079788618,41.0043377,28.9690395,2.357429027557373
3079788622,41.0046914,28.9687139,2.036612987518311
3079788623,41.0048608,28.9685416,4.62207555770874
3079788631,41.0099517,28.9766401,35.08940124511719
3079788633,41.0045071,28.969109,2.149021148681641
3079788634,41.0046898,28.9688087,1.941265106201172
3079788635,41.0049059,28.9691215,3.330444574356079
3079788636,41.0047281,28.9690544,2.100520133972168
3079788637,41.0021899,28.968918,1.720134139060974
3079788639,41.0047538,28.9693037,2.261884927749634
3079788649,41.0045173,28.9692074,2.171392202377319
3079803561,41.0030028,28.9792049,6.849374771118164
3079803563,41.0057327,28.9814603,12.62141132354736
3079803564,41.002951,28.9790272,7.114170074462891
3079803566,41.0026497,28.9764455,6.699076652526855
3079803570,41.00281,28.9770574,8.330930709838867
3079803575,41.0027561,28.9767873,7.271557807922363
3081281686,41.0041836,28.9647242,4.922291278839111
3081281690,41.0042663,28.9647089,4.65031909942627
3081281691,41.0035636,28.964203,3.640373945236206
3081281692,41.0044517,28.9658037,10.81280422210693
3081281695,41.0055331,28.9682538,17.16353034973145
3081281702,41.0045344,28.9664849,10.33703422546387
3081281703,41.0042149,28.9657102,10.05093002319336
3081281706,41.0047616,28.9672275,8.98530387878418
3081281707,41.0059084,28.9683892,31.12598419189453
3081281712,41.0062927,28.964379,25.86659812927246
3081281713,41.0058163,28.9657632,23.85978507995605
3081281718,41.0052572,28.9666881,25.63958549499512
3081281719,41.0043021,28.9646502,4.675107955932617
3081281721,41.0043164,28.9647745,4.241712093353271
3081281728,41.00427,28.966651,6.930263042449951
3081281735,41.0054512,28.9667275,32.04717636108398
3081292061,41.0063417,28.9660806,35.18301391601562
3081292062,41.0066312,28.9662762,39.78085708618164
3081292063,41.0066884,28.9670209,42.7117805480957
3081292064,41.0060104,28.9668705,35.8133430480957
3081292065,41.0061416,28.9659606,29.81314086914062
3081292066,41.0069261,28.9611485,20.34861755371094
3081292067,41.0069906,28.9658058,42.72294616699219
3081292069,41.0066761,28.9670159,42.57878875732422
3081292075,41.0070975,28.9630267,27.83006858825684
3081292076,41.0071026,28.9626642,31.01455879211426
3081292079,41.0059299,28.9673949,35.24162292480469
3081292087,41.006938,28.9647787,33.54269409179688
3081292088,41.0061078,28.9668702,36.6697883605957
3081292090,41.0064985,28.965586,36.11791610717773
3081295790,41.0071977,28.9641814,30.90128898620605
3081510951,41.0078283,28.966982,48.81641006469727
3081510954,41.0073682,28.9660147,43.97977828979492
3081510957,41.0087898,28.9654936,48.97496032714844
3081510958,41.0084947,28.9668691,50.36069488525391
3081510960,41.0079184,28.9664062,47.90124130249023
3081510966,41.0088936,28.9668188,50.67104721069336
3081510969,41.0080634,28.9647518,45.75064468383789
3081510971,41.0085377,28.9666636,50.08494186401367
3081510979,41.0082059,28.9670034,50.02009582519531
3081510982,41.0084739,28.9670128,50.60555267333984
3081525001,41.0079245,28.968585,51.23178100585938
3081525003,41.0085678,28.9682224,54.68527984619141
3081525006,41.0077905,28.9674394,49.39339447021484
3081525008,41.0076563,28.9666949,47.66203689575195
3081525009,41.0074927,28.9668401,47.48765182495117
3081558874,41.0134365,28.9563351,39.06079864501953
3081558878,41.0075389,28.959322,16.50228500366211
3081558890,41.0066056,28.959016,11.60109233856201
3081558894,41.014341,28.9547916,38.33895874023438
3081558898,41.0134982,28.9566518,38.97235107421875
3081558909,41.0107028,28.9569423,36.08589172363281
3081558915,41.0076697,28.9593992,17.48395919799805
3081558918,41.0137461,28.9551782,38.20420837402344
3081558919,41.0130775,28.9535265,30.03033638000488
3081558930,41.0122738,28.9564489,41.59104156494141
3081572456,41.0064975,28.9625201,16.85515213012695
3081572465,41.0065814,28.962231,18.8428783416748
3081572466,41.0063947,28.9628578,14.66069412231445
3081584721,41.012388,28.958967,44.0607795715332
3081584726,41.0119815,28.9593147,43.73999786376953
3081584732,41.0106864,28.9583391,45.82240676879883
3081960348,41.0112793,28.9635366,60.98677062988281
3081960349,41.0093112,28.9655308,49.45479583740234
3081960360,41.0112186,28.9646738,55.6837043762207
3081960364,41.0113928,28.9647625,57.47112655639648
3081960370,41.0113965,28.9645738,57.86259460449219
3081960382,41.011085,28.9635151,59.2845344543457
3081960383,41.0113228,28.9646774,56.70682525634766
3081960386,41.0113421,28.9641249,60.29302597045898
3081960389,41.0128875,28.9636573,61.48137283325195
3081960404,41.0093933,28.9658191,50.54919815063477
3081960405,41.0126575,28.9650285,59.32892227172852
3082166438,41.010896,28.9669482,51.47905731201172
3082166439,41.0101517,28.9691134,47.95687866210938
3082166446,41.0090612,28.9688684,53.86148071289062
3082166447,41.0108192,28.9694529,44.97848892211914
3082166450,41.0092976,28.9673838,52.81991958618164
3082166451,41.0128861,28.9677472,42.50907516479492
3082166452,41.0099297,28.968739,50.84476089477539
3082166455,41.0113523,28.9701155,37.45859146118164
3082166456,41.009583,28.9727804,54.10224151611328
3082166459,41.009397,28.9688393,52.96815490722656
3082166465,41.0106269,28.9695204,45.62587356567383
3082166467,41.0096524,28.9680596,51.99519729614258
3082166468,41.0113231,28.9682598,46.63714981079102
3082166470,41.0097626,28.9715938,49.99860000610352
3082166474,41.0097323,28.9724575,53.40159225463867
3082166480,41.0113671,28.9687071,45.22157287597656
3082166481,41.0091619,28.9701868,50.68109512329102
3082166486,41.0118721,28.9683285,45.15195846557617
3082166487,41.0095993,28.9685459,52.67218780517578
3082166488,41.0093173,28.968469,53.44995498657227
3082166491,41.0116861,28.9685523,45.36505889892578
3082166495,41.012522,28.9679556,43.71288299560547
3082166497,41.0112562,28.9675089,48.33484268188477
3082166505,41.0092382,28.9690871,53.11653137207031
3082408134,41.010354,28.9698826,45.95561218261719
3082408137,41.009542,28.9671158,54.11067199707031
3082408143,41.010321,28.9690533,47.73944854736328
3082408145,41.0112667,28.9687838,45.31024932861328
3082408147,41.0097984,28.9667206,51.16999435424805
3082408150,41.011062,28.9688445,46.77914810180664
3082408152,41.0094351,28.9674052,53.61376953125
3082408157,41.0098472,28.9671524,54.38425445556641
3082408159,41.0107321,28.968932,47.24008178710938
3082454070,41.0118264,28.9665171,55.84148025512695
3082517835,41.0110913,28.9692127,44.63970565795898
3082517836,41.0107572,28.9690819,46.81186676025391
3082517837,41.0100789,28.9674784,51.25895690917969
3082517838,41.0101172,28.9696301,47.41902160644531
3082517840,41.0113417,28.9687301,45.2542724609375
3082517841,41.010237,28.9676282,50.76779937744141
3082517842,41.0102127,28.9673426,52.32498550415039
3082517843,41.0097901,28.9693717,51.27064514160156
3082517844,41.0105203,28.9692658,45.8186149597168
3082517848,41.0107774,28.9692026,45.85025787353516
3082517849,41.0101021,28.9676332,50.75160217285156
3082517850,41.0102493,28.9686166,48.10414886474609
3082517852,41.0101376,28.9693084,47.63087463378906
3082517853,41.0098563,28.9672335,54.40149688720703
3082517854,41.0103928,28.96723,52.14297866821289
3082517856,41.0103383,28.9693009,46.7493782043457
3082517857,41.0098832,28.9693872,49.59718322753906
3082517859,41.0109473,28.9675185,48.74004745483398
3082517860,41.0107061,28.9687885,47.43954467773438
3082517861,41.0103441,28.967509,51.273193359375
3082517862,41.0105444,28.9675632,50.70252227783203
3082517864,41.0105874,28.9680404,47.01068115234375
3082517866,41.010569,28.9678359,49.18027877807617
3082517867,41.0103203,28.968115,48.18395233154297
3082517869,41.0105396,28.9674975,51.31271743774414
3082517870,41.0105972,28.969247,45.56700897216797
3082517872,41.0110828,28.9691054,44.96491622924805
3082517875,41.0101074,28.9672039,53.76423263549805
3082517876,41.010794,28.9693023,45.04256439208984
3082517877,41.0104323,28.9672823,51.92920684814453
3082517879,41.0102154,28.9675021,51.58518218994141
3082517880,41.0103964,28.9685596,47.43707656860352
3082517881,41.0099637,28.9672166,53.89025115966797
3082517882,41.0104719,28.969001,47.2679443359375
3082517883,41.0109615,28.9695501,44.92691040039062
3082517884,41.0110731,28.9689844,45.69347381591797
3082517885,41.009947,28.9687325,50.59004974365234
3082517887,41.0102895,28.9679353,49.43617630004883
3082517888,41.0103426,28.967207,52.32363891601562
3082517889,41.0104737,28.9673373,51.88006591796875
3082517891,41.0100132,28.9682227,49.34965133666992
3082517892,41.010633,28.9696655,45.56623840332031
3082517893,41.0100264,28.9668357,53.01755523681641
3082517895,41.0108708,28.9697623,44.36014556884766
3082517896,41.0099293,28.9668974,53.20925521850586
3082517898,41.0105565,28.9676973,49.7722053527832
3082517899,41.0098199,28.9669112,53.228515625
3082517900,41.0099739,28.9673302,52.89372253417969
3082517901,41.0105006,28.9691624,46.3875617980957
3082517902,41.009918,28.9676655,51.07763290405273
3082517903,41.0099858,28.9674622,51.72834396362305
3082517904,41.0101307,28.9678241,50.15807723999023
3082517905,41.0098648,28.9664046,50.91376876831055
3082517907,41.010216,28.9671539,53.53328323364258
3082517908,41.0099531,28.9678712,49.94304275512695
3082517909,41.009834,28.9691729,51.39170455932617
3082517912,41.0099212,28.9686167,51.70601272583008
3082517913,41.0102876,28.967506,51.43195343017578
3082517914,41.0108416,28.9695876,44.44475173950195
3082517915,41.0106089,28.9693544,45.29937362670898
3082517916,41.0101531,28.9679737,48.87491989135742
3082517917,41.0102875,28.9671817,52.69946670532227
3082517919,41.0104273,28.9675135,51.2822151184082
3082517920,41.0106313,28.9696255,45.68009185791016
3082586141,41.0112997,28.9679974,47.17044830322266
3082586142,41.0113287,28.9683172,46.41963195800781
3082586144,41.0110827,28.9683673,46.72635650634766
3082586145,41.010984,28.9666524,52.93626403808594
3082586146,41.0112201,28.9689479,45.20212936401367
3082586147,41.0105896,28.9662279,55.2812614440918
3082586148,41.010989,28.9665358,53.55473327636719
3082586150,41.0112151,28.9690739,45.21500778198242
3082586152,41.0111051,28.9675136,48.2973747253418
3082586157,41.0108149,28.9677707,48.40292358398438
3082586158,41.0111551,28.9688209,46.28508377075195
3082586161,41.0119642,28.9674898,48.39070510864258
3082586162,41.011,28.9670959,50.09677886962891
3082586163,41.0107937,28.9676391,48.77700042724609
3082586164,41.0109187,28.9684143,46.37041473388672
3082586165,41.0113145,28.9681636,46.87757110595703
3082586166,41.0109271,28.9666667,52.9256477355957
3082586173,41.0107745,28.9675202,49.39817428588867
3082586174,41.0112873,28.9678579,47.41384506225586
3082586175,41.0110314,28.9671972,49.35611724853516
3082586176,41.0106693,28.9667289,53.03728485107422
3082586177,41.0111308,28.9678846,47.39046478271484
3082586179,41.010668,28.9672595,51.65949630737305
3082586181,41.010991,28.9688633,46.95151519775391
3082586183,41.011177,28.9681905,46.57761383056641
3082586184,41.0111838,28.9678756,47.32241439819336
3082586185,41.0105298,28.9674575,51.6513671875
3082586187,41.0111524,28.9680275,47.32870483398438
3082586189,41.0109837,28.9677465,48.21421432495117
3082586191,41.0111618,28.9675118,48.29685974121094
3082586192,41.0108309,28.9669204,51.86879348754883
3082586193,41.0110492,28.9672549,49.01198577880859
3082586198,41.0109343,28.9661688,55.00818634033203
3082586200,41.0106632,28.9666801,53.25504302978516
3082586204,41.0116153,28.9673104,48.5688591003418
3082586207,41.0110163,28.9679511,47.52408599853516
3082586210,41.0107828,28.9672396,50.79410171508789
3082586211,41.0110748,28.9675145,48.34463500976562
3083346456,41.0101807,28.9681584,48.41780471801758
3083371781,41.014958,28.9683108,22.08317947387695
3083371786,41.014145,28.9708634,21.8367919921875
3083371788,41.0139719,28.9704513,21.04323387145996
3083371789,41.0144217,28.9681659,34.08331680297852
3083371790,41.0146572,28.9677423,35.38671875
3083371791,41.013705,28.9721439,38.15522766113281
3083371796,41.0132797,28.9688076,34.8369026184082
3083371798,41.0132466,28.9719861,38.8017463684082
3083371799,41.0128683,28.9715026,39.60156631469727
3083371801,41.0150734,28.9682987,21.29060554504395
3083371812,41.0135928,28.9712445,35.82069778442383
3083371817,41.0146148,28.968042,32.23479843139648
3083371818,41.0105375,28.9728544,54.5224494934082
3083371819,41.0122827,28.9721068,42.64738464355469
3083371821,41.0137601,28.9713312,35.37684631347656
3083371823,41.0134704,28.9686838,35.44367980957031
3083371827,41.0141841,28.9708985,22.12178421020508
3083371828,41.0134842,28.9718522,37.94785690307617
3083371829,41.0122002,28.9714773,39.00541305541992
3083371832,41.0109676,28.9729501,55.68027877807617
3083418535,41.0112793,28.9731658,50.92595291137695
3083418538,41.0109229,28.9727387,55.9781379699707
3083418539,41.0120346,28.9720556,44.29799652099609
3083418540,41.0136719,28.9715833,37.04411315917969
3083418541,41.0141601,28.9711027,25.13483428955078
3083504830,41.0179465,28.9671071,3.890306234359741
3083504832,41.0174155,28.9672964,8.49228572845459
3083509834,41.0158177,28.9729706,7.451883792877197
3083509835,41.0155562,28.9670726,23.92341232299805
3083509836,41.0171697,28.9677274,10.8044548034668
3083509838,41.0169298,28.966844,13.11991500854492
3083509841,41.0157488,28.9683405,20.46216583251953
3083509845,41.0171608,28.968164,9.813813209533691
3083509848,41.0172418,28.9686941,6.880430698394775
3083509850,41.0155562,28.9675492,22.01645278930664
3083509851,41.0146745,28.9702432,17.72479629516602
3083509854,41.0169628,28.9684728,7.813130378723145
3083509857,41.0161353,28.9722452,4.976471900939941
3083509860,41.0172261,28.9680483,9.881784439086914
3083509863,41.0179624,28.9692267,2.470065116882324
3083509873,41.0165583,28.9703599,3.745801687240601
3083509875,41.0159193,28.9727139,5.936800956726074
3083509876,41.0138222,28.9737239,23.78605079650879
3083509879,41.0149006,28.9713097,14.674147605896
3083509880,41.0173453,28.9688329,5.54906177520752
3083509883,41.0155638,28.9667078,30.36495780944824
3083509884,41.0158641,28.9670753,23.15755844116211
3083547571,41.0197815,28.9644444,1.546920418739319
3083547575,41.0184262,28.9674828,1.671984672546387
3083547586,41.01686,28.9760729,0.01625534519553185
3083547590,41.016772,28.9776393,0.0
3083547597,41.0162067,28.979046,1.439217686653137
3085935428,41.0164281,28.9629499,51.73777008056641
3085937840,41.0186483,28.9665353,2.027246713638306
3085937845,41.0184248,28.9666717,1.970845222473145
3085937847,41.0159915,28.963496,52.24831390380859
3085937852,41.0180386,28.9657691,11.52120590209961
3085937854,41.0168924,28.9630164,49.63261413574219
3085937863,41.0162844,28.9624489,50.89924240112305
3085937864,41.0182891,28.9653674,11.34304332733154
3085937865,41.0176443,28.9661703,11.65188217163086
3085937866,41.0160618,28.9646805,51.52516555786133
3085937868,41.0166722,28.9633008,50.24422454833984
3085937869,41.016496,28.9640378,51.66204452514648
3085937880,41.0186429,28.9667163,1.157720804214478
3085937882,41.0192234,28.9645203,2.355843305587769
3085937886,41.0156018,28.9639836,52.49617385864258
3085937890,41.0174036,28.9635446,50.73885345458984
3085937892,41.0185986,28.9668647,1.381329536437988
3085937894,41.0169199,28.963657,50.80018997192383
3085947141,41.0191852,28.9584946,14.04233455657959
3085947144,41.0199744,28.9636604,1.938509106636047
3085947146,41.0197533,28.961679,12.85009002685547
3085947152,41.0192908,28.9603373,8.891565322875977
3085947154,41.0199829,28.9622944,10.73278427124023
3086092971,41.0179068,28.9608419,21.96839332580566
3086092974,41.0214721,28.9618875,2.052957057952881
3086092986,41.017418,28.9598929,30.72953605651855
3086092999,41.0210172,28.961225,2.847210168838501
3086093002,41.0182246,28.9614769,19.22509765625
3086114270,41.0157101,28.955684,34.12709045410156
3086114271,41.0152067,28.9564757,36.22649002075195
3086114272,41.0143607,28.9559373,39.05879974365234
3086114277,41.0153046,28.9563443,35.7528076171875
3086114284,41.0175873,28.9595457,27.58548736572266
3086114285,41.0147613,28.9547999,37.60169982910156
3086114289,41.0144691,28.9557588,38.48395156860352
3086114292,41.0156175,28.9554618,33.97939300537109
3086114294,41.014655,28.9556174,38.6624870300293
3086114305,41.0146262,28.9550372,39.15091705322266
3086114307,41.0163296,28.9575093,29.54011726379395
3086114316,41.0204471,28.9611627,5.735223293304443
3086129813,41.0146189,28.9560441,39.0459098815918
3086129817,41.0147869,28.9568718,36.38655090332031
3086129820,41.0130278,28.9588154,42.7557373046875
3086129827,41.014985,28.955006,35.54365158081055
3086129829,41.0155466,28.9556887,35.09531784057617
3086129830,41.0139057,28.9594246,43.20831680297852
3086131033,41.0146121,28.956212,38.93857192993164
3086131035,41.0144718,28.9559267,38.71222305297852
3086131036,41.0133067,28.9605437,48.75493621826172
3086131038,41.0134015,28.9581343,39.60407638549805
3086131041,41.0149454,28.9580186,33.49668502807617
3086131043,41.0150998,28.9557909,36.88458251953125
3086131045,41.0150184,28.9555876,37.12054443359375
3086131048,41.013542,28.9579954,39.29608917236328
3086131051,41.0143703,28.9569038,38.65718841552734
3086131063,41.0143267,28.956963,38.74654769897461
3086131067,41.0138689,28.9579162,39.05228424072266
3086131071,41.0134352,28.9581616,39.63481521606445
3086151864,41.0110321,28.9534704,16.26439666748047
3104180390,41.0166969,28.9713598,2.505016326904297
3124384721,41.0087438,28.9776818,32.44094848632812
3124384723,41.0086704,28.9773135,33.94960784912109
3131823024,41.0020103,28.9751623,1.788137674331665
3131823028,41.0021333,28.9751798,1.607768177986145
3131825235,41.0023535,28.9703483,1.683512330055237
3131825241,41.0022023,28.9751004,2.273993730545044
3132001507,41.0099528,28.9501197,9.751896858215332
3132001511,41.0097998,28.9500421,9.579925537109375
3143613871,41.0213061,28.9443979,43.12654113769531
3168633213,41.0233239,28.9553333,28.70636558532715
3174853974,41.008158,28.9743772,46.15882110595703
3178888402,40.9951008,28.9307516,1.590216040611267
3178888407,40.9992242,28.9334568,0.7568957209587097
3178888413,40.9952016,28.9308946,2.10372257232666
3179959794,41.0097955,28.9764414,38.25572967529297
3180525658,41.0069925,28.9768671,35.07120895385742
3180545178,41.0035212,28.9788133,7.95182466506958
3180545179,41.0039633,28.9789522,13.12297916412354
3181221416,41.0083933,28.9709622,52.91762924194336
3181221418,41.007017,28.9707521,45.76199340820312
3181221419,41.0084086,28.9707352,54.64191055297852
3181221421,41.0085345,28.9707498,53.63482666015625
3181221423,41.0101504,28.9703121,47.56159591674805
3181221424,41.0100745,28.9702499,47.94355392456055
3184421675,41.0215462,28.9613284,1.911016702651978
3184421678,41.0213243,28.9617422,2.388618946075439
3184421680,41.0207901,28.9627589,2.406519412994385
3184433330,41.0218583,28.9615967,0.8852192759513855
3184433338,41.0211127,28.9615392,2.733317613601685
3184433345,41.0205639,28.9626829,4.525128841400146
3184433350,41.0210661,28.9622476,2.479029893875122
3184433358,41.020856,28.9620686,4.108424186706543
3184459084,41.0206713,28.9624491,4.715746879577637
3184760678,41.0176122,28.9685197,8.030187606811523
3184760680,41.0174511,28.9686197,7.974777698516846
3184760684,41.0165215,28.9703273,4.075294971466064
3184760685,41.0164174,28.9705232,4.101318836212158
3185233413,41.0207046,28.9631411,1.528389692306519
3185233415,41.0202522,28.9627819,5.99744987487793
3185233419,41.0201531,28.9630746,6.187204360961914
3185233421,41.0198282,28.9629154,9.034173011779785
3186367004,41.0086633,28.9790198,31.88854217529297
3186367006,41.008897,28.9793294,34.08555603027344
3186367011,41.0079392,28.9784528,31.76454925537109
3186377288,41.008777,28.9822483,31.85369873046875
3186628305,41.0049269,28.9719212,16.13457107543945
3186628310,41.00492,28.9721146,18.08689880371094
3188213811,41.0177117,28.9741403,0.2080517113208771
3188213822,41.0182578,28.9713699,0.05846093967556953
3188246810,41.0163539,28.9625516,51.15205764770508
3189153199,41.0099594,28.966377,51.50065994262695
3189183323,41.0168337,28.9716773,2.595431327819824
3195726577,41.0101446,28.9691968,47.90685272216797
3218776826,41.0094467,28.9408667,45.35215377807617
3235202099,41.0149023,28.9540714,38.38396072387695
3235202104,41.0150289,28.9544986,36.84274291992188
3235202106,41.0152677,28.9549146,35.39912414550781
3235202107,41.0157454,28.9551817,34.15903854370117
3235202108,41.0158977,28.9554099,33.96990203857422
3235202112,41.01638,28.955847,32.0338249206543
3235207284,41.0155478,28.9564789,36.46891403198242
3235207285,41.0169081,28.9538996,46.78580856323242
3243465420,41.0061156,28.9785569,31.1561450958252
3245289763,41.0109704,28.9485626,11.89193153381348
3245289764,41.0111032,28.9483636,12.41137599945068
3245289766,41.0112679,28.9489174,11.71212959289551
3254384595,41.0134208,28.975806,14.29893779754639
3270661432,41.0091706,28.9551486,21.13480186462402
3270661434,41.0077101,28.9535471,10.0423698425293
3270661438,41.0090356,28.9609229,43.42757797241211
3270661439,41.0085068,28.960394,38.81233215332031
3270661440,41.008268,28.9608566,39.75353622436523
3273273526,41.0048271,28.9597568,7.394070148468018
3273273527,41.0041179,28.9600773,5.624131679534912
3273273529,41.0045141,28.9602039,6.178170680999756
3273273530,41.0050474,28.9538348,3.464250087738037
3273273533,41.0068745,28.956463,12.52263832092285
3273273535,41.0046297,28.9599018,6.64470100402832
3273273536,41.0052476,28.9558106,5.344171524047852
3273273538,41.0042574,28.9607937,5.724625587463379
3273273544,41.0070117,28.9565552,13.9981575012207
3273273553,41.0060048,28.9538187,5.212134838104248
3273273558,41.0057893,28.9540991,4.606435775756836
3273273559,41.0067082,28.9562783,13.34648036956787
3273276363,41.0061948,28.9566299,9.555731773376465
3273276364,41.0059817,28.9565168,8.94649887084961
3273276370,41.0050265,28.9594125,7.602072715759277
3273917392,41.0036501,28.9687907,2.900418996810913
3273917394,41.005523,28.9627309,10.30200672149658
3273930166,41.0039752,28.9716443,8.436731338500977
3273957572,41.0055731,28.9708131,18.98131561279297
3273957573,41.0056561,28.970486,19.34687805175781
3274151297,41.0060445,28.9626568,13.17886066436768
3274151299,41.0061974,28.9624932,13.51631355285645
3274151301,41.0063189,28.9620965,14.86167907714844
3274151302,41.0056197,28.9624752,10.5889720916748
3274151303,41.0052917,28.965098,17.84542083740234
3274151304,41.005478,28.9651848,20.26603507995605
3274171294,41.0065481,28.9638369,22.3369312286377
3274753070,41.0092818,28.975098,52.16959762573242
3274753073,41.0094134,28.9754121,51.24143218994141
3274903072,41.0083458,28.9759147,43.19599151611328
3278000381,41.0077967,28.9651148,44.52849197387695
3278000382,41.0074839,28.9650074,41.92383575439453
3278000383,41.0078541,28.9646534,44.12403869628906
3278000385,41.0132018,28.9625493,62.15067291259766
3278000386,41.0125766,28.9620608,59.85525894165039
3279339609,41.0028894,28.9774435,9.613322257995605
3279345564,41.0140092,28.9728996,27.09621620178223
3279422229,41.0054577,28.9783635,28.94513893127441
3281285902,41.0042572,28.9733585,20.65281677246094
3281285907,41.004659,28.9734817,33.68676376342773
3282349641,41.0081865,28.9739116,50.72126007080078
3282349642,41.0082141,28.9734545,52.64727783203125
3282349643,41.0082759,28.9727724,52.287841796875
3282357296,41.0080566,28.9782433,31.21861267089844
3289795061,41.0162861,28.9550937,38.6295280456543
3289795063,41.0168353,28.9538309,46.48622131347656
3289795064,41.0171047,28.9533233,50.43558120727539
3305442195,41.0112006,28.9683468,46.20789337158203
3361016677,41.0229626,28.960316,3.50423526763916
3361027528,41.0251937,28.9574254,10.37482643127441
3361034277,41.0232531,28.9555326,26.48544502258301
3361048527,41.0184309,28.9552696,42.58351516723633
3361048528,41.0181669,28.95488,45.94126510620117
3361048529,41.0181709,28.9556385,39.30418395996094
3361058618,41.0181787,28.9544086,47.77760696411133
3361072462,41.0180042,28.955417,40.61716079711914
3361072464,41.0177633,28.9557545,36.20278930664062
3361090517,41.0211823,28.9548157,41.41241836547852
3361097239,41.0252566,28.9573125,9.750228881835938
3361125318,41.0217175,28.9599089,5.886322498321533
3361132678,41.0225723,28.9582851,14.14962005615234
3361132680,41.0229665,28.9584218,9.99034309387207
3361139555,41.0219271,28.9591041,9.756468772888184
3361139556,41.0218854,28.9587523,12.70564937591553
3361139559,41.0221624,28.9585755,14.53151607513428
3361155436,41.0222616,28.9593172,9.599146842956543
3361171500,41.0228501,28.958875,10.3907299041748
3361172125,41.0224524,28.958383,14.04775714874268
3361172126,41.0227956,28.9588742,10.19666862487793
3361180449,41.0226582,28.9572545,14.73756217956543
3361184703,41.0224268,28.9572103,17.07746124267578
3361184704,41.02247,28.9569099,16.84917259216309
3361188702,41.0215046,28.9572994,19.62771224975586
3361188963,41.0226533,28.9560958,24.98548316955566
3361188964,41.0230053,28.956187,24.30842781066895
3361196351,41.0218558,28.9588583,11.19833564758301
3361196352,41.0213927,28.9586052,18.50613784790039
3361196436,41.0217908,28.9585436,16.66192436218262
3361237385,41.019793,28.9563387,36.94322967529297
3361256351,41.0191828,28.9560265,41.63533782958984
3362974184,41.0031926,28.9277851,35.48031234741211
3363000930,41.0018519,28.9264465,34.40494537353516
3363004585,41.0032296,28.9232969,23.21937561035156
3363029913,40.9997928,28.9273651,28.11532974243164
3363094746,41.0034893,28.9350274,26.71885681152344
3363103877,41.0052654,28.9298612,39.76830291748047
3363192924,41.001966,28.9229733,21.3274974822998
3363192925,41.0019144,28.9232738,22.61536407470703
3363195237,41.0011016,28.9226192,20.37075996398926
3363227489,41.010255,28.9307326,53.48443984985352
3363227490,41.0098442,28.9307226,51.58882141113281
3363236312,41.0098361,28.9303787,51.3292121887207
3363237632,41.0097093,28.930724,50.91436386108398
3363363336,41.0012623,28.9330914,13.6868371963501
3363388365,40.9990489,28.9286461,23.26774597167969
3363388367,40.9994775,28.9287632,24.46625900268555
3363397487,41.004433,28.9315717,37.65564727783203
3363400944,41.0057327,28.9317817,40.27445220947266
3363400945,41.005196,28.9311921,39.40806198120117
3363402106,41.0057616,28.9312271,40.03374099731445
3363412435,41.0059339,28.9336864,39.76496505737305
3363415900,41.0054676,28.93328,37.88793563842773
3363415903,41.0054746,28.9336424,37.22857284545898
3363427984,41.0058868,28.9348124,38.35352325439453
3363427985,41.004845,28.9348946,35.78241348266602
3363433223,41.0067711,28.9355548,39.34981918334961
3364723489,41.021612,28.9601029,6.272729396820068
3364728451,41.0219979,28.9583817,17.46302795410156
3364734885,41.021312,28.9586399,19.23159217834473
3364746609,41.0190076,28.9558922,41.35279083251953
3364754491,41.023287,28.956305,23.32790946960449
3364759669,41.0219006,28.9568458,20.37465858459473
3364759670,41.0216026,28.956769,22.12832641601562
3364762053,41.0211697,28.9568854,24.56367683410645
3364762054,41.0213389,28.9563157,31.23640632629395
3364762055,41.0212094,28.956211,33.05515670776367
3364762056,41.0208846,28.956439,33.31634902954102
3364770062,41.0223892,28.9567797,18.6009521484375
3364779924,41.022702,28.9569226,14.35551357269287
3364780100,41.022286,28.9565807,21.20608711242676
3364780101,41.0224533,28.9566146,19.64776611328125
3364781256,41.0233413,28.9563362,22.99424743652344
3364781257,41.0230954,28.9568922,15.44733428955078
3364807812,41.0279822,28.9559025,1.85554051399231
3364809565,41.0218074,28.9557545,32.66532897949219
3364821953,41.0219597,28.9537967,43.21339797973633
3364826649,41.0218228,28.9548978,39.16607284545898
3364838389,41.0214491,28.95442,45.47262954711914
3364849386,41.0181105,28.9543451,47.83668899536133
3364860514,41.0172303,28.952667,53.60599136352539
3364860519,41.0210712,28.9511064,59.83274459838867
3364860520,41.0191439,28.9530587,57.93153762817383
3364860684,41.0157841,28.9536635,40.19351196289062
3364860686,41.0163786,28.9525961,46.45739364624023
3364864055,41.0173871,28.9527959,54.2109260559082
3364897331,41.0179522,28.9526566,54.75444793701172
3365517676,41.018794,28.9502183,61.71559906005859
3365518075,41.0181604,28.9491294,51.03361129760742
3365623692,41.0271004,28.9542133,16.21523284912109
3365624493,41.027318,28.9543828,11.42722702026367
3367564020,41.0284813,28.9475194,47.54484176635742
3367588374,41.0308313,28.9478686,13.46500587463379
3367656699,41.0287883,28.9460852,55.23398590087891
3367673711,41.0301072,28.9441587,27.0792121887207
3367673712,41.0295526,28.9443747,35.47867202758789
3367673713,41.0298846,28.9440318,27.5452938079834
3367677793,41.0302953,28.9437267,28.18248748779297
3367677794,41.0301582,28.9436142,30.13130187988281
3367683174,41.0301072,28.9433273,31.33127975463867
3367683175,41.029967,28.9435968,31.75152206420898
3367699444,41.0324841,28.9433044,10.83922386169434
3367729060,41.0383061,28.9437862,3.426630258560181
3367752372,41.0382222,28.9425802,6.710322380065918
3367752651,41.0381809,28.9419649,9.19491958618164
3367759295,41.0373269,28.9405436,23.49254608154297
3367763572,41.037683,28.9411253,21.49246788024902
3367768986,41.0364286,28.9404706,33.45824432373047
3367808794,41.0360256,28.9419263,24.93552398681641
3367811950,41.0351605,28.9419374,36.55897903442383
3367811951,41.0350407,28.9420148,38.97249221801758
3367811952,41.0348621,28.9420981,42.68632507324219
3367821559,41.0350433,28.941617,40.22922897338867
3367822917,41.0353908,28.9417847,34.31746292114258
3367890167,41.0305409,28.9409952,33.81924438476562
3367940409,41.0279336,28.9453882,56.28207778930664
3369589468,41.027432,28.934535,63.75577926635742
3369594141,41.0275353,28.9360153,65.08394622802734
3369594144,41.0272866,28.933815,59.77607727050781
3369594145,41.0281669,28.9344816,64.92660522460938
3369594146,41.0278982,28.9350381,65.38566589355469
3369594147,41.0282499,28.9354415,67.6603775024414
3369594149,41.0274998,28.9356603,64.9016342163086
3369594151,41.0276294,28.9342117,62.8035888671875
3369594152,41.0285517,28.9349415,68.51785278320312
3369594153,41.0289151,28.9355197,72.02320098876953
3369594154,41.027808,28.9339203,61.65585708618164
3369596442,41.0269538,28.9325847,50.45375823974609
3369598256,41.0286544,28.9356544,70.84323120117188
3369618068,41.0265394,28.9389311,64.58454895019531
3369706063,41.0213628,28.9378797,33.08483505249023
3369832832,41.0120755,28.9519955,17.27051162719727
3369854511,41.0123593,28.9515422,19.42243003845215
3370503416,41.0179653,28.9686469,3.716520309448242
3370525361,41.0144839,28.9745297,12.30880355834961
3370541412,41.0158014,28.9753812,3.300443172454834
3370550735,41.0122824,28.9680751,44.66121673583984
3370554233,41.0125942,28.9682205,41.3778190612793
3370642642,41.0196444,28.963608,4.591434955596924
3370642643,41.0198616,28.9637965,1.855387806892395
3370689579,41.0127035,28.9745418,31.34809303283691
3370712783,41.0036848,28.9807937,5.179130554199219
3370722255,41.0046698,28.9679935,5.48155403137207
3370722256,41.0044361,28.967937,3.039473295211792
3371642275,41.0192219,28.9294561,53.95648956298828
3371642276,41.0195945,28.929538,53.82495498657227
3371645275,41.0202833,28.9309012,44.93854141235352
3371725930,41.0087986,28.9489277,17.59581565856934
3371744636,41.0071935,28.9372111,46.89632415771484
3371746129,41.0085717,28.9374992,51.18576431274414
3371750105,41.0079708,28.93869,46.96896743774414
3371750106,41.0080666,28.9391602,47.95304870605469
3371751294,41.0086686,28.9379216,51.08060073852539
3371761303,41.0061746,28.9368714,42.41889572143555
3371761305,41.006951,28.9373548,45.46745300292969
3371772712,41.0074999,28.9395815,46.15386962890625
3371795570,41.0065818,28.9389481,42.97170257568359
3371795571,41.0067623,28.9388329,45.04547882080078
3371796589,41.0069691,28.9392424,44.34785079956055
3371808225,41.0063325,28.9428887,35.05536270141602
3371808226,41.0060962,28.9430284,31.84117889404297
3371812283,41.0075758,28.9439036,41.70231246948242
3371812284,41.007357,28.9438355,40.58732986450195
3371812285,41.0073893,28.9439953,40.43436813354492
3371816554,41.0064485,28.9434023,35.50712585449219
3371830163,41.0074083,28.9440851,40.43213653564453
3371830165,41.007484,28.9448328,38.12529754638672
3371904622,41.0078687,28.9466586,33.35894012451172
3371937805,41.0100478,28.9320957,52.55937576293945
3374366888,41.0140971,28.9550051,38.23199462890625
3374366890,41.0143796,28.954524,37.89885330200195
3379728855,41.0159132,28.9589957,32.66366577148438
3379744871,41.0182254,28.959759,18.01230430603027
3379747274,41.0184071,28.9589289,15.02194690704346
3379760644,41.0167915,28.9693861,4.820938587188721
3379760651,41.0159224,28.9701069,10.55030059814453
3379769993,41.0139859,28.9706374,21.73977088928223
3379770225,41.0132248,28.9704188,21.61704254150391
3379770858,41.0126239,28.9705493,26.30961418151855
3379770859,41.0120865,28.9708448,32.66702651977539
3379772325,41.0116392,28.9712049,41.55117034912109
3379772327,41.0121321,28.9712145,36.54695129394531
3379773270,41.011607,28.9721784,45.52767944335938
3379773271,41.0114406,28.9715454,44.85086822509766
3379783178,41.0190272,28.9557133,42.8399543762207
3379788594,41.018641,28.9559033,39.34136199951172
3379788595,41.0185725,28.9561272,37.31818771362305
3379788598,41.0183863,28.9559325,37.7360725402832
3383013965,41.0141421,28.9496215,27.41718101501465
3383040832,41.0086171,28.9410475,44.8722038269043
3384727276,41.0157723,28.9657322,47.69018936157227
3384754603,41.0069727,28.947071,10.34413146972656
3384754609,41.0073185,28.9472796,22.10736656188965
3384754610,41.0072883,28.9470482,19.04447174072266
3390981095,41.0060742,28.9817189,15.06369495391846
3390981096,41.0062126,28.9821403,14.95924663543701
3390989181,41.0030539,28.9792506,6.880858898162842
3390992014,41.0026073,28.9786158,4.669187068939209
3397653314,41.0323466,28.939399,59.54520797729492
3397658391,41.0322483,28.9413106,41.63576507568359
3397674257,41.0364335,28.9403851,33.20576477050781
3397681066,41.0373967,28.9393228,19.09847450256348
3397681067,41.0373354,28.9398325,17.05933952331543
3397689487,41.0189174,28.9543766,46.62641525268555
3398136338,40.9921036,28.922978,12.0101957321167
3398152338,40.9965389,28.9230872,18.22881889343262
3398152339,40.9970389,28.9226622,14.21864414215088
3398169305,41.0001694,28.9270404,29.33665084838867
3398179437,41.0029638,28.9274536,35.36849212646484
3398179438,41.0029741,28.9278925,35.24102401733398
3398187970,41.0038518,28.9248194,28.20341491699219
3398189527,41.0042736,28.9262188,32.78330612182617
3398194312,41.0080263,28.9263529,38.41690444946289
3398201324,41.008852,28.9285182,42.84799575805664
3398201325,41.0090336,28.928246,43.65929412841797
3398220622,41.0167142,28.9243939,57.26247787475586
3398249901,41.0205251,28.9299656,61.28171157836914
3398249902,41.0199931,28.9298586,52.97668838500977
3398293421,41.016726,28.9506625,48.25657272338867
3398304657,41.0188459,28.9564704,36.69232559204102
3398309398,41.0180732,28.9569037,26.55849266052246
3398706235,41.0142581,28.9786412,5.403955936431885
3398706236,41.0139781,28.9785091,4.47422456741333
3398766396,41.0067523,28.9386019,45.17144393920898
3398771296,41.0059302,28.9372235,42.16795349121094
3398779055,41.0014575,28.9337221,8.851082801818848
3400118167,40.9929574,28.9226363,14.54796981811523
3400277521,41.0071295,28.9469267,17.07948112487793
3402247668,41.0144259,28.9746011,12.4318208694458
3402247670,41.0145031,28.975362,8.908363342285156
3409194207,41.0270529,28.9351958,63.90043640136719
3409194228,41.0268802,28.933932,60.64411163330078
3409233504,41.0006338,28.9289733,27.08149147033691
3409256359,41.0046332,28.9301993,38.83586502075195
3416594467,41.0287685,28.9488858,48.79538726806641
3424583834,41.0070248,28.97862,32.28219223022461
3424583835,41.0071788,28.9771613,34.55556869506836
3424636610,41.004909,28.9767732,28.50787544250488
3424636617,41.0056894,28.9772084,34.30717468261719
3424636620,41.0058134,28.9769909,35.0802001953125
3424636621,41.0057539,28.9769191,35.17195510864258
3424654987,41.005516,28.9753681,34.8730583190918
3424654988,41.0057903,28.975651,33.39290237426758
3424654989,41.0058754,28.9755003,32.72638320922852
3424654991,41.0063054,28.9753951,34.13916778564453
3424697015,41.0047682,28.9719423,13.97008609771729
3424786604,41.0092978,28.9812802,41.39640808105469
3424786613,41.0096603,28.9817022,40.47573852539062
3424786628,41.0100137,28.9812275,40.24949264526367
3424857252,41.0081933,28.9790465,30.96775054931641
3424857255,41.0083343,28.9791682,31.32603645324707
3424857257,41.0084433,28.9789503,32.34396743774414
3424857277,41.0088171,28.9794869,34.55185699462891
3424881155,41.0110796,28.9804139,34.27984619140625
3424881157,41.0113217,28.98062,29.82892799377441
3424881158,41.0113664,28.9805375,30.03981399536133
3424881160,41.0121674,28.9816882,26.68503570556641
3425180081,41.0099507,28.9817152,40.47499084472656
3425180085,41.0101693,28.9814701,40.18855285644531
3425180086,41.0102253,28.9814005,40.1854362487793
3425182499,41.0106292,28.9815175,39.3978271484375
3425182539,41.0117243,28.9824281,38.06735229492188
3425182561,41.0126786,28.9844633,45.36031723022461
3425182564,41.0127497,28.9842808,44.50151443481445
3425182574,41.0130011,28.9828108,35.26147842407227
3425287451,41.0137908,28.9852013,38.3615608215332
3425287455,41.013895,28.9849727,37.89929580688477
3425339529,41.0098792,28.9779292,27.37617874145508
3444688264,41.0189907,28.9664708,2.76436185836792
3452097033,41.0179546,28.9721809,0.8980841040611267
3452097034,41.018099,28.9720293,1.746110200881958
3456976802,41.0028572,28.9785971,7.336860656738281
3457432227,41.0180604,28.9728658,0.3129919767379761
3457445330,41.0180431,28.9734722,0.08407500386238098
3457445333,41.0180727,28.9730261,0.1250308007001877
3457463746,41.0164171,28.9760151,2.760475635528564
3457463761,41.0167981,28.9758455,0.004946661181747913
3457463792,41.0179964,28.974141,0.1700048595666885
3457689628,41.0144252,28.9753497,10.05902004241943
3457689638,41.0147273,28.976334,4.599115371704102
3457689647,41.0148741,28.9755796,6.593746185302734
3457689675,41.0159125,28.9761877,2.623230934143066
3457706696,41.0160891,28.9766089,1.066569209098816
3457706698,41.0161673,28.9766908,0.6091387271881104
3457706701,41.0161197,28.9765246,0.7229892611503601
3457706705,41.0161565,28.9763721,0.5230683088302612
3457706706,41.0162882,28.9766827,0.3069917559623718
3457706707,41.0161724,28.9763164,0.6442904472351074
3457706714,41.0163155,28.9765748,0.2460677027702332
3457706718,41.0164731,28.9767802,0.09513015300035477
3457985562,41.0118314,28.97709,25.55535697937012
3461431100,41.0181095,28.9720954,1.423652529716492
3461431102,41.0182671,28.9715356,1.256243705749512
3461548568,41.017529,28.97098,1.103722453117371
3461609144,41.0106356,28.9697768,45.02924346923828
3461675857,41.0111088,28.9697034,42.23640441894531
3541432979,41.0164143,28.9519085,48.18424224853516
3541432980,41.0165639,28.9520435,49.94294738769531
3541432981,41.0167341,28.9522109,51.2989501953125
3541432982,41.0169518,28.952396,52.93585586547852
3752952967,41.009394,28.9646266,49.8455924987793
3752952970,41.0094814,28.9635167,50.13931274414062
3802207357,41.0096063,28.966419,52.11667251586914
3817864006,41.0146951,28.9770214,6.589481830596924
3817864008,41.0148152,28.9763328,4.292390823364258
3847980020,41.0153534,28.9542885,38.73838424682617
3847980021,41.0153323,28.9539329,39.26391220092773
3847980022,41.0159702,28.9538898,40.11753845214844
3847980023,41.0156855,28.953557,40.38204574584961
3847980025,41.0160124,28.9546131,39.77526092529297
3847980026,41.0161503,28.9540939,40.15334320068359
3847980027,41.015906,28.9545069,39.64784622192383
3847980029,41.0157257,28.9543267,39.37461090087891
3847980030,41.0156051,28.9545397,39.25336074829102
3847980032,41.0162461,28.9548466,39.0080451965332
3847980034,41.0158537,28.9540992,39.88008117675781
3847980035,41.0155249,28.9538567,39.28950881958008
3847980037,41.015195,28.9537966,40.06591033935547
3847980038,41.0155549,28.9538007,39.48781967163086
3847980039,41.0152908,28.9538917,39.48390960693359
3847980041,41.0153846,28.9542338,38.76807403564453
3879147067,41.0016611,28.9463001,1.024797916412354
3879147075,41.0022581,28.9501066,0.4686765670776367
3892520998,41.012312,28.9597428,43.38523483276367
3898630906,41.0107986,28.9684469,47.09952926635742
3898630911,41.0105164,28.9685228,47.32067489624023
3898631852,41.0106113,28.9682318,47.19281005859375
3899476271,41.0116149,28.9674944,48.01072311401367
3899476273,41.0116559,28.9676451,47.56978988647461
3899476275,41.0106197,28.9670904,52.14382553100586
3899476276,41.0105066,28.9669759,52.55282974243164
3904035830,41.010653,28.9684807,47.55226516723633
3966711075,41.0173283,28.9750008,0.1772739291191101
4026892490,41.0060799,28.9764724,34.59017181396484
4034200735,41.002873,28.9387678,8.47035026550293
4034200766,41.0032457,28.9386615,12.0453577041626
4034200774,41.0033197,28.937812,16.02461814880371
4034200775,41.0033584,28.9380025,15.55236053466797
4034200780,41.0033909,28.9394863,14.24857807159424
4078371620,41.0084143,28.980847,36.68808746337891
4078371621,41.0082975,28.9810042,36.34803009033203
4096852590,41.0023696,28.9388403,2.031526327133179
4096852596,40.9914138,28.9230259,10.29286098480225
4099642152,41.0065477,28.9782359,32.20542144775391
4099642153,41.0061072,28.9772984,33.64068984985352
4099648908,41.0090957,28.9815977,39.78106307983398
4150674369,41.0125359,28.9600775,43.25875854492188
4150674370,41.0134995,28.9601503,45.97943878173828
4150674371,41.0127392,28.9595964,44.94282531738281
4150674373,41.0121429,28.9597032,43.55267333984375
4150674374,41.0123023,28.9597596,43.23561859130859
4166042463,40.9921684,28.9235449,11.44453907012939
4214834613,41.0029206,28.9803352,3.431449413299561
4286600975,41.0104272,28.9499464,10.84425830841064
4286601013,41.0091488,28.9527547,13.10177803039551
4286601018,41.0094126,28.9530534,12.79749202728271
4286601036,41.0089821,28.9535986,12.32910346984863
4286601047,41.0078268,28.9535424,9.520980834960938
4286601054,41.0092949,28.9535827,10.80311679840088
4286601056,41.0092313,28.9535862,9.517653465270996
4286601058,41.0095134,28.9534395,15.65084934234619
4286601068,41.0090246,28.9515932,11.66082000732422
4290202205,41.0129903,28.9564317,38.62455749511719
4311935845,41.0261355,28.9403065,63.72704315185547
4314642178,41.004585,28.9254304,28.89439582824707
4315049303,41.0237169,28.9468071,70.30599212646484
4363666177,41.0189427,28.9680742,0.2518369555473328
4363666750,41.0182924,28.9687746,2.152827501296997
4380363853,40.9983964,28.9532574,0.0
4381044521,40.9976249,28.940758,0.2075664401054382
4490191398,41.0053301,28.9532784,1.806211590766907
4490191400,41.0056957,28.9532782,2.252712726593018
4490191401,41.0055367,28.9525135,2.079568862915039
4490191402,41.00653,28.953217,5.876992225646973
4490191407,41.0056811,28.9524522,1.765352725982666
4504516470,41.0025012,28.9293855,34.22369766235352
4516155305,41.0173778,28.9636864,50.64350509643555
4540346428,41.0057197,28.9321996,39.39537811279297
4548145311,41.0019087,28.9720433,1.242998600006104
4548145312,41.0019853,28.9727823,0.9666083455085754
4548145321,41.001952,28.9720225,1.258649349212646
4561247708,41.002479,28.9692957,2.441061496734619
4561247738,41.0029576,28.962617,1.375978350639343
4566601233,41.029745,28.9490861,33.23072052001953
4601372290,41.0049009,28.9230421,22.78349494934082
4601372312,41.0106131,28.9345555,45.36239624023438
4601372316,41.0103833,28.9345842,45.67018508911133
4601372323,41.010416,28.9346738,45.6738166809082
4601372324,41.0104199,28.9344532,45.59762954711914
4601372326,41.0104853,28.9344139,45.62101745605469
4601372330,41.0104795,28.9338943,46.08120727539062
4601372331,41.0097502,28.9334479,51.96102142333984
4601372332,41.0099879,28.9345718,46.74666976928711
4601372333,41.0097523,28.9356443,51.67368698120117
4601372334,41.0105042,28.9347165,45.44705963134766
4601372335,41.0105036,28.9356573,52.99023818969727
4601372336,41.0105756,28.9346761,45.4739990234375
4601372337,41.0110835,28.9352975,50.05941390991211
4601372338,41.0110965,28.9345598,46.93789672851562
4601372339,41.0105749,28.9344542,45.53750228881836
4601372340,41.0111102,28.9337847,48.63558959960938
4618151745,41.0110268,28.947673,13.8701286315918
4618151746,41.0116951,28.9483765,12.75691223144531
4618151747,41.0120379,28.948761,12.06094932556152
4618180098,41.0100114,28.935179,46.55202484130859
4618180099,41.0099796,28.9337711,45.86079406738281
4618219818,41.0322234,28.9497622,0.0
4618219825,41.0317751,28.9491182,0.7971489429473877
4620754303,41.0097269,28.9638637,49.32719421386719
4620754312,41.0133979,28.9875795,0.7646604776382446
4620754313,41.013413,28.9876625,0.4302246868610382
4620763723,41.0027549,28.9655666,2.635209798812866
4620828419,41.0137094,28.9362285,49.46205902099609
4620828420,41.0138873,28.9363836,49.21618270874023
4620828421,41.0168654,28.9427848,20.10137748718262
4620828422,41.0169143,28.9427182,19.66786193847656
4621154598,41.0085601,28.9372821,51.3069953918457
4621154601,41.0145432,28.9350532,51.22031784057617
4637321209,41.0020637,28.9434928,3.721641302108765
4721908521,41.0011325,28.9423878,1.846204400062561
4721908534,41.0014253,28.9433194,2.189313411712646
4721908556,41.0008959,28.9453368,1.140076518058777
4776703738,41.0043612,28.9647031,4.213436126708984
4776781979,41.0088585,28.9670126,50.78798294067383
4776781980,41.0088596,28.9670066,50.78582000732422
4776781981,41.0089005,28.9670665,50.76653671264648
4776781983,41.008997,28.9671281,50.32010650634766
4776816542,41.0053707,28.9745069,32.70361328125
4776966613,41.0100411,28.9740554,54.22261428833008
4779452136,41.0180504,28.9684399,3.954253911972046
4779452149,41.0181262,28.9682473,3.325502395629883
4779518629,41.0140477,28.975114,12.53386402130127
4780659225,41.0131769,28.9729194,36.98995208740234
4780659227,41.0128554,28.9725736,39.93504333496094
4780684917,41.0115639,28.9751265,36.35387420654297
4780684919,41.0119742,28.9754543,31.08691787719727
4780731824,41.0068842,28.9710675,44.49021530151367
4780731828,41.0070021,28.9710438,45.6551628112793
4780749715,41.0071326,28.9721407,47.61811828613281
4780749716,41.0081524,28.9744469,45.92330932617188
4780788655,41.0096186,28.977156,32.87799453735352
4780788656,41.0094767,28.9773351,32.87227249145508
4780811976,41.0118224,28.9783284,11.26046752929688
4780851342,41.0137329,28.9781786,6.124208927154541
4780883166,41.0095237,28.9600543,40.43021392822266
4780953433,41.0126004,28.9548409,35.08677291870117
4882248024,41.0205368,28.9641474,1.566577315330505
4884590237,41.0204114,28.9486571,62.14217758178711
4924583952,41.0276496,28.9383412,50.5386848449707
4924583953,41.0275952,28.9382513,51.83174133300781
4924587513,41.0247665,28.9412194,64.60779571533203
4924587514,41.0248463,28.9413331,65.12185668945312
4950732729,41.0044552,28.9532346,-0.9274252653121948
4950732732,41.0041414,28.9532996,0.04181874543428421
4958466406,41.0048861,28.9664993,14.97823333740234
4958466407,41.0049675,28.9660416,14.79486179351807
4958466408,41.004874,28.9660639,13.87882614135742
4958466409,41.0048807,28.9660088,13.75504684448242
4958689981,41.0050467,28.96607,15.95503616333008
4958695279,41.0048635,28.9660023,13.55444145202637
4958695283,41.0047447,28.9660737,12.63751888275146
4992639650,41.001724,28.9507904,-0.3329526782035828
5011983663,41.0108453,28.9612335,49.69784164428711
5075063642,41.0255434,28.9396565,63.84671401977539
5083508578,41.0076425,28.9409779,45.93276214599609
5083508580,41.0068295,28.9394111,42.73130035400391
5083862550,41.0040031,28.9621109,6.182833671569824
5083862551,41.0041381,28.9638984,7.15374231338501
5083862554,41.0070272,28.9649398,37.15013885498047
5084073363,41.0259547,28.9455923,67.86973571777344
5084586654,41.0251134,28.9388949,63.99586868286133
5085549437,41.0202926,28.9572804,32.55012512207031
5085550547,41.0203379,28.9536169,53.64174652099609
5085550585,41.0187513,28.9566389,34.44783401489258
5085665847,41.0102629,28.9677799,49.7630500793457
5085665873,41.0121697,28.967716,46.37134170532227
5085665893,41.0108519,28.9680003,47.23329544067383
5110916127,41.0183472,28.973161,0.0
5119030113,41.0248736,28.9583717,5.919098377227783
5127674720,41.0232834,28.9445628,60.94450759887695
5127675822,41.0236535,28.944525,62.72838592529297
5129172836,41.0071763,28.972239,48.19479751586914
5129172847,41.0063332,28.9707901,34.56535720825195
5138746381,41.0069377,28.9373093,45.38706207275391
5148229594,41.0229775,28.9367228,44.50725555419922
5149445639,41.0126009,28.9533982,26.18897438049316
5151427590,41.0095586,28.9790752,31.51172065734863
5158368950,41.0028619,28.9786257,7.318305015563965
5158368952,41.0029221,28.9776474,9.487152099609375
5165372137,41.0074446,28.9654138,43.2490234375
5171356143,41.0141438,28.9358709,50.34031677246094
5185784925,41.0121385,28.9231582,48.4919548034668
5255365959,41.0247862,28.9569854,13.23921298980713
5387282071,41.0083583,28.9367659,50.79779434204102
5414833075,41.0014201,28.9480618,0.7470300793647766
5414833107,41.0020007,28.9416163,0.4458452761173248
5414833112,41.0025451,28.9414593,4.333940982818604
5414833114,41.0022033,28.9414638,1.833730101585388
5414833225,41.000179,28.9433645,1.70865273475647
5414833227,41.0001799,28.943575,1.749588370323181
5414833229,41.0002788,28.9436426,1.828545451164246
5414833260,41.0003039,28.9435558,1.884411811828613
5414833261,41.000261,28.9434788,1.754758834838867
5414833265,41.0004273,28.9425491,1.923098087310791
5414833267,41.0007426,28.9429014,2.168280363082886
5414833279,41.0001419,28.9436825,1.68741250038147
5414833293,41.0037684,28.9560606,-3.779152154922485
5415019398,41.0031009,28.9556032,-0.7102550268173218
5416745350,41.0102745,28.9503549,10.8976354598999
5417781228,41.0063837,28.9514698,2.857903718948364
5417813647,41.0063099,28.9511526,3.032413005828857
5417813654,41.0093205,28.9502773,10.87105464935303
5426423499,40.9882356,28.920068,1.691286563873291
5428382926,40.9880348,28.9210198,2.188133478164673
5428382930,40.9887235,28.9232667,2.052624940872192
5428382934,40.9903699,28.9253755,1.323826432228088
5428382940,40.9918921,28.9273318,1.614415049552917
5428382944,40.9882376,28.9220191,2.169225215911865
5428382946,40.9884047,28.9237662,2.277160406112671
5428382948,40.9890053,28.9248177,2.2503981590271
5428382949,40.9881003,28.9242582,1.185235500335693
5428382950,40.9884527,28.9250655,0.8558692932128906
5428382951,40.9890333,28.9255741,0.6488439440727234
5428382952,40.9891573,28.9253862,1.627491235733032
5428382954,40.9901578,28.9257909,1.551721215248108
5428382957,40.9898936,28.9263082,0.9146095514297485
5428382958,40.9911367,28.9265067,1.221980571746826
5428382959,40.9909944,28.9272558,0.7068018913269043
5428382961,40.9913643,28.9268088,2.174605369567871
5428382964,40.9917448,28.9275522,2.199525594711304
5428382972,40.9915204,28.926236,1.346467256546021
5428382978,40.9888347,28.922678,1.37269401550293
5428382979,40.9886302,28.922143,1.587750554084778
5428382986,40.9917954,28.9265958,1.073757767677307
5428382989,40.9916738,28.9263832,2.391835451126099
5428382992,40.9885614,28.9229094,2.275233745574951
5428382999,40.9911178,28.9257027,1.272798895835876
5428383000,40.9914729,28.9260213,1.186601877212524
5428383001,40.9915019,28.9259735,1.361710429191589
5428385421,40.9887426,28.9222283,2.074092626571655
5428385427,40.9889178,28.9206346,1.375964283943176
5519344112,41.0315454,28.9398977,46.60405731201172
5519344117,41.0307339,28.9390426,48.58980560302734
5519344119,41.0309522,28.9390408,48.04263305664062
5519344120,41.0309372,28.9390355,48.1246452331543
5599622731,41.0162046,28.9649045,51.08796310424805
5599622732,41.0163261,28.9643653,51.80977630615234
5599622733,41.0171081,28.9638843,50.3380241394043
5599622737,41.0151399,28.9645614,51.74864196777344
5663541617,41.0181739,28.9718542,2.400116682052612
5672633532,41.0195127,28.9688726,0.00714376475661993
5672864364,41.0171316,28.976271,1.069303512573242
5780066459,40.9987204,28.9402907,1.967164278030396
5780066461,41.0009572,28.9494894,1.083984971046448
5780066462,41.0010948,28.9494324,1.243847966194153
5780066464,40.9997433,28.9438629,1.369352459907532
5780066465,40.9995967,28.9439227,1.404073119163513
5780066466,40.9993336,28.9428322,1.67934238910675
5780066468,40.9988501,28.9402354,1.848613977432251
5780066471,40.9980754,28.9472965,1.288675904273987
5780066473,40.9988209,28.950384,0.8939827680587769
5780066479,41.0001847,28.9463864,1.531911253929138
5780066480,40.9964541,28.9453092,0.4029194712638855
5780066481,40.9967261,28.9464271,0.4351432919502258
5780066483,40.9967733,28.9466216,0.7096557021141052
5780066493,40.9975149,28.9495945,0.4717026650905609
5780066498,40.9985345,28.9491726,1.246501445770264
5780066499,40.998141,28.9445674,0.9262576699256897
5780066500,40.9974758,28.9448726,0.9079246520996094
5780066502,41.0000096,28.9449819,1.367617607116699
5780066503,40.9998691,28.9450405,1.313061833381653
5780066505,41.0003382,28.9463181,1.619282364845276
5780066508,41.0008997,28.9486301,1.38790762424469
5803650935,41.0065543,28.9346124,40.58686828613281
5998702152,40.9983915,28.9606999,0.0
6023087484,41.0029522,28.9704086,3.261706113815308
6023087589,41.0032538,28.9701457,3.429173231124878
6023087604,41.0032963,28.9704864,3.297394752502441
6023087605,41.0030534,28.9703335,3.094202518463135
6023087606,41.0029684,28.9701028,3.190335988998413
6023087609,41.0030356,28.9697049,3.459569454193115
6023087611,41.0032478,28.9705185,3.252458810806274
6023087613,41.0032336,28.970363,3.238595724105835
6023087614,41.0029947,28.9699472,3.309281826019287
6023087618,41.003155,28.969946,3.693957805633545
6023087619,41.0030467,28.970037,2.971132755279541
6023087621,41.0032032,28.9703898,3.217703819274902
6023087623,41.0030777,28.9701028,2.822393655776978
6023087624,41.0030534,28.9705159,3.373283863067627
6023087629,41.003232,28.9701015,3.486822128295898
6023090986,41.0031014,28.9702979,2.928407907485962
6023090989,41.0030971,28.9694166,3.560466051101685
6023090993,41.0032211,28.9701796,3.202785015106201
6023090997,41.0031014,28.9701664,2.857169628143311
6023090999,41.0031898,28.9703218,3.178805112838745
6023187104,41.0031504,28.9716834,4.614777088165283
6140845680,41.0139084,28.9636159,61.89558029174805
6140845684,41.0139346,28.9637359,62.40219879150391
6140845888,41.0139653,28.963661,62.24462509155273
6140845889,41.0141777,28.9636183,62.40099716186523
6140845890,41.0139562,28.9639769,62.59043121337891
6140845891,41.0138839,28.9634035,62.54669189453125
6140845893,41.0138743,28.963694,61.90202331542969
6140845902,41.0135471,28.9637507,62.11275100708008
6140845904,41.0135778,28.9640469,62.97471237182617
6140850649,41.0128962,28.9640734,61.25760269165039
6140854094,41.014246,28.963253,62.18051147460938
6140854185,41.0150505,28.964052,54.57615280151367
6140854187,41.0145233,28.9639111,58.33000564575195
6140854188,41.014319,28.9639374,60.67883682250977
6140861563,41.0144842,28.9635874,58.43385314941406
6140861564,41.014285,28.9636186,61.87284851074219
6140861584,41.014829,28.963539,57.85253143310547
6140861586,41.0146246,28.9635567,58.07398223876953
6140861603,41.0149364,28.9635252,57.03652191162109
6190974367,41.0255995,28.9504406,51.02774810791016
6190974368,41.0263657,28.9497449,48.89699172973633
6190974370,41.0265207,28.9500765,49.10015106201172
6190974371,41.0257602,28.9502947,50.72254180908203
6190974372,41.0258473,28.949769,49.53952407836914
6190974373,41.0257289,28.9503232,50.54734802246094
6190974374,41.0253446,28.9495559,49.80386734008789
6190974375,41.0257808,28.9496233,49.54563903808594
6190974378,41.0259778,28.9496642,49.18362426757812
6190974387,41.0259116,28.9495189,48.81929016113281
6190974412,41.0256909,28.9492572,49.92470932006836
6190974413,41.0258237,28.9495363,49.37625885009766
6190974419,41.0259518,28.9492347,49.31989669799805
6190974423,41.0261454,28.9493993,48.97939300537109
6190974427,41.0261948,28.9496877,48.96728134155273
6190974432,41.0260677,28.9500155,50.36375427246094
6190974433,41.0259263,28.9497583,49.69633865356445
6190974434,41.0263477,28.9497076,48.85914993286133
6190974435,41.0261854,28.9493707,48.93827819824219
6190974436,41.0257487,28.9493786,49.97539520263672
6190974440,41.0256383,28.9496013,49.4854850769043
6190974442,41.025637,28.9497169,49.46547698974609
6190974443,41.0257394,28.9499217,49.20274353027344
6190974445,41.0258141,28.9499696,49.32111740112305
6190974449,41.0260059,28.949903,50.27060317993164
6190974451,41.025535,28.9499362,49.49044418334961
6190974452,41.0254012,28.9500572,50.14311599731445
6190974453,41.0254053,28.9499604,49.5422477722168
6190974454,41.0254393,28.9500228,50.00537490844727
6190974455,41.0256399,28.9504039,50.86108779907227
6190974456,41.0258013,28.9507159,49.71669006347656
6459453717,41.0139274,28.9574693,38.92605590820312
6459453719,41.0141546,28.9571762,38.89436721801758
6505991194,41.0154458,28.954817,36.32658004760742
6505991195,41.0151897,28.9545645,37.26860809326172
6506009439,41.0169703,28.9504708,50.32741928100586
6529513518,41.015604,28.9492607,47.46691131591797
6529513519,41.0159363,28.9493336,48.40858459472656
6584900950,41.0167569,28.9382201,23.81915855407715
6644006923,41.0248789,28.9341434,43.64476013183594
6657161271,41.015591,28.9270972,57.31593704223633
6660483444,41.0280712,28.9488532,54.23384475708008
6660483446,41.0291678,28.9511401,20.68638610839844
6660485664,41.0289546,28.9516106,23.34750747680664
6695836073,41.0230499,28.9300996,43.78605651855469
6695836075,41.0232443,28.9304812,38.1385383605957
6756023305,41.031799,28.9461414,14.32834720611572
6759058504,41.0022608,28.9376304,7.597075462341309
6770468724,41.0327684,28.9486911,2.246499300003052
6770468727,41.0331356,28.9483698,0.9736692905426025
6770468731,41.0338629,28.9479324,0.1063155084848404
6770468739,41.0337389,28.9471333,0.9488483667373657
6770468745,41.0336693,28.9478911,0.5825071334838867
6772394615,41.0100329,28.9470976,16.38460731506348
6772394616,41.0100478,28.9470386,16.52474784851074
6772394619,41.0099423,28.9470061,17.01741027832031
6772394620,41.0099275,28.9470533,17.04365730285645
6772394622,41.0098787,28.9470328,17.49296760559082
6779479319,41.0372075,28.9456552,1.04832136631012
6779632165,41.002139,28.9755225,1.235552310943604
6779632168,41.0020273,28.9735056,1.130634188652039
6787834092,41.017756,28.9673992,4.82835054397583
6859766855,41.0058239,28.9799434,27.08172988891602
6875262837,41.0082634,28.9307829,46.87996673583984
6875262842,41.0080919,28.9305605,45.93210601806641
6875262843,41.0080838,28.9307816,46.45345306396484
6875262844,41.0082224,28.9305636,46.26801681518555
6875789325,41.0255724,28.9332015,45.56752014160156
6899538128,41.0037838,28.9709413,3.730810642242432
6903351874,41.014688,28.9774699,5.383765697479248
6913927697,41.0312277,28.9397639,45.37353897094727
6913927701,41.0310581,28.9396632,45.22658157348633
6913927705,41.0308858,28.939557,45.21936798095703
6913927706,41.0309363,28.9393746,45.59743118286133
6913927707,41.0310318,28.9399773,43.38531494140625
6913927713,41.0308392,28.9396079,44.93748474121094
6913927715,41.0307259,28.939388,46.38909912109375
6913927716,41.0307057,28.9398091,43.56600570678711
6913927718,41.0310135,28.9396367,45.21926498413086
6913927720,41.0312094,28.939753,45.35185241699219
6913927721,41.0313127,28.9400643,45.47650146484375
6913927728,41.0308777,28.939844,43.58232498168945
6913927735,41.0311217,28.9397009,45.26133728027344
6913927736,41.0309424,28.9395945,45.23161315917969
6913927740,41.0310947,28.9397838,45.09112930297852
6974667608,41.0177894,28.9739567,0.2441702038049698
6990259873,41.0160659,28.9709043,4.349390029907227
6990259874,41.0161734,28.9710135,3.363077640533447
6990259875,41.0167473,28.9717808,2.523392200469971
6990473847,41.0193069,28.947952,54.19309234619141
6990473850,41.0207947,28.9493036,63.37214660644531
6990473851,41.0207175,28.9493801,62.67752075195312
6990473852,41.0208832,28.9507581,60.44638442993164
6990473853,41.0209004,28.9507412,60.38406372070312
6990473855,41.0206555,28.9503085,58.88440322875977
6990473856,41.0201183,28.9515226,60.81075286865234
6990550008,41.0177618,28.9523252,57.36050415039062
7104331583,41.0109225,28.964884,54.0439338684082
7161873724,41.0136245,28.9694656,22.63143730163574
7203285031,40.9963594,28.9453499,0.1607096642255783
7203285032,40.9964125,28.9447689,0.1675339788198471
7203285033,40.9965281,28.9452768,0.4004845917224884
7203285034,40.9977777,28.9460762,1.324976563453674
7203285035,40.9968231,28.946493,0.8690244555473328
7203285052,40.9963332,28.9466993,0.2448422312736511
7203285053,40.9966763,28.9465557,0.6937695741653442
7203285054,40.997051,28.9477232,0.741756021976471
7203285055,40.9964271,28.9479887,0.2045566290616989
7203285056,40.9972278,28.948463,1.165311932563782
7203285057,40.9965504,28.9487674,0.1900163143873215
7203285058,40.9985488,28.948612,1.285727739334106
7203285059,40.9984065,28.9486712,0.8748717308044434
7203285060,41.0002291,28.9448904,1.761046648025513
7203285061,41.0005424,28.9477649,2.207968235015869
7203285064,41.0007653,28.9486972,1.4919673204422
7203285067,40.9986482,28.9496013,0.9948735237121582
7203285068,41.0008862,28.9476137,1.350433826446533
7203285069,41.0005511,28.9462233,1.249549984931946
7203285072,40.996819,28.9499045,0.206296443939209
7203285073,40.9985242,28.9505183,1.410773515701294
7203285074,40.9978069,28.9508276,0.7600027322769165
7203285075,40.9972238,28.9510817,0.535161018371582
7203285076,40.9990416,28.9520329,0.7700632810592651
7203285077,40.9984729,28.952266,0.5116212964057922
7203285078,40.9981827,28.9523984,0.3627422451972961
7203285079,40.9979039,28.9525225,0.02705264650285244
7203309985,41.0006715,28.9477023,1.813668370246887
7203309986,40.9985003,28.9393624,0.2515224516391754
7203309987,40.9968113,28.9428264,0.1627939343452454
7229096723,41.0083109,28.9723605,51.36923599243164
7229102799,41.0103514,28.9451576,20.68907737731934
7244872125,41.0197298,28.9518916,63.41467666625977
7244872126,41.0201513,28.9514896,60.49124145507812
7244872127,41.0199029,28.9510613,59.30538940429688
7354408153,41.0155351,28.9760178,3.040493011474609
7363117193,41.0038126,28.93858,20.53446769714355
7363133119,41.0034413,28.9379687,16.46080207824707
7363133128,41.0030518,28.9368763,16.43915367126465
7363187461,41.0044765,28.9363317,34.94775390625
7363188297,41.0043629,28.9362799,33.91098403930664
7363391040,41.0041261,28.939199,24.97776985168457
7363391077,41.004336,28.9399097,23.79534339904785
7363391078,41.0041281,28.9400446,21.57741737365723
7363391081,41.0044746,28.9404153,22.94311904907227
7363391082,41.0040655,28.939807,23.07972145080566
7479952225,41.0306569,28.9359107,73.09042358398438
7511103756,41.0023775,28.9648116,0.2508608102798462
7511103770,41.0012219,28.9751439,0.4784952700138092
7511103772,41.0011308,28.9777859,0.07096273452043533
7511103773,41.0012044,28.975758,0.04552248120307922
7511103777,41.0015231,28.97648,1.280778288841248
7511103779,41.001669,28.9768591,1.25579559803009
7511103780,41.0018445,28.9769974,1.88923454284668
7511103782,41.001822,28.9773263,1.727707266807556
7511103784,41.0018048,28.9757849,1.533419847488403
7511154285,41.0014218,28.9760059,0.833074688911438
7511154286,41.0015048,28.975421,1.230663299560547
7511154294,41.0011796,28.9764575,0.0636902004480362
7511154295,41.0014545,28.9760608,0.9149359464645386
7511154302,41.001825,28.9764997,1.827709674835205
7511154358,41.0174136,28.9861295,0.168713703751564
7511154381,41.0166006,28.9846796,8.180952072143555
7562871070,41.0227878,28.9624066,1.038724541664124
7603105164,40.9986584,28.9329744,1.342463850975037
7603105165,40.9985392,28.9329779,1.619957327842712
7603120095,40.9975119,28.9334213,0.5514559149742126
7603120096,40.997544,28.9332488,0.7517531514167786
7603120099,40.9972193,28.933293,0.5191218852996826
7603120101,40.9972534,28.933121,0.7996598482131958
7603120102,40.996921,28.9331769,0.5133114457130432
7603120104,40.996966,28.9330054,0.9329844117164612
7603120106,40.9966574,28.9328806,1.249539852142334
7603120107,40.9963596,28.932941,0.6908573508262634
7603120109,40.9964175,28.9327646,1.249475955963135
7603120118,40.9950843,28.9307676,1.429939150810242
7603120119,40.9952936,28.9310251,1.532628297805786
7603120129,40.9948871,28.9312749,1.571539521217346
7603120130,40.9949708,28.9313902,1.541907668113708
7603120133,40.9954013,28.9318196,1.338304758071899
7603120134,40.9948293,28.9313375,1.430738687515259
7635347596,41.0204692,28.9642721,1.636472940444946
7703025819,41.0147839,28.9770508,6.39059591293335
7703025825,41.0137603,28.9779667,6.887148857116699
7703025827,41.0136432,28.9779742,7.49860668182373
7703025837,41.0136027,28.9782009,6.677769660949707
7703025838,41.0136176,28.9779353,7.823233604431152
7703025843,41.0134921,28.9760207,13.71659374237061
7711110249,41.0171482,28.9730911,-0.1005934402346611
7711133787,41.0081803,28.9750654,43.15073013305664
7711133828,41.0120253,28.9393256,38.72565841674805
7784110580,41.0056541,28.9510278,1.085252642631531
7784110582,41.00577,28.9517918,0.7662200927734375
7784110583,41.0056062,28.9518526,1.615330100059509
7784110584,41.0055628,28.9518688,1.699838876724243
7784124286,41.0054524,28.9511028,1.28772759437561
7784124288,41.0056193,28.9510407,1.073251962661743
7784124289,41.005529,28.9510743,1.262801051139832
7784124290,41.0056794,28.9518254,1.394227623939514
7784124291,41.0057307,28.9513965,0.7656612992286682
7784124292,41.0054824,28.9514893,1.254201769828796
7784124293,41.0056031,28.9514442,1.228731632232666
7784124294,41.0056726,28.9514182,1.066310048103333
7784124295,41.0055461,28.9514655,1.250048518180847
7784124296,41.0057017,28.9514573,0.9972455501556396
7784124298,41.0057854,28.9517033,0.3861742615699768
7784124300,41.0059415,28.9507065,2.135652303695679
7784124302,41.0059357,28.9503029,2.214585781097412
7784124305,41.0054602,28.9503445,1.527881741523743
7784124307,41.0054997,28.9507481,1.443617701530457
7784124310,41.0056784,28.9521203,1.74966299533844
7784124311,41.0058043,28.9520699,1.504505515098572
7784124312,41.005543,28.950778,1.442427515983582
7784124314,41.0054162,28.9508288,1.607009768486023
7784124316,41.0057136,28.9503223,1.863630890846252
7784124318,41.0057682,28.9509862,1.00656533241272
7784124319,41.0057302,28.9507264,1.662879347801208
7784124320,41.0057812,28.950357,2.191035032272339
7784124321,41.0057152,28.9503618,1.823338508605957
7784124322,41.0057283,28.9506807,1.831269979476929
7784124323,41.0056638,28.9506867,1.781969308853149
7784124377,41.0049964,28.9516784,1.442012786865234
7784124381,41.005299,28.951558,1.527061104774475
7784124383,41.0053987,28.9519276,1.663367033004761
7784124385,41.0053081,28.9521837,2.261308431625366
7784124386,41.0053629,28.9524545,2.415103435516357
7784124387,41.0052278,28.9517732,1.653915047645569
7784124388,41.0052825,28.952044,1.956378817558289
7784124389,41.0050173,28.950765,1.533758997917175
7784124390,41.0050721,28.9510358,1.823316097259521
7784124391,41.0050977,28.9511755,1.692970871925354
7784124394,41.0052226,28.9515885,1.603708267211914
7784124397,41.0051517,28.9516168,1.580606937408447
7784124400,41.0052088,28.9515219,1.635751724243164
7784124404,41.0052411,28.9516769,1.563744425773621
7784124405,41.0051708,28.9517042,1.627301096916199
7784124409,41.0053011,28.9519643,1.727251172065735
7784231165,41.0127822,28.9597629,44.80722045898438
7784231167,41.0123134,28.959754,43.31857299804688
7784231170,41.0122092,28.9597067,43.29991149902344
7784231172,41.0117754,28.9596995,45.76018905639648
7784231175,41.0120397,28.9597859,43.0793342590332
7784240485,41.0115432,28.9593583,46.26066589355469
7784240486,41.011588,28.9593602,46.6580696105957
7784240487,41.0116165,28.9593615,46.58201217651367
7784240488,41.0116676,28.9593638,46.27437973022461
7784240489,41.0116881,28.9593647,46.10649871826172
7784240491,41.0115369,28.9593914,46.16981887817383
7784240495,41.0116751,28.9593936,46.2125358581543
7784240496,41.0115991,28.9593931,46.67639923095703
7784240500,41.0116352,28.9593168,46.43404388427734
7784240519,41.0119976,28.9597779,43.51028823852539
7784240529,41.012548,28.959663,43.78156661987305
7784240531,41.0124863,28.9597922,43.64687347412109
7784240549,41.0125208,28.9594901,43.57731628417969
7784240552,41.0125802,28.9595695,43.76524353027344
7784240553,41.0126191,28.9595013,43.9091796875
7784349197,41.0205519,28.9644793,0.9911364912986755
7784349199,41.0204629,28.9646439,0.6373822689056396
7784349202,41.0204049,28.9641818,1.696258306503296
7784349203,41.0202362,28.9645314,1.315311670303345
7784349204,41.0205053,28.9645654,0.849078893661499
7784349205,41.0205325,28.9645937,0.5896735787391663
7784349211,41.0205083,28.9643748,1.741584300994873
7784349212,41.0203706,28.9645847,1.646344661712646
7784349213,41.0204996,28.9643881,1.719654202461243
7784349214,41.0203636,28.9645991,1.608482837677002
7784349216,41.0202568,28.9645993,1.349226951599121
7810611470,41.0123757,28.9475673,13.25781345367432
7810611473,41.0123534,28.9475418,13.1924877166748
7810611475,41.0124905,28.9473787,13.62894535064697
7810651260,41.0178086,28.9387805,20.49287605285645
7810651261,41.0176562,28.9386378,21.34655570983887
7810651263,41.0177105,28.9387017,21.13873863220215
7810651264,41.0178525,28.9391988,20.42482757568359
7810651266,41.0177007,28.9389948,20.9441032409668
7810651270,41.0179121,28.9389026,20.80634117126465
7810651271,41.0178819,28.9389442,20.88077163696289
7810651273,41.0178191,28.9391569,20.38047027587891
7810651274,41.0179243,28.9389944,20.56331253051758
7810651275,41.0178352,28.938889,20.42932510375977
7810651276,41.0177348,28.9390376,20.50355911254883
7810669794,41.0182438,28.9389441,21.37605285644531
7810707018,41.0243742,28.9298841,40.70309066772461
7810707022,41.0242812,28.9298973,40.32962417602539
7810707023,41.0243278,28.9299525,40.35570526123047
7810707024,41.0243702,28.9300027,40.6236572265625
7810707027,41.0242627,28.9301665,40.16195678710938
7810707029,41.0240374,28.9294613,41.7848014831543
7810707030,41.0242973,28.93021,40.67513656616211
7810707031,41.0241373,28.9300125,40.15873336791992
7810707038,41.0241276,28.929199,42.54832077026367
7810707040,41.0239102,28.9296197,41.63281631469727
7810707041,41.0240025,28.9294096,42.09611892700195
7837498105,41.0094616,28.9654263,50.51676559448242
7837498110,41.0090119,28.9671287,50.26865005493164
8021803393,41.0181737,28.9275724,55.75989532470703
8021803395,41.018269,28.9275689,55.80587005615234
8025543155,41.0119808,28.978847,10.14096355438232
8025543156,41.0124018,28.9789631,9.11368179321289
8025543157,41.0122913,28.9794004,10.68269824981689
8025543158,41.0120481,28.9784383,10.53125095367432
8071754794,41.0093031,28.928445,44.5921630859375
8071755855,41.0121062,28.930874,54.35686874389648
8123323573,41.0066849,28.9764183,34.5030517578125
8127024649,41.0359014,28.9433536,27.23490524291992
8186776145,41.0174932,28.9737753,0.09747163951396942
8186776146,41.0174627,28.9739612,0.003662076313048601
8186776147,41.0173689,28.9737484,0.1330309510231018
8186776148,41.0173508,28.9739272,0.04940558224916458
8186776152,41.0175564,28.9731662,0.01911232247948647
8186776153,41.0175416,28.9733372,0.7246776223182678
8186776154,41.0173991,28.9731437,-0.05388375744223595
8186776155,41.0174125,28.9729765,0.3677044808864594
8186776156,41.017572,28.9729867,0.09519776701927185
8186776157,41.0173841,28.9733322,0.9739759564399719
8225582112,41.0391004,28.9449768,0.0
8238726485,41.0214211,28.9267214,65.4687728881836
8321180974,41.0023121,28.9369468,9.874640464782715
8398245716,41.0001966,28.9437369,1.515154004096985
8398252624,41.0004566,28.9454049,1.765516400337219
8408793393,41.0026476,28.9547133,0.5817840099334717
8408793399,41.0028759,28.9546258,-0.3833437263965607
8408793407,41.0036213,28.9540895,-0.3807133436203003
8408793410,41.0034237,28.9535255,-1.668600916862488
8408812524,41.0026899,28.9641751,1.009599089622498
8408812525,41.0025688,28.964164,1.283387780189514
8408812528,41.0031192,28.9641694,2.015591859817505
8408812532,41.0023533,28.9643109,0.7518784999847412
8408817998,41.0026311,28.9524824,1.089869856834412
8408817999,41.0028333,28.9529034,1.384836554527283
8408818004,41.0029752,28.9528443,0.8004568219184875
8408827524,41.0050524,28.9533956,2.378881454467773
8408827531,41.0038815,28.9543993,0.574522078037262
8408827533,41.0040276,28.9542999,0.4744754731655121
8431186608,41.005564,28.9588114,7.497250556945801
8431186612,41.0117768,28.9517195,17.12257194519043
8441397203,41.0029806,28.9763922,10.19339561462402
8441397216,41.0099661,28.9674129,52.23214340209961
8490013627,41.0105039,28.935209,45.33553695678711
8490013628,41.0110469,28.9338638,46.9638786315918
8490013629,41.011044,28.9345593,46.05987930297852
8490013630,41.0110024,28.9351983,46.16982650756836
8514450047,41.0080205,28.9376518,49.10356521606445
8518356721,41.0136077,28.9648038,63.33732604980469
8533166420,41.0003882,28.9424625,1.788384675979614
8533166426,41.0005956,28.940956,1.814398765563965
8533166427,40.999488,28.9405307,1.815755248069763
8533166428,40.9999436,28.9424156,1.662927150726318
8533166429,40.9996582,28.9404525,1.757108330726624
8533166430,41.0001317,28.9424091,1.759884357452393
8533166431,40.9997841,28.9403946,1.446547746658325
8533166432,41.0002416,28.9424038,1.72912335395813
8533166433,40.9998953,28.9403435,1.388158798217773
8533166435,40.9999839,28.9403027,1.435271143913269
8533166436,41.0005433,28.9425097,2.583941221237183
8533166437,41.0001116,28.940244,1.311817049980164
8533166438,41.0004431,28.9415742,1.6767578125
8533166439,41.0002293,28.9401899,1.249969482421875
8533166440,41.0005112,28.9413512,1.442795753479004
8569809542,41.0148351,28.9698078,19.16173934936523
8569809545,41.0153386,28.9701126,16.74740791320801
8602030539,41.0149592,28.9756419,5.715322017669678
8602030540,41.0149508,28.9756683,5.556348323822021
8602030543,41.0149311,28.9757301,5.291996479034424
8602030544,41.0149495,28.9757411,5.207873821258545
8602030545,41.0155439,28.9759842,3.091043472290039
8602030547,41.0155309,28.9763696,3.765694141387939
8602030550,41.0155053,28.9761975,2.868870496749878
8602030551,41.015515,28.9760944,2.905205011367798
8602030552,41.0154967,28.9760849,2.971961975097656
8602030557,41.0148851,28.9758567,5.257050037384033
8602030559,41.0149003,28.9758267,5.188359260559082
8602032994,41.0118737,28.9783428,11.25385665893555
8602032995,41.0118489,28.9783361,11.26786708831787
8602032998,41.0118571,28.978303,11.23469734191895
8602033002,41.0124071,28.9784901,9.955135345458984
8602033003,41.0123914,28.9784912,10.0082368850708
8602048856,41.008152,28.9754803,43.25016021728516
8602048866,41.0081605,28.9752134,43.2225227355957
8602048869,41.0081082,28.9752095,42.91291427612305
8602048874,41.0080968,28.9758696,40.59564971923828
8602048878,41.0080472,28.9758674,40.46165466308594
8602048879,41.0080446,28.9758868,40.26604080200195
8602048880,41.0080946,28.9758939,40.32512664794922
8602048881,41.0081113,28.9758967,40.39505386352539
8602048882,41.0081773,28.9751859,43.35969543457031
8602063912,41.0089103,28.9669991,50.79982757568359
8602063913,41.0089712,28.9670264,50.92264175415039
8602063914,41.0089525,28.9671106,50.58743286132812
8602063915,41.0090442,28.9670361,51.12804794311523
8602063916,41.009163,28.9663683,50.2213249206543
8602077953,41.0085117,28.9707471,53.84328842163086
8602077954,41.0085083,28.970778,53.84009170532227
8602077955,41.0084274,28.9707667,54.35024642944336
8602077956,41.0084283,28.9707375,54.49346160888672
8602077957,41.0083738,28.9714875,52.37580490112305
8602077958,41.008366,28.9715847,52.71966552734375
8602077959,41.008464,28.9714681,51.84370040893555
8602097517,41.0091701,28.9663322,50.02617263793945
8602097518,41.0089908,28.9662865,50.28744888305664
8602097519,41.0090862,28.9663415,50.18766784667969
8602097520,41.0090914,28.9663121,50.01164245605469
8602097521,41.0090243,28.9663307,50.42803573608398
8602097522,41.009029,28.9662962,50.22620391845703
8602130219,41.0097736,28.9536302,14.87933254241943
8602130223,41.0089637,28.9536515,12.38785076141357
8602130224,41.0097059,28.9535297,14.67030715942383
8602130227,41.0092498,28.9536496,10.82337474822998
8602130228,41.0096429,28.9535325,13.99812793731689
8602130229,41.0096442,28.9536082,14.23816680908203
8602130230,41.0095312,28.9536416,14.4464054107666
8602130231,41.0095449,28.9535352,14.46140003204346
8602137059,41.0094126,28.950042,11.82169723510742
8602138601,41.0108953,28.9434849,25.24926948547363
8602138602,41.0108884,28.943505,25.10763740539551
8609065262,41.0169678,28.9231797,56.25426864624023
8609065270,41.0170768,28.9232439,56.63782501220703
8609065271,41.0168894,28.9239482,57.18554306030273
8609065272,41.0170529,28.9233337,56.61965942382812
8609065277,41.0177076,28.9239145,57.41979598999023
8609065282,41.0169272,28.9238063,56.88441848754883
8609065283,41.0176151,28.9238669,57.40017318725586
8609065288,41.0175641,28.9237198,57.45380401611328
8609065289,41.0174541,28.9237901,57.27904891967773
8609065302,41.0175055,28.9239311,57.54825210571289
8609065303,41.0174708,28.9240598,57.77314376831055
8609065304,41.0175962,28.9235952,57.48316192626953
8609065305,41.0174239,28.9235123,57.1413688659668
8609065306,41.0172962,28.9239783,56.94277954101562
8609065307,41.0173608,28.9237425,57.0775146484375
8613343973,41.0192713,28.9489432,58.70296478271484
8613343979,41.0192448,28.9491384,59.13719940185547
8613343985,41.0193984,28.9489786,58.82947540283203
8613343990,41.0194825,28.9488863,58.41017150878906
8613343992,41.019152,28.9492306,58.83282089233398
8613343995,41.0193662,28.9491695,59.5125732421875
8613343996,41.0192115,28.9488198,58.1450080871582
8613343997,41.0193638,28.9486671,57.98292922973633
8613343998,41.0190314,28.9490004,57.8957405090332
8613343999,41.019585,28.9484454,57.87961578369141
8613344000,41.0184339,28.9495994,57.44062042236328
8613344001,41.018828,28.9492044,57.67562103271484
8613399322,41.0187876,28.9495928,58.76618194580078
8613399325,41.0186714,28.9497069,58.98392868041992
8613399336,41.0187731,28.9497278,59.36195373535156
8613399342,41.01856,28.9498162,59.6463623046875
8613399343,41.0186869,28.9495756,58.13302993774414
8613399344,41.0186072,28.9494255,56.62216186523438
8613399364,41.020969,28.9496278,61.19841384887695
8613399365,41.0207983,28.9498067,59.95803070068359
8613399367,41.0206695,28.949929,59.67148971557617
8613399372,41.0206871,28.9497814,59.84323883056641
8613399384,41.020612,28.9496459,60.43040084838867
8613399385,41.0201922,28.9504274,59.45218658447266
8613399388,41.0201777,28.9500765,59.90068817138672
8613399389,41.0204502,28.9505398,59.37026596069336
8613399390,41.0203089,28.9503072,59.20278930664062
8613399391,41.0200847,28.9505435,59.49091339111328
8613399392,41.0196011,28.9510108,60.04019165039062
8613399395,41.0193746,28.9512446,62.08277893066406
8613399396,41.0194645,28.9511422,61.41416549682617
8613399401,41.0194992,28.9509824,60.55216217041016
8613399409,41.0195855,28.9511748,60.53114318847656
8613399415,41.0194231,28.9508286,60.8055419921875
8613399416,41.0196652,28.9513272,60.54996109008789
8613399417,41.019509,28.9514847,61.70057678222656
8613399418,41.0211084,28.9498741,60.35075378417969
8613399419,41.0206635,28.9503233,58.90033340454102
8613399420,41.019913,28.9510787,59.37247085571289
8623029392,41.0151225,28.9337271,51.56027984619141
8623029393,41.0151165,28.9337386,51.51128768920898
8623029394,41.0150161,28.933654,51.95938873291016
8623029395,41.0150272,28.9336336,52.00801086425781
8623029396,41.01542,28.9331138,52.26269149780273
8623029397,41.0153247,28.9330203,52.4374885559082
8623029398,41.0155175,28.9330569,52.12420272827148
8623029399,41.0153223,28.9328896,52.60580825805664
8623029400,41.0153726,28.9329299,52.46976089477539
8623029403,41.0154686,28.9330155,52.04347229003906
8623037792,41.0181985,28.9273581,56.33146286010742
8623037795,41.0181207,28.9275309,55.80130386352539
8623037798,41.0181215,28.927299,56.46243667602539
8623037801,41.0180413,28.9274641,55.89397811889648
8647419710,41.024813,28.9493398,57.81414413452148
8647443742,41.025431,28.9505031,51.06850051879883
8647481290,41.0253002,28.9502584,50.56094360351562
8647481292,41.0260545,28.9516896,46.30463409423828
8647507230,41.0229714,28.9511261,42.90687561035156
8647507323,41.0265468,28.9522384,47.79867935180664
8647507324,41.026604,28.9523329,48.20363998413086
8647519029,41.0136917,28.9557091,38.67292785644531
8647519030,41.0135425,28.9559697,38.30478286743164
8647533647,41.0149692,28.9542955,37.68561935424805
8647533649,41.0146066,28.954795,37.90559768676758
8647533653,41.0139942,28.956011,39.11897659301758
8647540244,41.021987,28.9537321,42.91677856445312
8647540254,41.0164499,28.9544784,40.41241836547852
8647597695,41.0146523,28.9546772,37.68196487426758
8647597705,41.0148766,28.9561035,38.19131469726562
8699195525,41.0031798,28.9739109,11.44235134124756
8699195529,41.0022626,28.9737367,1.272775530815125
8699195532,41.0022545,28.9752664,2.317882776260376
8699195533,41.0022013,28.9736332,0.8289899826049805
8699195534,41.0022421,28.9737,1.054640650749207
8699195538,41.0020522,28.9752944,1.278652310371399
8699195540,41.001978,28.9735113,1.213946104049683
8699195541,41.0019391,28.972724,0.7472920417785645
8699195549,41.0020378,28.9693479,1.195027470588684
8699195550,41.0019743,28.9693138,0.2704302072525024
8699195556,41.0011452,28.977393,0.06316927820444107
8699238717,40.9985138,28.9540534,0.0
8699238721,41.0019941,28.9388585,1.018417239189148
8699238723,41.0019681,28.9392199,0.9015305638313293
8699238724,41.002406,28.9391022,2.372609615325928
8702471395,40.9948619,28.9313016,1.505973100662231
8702502533,41.0151291,28.964561,51.79000854492188
8702502534,41.0151174,28.964781,51.74922180175781
8702502535,41.015111,28.9648574,51.6921272277832
8702502539,41.0155941,28.965238,51.3192253112793
8702502540,41.0153936,28.9649477,51.28643798828125
8702502542,41.0153497,28.964875,51.43771743774414
8702517527,41.0119138,28.9485351,12.48055648803711
8702517531,41.0137895,28.9455545,14.23771953582764
8729332140,41.0225025,28.9616869,0.724141001701355
8729332144,41.0223336,28.9615907,0.0
8729332145,41.0222193,28.9619058,0.02836400642991066
8758745396,41.040363,28.9442348,0.0
8758745399,41.0398217,28.944258,0.001654178136959672
8760386652,41.0402499,28.9446542,0.06342761963605881
8760386655,41.0404384,28.9448654,0.0
8760386658,41.0399784,28.9446545,0.04542918503284454
8760386661,41.0397947,28.9448803,0.02843607217073441
8760386664,41.0397945,28.945265,0.0
8760386665,41.0400567,28.944879,0.0
8760386669,41.0402415,28.9449753,0.0
8760386674,41.0399707,28.9451574,0.0
8760386677,41.0393943,28.9455068,0.0
8760386678,41.0391733,28.945648,0.0
8760386679,41.0392711,28.9452846,0.0
8760386683,41.0396051,28.9444544,0.0
8760386696,41.0371985,28.9462219,0.0
8760386709,41.0369918,28.9464638,0.0
8760386715,41.0367903,28.9467092,0.002006098860874772
8777869986,40.9982536,28.9480363,1.343946576118469
8782021576,41.0265878,28.9582292,0.5605210065841675
8916085599,41.0192775,28.925313,57.77613067626953
8978073974,41.0153781,28.9330573,52.20346832275391
8978073975,41.0154198,28.9329711,52.21186447143555
8978073978,41.0150806,28.9336706,51.86643981933594
8978073981,41.0150679,28.933697,51.7651481628418
8978074014,41.0158402,28.9398038,19.83245086669922
8978074016,41.0157858,28.9399538,19.41475868225098
8980225321,41.0125472,28.959677,43.79857635498047
9023659780,41.0055084,28.9362579,38.98662948608398
9023919976,41.0195937,28.9474811,51.84070205688477
9038886716,41.0116478,28.9408009,33.96792984008789
9038926420,41.0115773,28.9409591,33.36874771118164
9038926422,41.011473,28.9408968,33.99651718139648
9038926423,41.0120899,28.9400897,35.58321380615234
9038926426,41.0117884,28.9398601,36.52583694458008
9038926427,41.0120005,28.9399979,36.0653190612793
9038926428,41.0119511,28.9400988,35.93889617919922
9040148772,41.0096436,28.9594665,39.2252311706543
9040148774,41.009564,28.959462,39.31846618652344
9040148777,41.0084393,28.9705929,54.97534561157227
9040148784,41.0123909,28.9784388,10.02665042877197
9040148786,41.0147478,28.9757879,5.713586330413818
9122781281,41.0060538,28.9508308,1.886001467704773
9122781283,41.005659,28.9517551,1.296954751014709
9122781284,41.0058707,28.9532772,3.131036043167114
9123139427,41.017175,28.971436,1.914398550987244
9123139429,41.0173176,28.9716244,1.129893898963928
9123139433,41.0103495,28.9696269,46.23201370239258
9170636520,41.0017357,28.9441313,2.604208707809448
9170643994,41.0005611,28.9436815,2.675440549850464
9170643995,41.0005393,28.9437552,2.982887744903564
9188247766,41.0100944,28.9471234,16.26921463012695
9231261311,41.0003508,28.9434409,1.858252763748169
9231297920,41.0018957,28.9432245,2.17123007774353
9336619514,41.0244734,28.9597452,1.390767335891724
9336636620,41.0241421,28.9601536,0.171676829457283
9336636636,41.0245925,28.9600682,0.0
9336636662,41.0226166,28.9610359,0.3963160216808319
9336636669,41.0220847,28.9615605,0.3859387934207916
9336636683,41.0216998,28.9621054,2.289347171783447
9336636705,41.0282759,28.9555175,0.9017780423164368
9336636706,41.0282053,28.9555135,0.9392496347427368
9336729819,41.028567,28.9540296,1.64037299156189
9336729824,41.0308898,28.9509781,0.05541495233774185
9336729842,41.0322473,28.9485654,1.946693539619446
9336729867,41.0347249,28.9473439,0.03133634850382805
9336729872,41.0347872,28.9469765,0.3381823003292084
9336729875,41.0347511,28.9476184,0.3530886769294739
9336729879,41.0344328,28.9478142,0.0322328694164753
9336729910,41.0337546,28.9487363,0.01299506612122059
9336729916,41.0343128,28.9483735,0.0
9336729918,41.0335351,28.948968,0.06199311465024948
9368237172,41.0023681,28.9499321,1.718526601791382
9368237173,41.0029482,28.9502029,0.300096720457077
9368237182,41.0025639,28.947559,1.572497725486755
9368237185,41.0025114,28.9472968,1.992076277732849
9368237191,41.0023681,28.9475811,2.023396253585815
9368237202,41.0040116,28.9464902,1.034781932830811
9368237205,41.0021673,28.9506837,-0.6619237661361694
9383461391,41.002075,28.9740757,1.247020363807678
9426941364,41.0145832,28.9521278,36.74588775634766
9426941372,41.0141494,28.9521634,33.18206787109375
9454522792,41.0136867,28.9722614,38.03421401977539
9481680744,41.0037238,28.9534207,-1.428567171096802
9481680750,41.0019942,28.9567002,0.03348099812865257
9481680751,41.0019837,28.95672,0.02314554713666439
9481680752,41.0021032,28.9568141,0.1822259724140167
9481680753,41.0020929,28.9568359,0.1457604765892029
9492854445,41.0130988,28.9304728,56.70787811279297
9510989780,41.0140646,28.9798322,4.761505603790283
9510989781,41.0140451,28.9799011,4.812634944915771
9510989782,41.0136025,28.9810088,33.09761047363281
9521931482,41.0351779,28.9490964,0.0
9582311590,41.0396387,28.9448262,0.007263653445988894
9585453855,41.0115173,28.9533817,19.23646926879883
9585453861,41.0149045,28.9543185,37.80698394775391
9585453862,41.0152234,28.9530495,40.15165328979492
9585453863,41.0149236,28.9528171,39.67211532592773
9585453867,41.0151553,28.9531386,40.82075119018555
9585453868,41.015257,28.9534467,40.05601119995117
9585453872,41.0156317,28.9534989,40.43645858764648
9585453879,41.014661,28.9548028,37.81603622436523
9585453884,41.0143484,28.9545243,38.00144958496094
9585453885,41.0142741,28.9547289,38.27566146850586
9585453887,41.0140964,28.9542118,37.03824234008789
9585453889,41.0146131,28.9540155,37.9980354309082
9585453893,41.0149139,28.9542979,37.77498626708984
9585453899,41.0150421,28.9540993,38.37370300292969
9585453900,41.0154018,28.9534153,39.54542541503906
9585453901,41.0154547,28.9532755,39.71712112426758
9585453903,41.0147489,28.9538643,38.1395263671875
9585453905,41.0144928,28.9523855,36.88852310180664
9585453906,41.0149571,28.9550793,36.15790176391602
9654484530,41.0129542,28.9578604,40.83354568481445
9654484531,41.0128667,28.957784,40.94391250610352
9655474517,41.0120491,28.9480673,12.3322229385376
9685132926,41.0125257,28.967491,46.23787689208984
9685132929,41.0126253,28.9678978,43.33034515380859
9697608678,41.0210411,28.9277515,64.75533294677734
9716965040,41.0036715,28.9791629,8.056044578552246
9716965041,41.0031482,28.9641716,2.457913637161255
9716965042,41.0031495,28.9636677,1.503249883651733
9731716717,40.9925342,28.9233291,14.30429840087891
9731716719,40.9932096,28.9230938,14.16370582580566
9731716720,40.9933857,28.9237965,15.36138534545898
9731716723,40.9935471,28.9236875,16.85377311706543
9731716724,40.9938761,28.9233148,16.05847930908203
9731716725,40.9937375,28.9232893,16.16681289672852
9731716726,40.9937294,28.92322,15.84668636322021
9731716727,40.9932542,28.9230811,14.24182415008545
9731716730,40.9925841,28.923312,14.88486003875732
9731716732,40.9928567,28.9237076,15.08265113830566
9731716733,40.9928967,28.9232455,14.66527557373047
9731716734,40.9926579,28.9236897,14.86101722717285
9731716735,40.9926229,28.9237621,14.07085990905762
9731716737,40.9930515,28.9237649,15.65637493133545
9734606844,41.0312416,28.9481272,10.47383308410645
9739736343,41.002629,28.9641688,1.227983951568604
9739736345,41.0026305,28.9636214,1.374278664588928
9739736360,41.0021843,28.9683633,1.102039217948914
9739736361,41.0021271,28.9683619,0.2159430682659149
9739736362,41.0025872,28.9650457,1.109327077865601
9739736363,41.0023659,28.9650142,0.2636007070541382
9739736364,41.0026171,28.9644669,1.267824172973633
9739736365,41.0025598,28.9644624,1.27081036567688
9739736370,41.00254,28.9646159,1.006494641304016
9739736373,41.0023614,28.9644282,0.4795292913913727
9741817082,41.0395176,28.9432956,0.1251343190670013
9741817088,41.0391406,28.9441829,0.1669521033763885
9741817092,41.0393722,28.9443933,0.01475540455430746
9741817094,41.0393006,28.9443292,0.02374547347426414
9741817096,41.0342618,28.9477575,0.001138474442996085
9741817099,41.0343324,28.9476811,0.0001288821367779747
9741817100,41.0342432,28.9475215,0.2224268168210983
9741817101,41.0344042,28.9477595,0.001002177130430937
9741817102,41.0343174,28.9478522,0.0
9741817103,41.0337905,28.9483696,0.0006699488149024546
9741817105,41.0336329,28.9481601,0.9339988827705383
9741817108,41.0337389,28.9482793,0.163222461938858
9741817109,41.0337163,28.9483021,0.1840087324380875
9741817111,41.0284695,28.9549239,1.123699188232422
9741817116,41.0285696,28.9549217,0.3600123524665833
9741820094,41.0244754,28.9600197,0.2845828235149384
9741820095,41.0245431,28.9599661,0.1103668436408043
9741820098,41.0240616,28.9608857,0.0
9741820099,41.0239464,28.9606619,0.0
9741820103,41.0239584,28.9606504,0.0
9741820104,41.0239348,28.9604927,0.08427306264638901
9741820107,41.0238833,28.9605357,0.005389720667153597
9741824818,41.0284754,28.9548938,1.139341831207275
9741824819,41.028939,28.9540271,0.0003895757545251399
9741824821,41.0286759,28.9541036,1.008452773094177
9741824824,41.0287876,28.953969,0.3614371716976166
9741824826,41.0286831,28.9540706,0.9583650827407837
9741840924,41.0290751,28.9534803,0.0004941463121213019
9741840926,41.0372159,28.9454729,1.036820530891418
9750157231,40.988782,28.9223357,2.082056522369385
9750157238,40.9886855,28.9221616,1.897410988807678
9750157239,40.9888492,28.9225575,1.713886976242065
9750157241,40.9884936,28.9227635,2.565630197525024
9750157244,40.9984879,28.932738,1.263604164123535
9750157264,40.9983263,28.9326174,1.632405519485474
9750157271,40.997364,28.9325433,0.9172087907791138
9750157272,40.9974036,28.9323966,2.099292755126953
9750157273,40.9980348,28.9326309,1.551833748817444
9750157274,40.9980327,28.9328217,0.9006626009941101
9759266643,41.0141172,28.93671,48.37276458740234
9759266646,41.0145428,28.9370141,44.53357696533203
9759266650,41.0149914,28.9366902,40.66335678100586
9759266651,41.0152182,28.9360951,40.28614044189453
9759266653,41.0154619,28.9362678,37.86985778808594
9759266654,41.0152468,28.93688,37.21604919433594
9759280285,41.0144194,28.9360934,49.27750396728516
9759280287,41.014378,28.9360623,49.62245941162109
9759334941,41.0151982,28.9368439,37.70979690551758
9759334942,41.0152275,28.9367819,37.80315017700195
9759363117,41.0148182,28.9359739,44.39981842041016
9759363119,41.0148776,28.9360782,42.94286727905273
9759363125,41.014638,28.9360972,47.20046234130859
9759374947,41.0147472,28.9355623,48.25020599365234
9759399364,41.014594,28.936573,45.33846282958984
9759399366,41.0146784,28.9366264,45.11602783203125
9759399369,41.0145092,28.9364505,45.63136672973633
9759399370,41.0144992,28.9364431,45.6864013671875
9759399377,41.0145815,28.9363336,46.00970840454102
9759435823,41.0146703,28.935511,50.0189323425293
9759474665,41.0141549,28.9366162,48.47980117797852
9760073416,41.0135143,28.9529087,32.35540390014648
9760089518,41.0135217,28.9529454,31.90241432189941
9760089519,41.013536,28.9530353,31.43148994445801
9760089520,41.0138907,28.952898,33.43889236450195
9760089521,41.0137756,28.9527902,33.32159423828125
9760089522,41.0138069,28.9528195,33.33363342285156
9760089523,41.0138683,28.9528769,33.31198501586914
9760089524,41.0168654,28.9507414,49.81376266479492
9760089527,41.0180923,28.9490124,51.18791580200195
9760089529,41.0205189,28.9468362,55.1690673828125
9760089530,41.0204202,28.9466582,54.38124847412109
9760089531,41.0204902,28.9467895,54.90546417236328
9760089534,41.0225656,28.9443926,53.61093139648438
9760089535,41.0226406,28.9444852,53.91898345947266
9760089536,41.0233801,28.9431185,60.64801788330078
9760089537,41.0235288,28.9433251,60.64912796020508
9760089538,41.0234186,28.9431721,60.05414581298828
9760089539,41.0234934,28.9432759,60.14464569091797
9763759042,41.0187448,28.9678323,1.643933176994324
9763759043,41.0186394,28.9683846,1.221406102180481
9763759049,41.0180811,28.9708882,0.8371855020523071
9774730707,41.0163643,28.9382902,23.15545845031738
9793516683,41.0073335,28.9541108,11.03050518035889
9793516684,41.0071832,28.9538119,7.843052864074707
9793516685,41.0072476,28.9536886,8.34251594543457
9793516686,41.0073496,28.953572,9.056514739990234
9797204119,41.0317902,28.9376341,68.49534606933594
9797231521,41.0299544,28.9506979,5.174202919006348
9809606562,41.0145193,28.9635797,58.36123657226562
9809606571,41.011719,28.9502536,14.20601081848145
9809606573,41.0114502,28.9498526,10.81614780426025
9861029294,41.021122,28.9629982,1.775812745094299
9861029299,41.0203965,28.9639756,2.036304950714111
9861029319,41.0200926,28.9643532,2.508843660354614
9950855808,41.0182073,28.9277047,55.47805404663086
9950855809,41.0181134,28.9279792,55.42425155639648
9950855810,41.0182383,28.9276201,55.57631301879883
9950855811,41.016488,28.9310304,53.84497451782227
9950855814,41.0157225,28.9328597,52.71912002563477
9950855815,41.0156349,28.9330294,52.40553283691406
9950866019,41.0124885,28.9384333,41.92567825317383
9950866022,41.0127766,28.9386858,41.558349609375
9977580277,41.0142864,28.9583061,40.28085327148438
9977580280,41.0139542,28.9585688,42.34267044067383
9981973444,41.018805,28.9626535,29.09124374389648
9981973445,41.0190486,28.9630113,29.22377967834473
9981973447,41.0185835,28.9629836,38.7054328918457
10061793524,41.0351926,28.9483012,0.0005468270974233747
10061793526,41.0349318,28.9485135,0.0
10061793527,41.0353141,28.948253,0.01233564782887697
10061793531,41.034918,28.9482054,0.0
10061793532,41.0349401,28.9487437,0.0
10061793536,41.0355131,28.9483756,0.01402835920453072
10061793538,41.0352122,28.94861,0.001661584479734302
10061793539,41.0354532,28.9490054,0.0
10061793542,41.0361958,28.9477001,0.0
10061793559,41.0382236,28.9462279,9.35441585170338e-06
10066765424,41.0049649,28.9782841,25.10811614990234
10066765425,41.0050103,28.9782049,25.24205780029297
10068617931,41.0092778,28.9516143,10.58564376831055
10068617936,41.0082605,28.9492841,13.84750175476074
10068617968,41.011949,28.9533846,21.97513580322266
10068617973,41.0112181,28.9531624,17.97257041931152
10069899604,41.0082375,28.9508338,7.657473087310791
10069899615,41.0085077,28.9501603,9.343667984008789
10069944422,41.0085113,28.9502797,9.348530769348145
10069944425,41.0086099,28.9502761,9.465912818908691
10069944428,41.0020652,28.9459077,3.416717052459717
10069944439,41.0034962,28.9472352,1.766754508018494
10069944440,41.0030852,28.9493692,1.788419604301453
10069944444,41.0032552,28.9493692,1.342402696609497
10069944445,41.003015,28.9503487,0.556224524974823
10069944452,41.0023555,28.938692,2.192046642303467
10069944453,41.0023124,28.9386661,1.866318225860596
10069944494,41.0035773,28.9502001,0.1903546899557114
10069944507,41.0031768,28.9495317,1.289663314819336
10073446335,41.0151069,28.9634281,54.60060119628906
10073446353,41.0157793,28.9655655,50.25502777099609
10073446364,41.0130141,28.9665098,55.13544845581055
10073446395,41.0159392,28.9669522,23.49677848815918
10073446401,41.0159271,28.9671717,22.81505393981934
10073446403,41.014778,28.9667217,42.9718017578125
10073446404,41.014786,28.9673024,36.00239181518555
10073446405,41.013531,28.9611893,52.79346466064453
10073446412,41.0122578,28.9606458,42.19893264770508
10073446430,41.015738,28.9631299,53.45441818237305
10073446433,41.0153272,28.9636417,54.27840423583984
10073446434,41.0155888,28.9639999,52.54762268066406
10073446437,41.0171537,28.9633748,50.3942985534668
10073446455,41.012089,28.9594381,43.87180709838867
10073446456,41.0120904,28.9591028,43.78471374511719
10073446479,41.0097922,28.9531771,12.09671115875244
10073446480,41.0097707,28.9535258,15.51923084259033
10073446488,41.0096545,28.9529013,11.35218048095703
10073978940,41.0133566,28.9569521,38.08900451660156
10073978947,41.0132507,28.9568824,38.49675750732422
10073978948,41.0132818,28.9567585,38.84802627563477
10073978949,41.0134209,28.9568136,38.99620819091797
10073978955,41.013933,28.9559504,38.48196411132812
10073978959,41.0115382,28.9554962,36.08746719360352
10073978967,41.0104779,28.9570589,35.54929351806641
10073978970,41.0096526,28.9573438,29.17422866821289
10073978973,41.0095088,28.9573571,28.99608421325684
10073978983,41.0116422,28.9544591,32.90858459472656
10074005020,41.0131254,28.9555522,36.48650360107422
10080670967,41.012128,28.9570958,41.83633422851562
10080670968,41.0121488,28.9571143,41.81642913818359
10080670974,41.011824,28.9583047,45.48717498779297
10080770619,41.0156038,28.9555858,34.35017013549805
10080770652,41.016623,28.956091,29.41893005371094
10080770706,41.0164865,28.954442,40.52768325805664
10080770707,41.016784,28.9547367,41.25252532958984
10080770713,41.0167378,28.955205,38.14972686767578
10080802258,41.0095267,28.9553762,21.42925834655762
10080802262,41.0096632,28.9554529,21.82520294189453
10080802264,41.0096603,28.9556249,22.65234565734863
10080802265,41.0095256,28.9556182,22.15035438537598
10080802277,41.0096764,28.9583522,34.79150009155273
10080802280,41.0095387,28.9583192,33.30671691894531
10080802282,41.0095411,28.9584575,33.86656188964844
10080802283,41.0096779,28.958451,35.55679321289062
10080802288,41.0095315,28.959345,38.33015823364258
10080802290,41.009695,28.9593634,38.40491485595703
10080802295,41.0095305,28.9594283,39.06934356689453
10080802300,41.0152586,28.9531832,40.49577331542969
10080802301,41.0153494,28.9532668,40.01409912109375
10080802302,41.0151855,28.9531038,40.69190979003906
10080802304,41.0154299,28.9533412,39.68060684204102
10082517638,41.0058491,28.9538221,4.34427547454834
10082517687,41.0024872,28.9528338,1.750030279159546
10082517706,41.0031343,28.9576864,0.7981531023979187
10082522231,41.0065954,28.9536577,6.624908447265625
10082522234,41.0071707,28.9539886,8.507022857666016
10082522245,41.0070866,28.9533849,7.976230144500732
10082522250,41.0071335,28.9533848,8.181159973144531
10082522254,41.0072179,28.9533845,8.53744125366211
10082522255,41.0072198,28.9535802,8.628056526184082
10082522258,41.0071816,28.9536677,8.247257232666016
10082522264,41.0072206,28.9536651,8.39359188079834
10082522300,41.0115145,28.9566361,41.98194122314453
10090682094,41.0156387,28.9416909,17.77462959289551
10090682096,41.0163248,28.9417059,17.83642387390137
10090682101,41.0161172,28.9412487,17.39674377441406
10090682102,41.0163125,28.9414703,17.77249145507812
10090682110,41.0161806,28.9419488,17.75025367736816
10090682114,41.0159621,28.9423354,17.79010391235352
10090683822,41.0157482,28.9415216,17.22392463684082
10090683834,41.0121495,28.9480339,12.58306694030762
10090683841,41.0118786,28.9480894,12.04335975646973
10090683852,41.0120921,28.9479982,12.54654693603516
10090683855,41.0120514,28.947842,12.74265384674072
10090683859,41.0120644,28.947584,13.09742259979248
10090683863,41.0119328,28.9480019,12.23050498962402
10090683864,41.0119636,28.9479249,12.45684719085693
10090683867,41.0121269,28.9480947,12.66612339019775
10090683872,41.0114589,28.9480293,12.98662757873535
10090683873,41.0115643,28.9478672,12.4764575958252
10090683876,41.0118534,28.947444,14.17961406707764
10090683898,41.0113952,28.9481287,12.7400369644165
10091713585,41.0164038,28.9415785,17.82162475585938
10091713589,41.0153853,28.9408323,18.30391693115234
10091713591,41.0154327,28.9408692,18.08921051025391
10091713593,41.0154942,28.9408964,17.95521354675293
10091713594,41.0153183,28.9407294,19.04497909545898
10091713604,41.0198905,28.9358074,23.13749504089355
10091713611,41.019794,28.9357766,23.31072235107422
10091713612,41.0198451,28.9358707,23.07022666931152
10091713613,41.0201108,28.9359395,23.38330459594727
10091713614,41.0202017,28.9358095,23.7502498626709
10091718819,41.0197664,28.935831,23.30084991455078
10091718828,41.0217193,28.9336013,28.57139587402344
10091718829,41.0213642,28.9336763,27.70872116088867
10091718836,41.0212512,28.9338397,27.4921817779541
10091718844,41.0216109,28.9337711,28.37779426574707
10091718845,41.0214418,28.933563,27.78937530517578
10091718875,41.0091585,28.9656441,49.68955230712891
10091718876,41.0073935,28.9653924,42.95293426513672
10091718882,41.0076095,28.9645337,41.185302734375
10091718887,41.0141338,28.9667176,45.63923645019531
10093528153,41.0106069,28.9450816,21.05488967895508
10093528155,41.0102057,28.9465776,18.82663917541504
10093528179,41.0123536,28.9384779,41.51761627197266
10093528182,41.0126409,28.9391829,39.18758773803711
10093528187,41.01171,28.9409141,34.06490325927734
10093528188,41.01087,28.9445386,23.0162525177002
10093528191,41.0114613,28.9417537,33.80693054199219
10093528206,41.0122798,28.9385663,41.30068969726562
10093559832,41.0125651,28.9393639,38.70891571044922
10096318323,41.0142106,28.9401908,30.47126388549805
10096318324,41.0142341,28.9401115,30.09888648986816
10096318327,41.0138335,28.9364928,49.02907943725586
10096318336,41.0149348,28.9336863,51.85990905761719
10096318337,41.015554,28.9329701,52.02301025390625
10096318342,41.0155135,28.9325008,53.88637161254883
10096318351,41.0156682,28.9330573,52.55282211303711
10096318352,41.015287,28.9339943,50.99446105957031
10096318353,41.0151587,28.9337746,51.47730255126953
10096318354,41.0149691,28.9336142,51.98578262329102
10096318361,41.016227,28.9310314,53.8221549987793
10096318364,41.0163766,28.9312656,53.66487884521484
10096318367,41.0164498,28.9305742,54.4820442199707
10096318372,41.0164718,28.9305283,54.54130172729492
10096318377,41.0181214,28.9276875,55.65002822875977
10096318380,41.0177383,28.9284571,55.44607162475586
10096318389,41.0183073,28.928143,56.20182800292969
10096318394,41.0182974,28.927615,55.81503295898438
10119894376,41.0175614,28.9629363,44.64969635009766
10119894400,41.0094517,28.9627806,48.73630523681641
10119894401,41.0094659,28.9626846,48.15998840332031
10119894402,41.0095994,28.962717,47.54204177856445
10127735762,41.010815,28.9433862,26.54903793334961
10127735766,41.0094506,28.9420008,43.90498733520508
10127735775,41.0099943,28.9380567,54.09482192993164
10127735807,41.0089036,28.9407441,45.96661758422852
10127764420,41.0073607,28.9371235,48.01793670654297
10127764422,41.006204,28.9371491,42.89433288574219
10127764441,41.0064015,28.9400634,40.54888916015625
10127764442,41.0064728,28.9400356,40.44004058837891
10127887930,41.0064881,28.9525435,0.09905283153057098
10127887947,41.0076176,28.94727,23.22619438171387
10127887976,41.0077655,28.9423595,45.31370162963867
10127888013,41.0087135,28.9444556,35.59133911132812
10127888014,41.0084093,28.9442788,39.31371307373047
10127888016,41.0081769,28.9447483,39.90492630004883
10127897717,41.0079545,28.9448365,39.37218856811523
10127897727,41.0094021,28.9457153,27.81315994262695
10127897732,41.010261,28.945514,20.41100311279297
10127897742,41.0099135,28.9469038,17.15489768981934
10127897748,41.0094387,28.9474187,20.55646896362305
10127897749,41.0093342,28.947035,24.31476974487305
10127897773,41.0062467,28.9503162,3.110673189163208
10127897774,41.006094,28.9503415,2.441866397857666
10127897775,41.0052051,28.9503895,0.5661067962646484
10127897777,41.0051203,28.9502035,0.8575716018676758
10127897789,41.0052533,28.9505742,0.568989098072052
10127897794,41.0061297,28.9504793,2.334871292114258
10127897795,41.0064252,28.9503323,3.492252349853516
10127897796,41.006247,28.9502998,3.096585750579834
10127897802,41.0062475,28.9503569,3.152466058731079
10127897803,41.0064876,28.9503513,3.663955211639404
10127897829,41.0063445,28.9513009,2.874256372451782
10127897834,41.0065149,28.9507792,4.820759296417236
10127897849,41.006262,28.9507044,3.15818452835083
10132331808,41.0172714,28.973908,0.06442097574472427
10132350320,41.0161915,28.9766619,0.4551978707313538
10132350325,41.0161957,28.9770256,1.334678053855896
10132350328,41.0163816,28.9767331,0.09163552522659302
10132350350,41.0175069,28.973981,0.00524003803730011
10132350363,41.0173747,28.9728292,0.3236981630325317
10132350376,41.0168271,28.9731163,1.015479683876038
10132350377,41.0171415,28.9731628,-0.1488546431064606
10132350406,41.0157648,28.9607982,46.43118286132812
10132350407,41.0157067,28.9607905,46.79090881347656
10132350408,41.0158505,28.9601307,42.98806381225586
10132350420,41.0157132,28.9611693,48.0030403137207
10132350422,41.0157727,28.9609104,46.65450286865234
10132350424,41.0159838,28.9609044,45.30781173706055
10132350432,41.0159509,28.9611104,45.09228515625
10132350433,41.0158441,28.9604213,44.7386360168457
10132350438,41.0161828,28.960747,44.85115814208984
10132350439,41.0160224,28.9606114,45.11209869384766
10132350442,41.015985,28.9607838,45.37533569335938
10132350463,41.0142172,28.9603587,44.25449752807617
10132350464,41.014327,28.9600856,44.95777130126953
10132350481,41.0154538,28.9592929,37.86472320556641
10132350482,41.015887,28.9596291,37.57952880859375
10176882473,41.0116381,28.9659666,56.37047958374023
10178607731,41.0088637,28.9549996,23.96649360656738
10178607734,41.0088591,28.9547948,24.73458480834961
10178607741,41.0089514,28.9550422,23.2616138458252
10178607779,41.0082115,28.9593216,27.33210563659668
10178682980,41.018397,28.9672029,2.37741756439209
10178682981,41.0183609,28.9673074,2.447673797607422
10178682993,41.011194,28.9611443,49.90869903564453
10178682995,41.011003,28.9611329,49.31042861938477
10178692121,41.0176591,28.9666026,6.393115520477295
10178692123,41.0173198,28.9662134,14.00936222076416
10180133993,41.0135667,28.9667307,48.74707794189453
10180133994,41.0135497,28.9669065,46.24065017700195
10180133997,41.0135175,28.9667309,49.13177871704102
10180133999,41.0135941,28.9671936,44.83098983764648
10183517562,41.0065445,28.9543437,7.98295783996582
10183517573,41.0067102,28.953979,8.415160179138184
10183517575,41.0067988,28.9537644,7.170362949371338
10183517586,41.0054594,28.9560568,6.594039440155029
10184521890,41.005605,28.9547207,4.811104774475098
10184521904,41.0050267,28.9537916,3.283016204833984
10184521911,41.0049346,28.9557202,3.767314434051514
10184549117,41.0069434,28.9579627,13.01498794555664
10184549127,41.0043397,28.9536538,-1.325646162033081
10188017813,41.0082453,28.9648557,46.92622375488281
10188017814,41.0086365,28.9659699,49.23070526123047
10188024021,41.0085012,28.9649494,48.23627090454102
10188024036,41.0092155,28.9615388,46.5755729675293
10188024052,41.0087358,28.9593373,39.03161239624023
10188024053,41.0084582,28.961529,42.53851699829102
10188024067,41.0078226,28.9594402,23.9102840423584
10196506156,41.0057745,28.9617915,9.005803108215332
10196506157,41.0052124,28.9614776,5.455547332763672
10196506159,41.0055661,28.9587795,7.454524040222168
10196506162,41.0050201,28.9643748,7.649828433990479
10200383245,41.0021954,28.9508757,-1.25661838054657
10200383253,41.0018083,28.9492721,0.9070961475372314
10202082794,41.0029049,28.9553138,0.9722922444343567
10202082811,41.0021048,28.9527268,-0.2853620648384094
10202092373,41.0030873,28.9562946,1.072169899940491
10202092378,41.0031207,28.9562899,0.9201077222824097
10202092384,41.0031245,28.9575563,0.7859472036361694
10202092385,41.0030431,28.956208,1.107930064201355
10202092399,41.0149721,28.9660471,48.27036666870117
10202092406,41.000249,28.943388,1.671972274780273
10202092416,41.0020336,28.9386759,0.9338641166687012
10226426304,41.002021,28.9743435,0.9054176807403564
10226426305,41.0041199,28.982752,0.2203419208526611
10226426306,41.0041797,28.9826449,0.7145225405693054
10226426307,41.0042182,28.9825667,0.9354403018951416
10226426308,41.0116482,28.9790832,37.42326736450195
10226426309,41.0116597,28.979361,30.12349128723145
10226426310,41.0100914,28.9699908,48.50484085083008
10226426312,41.0108538,28.9709475,44.39517593383789
10226426313,41.0149666,28.9652167,50.38317108154297
10226426314,41.0150868,28.9652235,49.82180023193359
10226426315,41.0162462,28.9649642,50.88038635253906
10226426316,41.0168249,28.9642728,50.92023086547852
10233535831,41.0033875,28.9214953,18.64076805114746
10236225065,41.016663,28.9560242,30.65205383300781
10236225066,41.0164243,28.9557567,32.26194763183594
10253938200,41.0110397,28.961179,49.49947357177734
10254030721,41.0222198,28.9607083,4.492678165435791
10263288024,41.0052301,28.9537443,3.792165040969849
10263288027,41.0070831,28.9532753,7.991446018218994
10263288028,41.007677,28.9532609,9.472329139709473
10263288029,41.0082602,28.9532613,10.17294216156006
10263288030,41.0098312,28.9530732,12.12642002105713
10263288034,41.0112341,28.953113,18.13501167297363
10263288039,41.0137177,28.9528682,32.92525482177734
10263288042,41.0138675,28.9516188,33.79307556152344
10263288050,41.0153395,28.9501787,45.0984992980957
10263288051,41.0154146,28.9501897,45.65048217773438
10263288053,41.0159363,28.9507176,47.60742568969727
10263288054,41.0164385,28.9511134,46.88237762451172
10263288055,41.0165384,28.951197,47.10565185546875
10263288058,41.0169896,28.950504,50.7308349609375
10263288060,41.0174084,28.9499809,49.84515380859375
10263288062,41.0181902,28.9491807,51.26168823242188
10263288063,41.0185906,28.9488018,52.55816650390625
10263288064,41.019356,28.9480392,54.50896072387695
10263288065,41.0197744,28.9476084,51.23955535888672
10263288066,41.0202602,28.9471127,55.5650634765625
10263288067,41.0208041,28.9465836,52.28771209716797
10263288068,41.0225034,28.94871,67.3321762084961
10263288069,41.0231504,28.9486382,67.79778289794922
10263288070,41.0243336,28.9485017,66.63360595703125
10263288071,41.0243785,28.9485765,67.34898376464844
10263288072,41.0255242,28.9484325,59.52996063232422
10289654427,41.0267285,28.9507996,54.88217163085938
10289654429,41.0270221,28.9512256,56.96139907836914
10289654430,41.0270497,28.9516775,49.04624938964844
10289654433,41.0273778,28.9516127,46.85880279541016
10289654434,41.0270081,28.9512053,57.27637100219727
10289654437,41.0268937,28.9510393,58.20723724365234
10289654438,41.0269396,28.9505914,56.41086196899414
10289654442,41.0272723,28.9517003,46.88896560668945
10557350837,41.0126153,28.9754689,24.39473342895508
10557350838,41.0126358,28.9754966,24.47419929504395
10557350839,41.0127603,28.9757728,24.05541610717773
10557350840,41.012374,28.9754496,26.41549682617188
10557350843,41.0122427,28.9756002,28.40946769714355
10557350844,41.0125379,28.9758074,25.76987266540527
10557350845,41.0125001,28.9758614,26.36199378967285
10557350846,41.0120447,28.9758239,29.28043556213379
10557350847,41.0120997,28.9759095,29.23308944702148
10586461631,41.0290686,28.9367885,65.7354507446289
10592098887,41.0161522,28.9799871,1.433865904808044
10592098891,41.0134257,28.9877515,0.1918841898441315
10592122808,41.0038996,28.9582258,0.6270050406455994
10592122809,41.0037462,28.9582822,0.7360491752624512
10592122822,41.002393,28.9503875,0.533926248550415
10592122830,41.0022547,28.9500222,0.7300020456314087
10592122833,41.0029483,28.9500971,0.6366948485374451
10592122845,41.0060006,28.9501366,3.021950721740723
10592122850,41.005142,28.9502662,0.8466615080833435
10599156385,41.0178594,28.9655398,18.29363250732422
10603505285,41.0071141,28.9423129,43.40147399902344
10603505287,41.0072393,28.9428686,43.14241027832031
10603538302,41.00719,28.9427636,43.30839538574219
10603538303,41.0069463,28.9428833,40.63819885253906
10603552102,41.0062047,28.9439837,29.64884948730469
10603552103,41.0060841,28.9441971,28.11060333251953
10603565172,41.0070285,28.9423744,42.99686431884766
10603565174,41.0068451,28.9428833,39.24002838134766
10603583723,41.0055388,28.9438964,23.02914428710938
10603583724,41.0057063,28.9437474,26.1032829284668
10603585750,41.0061098,28.9431344,31.47638320922852
10603585752,41.0058066,28.9431737,28.45525550842285
10603586353,41.0082303,28.9474195,28.14904403686523
10603586354,41.0082447,28.947714,27.20452117919922
10603591807,41.0080022,28.9471039,30.05380630493164
10603591808,41.0079792,28.9473998,27.55181312561035
10603593545,41.0062506,28.9456916,11.083984375
10603593547,41.0059859,28.945746,5.591312885284424
10603608171,41.0069709,28.9450698,30.53589820861816
10603608172,41.0068143,28.9452608,22.97965812683105
10603633214,41.007935,28.9473971,27.23746681213379
10603633215,41.007915,28.9476576,25.43207931518555
10609327515,41.0066533,28.9443947,32.42232131958008
10609327516,41.0065453,28.9445747,29.29654312133789
10609341808,41.0040642,28.9502018,-0.3360190093517303
10609341816,41.0042139,28.9504203,-0.3956077694892883
10609341817,41.0042281,28.9509407,-0.1779466271400452
10609341818,41.0040683,28.9504259,-0.1823207885026932
10609408198,41.0189372,28.9527224,60.73086929321289
10609409184,41.0110837,28.9757059,37.47260284423828
10609409185,41.0106197,28.9752059,45.02568817138672
10609420505,41.0101641,28.9769162,33.61927795410156
10609420506,41.0104886,28.976588,31.6577205657959
10609421040,41.008488,28.9766115,37.75253677368164
10609585345,41.0256698,28.9453907,68.1771469116211
10610044168,41.0249528,28.9446768,68.645751953125
10610044169,41.0244637,28.9445625,69.55843353271484
10610412859,41.0254927,28.9437745,67.09066772460938
10610497382,41.03161,28.9420043,18.2894172668457
10610497384,41.0312368,28.9425802,17.86693000793457
10610563936,41.0315779,28.9387556,58.95969390869141
10610563937,41.0313861,28.9386462,59.36541366577148
10610569635,41.0372094,28.9395359,21.82055473327637
10610569636,41.0371994,28.9398327,22.22661209106445
10610579914,41.0382757,28.9414885,8.974909782409668
10610579915,41.0380526,28.941414,12.29883480072021
10610589953,41.0310515,28.9406879,38.29819107055664
10610589956,41.0307776,28.9408904,34.30632019042969
10610592055,41.0350933,28.9421781,37.68609237670898
10613252746,41.0341282,28.9461713,3.897290945053101
10613252747,41.034133,28.9464144,1.998608231544495
10613295841,41.0266852,28.9524672,48.35751342773438
10613295842,41.026797,28.9523331,48.20916748046875
10613311924,41.0286774,28.9499602,36.10747146606445
10613317262,41.0293976,28.9457654,50.22442626953125
10613317680,41.0104721,28.9633949,53.4714469909668
10613334760,41.0278498,28.9478701,59.02014923095703
10613334762,41.0277128,28.947282,56.48319244384766
10613347977,41.0108542,28.9662828,54.68745422363281
10613390735,41.0096328,28.9664298,52.23281097412109
10613390737,41.0096897,28.9668215,52.25885772705078
10613395586,41.0108862,28.9663563,54.39438629150391
10613395587,41.0107264,28.966384,54.49518966674805
10613545369,41.0041754,28.9800205,7.639617443084717
10613545370,41.0040301,28.9802234,7.318092823028564
10613633087,41.0040392,28.9814346,5.725040435791016
10613656845,41.0042312,28.9811053,7.411291122436523
10613656848,41.0037706,28.9811039,4.403118133544922
10613727258,41.0046349,28.9340972,34.21365737915039
10613737422,41.0054997,28.9339372,36.02402114868164
10613834524,41.0233929,28.9606181,0.8466174602508545
10613836510,41.0232298,28.9577026,9.447586059570312
10613836512,41.0232341,28.9581234,7.871529579162598
10613841435,41.0221881,28.9579707,17.25571060180664
10613841436,41.0220547,28.9578487,17.65061569213867
10613841437,41.0221761,28.9579597,17.34781265258789
10613841575,41.0206385,28.9580424,28.18268775939941
10613841576,41.0204543,28.9583355,22.25076866149902
10613842023,41.0230461,28.9552751,30.85310363769531
10613842024,41.022953,28.9555648,28.29249954223633
10613842025,41.0228842,28.9556238,28.26323699951172
10613855801,41.0228693,28.9575404,14.1826639175415
10613855803,41.0229344,28.9572758,13.32516288757324
10613858326,41.0225605,28.9550418,35.52418899536133
10613868628,41.0230217,28.9583601,9.265341758728027
10613868633,41.0236994,28.9589576,5.472776889801025
10613900092,41.0244846,28.9580564,8.028918266296387
10613900093,41.0243736,28.9582708,6.991240978240967
10613926305,41.0247389,28.9579692,9.798306465148926
10613926306,41.024572,28.9578059,10.334153175354
10617232712,41.0188987,28.9643693,15.25712776184082
10617232713,41.0187071,28.9641569,27.26199722290039
10617237815,41.0185911,28.9658128,1.885413765907288
10617237816,41.0183244,28.965646,6.610404491424561
10617253120,41.0305231,28.9395872,44.70313262939453
10617253121,41.0303267,28.9395356,44.9340705871582
10617288761,41.0281704,28.9432664,50.75742721557617
10617293570,41.0058974,28.9685091,30.3300952911377
10617332666,41.0145137,28.9745254,12.16014385223389
10617332669,41.0147957,28.9749713,8.72618579864502
10617341086,41.0169393,28.9732206,0.618651807308197
10617341087,41.0166009,28.973486,1.516789078712463
10617342042,41.0156191,28.9754382,3.682315826416016
10617342043,41.0154282,28.9759548,3.35452127456665
10617342044,41.0154395,28.9759245,3.358898878097534
10617347201,41.0149629,28.974835,8.655227661132812
10617354301,41.0154265,28.9752614,4.902644634246826
10617354303,41.0151989,28.975783,3.961422204971313
10617370156,41.0147763,28.9735243,8.586297988891602
10617370157,41.0144083,28.9732379,16.51417350769043
10617524225,41.0155527,28.9717383,13.09842586517334
10617524226,41.01547,28.9719443,16.23920249938965
10617543055,41.0157895,28.9729534,7.762147903442383
10617560380,41.0195187,28.9612212,11.05495071411133
10617564298,41.0191373,28.9618913,17.20641708374023
10617769995,41.0138974,28.9601202,48.85547637939453
10617769996,41.0137717,28.959999,47.44354629516602
10617771287,41.0136731,28.9604812,48.05683898925781
10617771288,41.0134214,28.9603097,46.61538696289062
10617778102,41.0141271,28.9597946,46.03062057495117
10617778103,41.0139334,28.9595763,43.90853881835938
10628132830,41.026305,28.9327814,46.26783752441406
10628132831,41.0263752,28.9331844,53.13697052001953
10628132832,41.0261478,28.9326218,39.82719039916992
10628344927,40.9970647,28.9315243,6.580122947692871
10628344928,40.9964781,28.9312168,7.057053089141846
10628357375,41.0030066,28.9758614,8.986464500427246
10628357376,41.0028504,28.9758528,7.545478343963623
10628381743,41.0033335,28.9713355,6.216466903686523
10628381744,41.0033068,28.9714863,5.823702812194824
10628382672,41.0052039,28.9710023,13.43766975402832
10628385994,41.0149979,28.9691033,18.33944892883301
10628385995,41.0148133,28.9690587,18.73186111450195
10628386403,41.0139992,28.9677318,40.97501373291016
10628397816,41.0051689,28.9715889,15.98955345153809
10628397817,41.0050512,28.9715341,13.92280673980713
10628407461,41.0139994,28.9691721,26.35018920898438
10628407464,41.0136533,28.9695079,22.34282493591309
10628412527,41.0134181,28.9676834,41.71307373046875
10628412529,41.0135782,28.9674678,42.75949859619141
10628418758,41.0124854,28.9672583,47.70897674560547
10628418759,41.012469,28.9674899,46.57038116455078
10628471542,41.017619,28.9262542,58.58866119384766
10628471543,41.0171225,28.9257457,60.239013671875
10628471544,41.0170527,28.9255071,60.36069107055664
10628477099,41.0143097,28.9235478,54.74107360839844
10628478887,41.0165627,28.9243544,57.59078979492188
10628490834,41.0093887,28.9257043,35.86016464233398
10628490836,41.0084998,28.9255214,33.17958450317383
10629345972,41.008212,28.9676442,51.41078567504883
10629345973,41.0082463,28.9673928,50.96723556518555
10629353909,41.0073691,28.9676384,47.67734909057617
10629353910,41.0071765,28.9675512,46.77526473999023
10629524116,41.0076445,28.9586969,23.34409523010254
10629524117,41.0074319,28.9586339,23.60262489318848
10636132246,41.0109936,28.9708545,43.1411247253418
10636132247,41.010889,28.9704882,45.00629425048828
10653326872,41.0073837,28.9610444,29.59990501403809
10653453569,41.0060682,28.9608144,7.790329456329346
10653458668,41.017996,28.9691441,2.33672308921814
10653458670,41.0179012,28.9686047,4.176423072814941
10653469143,41.006453,28.9608928,12.38625907897949
10653469145,41.0065848,28.9613584,13.0341739654541
10653472645,41.0056764,28.9602316,7.351760864257812
10653486326,41.0062772,28.9615247,14.10670471191406
10653486330,41.0058737,28.9614451,8.534256935119629
10653486795,41.0176076,28.9692972,2.340405225753784
10653487968,41.0062405,28.96029,7.355778217315674
10653487969,41.0059557,28.9599594,6.625671863555908
10653487970,41.0061329,28.9606111,7.604465484619141
10653487971,41.0058329,28.9604213,7.040041446685791
10653492708,41.0082561,28.9620066,41.47377395629883
10653492709,41.0078685,28.9617921,38.22339248657227
10653496551,41.0052152,28.9599997,8.010721206665039
10653496552,41.005063,28.9602184,8.11372184753418
10653502855,41.0069581,28.9614748,20.16916275024414
10653502857,41.0067164,28.9617002,18.15487861633301
10653527239,41.0070997,28.9647811,36.44978713989258
10653545900,41.0182541,28.9666226,2.553858757019043
10653574157,41.0105534,28.932325,53.35032653808594
10653574158,41.0100481,28.9323235,52.95050811767578
10653584646,41.0110871,28.9330291,51.87179946899414
10653584647,41.0104717,28.9330357,51.23526382446289
10653594825,41.0083216,28.9278355,43.28740310668945
10653594829,41.0080332,28.9249097,32.19813919067383
10653851936,41.0050783,28.9309401,39.91485977172852
10653851937,41.0049274,28.9307786,38.93233108520508
10653878341,41.005686,28.9306488,40.47306442260742
10653878342,41.0055619,28.9304244,40.12116622924805
10653884878,41.0136402,28.9711301,33.06407928466797
10653884879,41.0134637,28.9709976,28.64595794677734
10653886149,41.0050163,28.9318661,37.99760437011719
10653923936,41.0035991,28.9801359,6.995117664337158
10653923937,41.0035014,28.9802584,5.959546089172363
10653957853,41.0169178,28.9672543,13.85470962524414
10653957854,41.016501,28.9670945,18.68998146057129
10654007945,41.0025638,28.9276639,35.21200180053711
10654007946,41.0024736,28.9273372,35.09187698364258
10654026269,41.0031164,28.9248964,31.40015602111816
10654026271,41.0026612,28.9248149,30.0993766784668
10654033205,41.0015149,28.922739,22.83908462524414
10654033206,41.0012886,28.9226988,20.65491676330566
10654033208,41.0014591,28.9227301,22.24327850341797
10654033209,41.0013936,28.9230123,23.13992309570312
10654048807,41.0120053,28.9695283,36.99526977539062
10654048808,41.0119152,28.9691761,40.10410308837891
10656628588,41.0119322,28.9687489,42.50672149658203
10656657539,41.0128368,28.9677761,42.65140914916992
10656657540,41.0127945,28.967486,44.25835037231445
10656666409,41.0125493,28.9688022,37.25885772705078
10656666411,41.0123531,28.9690711,37.00881576538086
10656668787,41.0117754,28.9692206,41.15324783325195
10656668788,41.0118402,28.9695957,37.83132171630859
10656679896,41.0116776,28.9690148,43.3536491394043
10656679897,41.0115785,28.9686494,45.43209457397461
10656725146,41.0173892,28.9303601,51.9545783996582
10656725147,41.0169672,28.9300467,54.75397872924805
10656736161,41.0206519,28.9611507,4.241637229919434
10656736162,41.0204969,28.9610487,5.116374015808105
10656764063,41.0274556,28.9545792,8.609081268310547
10656764064,41.0272321,28.9544668,11.04986381530762
10656765419,41.0272093,28.9545239,10.55601978302002
10656765420,41.0270279,28.9543555,14.80024719238281
10656766067,41.0274316,28.9548403,8.00980281829834
10656766068,41.0273227,28.9550394,5.553379535675049
10656787306,41.0241305,28.9558303,26.96701240539551
10657001280,40.999499,28.9253623,27.49284934997559
10657001281,40.9993492,28.924986,24.26196098327637
10657014502,40.9968176,28.925633,22.83824920654297
10657014504,40.9966069,28.9258983,22.48733520507812
10657014563,40.9943901,28.9238176,15.70492839813232
10657014565,40.9941582,28.9241783,17.90235137939453
10657041639,40.9950075,28.9292909,10.766526222229
10657041640,40.995139,28.929123,10.76153087615967
10660070278,41.0173835,28.9535988,53.19144439697266
10660070279,41.0168778,28.9544785,42.00961685180664
10660306756,41.0223147,28.9507765,47.82338714599609
10660334254,41.0176899,28.9530912,51.87575149536133
10660814371,41.0157974,28.9517312,46.67803192138672
10660814372,41.015518,28.9523226,43.48768997192383
10660814373,41.0159903,28.9510775,47.37294387817383
10660829148,41.0135241,28.9475061,22.33152389526367
10660842423,41.0142123,28.9482289,27.86202049255371
10660848644,41.0145971,28.9485263,32.85737228393555
10660848645,41.0144413,28.9484745,30.90683555603027
10660877742,41.0126695,28.9494023,18.44820594787598
10660877744,41.0123144,28.94933,15.41447257995605
10660884615,41.0114606,28.9526058,15.7941951751709
10660884616,41.0110915,28.9523488,15.86950206756592
10660889639,41.0113231,28.9508409,14.58923435211182
10660889640,41.0113133,28.951346,15.60429286956787
10660889641,41.0113097,28.9517586,15.91709136962891
10685343932,41.0169092,28.9563915,28.74182891845703
10685343933,41.0168387,28.9565139,29.05646514892578
10685343934,41.014633,28.9547271,37.73973083496094
10685343935,41.0144129,28.9544646,37.77458953857422
10685343936,41.0144788,28.9545432,37.78620910644531
10685343937,41.014572,28.9546543,37.74335098266602
10685343938,41.0120193,28.9531188,22.78867149353027
10694271483,41.0214294,28.9433711,42.43249130249023
10694357409,41.0216493,28.9437458,41.78104400634766
10694357415,41.0197753,28.9472961,51.29500198364258
10694357416,41.0198458,28.9474127,51.14605331420898
10694357417,41.0198917,28.9474887,51.49239730834961
10694357418,41.0197053,28.9476795,51.38617706298828
10694357419,41.0196587,28.9475966,51.13209533691406
10694357421,41.0196422,28.9473866,51.43151092529297
10694357425,41.0189545,28.950062,61.21945953369141
10694357426,41.0193755,28.9496465,60.29040145874023
10694357427,41.0195317,28.9494924,60.27068710327148
10694357428,41.0197207,28.9493058,60.12111282348633
10694357429,41.0199406,28.9490888,60.54164123535156
10694357430,41.0191942,28.9498254,60.32271957397461
10694357431,41.0189575,28.949424,58.7178840637207
10694357435,41.0186573,28.9487317,51.65825271606445
10694357436,41.0185468,28.9485425,51.42932510375977
10694357439,41.0185349,28.9488546,53.02628707885742
10694357440,41.0186182,28.9486648,51.33123779296875
10694357441,41.0184577,28.9485764,51.41784286499023
10694357442,41.0184252,28.9486669,51.06534957885742
10694357443,41.0184982,28.9487918,52.12176513671875
10696829931,41.0109641,28.9784771,21.07745361328125
10698058065,41.0154749,28.9761487,2.818766593933105
10698058066,41.0154942,28.9761615,2.813469409942627
10698058067,41.0149252,28.9758038,5.091160297393799
10698058068,41.014911,28.9757934,5.141341209411621
10729308245,41.0032038,28.971441,5.251090049743652
10735111742,41.0060652,28.9216575,22.72445487976074
10738808550,41.0055002,28.9749397,33.0189094543457
10738808552,41.0053068,28.9747481,32.71189880371094
10738808563,41.0056189,28.9750648,32.84598159790039
10738808587,41.0053384,28.974961,32.71859359741211
10738808591,41.005481,28.974701,32.91213989257812
10739987115,41.0164258,28.9594155,34.13002395629883
10744605461,41.0029983,28.96956,3.295530319213867
10744605462,41.0031213,28.9693146,3.581568479537964
10793031109,41.0009624,28.9333255,7.851663589477539
10793058131,41.0006143,28.9338837,5.133803844451904
10801116844,40.9931687,28.9238357,15.56360912322998
10822581544,41.0296655,28.9360875,70.69396209716797
10908560564,41.0200456,28.965327,0.01771564409136772
10929801377,41.0192807,28.9582833,14.54804706573486
10929801379,41.0191232,28.9580745,15.53091335296631
10929801382,41.018984,28.9583757,15.37146472930908
10929801386,41.0189117,28.9580245,16.14797210693359
10929801388,41.0188238,28.9581137,16.36855888366699
10940389074,41.0020188,28.949154,0.6142730116844177
10941537412,41.014082,28.9510136,33.0086784362793
10973844889,41.0187593,28.9665703,1.437709331512451
10973844896,41.0198979,28.9645809,1.725639700889587
11002147792,41.0095043,28.9312285,48.98535919189453
11005560829,41.0138482,28.9812274,20.2675724029541
11005560838,41.0145649,28.9835966,28.6025218963623
11005568074,41.0135787,28.9795472,5.702297210693359
11005568075,41.0136657,28.9792227,5.260865211486816
11005946259,41.006149,28.97566,33.58524322509766
11005946265,41.0051927,28.9746339,32.74630737304688
11005946269,41.0073171,28.9771856,34.57399749755859
11005946291,41.0075826,28.9791173,32.10957336425781
11005946292,41.0076156,28.9786207,31.75616264343262
11005946293,41.0096144,28.9796092,34.185791015625
11005962202,41.002901,28.9810765,0.8272451162338257
11005974936,41.008455,28.9780208,32.45612335205078
11005974937,41.0085347,28.9778327,32.72233581542969
11005974938,41.0084198,28.9779708,32.75221633911133
11005974939,41.0082315,28.9781877,31.50255012512207
11005974944,41.007896,28.9775011,34.64768218994141
11005974947,41.0068544,28.977865,33.31216049194336
11005974948,41.0067964,28.9778099,33.11602783203125
11005974949,41.0067824,28.9784437,32.41656875610352
11005974950,41.0065635,28.9782087,32.18796539306641
11005974952,41.0074358,28.9789864,32.50963973999023
11005974958,41.0056827,28.9768362,35.24242401123047
11006008346,41.0081787,28.9751281,43.17220306396484
11006008347,41.008112,28.9751179,42.653564453125
11006008353,41.0073143,28.9773525,34.44280242919922
11010266598,41.0080323,28.9764067,38.3704719543457
11010266599,41.0142957,28.9796433,4.917216300964355
11010266600,41.0141634,28.9799919,4.809388637542725
11010266601,41.0123419,28.9792003,9.318843841552734
11010266603,41.0127018,28.9797067,22.8298282623291
11010307805,41.0123655,28.979986,21.69160270690918
11010307806,41.0162796,28.9852528,6.734855175018311
11010307808,41.0164442,28.9848037,5.416791915893555
11010307823,41.0020928,28.9766898,1.823745727539062
11010921758,41.0119975,28.959744,43.85148620605469
11030805287,41.0214509,28.937599,33.02495193481445
11030812166,41.0216663,28.9372758,33.73054504394531
11030812167,41.0216008,28.9372359,33.15730667114258
11030825981,41.0216064,28.9374679,33.58990478515625
11030828957,41.0215078,28.9377971,33.70900726318359
11030829748,41.0208648,28.9397473,36.56253051757812
11030829750,41.0205904,28.9398838,34.08822631835938
11030830457,41.0199929,28.936491,23.81993675231934
11030830459,41.0200644,28.9374169,25.07101249694824
11030834556,41.0192758,28.9397638,24.33655738830566
11030834557,41.0195823,28.9390147,24.26353645324707
11030850211,41.0194915,28.9392366,24.1187744140625
11030858305,41.0212561,28.9398368,38.34102249145508
11030858306,41.0211281,28.9400637,41.07297134399414
11030870391,41.0210266,28.9405042,46.42607116699219
11030901485,41.0228523,28.9379954,52.36736679077148
11030952201,41.023239,28.9388169,54.74189376831055
11036195104,41.0191045,28.9321604,40.31969451904297
11036237705,41.0191431,28.9319881,41.17020797729492
11036241529,41.0194573,28.9321353,35.10441970825195
11036241722,41.0195437,28.9315578,40.53055572509766
11044688240,41.0181939,28.9391506,21.18368911743164
11046221935,41.0019783,28.93873,0.8953801989555359
11046221946,40.9984767,28.9533944,0.1152944415807724
11046221990,41.0025895,28.9521438,-1.66886305809021
11046221991,41.0039558,28.9532951,0.9984419941902161
11046221994,41.0038921,28.9530715,0.8267557621002197
11046221995,41.0039357,28.953222,1.173824667930603
11046221996,41.004072,28.953141,0.8993293642997742
11046221997,41.0040242,28.9529982,0.8765826225280762
11046222000,41.0038725,28.9529712,0.7937899231910706
11046222003,41.0037057,28.9531606,0.0683094710111618
11046283805,41.0036083,28.9532472,-0.7435520887374878
11046283809,41.0037389,28.9532729,-0.3008939325809479
11046283812,41.0032294,28.9533843,0.2501712441444397
11046283817,41.0031759,28.9534884,0.865995466709137
11057495440,41.0019671,28.9391275,1.238130569458008
11117641629,41.0144365,28.9851045,37.58252334594727
11117641630,41.014615,28.98564,34.66656112670898
11117661764,41.01583,28.9546344,38.83019256591797
11117661766,41.0161409,28.9547415,39.30112075805664
11117661767,41.0160658,28.9548604,37.86425399780273
11117686114,41.0120915,28.9803122,27.23804092407227
11117686115,41.0121071,28.9802886,27.05827713012695
11141912151,41.0194551,28.9656018,1.346520185470581
11141912152,41.0197422,28.9656717,0.144289031624794
11141912154,41.0194999,28.965535,1.316715836524963
11141912155,41.0198094,28.9656003,0.0532706081867218
11141912156,41.0195467,28.9654514,1.21685516834259
11141912157,41.0198903,28.9655196,0.0002643351617734879
11141912158,41.0195952,28.965374,0.9362068176269531
11141912159,41.0199726,28.9654179,0.003273228881880641
11141912160,41.0196683,28.9652612,0.9628980159759521
11141912163,41.0190624,28.9664726,2.161648511886597
11153703243,41.0229921,28.9622207,1.294905781745911
11153703249,41.018373,28.9694662,0.3637335598468781
11153703256,41.018366,28.9695105,0.3609834015369415
11153703258,41.0182999,28.9694859,0.3964903056621552
11153703259,41.0183094,28.9694428,0.3509125709533691
11153703260,41.018223,28.9704699,0.8972104787826538
11153703261,41.0182084,28.9705731,0.5932720899581909
11153703262,41.0181469,28.9704482,1.45086932182312
11157702242,41.0211807,28.9630989,2.054526567459106
11165697750,41.0140759,28.975111,12.43802261352539
11165697751,41.0138257,28.9749341,14.0705099105835
11165697752,41.0138333,28.9749535,13.87850379943848
11165697753,41.0135378,28.9754152,16.02265930175781
11165697754,41.0133185,28.9757783,15.60885524749756
11165697755,41.0130779,28.9761656,14.82185363769531
11165697756,41.0128313,28.9766028,17.24471473693848
11165697757,41.0124806,28.9772254,23.25153160095215
11165697758,41.0122294,28.9776719,18.96598815917969
11165697759,41.0118719,28.9783078,11.2161169052124
11165697762,41.0110998,28.9780397,15.82341575622559
11165697764,41.0110006,28.978014,15.96225070953369
11165697767,41.0105281,28.978592,16.96901321411133
11167178141,41.0181878,28.9718631,2.40540885925293
11167178158,41.018679,28.9703378,0.4914802312850952
11167178160,41.0182001,28.971607,1.945289731025696
11167178165,41.0180557,28.9714204,1.333185315132141
11167178166,41.0180395,28.9711677,1.629020571708679
11167200385,41.0179418,28.9720669,1.086767315864563
11167200389,41.0179889,28.9724342,0.005185046698898077
11167206456,41.0181304,28.970558,1.223767757415771
11167206460,41.0183985,28.9707622,0.0725257620215416
11167206462,41.0182999,28.9709798,0.07870565354824066
11167206463,41.0182673,28.9710957,0.3693592846393585
11167206464,41.0182499,28.9712104,0.4139641225337982
11167206465,41.0182561,28.9713359,0.1250892877578735
11167588242,41.0392152,28.9440219,0.03304634988307953
11167588256,41.0247104,28.960313,0.0
11169273522,41.0207461,28.9644701,0.2111320197582245
11169273524,41.0205925,28.9640884,1.748422741889954
11169273525,41.020573,28.9640483,1.8547682762146
11169273528,41.018583,28.9672115,1.425535917282104
11169273529,41.0191817,28.9674079,0.0001098947032005526
11169305749,41.0186568,28.9684821,1.410342216491699
11169305755,41.0193928,28.9684786,0.0001596836664248258
11185899580,41.0031808,28.9598389,0.7845444679260254
11185899583,41.002228,28.9609306,0.007795186247676611
11186561362,41.0017725,28.9522645,-0.02460062503814697
11186561369,41.0028418,28.9550486,0.0005510035553015769
11187222412,41.0030908,28.9598912,0.9310516715049744
11197263578,41.0283572,28.9375749,63.31088638305664
11197263579,41.0282957,28.9374673,63.38156890869141
11197263584,41.0296411,28.9370516,68.344482421875
11254781784,40.9929982,28.9228435,14.26467323303223
11279359852,41.0096951,28.9594335,38.61794281005859
11279359867,41.0093235,28.9655739,49.59591674804688
11279388769,41.009564,28.9594298,39.01526260375977
11279388770,41.0096435,28.9594319,38.99089431762695
11279388781,41.0093491,28.9526673,13.93396759033203
11279388788,41.0090934,28.9532011,11.8654146194458
11279388792,41.008878,28.9535987,11.89306163787842
11282324667,41.0095244,28.9551881,20.73835754394531
11331464187,41.0096579,28.9562018,26.30098915100098
11331476122,41.030912,28.9525165,0.0
11331476124,41.0308883,28.9523336,2.985457570048311e-08
11331476138,41.0307848,28.9525746,0.01891789957880974
11331476140,41.0307894,28.9519274,0.0
11365714710,41.0006403,28.946187,1.375249147415161
11365714711,40.9995114,28.9435692,1.561430811882019
11365714713,40.9999079,28.9431733,2.048558950424194
11365714714,40.9994587,28.9433508,1.63417112827301
11365714716,41.0001994,28.9432419,1.605230569839478
11365714717,40.9994128,28.9433691,1.586944937705994
11365714718,41.0016672,28.9464407,1.180629253387451
11365714727,41.0030552,28.9500909,0.5981415510177612
11365714728,41.003099,28.9501291,0.6154585480690002
11365714730,41.0035893,28.9501475,0.2650963366031647
11365714731,41.0039085,28.9501521,-0.767924964427948
11365714734,41.0040655,28.950273,-0.4767015278339386
11365714735,41.005036,28.9502585,0.7023860216140747
11365714736,41.0062462,28.9502466,3.033520460128784
11365714743,41.0103794,28.9650585,54.50128936767578
11365714756,41.0100901,28.9645908,54.0046501159668
11365714759,41.0103654,28.9651845,54.63009262084961
11365714760,41.0103334,28.9652201,54.65633010864258
11365714761,41.0104605,28.9652034,54.67205047607422
11365741269,41.010807,28.9634513,56.62005615234375
11365741270,41.0108704,28.9642465,56.17533874511719
11365741272,41.0104172,28.9640051,53.85296630859375
11491657105,41.0232311,28.9612841,1.026396870613098
11491657138,41.0225606,28.9619814,1.783378839492798
11491657145,41.0217414,28.9620415,2.221871852874756
11491671329,41.0241734,28.9602064,0.06817427277565002
11491671343,41.0390111,28.9448206,0.0
11491671358,41.0393185,28.9443006,0.04799415171146393
11491671364,41.0393867,28.9443697,0.01384450495243073
11491671374,41.0371138,28.9455253,1.220566272735596
11491671379,41.037162,28.9455006,1.124455332756042
11491671382,41.0372707,28.945298,1.344056010246277
11491671392,41.0378358,28.9455381,0.8093552589416504
11491671405,41.0328276,28.947875,2.901447057723999
11491671407,41.0327428,28.9479911,3.40222430229187
11491671418,41.0200796,28.9645358,2.388108253479004
11511878725,41.0220638,28.9622199,1.16556978225708
11511878761,41.0229529,28.9609626,1.272792100906372
11511878783,41.0183487,28.9687978,2.040655374526978
11532842214,41.0099818,28.9482238,14.87613105773926
11684158077,41.0024468,28.938646,4.779985904693604
11684158089,41.0044678,28.9506826,2.420752286911011
11684158092,41.0047454,28.9533652,-0.3313962817192078
11684158139,41.005136,28.9824444,5.172790050506592
11684158173,41.0161318,28.9857567,8.12478256225586
11684158181,41.015874,28.9852805,5.863495826721191
11778225748,41.0129988,28.9556968,36.68567276000977
11778225749,41.0128843,28.9555739,36.6216926574707
11778225750,41.0130672,28.9556176,36.78034210205078
11778225751,41.0128955,28.9554493,36.47872161865234
11778225752,41.0130505,28.9558271,37.6114387512207
11812453120,41.0168082,28.9762018,0.4698570370674133
11812453121,41.0167522,28.9762943,0.2609816789627075
11812453161,41.0185009,28.9672148,1.702727437019348
11812527169,41.0176534,28.9694037,2.276281595230103
11812527179,41.0179172,28.9699587,1.021071434020996
11812527183,41.0177598,28.9702957,1.594627022743225
11812527186,41.0178097,28.9704374,1.825650930404663
11812527191,41.017657,28.9711274,1.584022402763367
11812527205,41.0177882,28.9697317,1.552692174911499
11812527208,41.0172512,28.9712836,2.068510055541992
11812527212,41.0169519,28.9715414,3.108697652816772
11812527219,41.0168466,28.9715205,2.055451631546021
11812527220,41.0169152,28.9715831,2.71728515625
11812527225,41.0164199,28.9712037,2.937952995300293
11812527227,41.0163443,28.9713276,2.82684063911438
11812527231,41.0166359,28.9719119,2.240649700164795
11812527233,41.0165664,28.971375,2.150311231613159
11812527234,41.0167027,28.9713845,2.362464427947998
11812527240,41.0169797,28.9725958,1.294779419898987
11812527246,41.0171539,28.9730303,0.06137674301862717
11812527247,41.0171763,28.9727909,0.9862143993377686
11812527248,41.0171122,28.9730832,-0.1145154535770416
11812527251,41.0171468,28.9718208,1.508858442306519
11812527264,41.0170637,28.9719316,1.666432976722717
11812527272,41.0170371,28.9719666,1.752256751060486
11812527273,41.0170252,28.9719822,1.791174173355103
11812527274,41.017031,28.9725037,1.06773579120636
11812527275,41.0170041,28.9724652,1.224887371063232
11812527277,41.0172395,28.9722545,0.8102755546569824
11812527285,41.0174736,28.9715114,1.141716480255127
11812527286,41.0174013,28.9709421,2.081162214279175
11812527287,41.0168769,28.9705325,2.757587194442749
11812527289,41.0175603,28.9707712,1.227639436721802
11812527291,41.0174443,28.9706778,1.707552075386047
11812527294,41.0169895,28.9703486,2.580003499984741
11812527303,41.0153945,28.964876,51.35186386108398
11812527304,41.0154141,28.964853,51.35265350341797
11812527325,41.0185239,28.9667637,1.306379199028015
11812527326,41.018175,28.9682846,2.76891016960144
11812527328,41.0180897,28.9687286,3.459047555923462
11812527332,41.0180043,28.9695446,2.663817167282104
11812527339,41.0182418,28.9678537,2.706212520599365
11812527340,41.0182011,28.9680695,2.523205757141113
11812527358,41.0199223,28.9646042,1.729024767875671
11812527395,41.0210416,28.9639855,0.01293295528739691
11812527427,41.0227408,28.9631,0.0
11812527465,41.0238564,28.9604818,0.05259671062231064
11812565357,41.0098985,28.98201,40.31338500976562
11812565358,41.0098364,28.9821737,39.89957046508789
11828695665,41.0068773,28.9441892,35.60326385498047
11828724970,41.0068464,28.9441175,35.95977020263672
11828724971,41.0069364,28.9441179,36.24762344360352
11842449014,41.0163131,28.9855258,8.159578323364258
11842449015,41.0162804,28.9855948,7.916347980499268
11842449048,41.0166421,28.9856963,6.116025924682617
11842449051,41.0161109,28.987016,0.1300422549247742
11865972687,41.0186167,28.9704835,0.4821407198905945
11865972691,41.0182202,28.9705857,0.5679264068603516
11865972708,41.021361,28.9629997,1.851719737052917
11865972709,41.0204348,28.9635498,1.799222946166992
11883722505,41.0162447,28.9823611,2.020065069198608
11883722506,41.0163765,28.9822979,1.035792708396912
11883722512,41.0164997,28.9822149,0.6496774554252625
11883722530,41.0165305,28.9815741,0.2630200386047363
11883722531,41.0166804,28.9818645,0.05063841119408607
11883722533,41.0164373,28.9818907,0.5355521440505981
11883722534,41.0165306,28.982127,0.4193878471851349
11883722550,41.0164904,28.9821607,0.6567992568016052
11883722553,41.016575,28.9818531,0.06637095659971237
11883734708,41.0167369,28.9763217,0.1750283986330032
11883734709,41.0169036,28.9764323,0.9730461835861206
11883734719,41.0167319,28.9767507,0.02845151163637638
11885165079,41.0307671,28.950818,0.9617787599563599
11885165097,41.0298697,28.951763,0.05668248236179352
11885165139,41.0320745,28.949912,0.0
11885165140,41.0299063,28.9518431,0.0175960399210453
11885165171,41.0278475,28.9566159,0.3166904747486115
11885165228,41.0245291,28.9601183,0.01912659034132957
11888714138,41.0176566,28.9740914,0.0
11889111246,41.0196885,28.964458,1.364230990409851
11889111247,41.0197373,28.9645102,1.511682271957397
11889111255,41.0198828,28.9646655,1.730545401573181
11889122672,41.0211584,28.9627747,1.797975897789001
11889122673,41.0206306,28.9635082,1.740521430969238
11889122674,41.0206982,28.9636016,1.7176114320755
11889122675,41.020653,28.9637008,1.765756726264954
11889122676,41.0205686,28.9635717,1.919289469718933
11889122677,41.0204962,28.9636496,1.672590374946594
11889122678,41.0212264,28.9628897,1.770572304725647
11889122679,41.0212861,28.9629912,1.844978451728821
11889122680,41.0206328,28.9636727,1.769242405891418
11889122683,41.021628,28.9634065,0.134696751832962
11889122714,41.0219798,28.9633614,0.0
11889589295,41.0027112,28.9387723,8.030913352966309
11889589297,41.0027796,28.9392835,7.51661491394043
11889589300,41.0027388,28.9392949,7.240223407745361
11889589303,41.0021829,28.9371615,7.766303062438965
11889589310,41.0022554,28.9369853,9.270528793334961
11889589325,41.0024778,28.9383191,6.321664333343506
11889637705,41.0029737,28.9542515,1.948846936225891
11889671291,41.0022012,28.9752616,1.861903309822083
11889671292,41.0021333,28.9752655,1.356912851333618
11889671307,41.00429,28.9826422,0.7868625521659851
11889671308,41.004322,28.9827968,0.6224421262741089
11889671345,41.0161711,28.9823294,2.27706503868103
11889671347,41.0162356,28.9823025,2.052117347717285
11889671363,41.0163921,28.9762573,1.003366947174072
11889950886,41.0038492,28.9822133,1.349657893180847
11907183447,41.0042914,28.9555087,2.07394003868103
11907183464,41.0041741,28.9555993,1.529639005661011
11907183465,41.0040836,28.9556752,1.301587104797363
11907183466,41.0043404,28.9548513,1.819319844245911
11907183468,41.0043631,28.9554388,2.40627384185791
11907183475,41.0040691,28.955998,1.205115914344788
11907183477,41.0041892,28.9541693,0.4070971608161926
11907183481,41.0042727,28.9545404,0.5071802735328674
11907183482,41.0041174,28.9548208,1.127872228622437
11907183484,41.0040541,28.9550047,1.159387588500977
11969135499,41.0029497,28.9776354,9.528552055358887
11969135503,41.0029269,28.9775239,9.424551010131836
11975924514,41.0193945,28.9661615,0.2064331918954849
11975924519,41.0184617,28.96887,2.221023321151733
11975924524,41.0187562,28.9672754,1.918614268302917
11975924532,41.0198592,28.9646408,1.826847195625305
12022588411,41.0230852,28.9610393,0.8708248734474182
12022588412,41.0230323,28.9625353,0.8099524974822998
12022588413,41.0215867,28.962407,2.18356728553772
12022588414,41.021351,28.960023,6.317471027374268
12022588443,41.0285607,28.9549573,0.3329351246356964
12022588444,41.0285724,28.9549615,0.2348524332046509
12022588446,41.0287553,28.9541261,0.3775774836540222
12022589563,41.0363781,28.9468321,0.1200370341539383
12022589564,41.0364803,28.9471802,0.0
12022589581,41.0366249,28.9463687,0.1132542788982391
12022589617,41.0367011,28.9465636,0.00417380640283227
12022589631,41.0364335,28.9468252,0.1272535920143127
12022589634,41.0364951,28.9464333,0.4030279219150543
12022589635,41.0365621,28.9467456,0.1011479422450066
12043338121,41.0334573,28.9433351,29.85317230224609
12092654169,40.9914603,28.9270391,2.19992470741272
12127513965,41.0187062,28.9330894,35.01687240600586
12132554206,41.0186377,28.9672341,1.827094197273254
12132554214,41.0198139,28.9644825,1.563123106956482
12132554215,41.0197719,28.9645482,1.857024550437927
12132554216,41.0188501,28.966486,2.811969995498657
12132554217,41.0214104,28.963075,1.864718079566956
12132554219,41.0216528,28.9626854,2.681926488876343
12132554220,41.0220173,28.9632219,0.000118897864012979
12132554222,41.0212128,28.9628666,1.74180269241333
12132554239,41.0222061,28.9623321,1.257855415344238
12132554240,41.022774,28.962454,0.8539332151412964
12132554246,41.023022,28.9622374,1.064834475517273
12132554247,41.0230348,28.9623528,0.8202422261238098
12132554267,41.0229037,28.9613206,0.3360450565814972
12132554275,41.0228532,28.9618475,1.960257291793823
12132554278,41.0225089,28.9619801,1.14627742767334
12132554283,41.0222474,28.9607172,4.097569942474365
12132554296,41.0220585,28.960344,5.085001468658447
12132564903,41.021669,28.9620759,2.237581253051758
12132564904,41.0220556,28.9622597,1.201871275901794
12132564905,41.0222578,28.9619232,0.009210157208144665
12132564907,41.0225934,28.9610138,0.4923946559429169
12143279137,41.0193169,28.9676219,0.001443759887479246
12143279138,41.0187468,28.9673734,1.960864424705505
12143279139,41.0188463,28.9679563,0.2490657866001129
12143279140,41.0188871,28.9678117,0.8095283508300781
12143279149,41.0153385,28.9865563,4.348593711853027
12143279168,41.0168372,28.9852078,5.294436931610107
12143279171,41.0171076,28.9848805,2.646354675292969
12143279182,41.0171967,28.9860077,2.971842288970947
12143279190,41.0172965,28.986465,0.0
12143279191,41.0170706,28.9843309,2.198033571243286
12143279195,41.0173513,28.98545,1.661585688591003
12143279196,41.0150212,28.9872933,1.328053951263428
12143279198,41.0150554,28.9872055,2.038538694381714
12143279207,41.0158528,28.986507,6.029651641845703
12143279216,41.0164443,28.9855982,7.99015998840332
12143279245,41.0162996,28.9823329,1.679403424263
12143279251,41.01339,28.9875281,0.9772688746452332
12143279253,41.0016871,28.9774151,1.075763702392578
12143279257,41.0020252,28.9777985,1.3358473777771
12143279260,41.0019584,28.9776883,1.797448635101318
12143279261,41.0016224,28.9706231,0.5205789804458618
12143279264,41.0017032,28.9711627,1.420482516288757
12143279265,41.0017962,28.970976,1.703610777854919
12143279272,41.0015688,28.971817,1.422661900520325
12143279282,41.0011743,28.9725926,0.1856852620840073
12143279283,41.0013362,28.9718232,0.1945597380399704
12143279284,41.0018883,28.9718085,1.263368606567383
12143279286,41.0015263,28.9709797,0.3384338617324829
12143279289,41.0016063,28.9714857,1.605404734611511
12143279291,41.0030166,28.9606303,0.7022911310195923
12143279292,41.0029211,28.9607435,0.5458704829216003
12143279297,41.0027036,28.960941,0.2877841591835022
12143279304,41.0029035,28.9612135,0.80965256690979
12143279305,41.0025825,28.9613097,1.231267809867859
12151595101,41.0032788,28.963682,2.231791019439697
12151595102,41.0031105,28.9636644,1.358561038970947
12151595103,41.0031987,28.964554,3.469403505325317
12160380865,41.018546,28.9701101,1.728873491287231
12160380866,41.0186338,28.970189,1.198825836181641
12160380867,41.0184488,28.9702797,0.601925790309906
12160380870,41.0184598,28.9694842,0.8992675542831421
12160380872,41.0182798,28.970472,0.8738940358161926
12160380873,41.0182723,28.9705643,0.6463736891746521
12160380897,41.018646,28.9693983,0.01194371934980154
12160380898,41.0187712,28.9699674,0.2497096359729767
12160421903,41.0193461,28.9693276,0.0
12160421904,41.0186893,28.9695917,0.6447495222091675
12160462770,41.018312,28.9276405,55.8851432800293
12160462771,41.0193384,28.9253665,58.42710494995117
12163709768,40.9883805,28.9226122,3.222194910049438
12163709769,40.9887553,28.9223538,1.939591526985168
12163709773,40.9937061,28.9296676,1.270208239555359
12163709774,40.9938319,28.929535,0.8398724794387817
12163709775,40.9940237,28.9298366,0.9507074952125549
12163709776,40.9938895,28.9299821,0.5918930768966675
12163709777,41.0012731,28.936733,1.032099723815918
12163709790,40.9996135,28.934512,0.6116745471954346
12163762624,40.9923652,28.928203,1.418778657913208
12163762625,40.9924638,28.928023,1.729127526283264
12163762626,40.9930157,28.9287173,1.666541576385498
12163762627,40.9949163,28.9312371,1.58823561668396
12163762628,40.9948836,28.93127,1.578721523284912
12163762629,40.9925751,28.9279505,1.339787125587463
12163762660,40.9987662,28.9335307,0.7533807754516602
12163762689,40.998881,28.9337506,0.7500442266464233
12163762690,40.9985339,28.9335691,2.092627286911011
12163762718,40.9982604,28.9334646,0.6467562913894653
12163762719,40.9986486,28.9330203,1.358956575393677
12163762721,40.9987969,28.9330787,0.9306259751319885
12163762728,40.9983974,28.9334881,0.8739497065544128
12163762729,40.9986915,28.9336126,0.8479836583137512
12163762731,40.9985266,28.9335415,2.144820213317871
12163762753,40.9941987,28.9301698,0.8857741355895996
12163762754,40.9940743,28.9302994,0.6357789039611816
12163762766,40.9916556,28.9270087,1.418134450912476
12163762821,40.9884138,28.9225577,2.814752578735352
12163762822,40.9883385,28.92235,2.282249689102173
12163762823,40.9883062,28.9222443,2.239752531051636
12163816403,40.9914799,28.9269242,1.839472532272339
12163816404,40.9948703,28.9313952,1.372615694999695
12163816407,40.9949383,28.9318194,0.4543880224227905
12163816408,40.9980297,28.9333763,0.7423912882804871
12163816409,40.9979631,28.9336188,0.5769997239112854
12163816410,40.9997173,28.9343363,0.7503880262374878
12163816411,41.0001357,28.9348843,0.7527147531509399
12163816412,41.0000506,28.9349905,0.4662405550479889
12183402506,41.0061279,28.9752268,33.92908477783203
12183402507,41.0062476,28.9749901,34.15498733520508
12211666576,41.0114985,28.9231806,46.96222686767578
12240972070,41.007504,28.9293196,41.32919692993164
12243521522,41.004994,28.9217889,20.93065071105957
12243521524,41.0048103,28.9225068,21.07686233520508
12243521563,41.0002005,28.921079,13.94626712799072
12243521564,40.9998587,28.9208488,13.31705856323242
12243521572,40.9996142,28.9216788,12.37449550628662
12252537891,41.008495,28.9454225,33.59708023071289
12252537894,41.008601,28.945903,33.22949981689453
12253587212,41.0002232,28.9435557,1.749567031860352
12253587213,41.0002138,28.9436173,1.746086239814758
12319575222,41.0032364,28.9820913,0.0002544162853155285
12319575223,41.0033015,28.9819915,0.149390384554863
12353697179,41.0170482,28.9640822,49.80296325683594
12353722995,41.0157921,28.9654301,51.19575881958008
12353722998,41.0156339,28.9651907,51.38659286499023
12353723000,41.0158933,28.9653139,51.27746200561523
12353731633,41.0166087,28.9640282,51.55787658691406
12353731639,41.0163684,28.9636705,52.41170120239258
12353731640,41.0163365,28.9637089,52.37974548339844
12356492148,41.0315587,28.9493904,0.8390728235244751
12356492149,41.0316509,28.9495259,0.8893086910247803
12356492162,41.0316946,28.949592,0.7587542533874512
12356492164,41.0316367,28.9503177,0.0
12356494857,41.0310213,28.939434,45.63217163085938
12356494876,41.0306902,28.9392087,46.77706146240234
12356494877,41.030873,28.9392649,45.94590759277344
12356494884,41.0310953,28.9387529,55.84089660644531
12356494888,41.0310679,28.9388932,51.90150451660156
12356494889,41.0310957,28.9389028,51.76126480102539
12356494890,41.0312553,28.9388042,55.31893920898438
12356494891,41.0312466,28.9388516,54.07669067382812
12356494892,41.031372,28.938921,53.60953140258789
12356494893,41.0313875,28.9389261,53.6934928894043
12356497394,41.0348751,28.9405979,47.90541839599609
12356540402,41.033314,28.9402084,58.32144546508789
12356540412,41.0335432,28.9406398,58.12216949462891
12356558197,41.0338517,28.9407959,57.89540481567383
12356558200,41.033871,28.9404341,57.49967956542969
12356559301,41.0337516,28.9404232,58.09273147583008
12356559304,41.0340389,28.9403563,56.58992385864258
12356559305,41.0340287,28.9404533,56.64008712768555
12356559317,41.0339195,28.940806,57.74658966064453
12356559321,41.0338599,28.9406553,57.87690734863281
12356607908,41.03116,28.9362273,73.64935302734375
12356607909,41.0308211,28.9366269,72.54415893554688
12358918911,41.0330928,28.9397981,59.59817886352539
12367446042,41.0076004,28.9733586,50.36604690551758
12367446045,41.0076021,28.9742493,49.23928833007812
12367446046,41.0080563,28.974723,44.52145004272461
12367467120,41.0196063,28.9574114,33.42012023925781
12367467123,41.0195492,28.9580506,19.25747680664062
12374460921,41.0132199,28.9790464,5.306490421295166
12374460922,41.0132245,28.9790027,5.337169170379639
12382153509,41.0152379,28.9852576,36.64218521118164
12382156826,41.0160997,28.9861473,7.199090480804443
12382156832,41.016353,28.9864344,4.613356590270996
12382156838,41.0165,28.9860644,5.374729633331299
12382156843,41.0162556,28.9859151,7.771676540374756
12382156880,41.0174626,28.9859844,0.09870591759681702
12568149410,41.0149031,28.9271696,57.48771667480469
12568902262,41.0157725,28.9327627,53.31455612182617
12568902263,41.0155995,28.933098,52.50003051757812
12639441979,41.0055408,28.9814237,10.40297317504883
12639442000,41.005204,28.9822449,5.083535194396973
12639490701,41.0050502,28.9823696,4.779778957366943
12639490714,41.0051207,28.9823124,5.016461372375488
12639490715,41.0051849,28.9824234,5.280454158782959
12639490721,41.0052059,28.9824626,5.393273830413818
12639586730,41.0281274,28.9531013,10.59059047698975
12639586733,41.0282348,28.9524016,16.31197357177734
12660716131,40.9992935,28.9326981,2.445770502090454
12660716133,41.0026086,28.939571,4.390440464019775
12660716143,41.0027391,28.9397133,5.84621000289917
12660716145,41.0026964,28.9394897,4.774587631225586
12660716146,41.0027469,28.9397619,6.066754341125488
12660716150,40.9994968,28.9327187,3.854318618774414
12660716151,40.9995172,28.9327419,4.015963554382324
12660716165,41.0033019,28.9636846,2.41236400604248
12660716166,41.0033219,28.9633523,3.437703847885132
12660716168,41.0033175,28.9634459,2.873433589935303
12660716173,41.0048446,28.9514179,1.423228144645691
12660716174,41.0046705,28.9514879,3.743653774261475
12660716175,41.0046971,28.951642,3.585653781890869
12660716178,41.0051039,28.9522558,1.795344114303589
12660716180,41.0047474,28.9520635,2.106132507324219
12660716181,41.0046546,28.9514942,3.780785322189331
12660716190,41.0047987,28.9533282,0.4778746664524078
12660716197,41.0047978,28.953031,2.457121849060059
12660718803,41.0011019,28.9346731,4.315072059631348
12660718805,41.0009868,28.934758,3.963010787963867
12660718810,41.0149429,28.9781874,4.735411167144775
12660718812,41.0149238,28.9769671,5.456135749816895
12660718813,41.01479,28.9769588,6.278725624084473
12692825073,41.0142777,28.9567503,39.27193450927734
12723108262,41.0147079,28.9224251,54.06574249267578
12723108264,41.014043,28.9222557,54.10372161865234
12723108266,41.016941,28.9232847,56.41322326660156
12723108267,41.0146595,28.9229297,54.20263290405273
12723108268,41.0161989,28.9228296,54.21797180175781
12723108269,41.0172484,28.9234278,56.68861389160156
12723108270,41.0172069,28.9235898,57.10401153564453
12723108271,41.0171618,28.9237613,56.97933959960938
12723108272,41.017122,28.9238971,56.86752319335938
12723108273,41.0119325,28.922717,48.57890701293945
12723108274,41.0118629,28.9226763,48.03189849853516
12723108276,41.0113555,28.9230155,45.45677947998047
12723108278,41.0118232,28.9231596,47.76197814941406
12723108280,41.0109688,28.9229948,45.41949081420898
12723108282,41.0108917,28.9231883,44.18139266967773
12723108284,41.0108126,28.9228521,44.3292121887207
12723108290,41.0112339,28.9232338,45.30440521240234
12723108291,41.0112397,28.9230083,45.25580596923828
12723110304,41.0110527,28.9228538,45.07257080078125
12723110314,41.0111197,28.9232273,44.78329849243164
12723110315,41.011146,28.9230036,45.09247589111328
12723110317,41.0112173,28.9228193,45.26399993896484
12723110318,41.0111692,28.9228494,44.82697296142578
12723110319,41.0110063,28.9228142,45.72017669677734
12723110320,41.0110118,28.9232088,44.4774169921875
12723110321,41.0110308,28.9229979,45.59416961669922
12723110322,41.0112744,28.9227556,45.51729965209961
12723110332,41.0115838,28.9228575,46.67129898071289
12723110333,41.0115511,28.9228084,46.48944091796875
12723110355,41.0071055,28.9235752,28.06485366821289
12723110356,41.0071369,28.9225864,26.79714965820312
12723110365,41.00728,28.9223053,27.9211368560791
12723110366,41.00749,28.9224739,30.43224716186523
12723110368,41.0075865,28.9227735,29.95749664306641
12723110369,41.0067634,28.922431,25.26708030700684
12723110371,41.0070347,28.9222658,26.89705848693848
12723110372,41.0069811,28.9225216,26.9357738494873
12723110373,41.0072072,28.9226157,27.3463134765625
12723110375,41.007374,28.9229647,26.77540969848633
12723110376,41.0067503,28.9226879,25.71000862121582
12723110377,41.007617,28.923084,27.95026397705078
12723110378,41.0071284,28.9228557,27.22356605529785
12723110387,41.0076922,28.9229766,27.91949081420898
12723110397,41.0075488,28.9227578,29.47798919677734
12723110402,41.0076645,28.9232773,28.10901260375977
12723110403,41.007621,28.9234402,28.36112213134766
12723110405,41.0076522,28.9233273,28.09356307983398
12723110406,41.0072958,28.9232669,27.1253833770752
12723110407,41.0072889,28.9235808,27.86405563354492
12723110408,41.0072922,28.9234313,27.3818416595459
12723110409,41.0085439,28.9231532,33.68321990966797
12723110414,41.0081205,28.9228394,32.22099685668945
12723110416,41.0075084,28.9225121,30.65420722961426
12723110468,41.0076969,28.9230332,27.55410194396973
12723110469,41.0074342,28.9227101,28.23775100708008
12723110481,41.005902,28.9222523,24.05077934265137
12723110482,41.0059452,28.9222555,23.87882041931152
12723110483,41.0057337,28.9224267,23.9814395904541
12723110484,41.0057701,28.9219406,23.49450302124023
12723110485,41.0057483,28.9221622,23.68785858154297
12723110486,41.0061295,28.9219907,24.34132385253906
12723110489,41.0066414,28.9240197,26.9614315032959
12723110490,41.0067334,28.9244969,26.95236778259277
12800136821,41.0113296,28.9635298,63.0536994934082
12800136822,41.0114964,28.9636367,66.07711029052734
12800136823,41.0116667,28.9636415,69.72663116455078
12800136825,41.0121167,28.9634847,63.63236236572266
12800136828,41.0122852,28.9635441,61.39691925048828
12800136830,41.0122995,28.9638315,60.7662467956543
12800136832,41.011332,28.9640024,60.77731704711914
12800136835,41.012466,28.9630153,61.90016937255859
12800136836,41.0125947,28.9629576,62.11367416381836
12800136840,41.0120902,28.9634967,64.02862548828125
12800136841,41.0120711,28.9632339,62.83270645141602
12800136843,41.0121363,28.962926,60.95675659179688
12800136844,41.0121051,28.9627336,61.24595642089844
12800136845,41.0121946,28.9627136,61.32025146484375
12800136846,41.0122437,28.9629908,60.91846084594727
12800136847,41.0122966,28.9626917,62.30070877075195
12800136848,41.0120086,28.9627661,60.75321960449219
12800136849,41.0123013,28.9627765,61.90303039550781
12800136850,41.0122107,28.9628046,60.96081161499023
12800136851,41.0121206,28.9628292,61.06407928466797
12800136852,41.0123465,28.9628623,61.56581878662109
12800136853,41.0122275,28.9628992,60.82721710205078
12800136854,41.0120687,28.9629461,61.08769226074219
12800136855,41.0120344,28.9628509,60.92380142211914
12800136859,41.0117966,28.9632752,65.2815933227539
12800136860,41.0118323,28.9636039,70.2657470703125
12800136862,41.0118229,28.9638624,64.372314453125
12800136863,41.0117688,28.9639317,64.56855773925781
12800136866,41.0114328,28.963987,63.01036834716797
12800136867,41.0115517,28.9633222,65.34688568115234
12800136871,41.0125165,28.9629927,62.06871795654297
12800136872,41.0113556,28.9642109,59.76831436157227
12800136876,41.0126675,28.9646563,59.95164489746094
12800136886,41.0115411,28.9643083,61.95823669433594
12800136888,41.0113896,28.9642048,60.49530792236328
12800136890,41.0124376,28.9651065,60.08078002929688
12800136894,41.0126264,28.9641711,61.01179885864258
12800136895,41.0119963,28.9642827,61.33371353149414
12800136897,41.0125553,28.9647122,59.84248733520508
12800136900,41.0126198,28.9648649,59.70124053955078
12800157301,41.012253,28.964238,60.54226684570312
12800157302,41.0121961,28.9644315,60.59775924682617
12800157303,41.0121121,28.9648012,60.06106567382812
12800157306,41.0120404,28.9651908,59.40447235107422
12800157307,41.0120372,28.963881,62.63761901855469
12800157308,41.012052,28.9640856,60.30978012084961
12800157309,41.0120716,28.9642696,60.64760589599609
12800157310,41.0120465,28.9640094,61.29241943359375
12800932873,40.9993586,28.9301382,19.9478759765625
12823777799,41.0048763,28.9697463,3.983844757080078
12823819293,41.0118508,28.9667482,53.01295471191406
12823819295,41.0109927,28.9665777,53.33501434326172
12824121456,41.0159776,28.9617522,49.18467330932617
12824125104,41.0145798,28.957212,37.49972915649414
12824125105,41.0142164,28.9577391,38.92900085449219
12824125145,41.0153129,28.9625849,54.31647491455078
12825913091,41.0211789,28.9430126,43.07894897460938
12825913092,41.0201913,28.9413071,33.40195465087891
12825913093,41.0205756,28.9419708,42.28743362426758
12825913094,41.0209127,28.9425529,42.24409103393555
12825913097,41.0226546,28.9357025,39.27576446533203
12825967602,41.0221012,28.9346003,30.17341041564941
12825967604,41.0238319,28.9357467,39.48755264282227
12826038925,41.0378834,28.9411599,16.01053237915039
12840929398,41.0202055,28.9574724,31.9569149017334
12840929399,41.0199804,28.9572822,34.40498733520508
12918770650,41.0165433,28.9641063,51.41520690917969
12918770651,41.0165049,28.964152,51.40823364257812
12919744742,41.0055194,28.9758328,34.4660758972168
12919744744,41.0058513,28.9761701,34.50388717651367
12921830427,41.0123696,28.9832248,44.09204483032227
12921830428,41.0123769,28.9831196,42.43842697143555
12921830429,41.0123453,28.9831913,43.9663200378418
12921830434,41.012227,28.983476,47.74197769165039
12923491741,41.0130831,28.9848993,45.00886535644531
12926233148,41.0131636,28.9843951,42.50726318359375
12926233149,41.0129826,28.9848297,45.42967224121094
12926272923,41.0130798,28.9845965,44.94879150390625
12926272924,41.0130679,28.9845878,45.00968551635742
12958903754,41.0102421,28.9663097,54.41644668579102
12959516504,41.0194401,28.9676758,0.005005018319934607
12981283469,41.0180654,28.972931,0.2498872578144073
12981283476,41.0248775,28.9601555,0.0
12985691379,41.0023785,28.9391766,1.627652168273926
12993187535,41.0127987,28.9227756,49.5965690612793
12993187538,41.011391,28.9229864,45.65992736816406
12993187563,40.991376,28.9232346,10.09082698822021
12993187567,40.9936406,28.9276215,7.325868129730225
12993187585,40.998961,28.9330552,0.652056097984314
12993248633,41.0241719,28.930056,39.78059387207031
12993248647,41.0246761,28.9298845,42.32601928710938
12993248650,41.0286691,28.9341781,65.46328735351562
12993248652,41.0309495,28.9360867,73.53597259521484
13004337831,40.9955559,28.9300844,7.985708236694336
13004337846,40.9993944,28.932627,3.100952625274658
13004337849,40.999489,28.932507,3.989257574081421
13004337850,40.9993187,28.9327231,2.563538312911987
13004337855,41.0027152,28.9395426,4.985150814056396
13004337859,41.0037666,28.9604984,4.173025608062744
13004337860,41.0036019,28.9604425,2.850789785385132
13004337861,41.0037314,28.9604924,3.473877429962158
13004337862,41.0035048,28.9604053,1.534915566444397
13004337867,41.003334,28.9652547,3.298102378845215
13004337870,41.0031047,28.9653845,1.778353810310364
13004337880,41.0031509,28.965274,2.462472677230835
13004337881,41.0031121,28.9644275,2.868731737136841
13004337889,41.0030949,28.9641676,1.683344960212708
13004337890,41.002565,28.9643937,1.320669531822205
13004337891,41.0161205,28.9856631,8.151105880737305
13004337893,41.0161882,28.985549,7.758991241455078
13004347003,41.0030885,28.9644769,2.529630661010742
13064870221,41.0290435,28.9346301,69.30076599121094
13064870227,41.0301428,28.935591,74.3514404296875
13064870228,41.0305277,28.9362629,72.62733459472656
13064870230,41.0309886,28.9366644,73.08589172363281
13064870231,41.0307212,28.9367385,72.56012725830078
13064870241,41.0313945,28.9368503,74.60456085205078
13064870243,41.0301403,28.9372249,70.38529205322266
13064870246,41.0304725,28.9366384,72.26594543457031
13073192964,41.003172,28.9780583,8.18789005279541
13073192965,41.0029661,28.9776279,9.562421798706055
13073192966,41.0029256,28.9774296,9.597661018371582
13073192967,41.0020082,28.9744051,0.8552427291870117
13073192971,41.0018834,28.9742701,0.9847134947776794
13073192972,41.0016052,28.9742888,2.091174840927124
13073192973,41.0018706,28.9735245,1.397859692573547
13073192974,41.0019295,28.9765065,2.27290153503418
13073192976,41.0020019,28.9751175,2.320793628692627
13073192977,41.0019567,28.9756891,1.799100637435913
13073192981,41.0019611,28.9752398,1.549161553382874
13073192986,41.0019359,28.9751578,1.772172808647156
13073192998,41.0035907,28.9823195,0.1700223684310913
13073192999,41.0035976,28.9823081,0.2373350262641907
13073199001,41.0050618,28.9809342,6.54344654083252
13073199005,41.0053253,28.9814983,6.832075595855713
13073199010,41.0043469,28.9825431,1.48740816116333
13073199011,41.0048808,28.9823666,4.380982875823975
13073199015,41.0048009,28.9830435,1.529000997543335
13073199020,41.0049252,28.9820871,5.250136375427246
13073199025,41.0057537,28.9838086,4.396436214447021
13073199026,41.005691,28.9840168,3.915370464324951
13073199032,41.005852,28.9848565,0.6452634930610657
13078250681,41.0153625,28.986608,4.316140174865723
13109125001,41.0051124,28.98376,0.9459900259971619
13109125006,41.004629,28.9831595,0.3731242418289185
13109125012,41.0044163,28.9779547,25.91676712036133
13109125017,41.004949,28.974894,31.73664283752441
13109125019,41.0044076,28.974783,26.21759605407715
13109125020,41.0038887,28.9740407,16.53852462768555
13109125025,41.003932,28.9735133,16.2881031036377
13109125037,41.0062971,28.9853102,1.882631182670593
13109125038,41.0059336,28.9842163,4.421413898468018
13109125040,41.0060865,28.9850132,1.257986783981323
13109125042,41.0148365,28.9870979,1.862866044044495
13123448700,41.0049407,28.9513793,1.273828744888306
13123455001,41.0047939,28.9514383,2.059274673461914
13123455006,41.0048554,28.9514628,1.520910859107971
13123455007,41.0051912,28.9526551,3.81743311882019
13123455012,41.00493,28.9533325,1.670525074005127
13123455013,41.004604,28.9534171,-1.233597636222839
13123455027,41.0041568,28.947234,0.7438293099403381
13123455028,41.0047751,28.9502055,-0.05709065124392509
13123455029,41.0047603,28.9501343,0.1420673877000809
13123455042,41.0095002,28.9535546,14.53205490112305
13123455055,41.0106245,28.9623759,51.74642562866211
13140577092,41.0006546,28.9430567,1.945662260055542
13140621608,41.0007974,28.9428058,2.292000532150269
13140623449,41.0029078,28.9774365,9.688850402832031
13140845631,41.0128997,28.9236639,50.48375701904297
13147749246,41.0066067,28.9731808,42.71751403808594
13168223885,41.012719,28.9472387,13.24614334106445
13168223886,41.0126367,28.9471382,13.15897274017334
13179731005,41.0036964,28.9466747,1.837326526641846
13179731007,41.003444,28.9467216,2.474393606185913
13179738777,40.9990163,28.9403228,1.962964057922363
13179738778,40.9989836,28.9401804,1.436601877212524
13184051014,40.998322,28.92619,26.57630157470703
13184051019,40.9984929,28.9253307,23.31317901611328
13184051020,40.9985463,28.9253894,23.78982925415039
13184051026,40.9992243,28.9247061,23.76773262023926
13184051027,40.9987582,28.9249917,22.21690559387207
13184051028,40.9988083,28.9252331,23.99712753295898
13184051029,40.9984652,28.9246658,21.85354614257812
13184051030,40.9986237,28.9250767,22.26181030273438
13184051031,40.9994136,28.9241613,23.29177093505859
13184051032,40.9994235,28.9246179,23.89282417297363
13184051033,40.9992081,28.9252117,25.65579032897949
13184051041,40.9993063,28.9248362,23.70429611206055
13253198679,41.0056593,28.9818978,10.14972400665283
13253198681,41.0061584,28.9818177,15.56294918060303
13253198686,41.0055059,28.9813525,10.79010200500488
13253198687,41.0047719,28.9815875,7.030496120452881
13253198690,41.0047562,28.9786792,24.84947395324707
13253198691,41.0045658,28.9791875,19.7390193939209
13253198692,41.0135136,28.9270761,53.0380859375
13253198694,41.0143502,28.9279634,54.21189117431641
13253207006,41.0035149,28.9682796,2.476003408432007
13253207007,41.0036925,28.9680152,2.458816766738892
13281920953,41.0051509,28.9696884,7.612564563751221
13281920956,41.0046022,28.9547327,-0.3901204466819763
13281920957,41.004834,28.9513764,1.360999703407288
13281920963,41.0098545,28.9648495,51.64091873168945
13281920964,41.0101241,28.9627392,54.61897277832031
13281920967,41.0104097,28.9627065,52.73858261108398
13289763374,41.0315709,28.9494083,0.8208078145980835
13289763375,41.0314681,28.9495228,0.9257484078407288
13289763376,41.0308764,28.9501299,1.333796501159668
13289763377,41.0314075,28.9495849,0.9636960029602051
13289763378,41.0313942,28.9495645,0.9862238168716431
13289763383,41.0313469,28.9492465,2.446656227111816
13326061643,41.0014579,28.956168,0.0
13329732999,41.0015974,28.9741162,1.882044434547424
13329733000,41.0018804,28.9740987,1.259304046630859
13329786705,41.0018848,28.9744083,1.684980034828186
13357412972,41.0064224,28.979859,28.79264259338379
13357412973,41.0063883,28.9798213,29.03644943237305
13357412993,41.0044067,28.9821318,3.888281583786011
13357412994,41.0044342,28.9820644,4.474951267242432
13357412998,41.0059928,28.9852355,0.3250033557415009
13357454619,41.0168857,28.9834596,0.3394147157669067
13357454622,41.0046291,28.9810306,6.342997074127197
13357454628,41.003715,28.9820959,0.882875919342041
13357454631,41.0029155,28.9810541,0.985777735710144
13357454661,41.0141836,28.9855985,35.91003799438477
13357454671,41.0118862,28.9824953,36.54361343383789
13360138024,41.0079884,28.9782733,31.32194137573242
13361681575,41.0019861,28.9556981,0.0
13382485570,41.0259071,28.9401376,63.43982696533203
13382485573,41.0257637,28.9400541,63.20132827758789
13382485574,41.0263054,28.9397664,61.85354614257812
13382485575,41.0262433,28.9396408,61.89384841918945
13382485577,41.0247049,28.9404546,64.8994140625
13382485586,41.0252281,28.9416553,66.80803680419922
13382485594,41.0233269,28.938717,55.21291732788086
13382492009,41.017684,28.9398899,20.24042129516602
13382492010,41.0180002,28.9402921,18.26070022583008
13382492011,41.0186679,28.9375775,21.16765213012695
13382492014,41.0184147,28.9379452,21.08354568481445
13382492017,41.0182626,28.9360335,24.4883861541748
13382492020,41.0192221,28.9361776,24.19294738769531
13382492023,41.0172626,28.9392071,19.97121047973633
13382492025,41.0169774,28.936341,27.3619213104248
13382492028,41.0233745,28.9302999,39.07030868530273
13382492031,41.0212878,28.9262217,66.2551498413086
13382492033,41.0207999,28.925697,66.78527069091797
13382492035,41.0210683,28.9262632,66.40969848632812
13382492036,41.0200505,28.9252017,64.72114562988281
13382492045,41.0212465,28.9272035,65.09593200683594
13382492051,41.0206503,28.9259302,67.18758392333984
13384266549,41.015754,28.9614589,49.56635665893555
13384266553,41.0159035,28.961845,50.17962646484375
13397300691,41.0063638,28.9780896,31.94615173339844
13397300700,41.0065489,28.977774,32.67844772338867
13431433957,41.0101529,28.9644784,53.79285430908203
13431433958,41.0126878,28.9638852,61.3708381652832
13431433959,41.0129042,28.9639851,61.30718612670898
13431433964,41.0129035,28.9637644,61.49422073364258
13431433974,41.010157,28.9625939,54.22701263427734
13431433980,41.0094301,28.9655395,49.82767105102539
13431433991,41.0093309,28.966252,49.99110794067383
13431433995,41.0092447,28.9673488,52.24671173095703
13431433996,41.0089144,28.9674905,51.37576675415039
13431433998,41.0088043,28.9684077,54.75625610351562
13431435303,41.0086561,28.9694267,55.84932327270508
13431435311,41.0083909,28.9723709,51.80414199829102
13431435312,41.0082349,28.9743879,46.56050491333008
13431435314,41.008309,28.9734101,52.56339645385742
13431435318,41.0082709,28.9739224,51.02672576904297
13431435320,41.0080363,28.9758859,40.30691528320312
13431435329,41.0076187,28.9764856,35.81434631347656
13431435330,41.0071461,28.9759787,36.11127090454102
13431435331,41.0073338,28.97618,36.64065933227539
13431435332,41.0074229,28.9762755,36.48849487304688
13431435333,41.008136,28.974721,44.5003662109375
13431435342,41.0091793,28.9662832,49.68032455444336
13433927166,41.0096201,28.9785921,22.88551139831543
13433927169,41.0106652,28.9789139,17.33003234863281
13433927174,41.0104624,28.9788206,18.57650566101074
13433927175,41.0106789,28.9790743,20.04828453063965
13433927188,41.0082815,28.9782211,31.30052757263184
13433927197,41.0012824,28.978543,0.0
13433927200,41.001186,28.9773947,0.1621502488851547
13433929601,41.0029418,28.9599193,0.7753728032112122
13433929605,41.0031174,28.9601555,0.7630062699317932
13433929609,41.0034249,28.9657844,2.03487229347229
13433929613,41.0034126,28.9656803,2.845316886901855
13433942457,41.008217,28.9784694,30.58023071289062
13433942458,41.0080124,28.9783249,31.27241325378418
13433942461,41.0082324,28.9784074,30.49259185791016
13433942465,41.0084712,28.9785178,30.17122650146484
13433942467,41.0089917,28.9786549,28.76852416992188
13433942469,41.008502,28.9786051,29.91031837463379
13433942478,41.0118395,28.9783741,11.44322109222412
13433942484,41.0126608,28.9781916,10.1378002166748
13433942485,41.0129647,28.9777915,12.59380626678467
13433942492,41.010519,28.9788236,18.28666114807129
13433942498,41.0110568,28.9781079,15.95482444763184
13433994405,41.0154428,28.976287,3.056480169296265
13433994411,41.0157479,28.9763176,2.98691463470459
13433994418,41.0150404,28.975912,4.410451889038086
13433994425,41.0149714,28.9763306,3.991086721420288
13433994426,41.0149704,28.9761928,4.126169204711914
13433994429,41.0147078,28.975622,6.332730293273926
13433994434,41.0141628,28.976653,8.096930503845215
13433994435,41.0134804,28.977296,11.92749309539795
13433994439,41.014803,28.9755566,6.657098293304443
13471530898,41.0066029,28.9219004,24.85339164733887
13477910346,41.0045817,28.9502067,0.2903893291950226
13477910356,41.0048114,28.9502053,0.01474782172590494
13477910357,41.0048948,28.9506563,0.6175685524940491
13477910358,41.0048218,28.9502617,-0.01672461070120335
13477910359,41.0045941,28.9502651,0.2453106194734573
13477910361,41.0047879,28.9502622,-0.1655047535896301
13477910363,41.0047694,28.9510812,1.401860237121582
13477910364,41.0048704,28.9506826,0.5877596139907837
13477910365,41.0048766,28.9507139,0.7206993699073792
13477910369,41.0051041,28.9431909,21.60685157775879
13477910372,41.0044248,28.9383833,34.28215026855469
13477910374,41.0058646,28.9381663,43.14519119262695
13477910376,41.0045609,28.9561397,3.492428779602051
13477910377,41.0042435,28.9571568,1.251705765724182
13477910382,41.0107599,28.948709,12.10815048217773
13477910383,41.0110368,28.9482691,12.23993110656738
13477910386,41.010935,28.9493687,11.26285934448242
13477910392,41.0111365,28.9483645,12.71594905853271
13477910399,41.010389,28.950514,10.88748455047607
13478051066,41.0113833,28.9492955,10.84795570373535
13478051067,41.0116138,28.9495369,12.12446594238281
13478051068,41.0112918,28.9498777,10.85365676879883
13478051069,41.0112099,28.9494534,11.19108963012695
13478051070,41.0107745,28.950002,11.22693538665771
13478051076,41.01114,28.9490911,11.27627849578857
13478051078,41.0101385,28.9507857,10.31160259246826
13478051082,41.0091281,28.9511689,8.870760917663574
13478051086,41.0091628,28.9506991,10.9069185256958
13478051096,41.0094392,28.955132,20.30895042419434
13478051098,41.0093406,28.953641,12.58108711242676
13478061301,41.0094142,28.9540121,16.78575706481934
13482433571,41.0043545,28.9757509,24.82095718383789
13482433573,41.0045327,28.976401,28.3413200378418
13482433597,41.0052981,28.9777405,29.03324508666992
13482454503,41.0052895,28.9777313,29.02134323120117
13482454506,41.0054013,28.9778477,28.97603988647461
13482454507,41.0054815,28.9780819,28.76803398132324
13482454508,41.0053453,28.977947,29.17763900756836
13482454509,41.0045037,28.9778495,26.86639785766602
13482454512,41.0048351,28.978035,26.43268585205078
13482454519,41.0054337,28.9783434,29.16830062866211
13482454520,41.0055467,28.9781464,28.89976119995117
13530156092,41.0019744,28.973441,1.142312288284302
13530156094,41.0018967,28.9735215,1.355702638626099
13530207203,41.0016047,28.9729444,-0.02936862409114838
13530207204,41.0019415,28.9728411,1.057141780853271
13530207205,41.0019026,28.9728238,0.9785534143447876
13530207208,41.0019452,28.9735158,1.273001670837402
13530207209,41.0019413,28.9734454,1.186252951622009
13530207215,41.0019325,28.9717965,1.255426645278931
13530207218,41.0030203,28.9652188,1.517380714416504
13530207224,41.003765,28.960511,4.265442371368408
13530207230,41.0035665,28.9604299,2.613690614700317
13530207232,41.0027132,28.9629764,1.117960691452026
13530207233,41.0023424,28.9629896,0.0
13530207234,41.0026475,28.9629787,1.177447319030762
13530207242,41.0020399,28.9585314,0.7099222540855408
13530207243,41.0022621,28.9575471,0.2527895271778107
13530207244,41.0030471,28.9563003,1.241733193397522
13530207245,41.0027251,28.9552691,0.6337293386459351
13530207249,41.0025861,28.9564612,-0.2555998861789703
13530207251,41.0023104,28.9572737,0.2480142116546631
13530207252,41.0021747,28.9571226,0.003306487808004022
13530207253,41.0023618,28.9575855,0.3146646320819855
13530207254,41.0021821,28.9575162,0.2601123154163361
13530207255,41.0021454,28.9585704,0.4560114741325378
13530207256,41.0020076,28.9585195,0.7444711327552795
13530207264,41.0031413,28.9595861,1.113035798072815
13530207271,41.0031545,28.9596705,0.82929527759552
13530207272,41.0031062,28.9598823,0.8709111213684082
13530207273,41.0030701,28.9600501,0.6045686602592468
13530207274,41.0028738,28.960964,0.6754734516143799
13530207278,41.0032796,28.9563831,-1.37991726398468
13530207279,41.0021331,28.9531563,0.3908292055130005
13530207280,41.0021506,28.9531437,0.3560011684894562
13530207281,41.0022034,28.9531056,0.6198071837425232
13530207282,41.002778,28.9545431,0.8168607354164124
13530207283,41.0028382,28.9544786,1.105087876319885
13530207288,41.0029214,28.9550181,-1.347420454025269
13530207304,41.002357,28.9370929,9.743072509765625
13530207307,41.0028403,28.938602,8.272918701171875
13530207308,41.0027084,28.9386131,7.534811019897461
13530207310,41.0095756,28.9450099,27.73258399963379
13530207311,41.010656,28.9448946,21.60931015014648
13530207314,41.0108188,28.9442314,23.37205123901367
13530207323,41.0090863,28.9523176,12.69156837463379
13530207324,41.0098171,28.9523605,10.47133922576904
13530207325,41.0091077,28.9517832,12.3109827041626
13530207333,41.0099129,28.9515894,10.40446472167969
13530207336,41.0090006,28.9529175,13.40753555297852
13530207337,41.0091154,28.9516008,12.17558860778809
13530207338,41.0090212,28.9517807,12.45737743377686
13530207339,41.0091713,28.952311,12.55751323699951
13530207340,41.0090116,28.952309,13.33889389038086
13530207349,41.0097056,28.953636,14.56772136688232
13530207352,41.0030823,28.9750438,12.22455787658691
13530207353,41.0028437,28.9750582,7.920413970947266
13530207362,41.0028255,28.9544922,1.009522914886475
13530207367,41.0093097,28.9552291,20.49526405334473
13565832327,41.006457,28.923175,25.3413257598877
13565832328,41.0062969,28.923241,24.64896774291992
13565832331,41.0049166,28.9221854,21.27208709716797
13565832332,41.0046235,28.9221365,21.2044506072998
13565832333,41.0039941,28.9216051,19.0976619720459
13565832336,41.0038389,28.921577,18.51598930358887
13565832346,41.0034198,28.9239623,24.08180809020996
13565832349,41.0035988,28.9246903,27.69539260864258
13565832355,41.00045,28.9222845,18.48713111877441
13565832360,40.9942682,28.922149,11.44514274597168
13565832363,40.9939317,28.9219948,9.565699577331543
13583574237,41.0022024,28.9769059,1.515286922454834
13583574238,41.0023603,28.976943,1.862751841545105
13583574239,41.0022032,28.9732428,1.438969373703003
13583574240,41.0023751,28.9732216,3.768578052520752
13583574244,41.0021119,28.9713912,1.146295547485352
13583574246,41.0022739,28.9708684,1.542153120040894
13583574247,41.0022523,28.9706853,1.436652541160583
13583574253,41.0027037,28.9718824,4.803272724151611
13583574258,41.0030141,28.9713445,3.773676872253418
13583574259,41.0029352,28.9715636,4.712822437286377
13583574269,41.0027927,28.9705772,4.587465763092041
13596806812,41.0068711,28.9306779,44.99956512451172
13596806813,41.0072162,28.9306261,45.14628601074219
13596806814,41.0071551,28.9300964,42.38028717041016
13596806815,41.0068339,28.9301405,42.43711090087891
13596829793,41.0055283,28.9514721,1.250096917152405
13596829794,41.0056939,28.9514119,0.9769746661186218
13596832977,41.0062652,28.9507595,2.860894203186035
13596871517,41.0056914,28.9312228,40.14818572998047
13596871518,41.0052259,28.9307749,40.01969146728516
13596871519,41.0052951,28.9308415,40.17611312866211
13596871520,41.0051386,28.9311128,39.95267486572266
13596871521,41.0055822,28.9311177,41.11432647705078
13596871522,41.0049697,28.93112,38.42375183105469
13598392799,41.0105558,28.9786282,16.98481750488281
13602762017,41.0198754,28.9638297,1.819362998008728
13602762019,41.0198549,28.9642162,1.854663133621216
13602762020,41.0176658,28.9708651,1.244367122650146
13602762022,41.017295,28.9698655,2.774506330490112
13602762023,41.0175979,28.9701459,1.725752830505371
13602762031,41.0160562,28.977306,1.967023849487305
13602762042,41.0154954,28.9744658,6.010788917541504
13602762043,41.0162579,28.9748527,2.218857049942017
13602762060,41.0179445,28.9698376,1.494860410690308
13602762073,41.022046,28.9629182,0.003187182126566768
13602762089,41.0266726,28.9505697,50.61909866333008
13602762092,41.0285602,28.9537617,1.404882311820984
13602762097,41.0300891,28.9514034,1.010873675346375
13602762100,41.0300266,28.9517379,0.05790817737579346
13619226812,40.9985599,28.9329328,1.632174491882324
13619226813,40.999173,28.9328291,0.7432764768600464
13619226818,40.9992315,28.9332985,1.104177713394165
13619226830,40.99709,28.9319257,3.025781154632568
13619226831,40.9970077,28.9322022,1.672862768173218
13619226832,40.9969567,28.932388,1.067123651504517
13619228551,40.9930913,28.9285718,1.275253534317017
13619228552,40.9929067,28.928927,0.01897472143173218
13619228566,40.9927016,28.9300079,0.0
13619228569,40.9932171,28.9292,0.06264348328113556
13619228577,40.9953957,28.9311402,1.418628215789795
13619228578,40.9961289,28.931919,0.8937514424324036
13619228579,40.9961722,28.9317935,1.439730286598206
13619228582,40.9985012,28.9319054,5.519908428192139
13619228586,41.002611,28.9398117,4.652297496795654
13619228587,41.0026606,28.9397992,4.901010990142822
13619228589,41.0026244,28.9395452,4.384614944458008
13619228590,41.0026437,28.9398034,4.824647426605225
13619228591,41.00277,28.9409559,3.776355981826782
13635188801,41.0036357,28.9768125,23.85671806335449
13635188804,41.0040525,28.9772413,27.01522445678711
13635188808,41.0024184,28.9730721,5.835872173309326
13635188823,41.0046718,28.9533594,-0.9156500697135925
13635188824,41.0046724,28.953417,-1.074195265769958
13635188832,41.0050278,28.9516659,1.487887978553772
13635188841,41.0059057,28.9533628,2.926896333694458
13635188842,41.0050259,28.9537435,3.311954259872437
13635188844,41.0050264,28.9536483,3.157432556152344
13635188853,41.0053718,28.953924,4.639381408691406
