osmid,y,x,street_count,highway,ref,railway,geometry
27412888,41.0222611,28.9612568,3,,,,POINT (28.9612568 41.0222611)
27609492,41.0408106,28.9448547,1,,,,POINT (28.9448547 41.0408106)
30215226,41.0163717,28.9623402,3,,,,POINT (28.9623402 41.0163717)
30215228,41.0157233,28.9631482,3,,,,POINT (28.9631482 41.0157233)
30215230,41.0150553,28.9639639,3,,,,POINT (28.9639639 41.0150553)
30215232,41.0150127,28.9645479,3,,,,POINT (28.9645479 41.0150127)
30215237,41.0150442,28.9667135,4,,,,POINT (28.9667135 41.0150442)
30215238,41.0151177,28.9674757,4,,,,POINT (28.9674757 41.0151177)
30215239,41.0165609,28.9661658,3,,,,POINT (28.9661658 41.0165609)
30215244,41.0141074,28.9659276,3,,,,POINT (28.9659276 41.0141074)
30215246,41.0132134,28.9659734,3,,,,POINT (28.9659734 41.0132134)
30215248,41.0126222,28.965995,4,,,,POINT (28.965995 41.0126222)
30215250,41.012003,28.9660188,3,,,,POINT (28.9660188 41.012003)
30215252,41.0116957,28.9660099,4,,,,POINT (28.9660099 41.0116957)
30215295,41.0107153,28.9593377,3,,,,POINT (28.9593377 41.0107153)
30215296,41.010362,28.9593505,3,,,,POINT (28.9593505 41.010362)
31678562,41.009673,28.9612865,3,,,,POINT (28.9612865 41.009673)
31678593,41.0124357,28.9785492,5,,,,POINT (28.9785492 41.0124357)
31678598,41.0172365,28.9748744,3,,,,POINT (28.9748744 41.0172365)
31678600,41.0176784,28.9725003,3,speed_camera,,,POINT (28.9725003 41.0176784)
31678606,41.0061266,28.9731154,3,,,,POINT (28.9731154 41.0061266)
31678611,41.0072204,28.9770894,3,,,,POINT (28.9770894 41.0072204)
31678612,41.0075591,28.9766076,3,,,,POINT (28.9766076 41.0075591)
31678616,41.0058551,28.9787115,3,,,,POINT (28.9787115 41.0058551)
31678621,41.0084746,28.9813019,4,,,,POINT (28.9813019 41.0084746)
31678629,41.0109987,28.9746557,4,traffic_signals,,,POINT (28.9746557 41.0109987)
31678630,41.0103095,28.9742002,4,,,,POINT (28.9742002 41.0103095)
31678633,41.0115634,28.9737283,3,,,,POINT (28.9737283 41.0115634)
31678636,41.0130184,28.9750091,4,,,,POINT (28.9750091 41.0130184)
31678639,41.0072804,28.9796692,3,,,,POINT (28.9796692 41.0072804)
31678645,41.0110274,28.9828462,4,,,,POINT (28.9828462 41.0110274)
31678646,41.00958,28.9818351,4,,,,POINT (28.9818351 41.00958)
31678650,41.0092236,28.9816596,3,,,,POINT (28.9816596 41.0092236)
31678651,41.009016,28.9819123,3,,,,POINT (28.9819123 41.009016)
31678652,41.0087153,28.9815823,4,,,,POINT (28.9815823 41.0087153)
31678654,41.0089151,28.9813197,3,,,,POINT (28.9813197 41.0089151)
35890182,41.0182562,28.9717712,3,,,,POINT (28.9717712 41.0182562)
35890184,41.017432,28.9722579,3,,,,POINT (28.9722579 41.017432)
35891069,41.0229648,28.9625912,3,,,,POINT (28.9625912 41.0229648)
35892065,41.0225838,28.9616052,3,,,,POINT (28.9616052 41.0225838)
35892066,41.0223447,28.9611727,3,,,,POINT (28.9611727 41.0223447)
248137248,41.0087077,28.9608523,3,,,,POINT (28.9608523 41.0087077)
248137251,41.0081341,28.9623363,3,,,,POINT (28.9623363 41.0081341)
248137261,41.0071122,28.9683904,3,,,,POINT (28.9683904 41.0071122)
248137265,41.0070517,28.9732273,3,,,,POINT (28.9732273 41.0070517)
248137270,41.0070304,28.9703471,4,,,,POINT (28.9703471 41.0070304)
248137271,41.0056799,28.9696219,3,,,,POINT (28.9696219 41.0056799)
248137282,41.0052221,28.9653761,4,,,,POINT (28.9653761 41.0052221)
248137284,41.0068392,28.9664195,4,,,,POINT (28.9664195 41.0068392)
248137285,41.0074622,28.9667771,3,,,,POINT (28.9667771 41.0074622)
248137296,41.0069285,28.9580198,3,,,,POINT (28.9580198 41.0069285)
248137297,41.0065219,28.9592514,3,,,,POINT (28.9592514 41.0065219)
248137301,41.0053656,28.9630991,4,,,,POINT (28.9630991 41.0053656)
248137304,41.0048532,28.9651379,4,,,,POINT (28.9651379 41.0048532)
248137305,41.004494,28.9666614,3,,,,POINT (28.9666614 41.004494)
248137308,41.0047199,28.9672268,3,,,,POINT (28.9672268 41.0047199)
248137315,41.0046627,28.9711774,3,,,,POINT (28.9711774 41.0046627)
248137316,41.0042856,28.9716291,3,,,,POINT (28.9716291 41.0042856)
248137320,41.0035818,28.9723649,3,,,,POINT (28.9723649 41.0035818)
248137322,41.003187,28.973797,6,,,,POINT (28.973797 41.003187)
248137337,41.0021306,28.9736437,4,crossing,,,POINT (28.9736437 41.0021306)
248137420,41.0047704,28.9673546,3,,,,POINT (28.9673546 41.0047704)
248137496,41.0039108,28.9501997,3,,,,POINT (28.9501997 41.0039108)
251298881,41.0087832,28.9674773,4,,,,POINT (28.9674773 41.0087832)
251299908,41.0126292,28.939002,4,,,,POINT (28.939002 41.0126292)
251895937,41.0196129,28.924614,3,motorway_junction,K-2,,POINT (28.924614 41.0196129)
251897318,41.0309883,28.9363232,3,,,,POINT (28.9363232 41.0309883)
252233777,41.0138201,28.9749437,4,,,,POINT (28.9749437 41.0138201)
252235307,41.0147429,28.9722246,3,,,,POINT (28.9722246 41.0147429)
252235465,41.0160348,28.9731127,4,,,,POINT (28.9731127 41.0160348)
252235555,41.0155632,28.9743734,4,,,,POINT (28.9743734 41.0155632)
252235687,41.0163048,28.9733529,3,,,,POINT (28.9733529 41.0163048)
252236136,41.015291,28.9725624,4,,,,POINT (28.9725624 41.015291)
252236332,41.0158257,28.9755642,3,,,,POINT (28.9755642 41.0158257)
256097472,41.011066,28.9554429,4,,,,POINT (28.9554429 41.011066)
256097474,41.0114658,28.9554728,3,,,,POINT (28.9554728 41.0114658)
256097475,41.0116513,28.9555545,3,,,,POINT (28.9555545 41.0116513)
256097733,41.012892,28.9577276,3,,,,POINT (28.9577276 41.012892)
256097740,41.0107324,28.9615437,4,crossing,,,POINT (28.9615437 41.0107324)
256097742,41.0106744,28.9622379,3,,,,POINT (28.9622379 41.0106744)
256098018,41.0147793,28.9540259,3,,,,POINT (28.9540259 41.0147793)
256098105,41.0146072,28.9545932,4,traffic_signals,,,POINT (28.9545932 41.0146072)
256098253,41.0135536,28.9565341,3,,,,POINT (28.9565341 41.0135536)
256098329,41.0115831,28.9555145,3,,,,POINT (28.9555145 41.0115831)
256098331,41.0115255,28.9573541,5,,,,POINT (28.9573541 41.0115255)
256098341,41.0127224,28.9562564,3,,,,POINT (28.9562564 41.0127224)
256098343,41.0115455,28.9566359,5,,,,POINT (28.9566359 41.0115455)
256098691,41.0120128,28.9573153,3,,,,POINT (28.9573153 41.0120128)
256098698,41.0111907,28.9573351,3,,,,POINT (28.9573351 41.0111907)
256098735,41.0114121,28.9539513,3,,,,POINT (28.9539513 41.0114121)
256098769,41.0122602,28.9559629,3,,,,POINT (28.9559629 41.0122602)
256098770,41.0126531,28.9548594,3,,,,POINT (28.9548594 41.0126531)
256098774,41.0124922,28.9547874,3,,,,POINT (28.9547874 41.0124922)
256098775,41.0120153,28.9551387,3,,,,POINT (28.9551387 41.0120153)
256098787,41.0112924,28.9544811,4,,,,POINT (28.9544811 41.0112924)
256098788,41.0108248,28.9544842,4,,,,POINT (28.9544842 41.0108248)
256098790,41.0102644,28.9545123,3,,,,POINT (28.9545123 41.0102644)
256098791,41.0096944,28.954521,3,,,,POINT (28.954521 41.0096944)
256098828,41.0106445,28.95544,4,,,,POINT (28.95544 41.0106445)
256099187,41.0097027,28.9540821,3,,,,POINT (28.9540821 41.0097027)
256099223,41.0109415,28.9539746,4,,,,POINT (28.9539746 41.0109415)
256099261,41.0102706,28.9554432,3,,,,POINT (28.9554432 41.0102706)
256099468,41.0120337,28.9578156,3,,,,POINT (28.9578156 41.0120337)
256099527,41.0109692,28.9573266,4,,,,POINT (28.9573266 41.0109692)
256099718,41.0110016,28.9583385,4,,,,POINT (28.9583385 41.0110016)
256099720,41.0110451,28.9593283,3,,,,POINT (28.9593283 41.0110451)
256099747,41.0102982,28.9573124,3,,,,POINT (28.9573124 41.0102982)
256099861,41.0103249,28.9583444,4,,,,POINT (28.9583444 41.0103249)
269715284,41.0173616,28.972978,3,,,,POINT (28.972978 41.0173616)
269715285,41.0171208,28.9733851,3,,,,POINT (28.9733851 41.0171208)
269716140,41.0089327,28.9751124,4,,,,POINT (28.9751124 41.0089327)
269716327,41.0086425,28.9741832,3,,,,POINT (28.9741832 41.0086425)
269716442,41.0086778,28.9734961,3,,,,POINT (28.9734961 41.0086778)
269716595,41.0107783,28.9749715,3,,,,POINT (28.9749715 41.0107783)
269716638,41.0096351,28.9738552,3,,,,POINT (28.9738552 41.0096351)
269716718,41.010209,28.972493,4,,,,POINT (28.972493 41.010209)
269719185,41.0144345,28.9762859,3,,,,POINT (28.9762859 41.0144345)
269722101,41.0080518,28.9657029,4,,,,POINT (28.9657029 41.0080518)
269722102,41.008614,28.9659596,3,,,,POINT (28.9659596 41.008614)
269722117,41.0077498,28.963925,4,,,,POINT (28.963925 41.0077498)
269722142,41.0070084,28.9637429,3,,,,POINT (28.9637429 41.0070084)
269722143,41.0066107,28.9637404,4,,,,POINT (28.9637404 41.0066107)
269722222,41.0054647,28.96452,4,,,,POINT (28.96452 41.0054647)
269722223,41.0050366,28.9643101,3,,,,POINT (28.9643101 41.0050366)
269722234,41.0049132,28.9666152,4,,,,POINT (28.9666152 41.0049132)
269722235,41.0045775,28.9662648,3,,,,POINT (28.9662648 41.0045775)
269722257,41.0050434,28.962,3,,,,POINT (28.962 41.0050434)
269722259,41.0054513,28.9606599,3,,,,POINT (28.9606599 41.0054513)
269722260,41.0055134,28.9601981,4,,,,POINT (28.9601981 41.0055134)
269722703,41.007054,28.9697408,4,,,,POINT (28.9697408 41.007054)
269722711,41.0070916,28.9688574,3,,,,POINT (28.9688574 41.0070916)
269722741,41.0073008,28.9678155,3,,,,POINT (28.9678155 41.0073008)
269722769,41.0062707,28.9680029,4,,,,POINT (28.9680029 41.0062707)
269722853,41.0055469,28.9678753,4,,,,POINT (28.9678753 41.0055469)
269722855,41.005589,28.967354,4,,,,POINT (28.967354 41.005589)
269722911,41.0074068,28.9718899,3,,,,POINT (28.9718899 41.0074068)
269722919,41.0074101,28.9708804,4,,,,POINT (28.9708804 41.0074101)
269722920,41.0074013,28.970414,4,,,,POINT (28.970414 41.0074013)
269722921,41.0074121,28.9697692,4,,,,POINT (28.9697692 41.0074121)
269722924,41.007642,28.9680638,4,,,,POINT (28.9680638 41.007642)
269722929,41.0077428,28.9676582,3,,,,POINT (28.9676582 41.0077428)
269722965,41.0078254,28.9672765,4,,,,POINT (28.9672765 41.0078254)
269722975,41.008137,28.9652551,4,,,,POINT (28.9652551 41.008137)
269722982,41.0084122,28.965356,3,,,,POINT (28.965356 41.0084122)
269722986,41.007963,28.9630426,4,,,,POINT (28.9630426 41.007963)
269723024,41.0081694,28.959305,3,,,,POINT (28.959305 41.0081694)
269723025,41.0087798,28.9593377,3,,,,POINT (28.9593377 41.0087798)
269723055,41.0087498,28.9576717,4,,,,POINT (28.9576717 41.0087498)
269723072,41.0095236,28.9562435,3,,,,POINT (28.9562435 41.0095236)
269723085,41.0087391,28.9563092,4,,,,POINT (28.9563092 41.0087391)
269723087,41.0087359,28.9549153,3,,,,POINT (28.9549153 41.0087359)
269723102,41.0081537,28.9584004,3,,,,POINT (28.9584004 41.0081537)
269723103,41.0081661,28.9578668,4,,,,POINT (28.9578668 41.0081661)
269723104,41.008186,28.9562845,4,,,,POINT (28.9562845 41.008186)
269723148,41.0075404,28.957419,4,,,,POINT (28.957419 41.0075404)
269723149,41.0076594,28.9562718,4,,,,POINT (28.9562718 41.0076594)
269723150,41.0076692,28.9543076,4,,,,POINT (28.9543076 41.0076692)
269723156,41.0081753,28.9571352,3,,,,POINT (28.9571352 41.0081753)
269723200,41.0074769,28.9581309,4,,,,POINT (28.9581309 41.0074769)
269723203,41.0071329,28.9562585,3,,,,POINT (28.9562585 41.0071329)
269723208,41.0064718,28.9572643,4,,,,POINT (28.9572643 41.0064718)
269723209,41.0070456,28.957339,5,,,,POINT (28.957339 41.0070456)
275587102,41.0066097,28.9702755,4,,,,POINT (28.9702755 41.0066097)
275587103,41.0063999,28.9696786,4,,,,POINT (28.9696786 41.0063999)
275587114,41.0051624,28.9695678,4,,,,POINT (28.9695678 41.0051624)
275587910,41.0065459,28.9731744,3,,,,POINT (28.9731744 41.0065459)
275587911,41.0064549,28.9733927,3,,,,POINT (28.9733927 41.0064549)
275588161,41.0057057,28.9748014,3,,,,POINT (28.9748014 41.0057057)
275595467,41.0077204,28.9733855,3,,,,POINT (28.9733855 41.0077204)
275595498,41.0072447,28.973976,3,,,,POINT (28.973976 41.0072447)
275596558,41.0074316,28.9689961,4,,,,POINT (28.9689961 41.0074316)
275596953,41.0060189,28.9701759,3,,,,POINT (28.9701759 41.0060189)
275597707,41.0071076,28.9732425,3,,,,POINT (28.9732425 41.0071076)
275598187,41.0060596,28.9696565,4,,,,POINT (28.9696565 41.0060596)
275598190,41.0061045,28.9690413,4,,,,POINT (28.9690413 41.0061045)
275598630,41.0056654,28.9667761,4,,,,POINT (28.9667761 41.0056654)
275598824,41.005569,28.9704427,4,,,,POINT (28.9704427 41.005569)
275598825,41.0055199,28.969044,3,,,,POINT (28.969044 41.0055199)
275599016,41.0063937,28.9707835,3,,,,POINT (28.9707835 41.0063937)
275599537,41.0086134,28.9686588,3,,,,POINT (28.9686588 41.0086134)
275599852,41.0061729,28.9683988,3,,,,POINT (28.9683988 41.0061729)
275600227,41.0062583,28.9693493,4,,,,POINT (28.9693493 41.0062583)
275600228,41.0066373,28.9692458,3,,,,POINT (28.9692458 41.0066373)
275600229,41.0070815,28.9691224,3,,,,POINT (28.9691224 41.0070815)
275600904,41.0063779,28.9674606,4,,,,POINT (28.9674606 41.0063779)
275601195,41.0072566,28.9679383,3,,,,POINT (28.9679383 41.0072566)
275601197,41.0066383,28.9681747,3,,,,POINT (28.9681747 41.0066383)
275601274,41.0058461,28.9668113,3,,,,POINT (28.9668113 41.0058461)
275601319,41.0064799,28.9669562,4,,,,POINT (28.9669562 41.0064799)
275602561,41.0084084,28.9674376,3,,,,POINT (28.9674376 41.0084084)
275602992,41.0051586,28.9745998,3,,,,POINT (28.9745998 41.0051586)
275602995,41.0045653,28.9749352,3,,,,POINT (28.9749352 41.0045653)
275602996,41.0043816,28.9751159,3,,,,POINT (28.9751159 41.0043816)
275602998,41.0039522,28.9747338,4,,,,POINT (28.9747338 41.0039522)
275603001,41.0037483,28.9739649,3,,,,POINT (28.9739649 41.0037483)
275603347,41.0050165,28.9748536,3,,,,POINT (28.9748536 41.0050165)
275603350,41.005052,28.9748864,3,,,,POINT (28.9748864 41.005052)
275604237,41.0059925,28.9658624,4,,,,POINT (28.9658624 41.0059925)
275604632,41.0061457,28.96543,3,,,,POINT (28.96543 41.0061457)
275604634,41.0073697,28.9659435,3,,,,POINT (28.9659435 41.0073697)
275604700,41.0063255,28.9649119,3,,,,POINT (28.9649119 41.0063255)
275604841,41.0055843,28.9656223,4,,,,POINT (28.9656223 41.0055843)
275604973,41.00582,28.9646633,4,,,,POINT (28.9646633 41.00582)
275605019,41.0060526,28.9707136,3,,,,POINT (28.9707136 41.0060526)
275605020,41.0067676,28.9707396,4,,,,POINT (28.9707396 41.0067676)
275605024,41.0051057,28.9701951,3,,,,POINT (28.9701951 41.0051057)
275605079,41.0062264,28.9722349,3,,,,POINT (28.9722349 41.0062264)
275605220,41.0067604,28.9715854,3,,,,POINT (28.9715854 41.0067604)
275605382,41.0059752,28.9718706,4,,,,POINT (28.9718706 41.0059752)
275605862,41.0052238,28.9702643,3,,,,POINT (28.9702643 41.0052238)
275605888,41.0057149,28.9715765,3,,,,POINT (28.9715765 41.0057149)
275605890,41.0051084,28.9710897,3,,,,POINT (28.9710897 41.0051084)
275606137,41.0053232,28.9742823,4,,,,POINT (28.9742823 41.0053232)
275606140,41.0047836,28.9732527,3,,,,POINT (28.9732527 41.0047836)
275606362,41.0038734,28.9716643,3,,,,POINT (28.9716643 41.0038734)
275606363,41.0035825,28.9725973,3,,,,POINT (28.9725973 41.0035825)
275606985,41.0065561,28.9727443,4,,,,POINT (28.9727443 41.0065561)
275607229,41.0059117,28.9744272,3,,,,POINT (28.9744272 41.0059117)
275607230,41.0054833,28.9739851,4,,,,POINT (28.9739851 41.0054833)
275608252,41.0041138,28.9689774,4,,,,POINT (28.9689774 41.0041138)
275608459,41.0033576,28.9700775,4,,,,POINT (28.9700775 41.0033576)
275608460,41.0042512,28.9692199,3,,,,POINT (28.9692199 41.0042512)
275608484,41.0037664,28.969745,3,,,,POINT (28.969745 41.0037664)
275608501,41.0031536,28.9691784,3,,,,POINT (28.9691784 41.0031536)
275608502,41.0035331,28.9692987,3,,,,POINT (28.9692987 41.0035331)
275608599,41.0047417,28.962633,4,,,,POINT (28.962633 41.0047417)
275608926,41.0033267,28.9681805,3,,,,POINT (28.9681805 41.0033267)
275609038,41.0040687,28.971099,3,,,,POINT (28.971099 41.0040687)
275609040,41.0044459,28.9714579,3,,,,POINT (28.9714579 41.0044459)
275610075,41.0097294,28.9796105,3,,,,POINT (28.9796105 41.0097294)
275610450,41.0093873,28.9793299,3,,,,POINT (28.9793299 41.0093873)
275610630,41.0085702,28.9778823,3,,,,POINT (28.9778823 41.0085702)
275611240,41.0087996,28.9746871,3,,,,POINT (28.9746871 41.0087996)
275611387,41.0096979,28.9750576,3,,,,POINT (28.9750576 41.0096979)
275611750,41.0086737,28.9743132,3,,,,POINT (28.9743132 41.0086737)
275611754,41.0096495,28.9741816,3,,,,POINT (28.9741816 41.0096495)
275611820,41.0086305,28.9752991,3,,,,POINT (28.9752991 41.0086305)
275611821,41.0084967,28.9751041,3,,,,POINT (28.9751041 41.0084967)
275612016,41.0081075,28.975186,4,,,,POINT (28.975186 41.0081075)
275612067,41.0085546,28.9744477,3,,,,POINT (28.9744477 41.0085546)
275612068,41.0087531,28.9744873,3,,,,POINT (28.9744873 41.0087531)
275612347,41.0081991,28.9764131,3,,,,POINT (28.9764131 41.0081991)
275612349,41.0090399,28.9755004,3,,,,POINT (28.9755004 41.0090399)
276949333,41.0110161,28.9781009,1,,,,POINT (28.9781009 41.0110161)
277129898,41.0078444,28.9814754,3,,,,POINT (28.9814754 41.0078444)
277129904,41.0081484,28.9807783,3,,,,POINT (28.9807783 41.0081484)
277129911,41.0061013,28.980285,3,,,,POINT (28.980285 41.0061013)
277129913,41.0073039,28.9815959,3,,,,POINT (28.9815959 41.0073039)
277129942,41.010172,28.9712377,4,,,,POINT (28.9712377 41.010172)
277129953,41.0095249,28.9702715,3,,,,POINT (28.9702715 41.0095249)
277129975,41.0092701,28.9695389,3,,,,POINT (28.9695389 41.0092701)
277129977,41.0097096,28.9696905,3,,,,POINT (28.9696905 41.0097096)
277129980,41.0085386,28.9693989,4,,,,POINT (28.9693989 41.0085386)
277139018,41.0090046,28.9694966,3,,,,POINT (28.9694966 41.0090046)
278004935,41.0066234,28.9816681,3,,,,POINT (28.9816681 41.0066234)
278004940,41.0055103,28.9824511,3,,,,POINT (28.9824511 41.0055103)
278004955,41.0052111,28.9819949,3,,,,POINT (28.9819949 41.0052111)
278004957,41.0068288,28.9791606,3,,,,POINT (28.9791606 41.0068288)
278004972,41.0063936,28.9798128,3,,,,POINT (28.9798128 41.0063936)
278004973,41.0062559,28.9811167,4,,,,POINT (28.9811167 41.0062559)
278004975,41.0053456,28.9799819,3,,,,POINT (28.9799819 41.0053456)
278004976,41.0048358,28.9793458,4,,,,POINT (28.9793458 41.0048358)
278004979,41.0035403,28.979262,3,,,,POINT (28.979262 41.0035403)
278004980,41.0047875,28.9808042,3,,,,POINT (28.9808042 41.0047875)
278004986,41.0053364,28.9786106,5,,,,POINT (28.9786106 41.0053364)
278004987,41.004425,28.9800109,3,,,,POINT (28.9800109 41.004425)
278004989,41.0050957,28.9803598,4,,,,POINT (28.9803598 41.0050957)
278004997,41.0065085,28.9807645,3,,,,POINT (28.9807645 41.0065085)
278005017,41.0087278,28.9713558,3,,,,POINT (28.9713558 41.0087278)
278005018,41.0104641,28.971151,3,,,,POINT (28.971151 41.0104641)
278005023,41.0116034,28.9705975,3,,,,POINT (28.9705975 41.0116034)
278005027,41.0096253,28.9699951,3,,,,POINT (28.9699951 41.0096253)
278005045,41.0097616,28.9695072,3,,,,POINT (28.9695072 41.0097616)
278005047,41.0100938,28.9699634,4,,,,POINT (28.9699634 41.0100938)
278005078,41.0136129,28.9560398,3,,,,POINT (28.9560398 41.0136129)
278005079,41.0117569,28.9547596,3,,,,POINT (28.9547596 41.0117569)
278005084,41.0116957,28.952008,3,,,,POINT (28.952008 41.0116957)
278344475,41.0158581,28.9734733,3,,,,POINT (28.9734733 41.0158581)
278344482,41.0148392,28.9737659,3,,,,POINT (28.9737659 41.0148392)
278344485,41.0151664,28.9750226,4,,,,POINT (28.9750226 41.0151664)
278344498,41.0162973,28.9755327,3,,,,POINT (28.9755327 41.0162973)
278366484,41.0131244,28.9769137,4,,,,POINT (28.9769137 41.0131244)
278366486,41.0134945,28.9763597,4,,,,POINT (28.9763597 41.0134945)
278366489,41.0130686,28.9761612,3,,,,POINT (28.9761612 41.0130686)
278366491,41.0122172,28.9776574,3,,,,POINT (28.9776574 41.0122172)
278366493,41.0124699,28.9772133,3,,,,POINT (28.9772133 41.0124699)
278366494,41.0128226,28.9765935,3,,,,POINT (28.9765935 41.0128226)
278366496,41.0135223,28.9773422,4,,,,POINT (28.9773422 41.0135223)
278366502,41.0131063,28.9786975,3,,,,POINT (28.9786975 41.0131063)
278366504,41.0138711,28.9790721,4,,,,POINT (28.9790721 41.0138711)
278366508,41.0147884,28.9790595,3,,,,POINT (28.9790595 41.0147884)
278366509,41.0146739,28.9783668,3,,,,POINT (28.9783668 41.0146739)
278366512,41.0140798,28.9779556,3,,,,POINT (28.9779556 41.0140798)
278366513,41.0140195,28.9782872,4,,,,POINT (28.9782872 41.0140195)
278366515,41.0136785,28.9782871,3,,,,POINT (28.9782871 41.0136785)
278366550,41.0163237,28.9759226,3,,,,POINT (28.9759226 41.0163237)
278366557,41.0106746,28.9775524,4,,,,POINT (28.9775524 41.0106746)
278366563,41.0104704,28.9773034,3,,,,POINT (28.9773034 41.0104704)
278366570,41.0082392,28.9775603,3,,,,POINT (28.9775603 41.0082392)
278366574,41.0090515,28.9625989,3,,,,POINT (28.9625989 41.0090515)
278366580,41.0086636,28.9649145,3,,,,POINT (28.9649145 41.0086636)
278366582,41.0092564,28.9649471,3,,,,POINT (28.9649471 41.0092564)
278366588,41.0092982,28.9641935,3,,,,POINT (28.9641935 41.0092982)
278366590,41.0086456,28.964087,4,,,,POINT (28.964087 41.0086456)
278366595,41.0060904,28.9635489,3,,,,POINT (28.9635489 41.0060904)
278366597,41.0057989,28.9633808,3,,,,POINT (28.9633808 41.0057989)
278366600,41.0087727,28.9633083,3,,,,POINT (28.9633083 41.0087727)
278366601,41.0070675,28.9624401,3,,,,POINT (28.9624401 41.0070675)
278366661,41.0087452,28.9583823,4,,,,POINT (28.9583823 41.0087452)
278366663,41.0095382,28.9610099,3,,,,POINT (28.9610099 41.0095382)
278366669,41.0082228,28.9546269,4,,,,POINT (28.9546269 41.0082228)
278366671,41.0071773,28.9535816,4,traffic_signals,,,POINT (28.9535816 41.0071773)
278366676,41.0082379,28.9535921,3,,,,POINT (28.9535921 41.0082379)
311367407,41.0163449,28.9724442,4,,,,POINT (28.9724442 41.0163449)
311367408,41.0156177,28.9717812,3,,,,POINT (28.9717812 41.0156177)
311367410,41.0150579,28.9714275,3,,,,POINT (28.9714275 41.0150579)
311367419,41.0153505,28.9724506,3,,,,POINT (28.9724506 41.0153505)
311367420,41.0152839,28.9636967,3,,,,POINT (28.9636967 41.0152839)
311367421,41.014509,28.9625864,3,,,,POINT (28.9625864 41.014509)
311367423,41.0133042,28.9611774,5,,,,POINT (28.9611774 41.0133042)
311367424,41.012683,28.960357,3,,,,POINT (28.960357 41.012683)
311367425,41.0124841,28.9599786,3,,,,POINT (28.9599786 41.0124841)
311367428,41.0125645,28.9611585,4,,,,POINT (28.9611585 41.0125645)
311367448,41.0128774,28.9675488,3,,,,POINT (28.9675488 41.0128774)
311367450,41.0130417,28.968443,3,,,,POINT (28.968443 41.0130417)
311367453,41.0133918,28.96903,3,,,,POINT (28.96903 41.0133918)
311367456,41.0138037,28.9697287,3,,,,POINT (28.9697287 41.0138037)
311367458,41.0139152,28.9701293,4,,,,POINT (28.9701293 41.0139152)
311367463,41.0146437,28.9709876,5,,,,POINT (28.9709876 41.0146437)
311367464,41.0149629,28.9711039,3,,,,POINT (28.9711039 41.0149629)
311367465,41.0153343,28.9712061,3,,,,POINT (28.9712061 41.0153343)
311367467,41.0157824,28.9714428,3,,,,POINT (28.9714428 41.0157824)
311367472,41.0137213,28.9722195,3,,,,POINT (28.9722195 41.0137213)
311367476,41.0122725,28.9730368,3,,,,POINT (28.9730368 41.0122725)
311367479,41.0122762,28.9718297,3,,,,POINT (28.9718297 41.0122762)
311367480,41.0121586,28.9712455,3,,,,POINT (28.9712455 41.0121586)
311367483,41.012015,28.9706103,4,,,,POINT (28.9706103 41.012015)
311367504,41.0111039,28.9693712,3,,Gate 18,,POINT (28.9693712 41.0111039)
311371017,41.0116704,28.970418,4,,,,POINT (28.970418 41.0116704)
311371021,41.0105104,28.9717208,3,,,,POINT (28.9717208 41.0105104)
311371022,41.0105194,28.9725156,4,,,,POINT (28.9725156 41.0105194)
311371023,41.0106184,28.974385,3,,,,POINT (28.974385 41.0106184)
311371032,41.0145423,28.9729072,3,,,,POINT (28.9729072 41.0145423)
311371035,41.014097,28.974006,3,,,,POINT (28.974006 41.014097)
311371040,41.0105531,28.9732468,3,,,,POINT (28.9732468 41.0105531)
311371041,41.0109988,28.9731928,4,,,,POINT (28.9731928 41.0109988)
311371042,41.0116126,28.9731314,3,,,,POINT (28.9731314 41.0116126)
311371043,41.0105668,28.9736128,3,,,,POINT (28.9736128 41.0105668)
311371045,41.0112281,28.9742344,3,,,,POINT (28.9742344 41.0112281)
311371047,41.0108821,28.9725056,3,,,,POINT (28.9725056 41.0108821)
311371049,41.0109939,28.9740046,3,,,,POINT (28.9740046 41.0109939)
311371050,41.010192,28.971679,4,,,,POINT (28.971679 41.010192)
311371051,41.0093238,28.9711823,3,,,,POINT (28.9711823 41.0093238)
311371057,41.0102532,28.9735118,3,,,,POINT (28.9735118 41.0102532)
311371064,41.014668,28.9702571,3,,,,POINT (28.9702571 41.014668)
311371066,41.015459,28.970567,3,,,,POINT (28.970567 41.015459)
311371080,41.0149519,28.9694911,4,,,,POINT (28.9694911 41.0149519)
311371082,41.0156213,28.96988,4,,,,POINT (28.96988 41.0156213)
311371084,41.0162984,28.9704133,4,,,,POINT (28.9704133 41.0162984)
311371092,41.0123464,28.9692785,3,,,,POINT (28.9692785 41.0123464)
311371096,41.0116157,28.9697297,3,,,,POINT (28.9697297 41.0116157)
311371100,41.0145321,28.9674333,3,,,,POINT (28.9674333 41.0145321)
311371102,41.013225,28.9675013,3,,,,POINT (28.9675013 41.013225)
311371103,41.0111625,28.9609391,3,,,,POINT (28.9609391 41.0111625)
311371106,41.0156388,28.9612433,3,,,,POINT (28.9612433 41.0156388)
311371107,41.0171386,28.9612452,3,,,,POINT (28.9612452 41.0171386)
311371872,41.0145369,28.9598862,3,,,,POINT (28.9598862 41.0145369)
311371885,41.0145638,28.9612357,4,,,,POINT (28.9612357 41.0145638)
311371929,41.0151217,28.9583638,3,,,,POINT (28.9583638 41.0151217)
311371933,41.0154507,28.9576971,4,,,,POINT (28.9576971 41.0154507)
311371936,41.0165078,28.9594815,3,,,,POINT (28.9594815 41.0165078)
311371943,41.0169911,28.9603128,3,,,,POINT (28.9603128 41.0169911)
311371949,41.0172877,28.9625409,3,,,,POINT (28.9625409 41.0172877)
311372816,41.0162893,28.9689645,3,,,,POINT (28.9689645 41.0162893)
311372818,41.0168378,28.9683473,3,,,,POINT (28.9683473 41.0168378)
311372820,41.017072,28.9679513,4,,,,POINT (28.9679513 41.017072)
311375190,41.0171257,28.9668417,3,,,,POINT (28.9668417 41.0171257)
311375199,41.0158607,28.9671961,3,,,,POINT (28.9671961 41.0158607)
311375201,41.0158716,28.9668863,3,,,,POINT (28.9668863 41.0158716)
311375203,41.0130139,28.9667112,3,,,,POINT (28.9667112 41.0130139)
311375205,41.019661,28.964498,4,,,,POINT (28.964498 41.019661)
311375263,41.0209743,28.9628535,3,,,,POINT (28.9628535 41.0209743)
311375270,41.0195971,28.9638148,3,,,,POINT (28.9638148 41.0195971)
311375314,41.0192523,28.9622945,3,,,,POINT (28.9622945 41.0192523)
311375318,41.0199191,28.9625686,3,,,,POINT (28.9625686 41.0199191)
311375322,41.0188367,28.9626053,4,,,,POINT (28.9626053 41.0188367)
311375328,41.0172758,28.9624536,3,,,,POINT (28.9624536 41.0172758)
311375336,41.014965,28.9659663,3,,,,POINT (28.9659663 41.014965)
311375340,41.016608,28.9657872,4,,,,POINT (28.9657872 41.016608)
311375342,41.0171287,28.9646459,3,,,,POINT (28.9646459 41.0171287)
311375343,41.0172253,28.964414,3,,,,POINT (28.964414 41.0172253)
311375350,41.0167892,28.9587984,6,,,,POINT (28.9587984 41.0167892)
311375833,41.0191687,28.9595663,4,,,,POINT (28.9595663 41.0191687)
316924107,41.0089397,28.9375516,3,,,,POINT (28.9375516 41.0089397)
316924108,41.008962,28.9356623,4,,,,POINT (28.9356623 41.008962)
316924109,41.0090372,28.9313005,4,,,,POINT (28.9313005 41.0090372)
316924110,41.0090553,28.930406,3,,,,POINT (28.930406 41.0090553)
316924115,41.0068021,28.9333819,3,,,,POINT (28.9333819 41.0068021)
316924158,41.0095701,28.9313595,4,,,,POINT (28.9313595 41.0095701)
316924159,41.0100636,28.9314479,3,,,,POINT (28.9314479 41.0100636)
316924160,41.0124245,28.9315342,4,,,,POINT (28.9315342 41.0124245)
316924177,41.0123817,28.9335219,4,,,,POINT (28.9335219 41.0123817)
316924178,41.0123061,28.9378566,4,,,,POINT (28.9378566 41.0123061)
316924179,41.0123077,28.9383232,3,,,,POINT (28.9383232 41.0123077)
316924265,41.0118453,28.9287952,3,,,,POINT (28.9287952 41.0118453)
316924268,41.012096,28.9297707,3,,,,POINT (28.9297707 41.012096)
316924271,41.012326,28.9307213,3,,,,POINT (28.9307213 41.012326)
316924272,41.0122726,28.9310751,3,,,,POINT (28.9310751 41.0122726)
316924274,41.012106,28.9315,3,,,,POINT (28.9315 41.012106)
316924287,41.0124287,28.9314354,3,,,,POINT (28.9314354 41.0124287)
316924331,41.0132945,28.9312049,4,,,,POINT (28.9312049 41.0132945)
316924334,41.014268,28.9305656,3,,,,POINT (28.9305656 41.014268)
316924338,41.0152142,28.9301401,3,,,,POINT (28.9301401 41.0152142)
316924340,41.0157775,28.9298324,3,,,,POINT (28.9298324 41.0157775)
316924346,41.0160311,28.9314122,3,,,,POINT (28.9314122 41.0160311)
316924472,41.0154278,28.9318923,3,,,,POINT (28.9318923 41.0154278)
316924473,41.0149262,28.9327125,3,,,,POINT (28.9327125 41.0149262)
316924475,41.0144707,28.9332927,4,,,,POINT (28.9332927 41.0144707)
316924477,41.0139098,28.9344219,4,,,,POINT (28.9344219 41.0139098)
316924478,41.0134959,28.9353017,3,,,,POINT (28.9353017 41.0134959)
316924497,41.0139491,28.9357378,3,,,,POINT (28.9357378 41.0139491)
316924533,41.0123735,28.9343388,3,,,,POINT (28.9343388 41.0123735)
316924848,41.0127819,28.9334847,3,,,,POINT (28.9334847 41.0127819)
316925092,41.0090038,28.9334648,4,,,,POINT (28.9334648 41.0090038)
316925364,41.0095842,28.9318273,3,,,,POINT (28.9318273 41.0095842)
316925366,41.0095318,28.9324468,3,,,,POINT (28.9324468 41.0095318)
316925367,41.0095165,28.9334433,4,,,,POINT (28.9334433 41.0095165)
316925368,41.0094776,28.9356395,4,,,,POINT (28.9356395 41.0094776)
316925393,41.0111512,28.9314716,4,,,,POINT (28.9314716 41.0111512)
316925788,41.0111162,28.9334775,4,,,,POINT (28.9334775 41.0111162)
316925791,41.0110968,28.9350488,3,,,,POINT (28.9350488 41.0110968)
316925794,41.0110556,28.9378502,4,,,,POINT (28.9378502 41.0110556)
316926024,41.0104719,28.9378258,3,,,,POINT (28.9378258 41.0104719)
316926025,41.0128639,28.9378596,3,,,,POINT (28.9378596 41.0128639)
316926047,41.0123786,28.9342472,3,,,,POINT (28.9342472 41.0123786)
316926048,41.009529,28.93301,4,,,,POINT (28.93301 41.009529)
316926057,41.0100491,28.9330248,4,,,,POINT (28.9330248 41.0100491)
316926059,41.0111392,28.9321417,3,,,,POINT (28.9321417 41.0111392)
316926088,41.0100499,28.9334539,3,,,,POINT (28.9334539 41.0100499)
316926098,41.0133372,28.9322585,3,,,,POINT (28.9322585 41.0133372)
316926107,41.0128721,28.9347833,3,,,,POINT (28.9347833 41.0128721)
316926114,41.0132997,28.9339044,4,,,,POINT (28.9339044 41.0132997)
316960499,41.0242593,28.9293802,3,,,,POINT (28.9293802 41.0242593)
316961437,41.0193552,28.9321497,3,,,,POINT (28.9321497 41.0193552)
316964801,41.0117324,28.9334903,4,,,,POINT (28.9334903 41.0117324)
316964802,41.0117166,28.9346449,4,,,,POINT (28.9346449 41.0117166)
316964804,41.0116796,28.9378492,4,,,,POINT (28.9378492 41.0116796)
316964805,41.011646,28.9388535,3,,,,POINT (28.9388535 41.011646)
316964806,41.0137708,28.9366287,3,,,,POINT (28.9366287 41.0137708)
316964818,41.0167923,28.9367984,5,,,,POINT (28.9367984 41.0167923)
316966366,41.0110843,28.935618,3,,,,POINT (28.935618 41.0110843)
316966367,41.0073656,28.9356054,3,,,,POINT (28.9356054 41.0073656)
316966369,41.0078732,28.9356058,4,,,,POINT (28.9356058 41.0078732)
316966370,41.00791,28.9334052,4,,,,POINT (28.9334052 41.00791)
316966371,41.007942,28.9312688,3,,,,POINT (28.9312688 41.007942)
316966372,41.0084852,28.931286,4,,,,POINT (28.931286 41.0084852)
316966373,41.0084417,28.9334379,4,,,,POINT (28.9334379 41.0084417)
316966374,41.0083847,28.9356363,4,,,,POINT (28.9356363 41.0083847)
316966377,41.0073794,28.9333962,4,,,,POINT (28.9333962 41.0073794)
316966381,41.0117738,28.9314932,3,,,,POINT (28.9314932 41.0117738)
316966390,41.0100461,28.9356494,3,,,,POINT (28.9356494 41.0100461)
316968591,41.0070229,28.9285615,3,,,,POINT (28.9285615 41.0070229)
316968592,41.0074935,28.9286472,3,,,,POINT (28.9286472 41.0074935)
316968594,41.0084137,28.928774,3,,,,POINT (28.928774 41.0084137)
316968596,41.0089655,28.9291562,3,,,,POINT (28.9291562 41.0089655)
316968598,41.0095629,28.9297971,4,,,,POINT (28.9297971 41.0095629)
316968601,41.0107095,28.9305552,3,,,,POINT (28.9305552 41.0107095)
316968602,41.0105534,28.9314687,4,,,,POINT (28.9314687 41.0105534)
316968604,41.0105398,28.9310132,4,,,,POINT (28.9310132 41.0105398)
316968607,41.0111049,28.9299817,3,,,,POINT (28.9299817 41.0111049)
316968620,41.012651,28.9284014,3,,,,POINT (28.9284014 41.012651)
316968622,41.012249,28.9294201,3,,,,POINT (28.9294201 41.012249)
316968627,41.0130706,28.9276023,4,,,,POINT (28.9276023 41.0130706)
316968630,41.0134153,28.92657,4,,,,POINT (28.92657 41.0134153)
316968635,41.0127649,28.925773,4,,,,POINT (28.925773 41.0127649)
316968638,41.013594,28.9268482,3,,,,POINT (28.9268482 41.013594)
316968641,41.0148501,28.9277699,3,,,,POINT (28.9277699 41.0148501)
316968647,41.0158173,28.9259592,3,,,,POINT (28.9259592 41.0158173)
316968648,41.0161008,28.9250612,3,,,,POINT (28.9250612 41.0161008)
316968650,41.0170628,28.9265563,3,,,,POINT (28.9265563 41.0170628)
316968655,41.018317,28.9258171,3,,,,POINT (28.9258171 41.018317)
316968658,41.0137099,28.9256306,3,,,,POINT (28.9256306 41.0137099)
316968661,41.0135403,28.9243986,3,,,,POINT (28.9243986 41.0135403)
316968667,41.013663,28.9247913,3,,,,POINT (28.9247913 41.013663)
316968668,41.0141507,28.9248719,3,,,,POINT (28.9248719 41.0141507)
316968669,41.0143705,28.9249454,3,,,,POINT (28.9249454 41.0143705)
316968670,41.0145488,28.9246573,3,,,,POINT (28.9246573 41.0145488)
316968672,41.0167768,28.9258181,3,,,,POINT (28.9258181 41.0167768)
316968676,41.0176585,28.9281147,3,,,,POINT (28.9281147 41.0176585)
316968678,41.0133706,28.9275654,3,,,,POINT (28.9275654 41.0133706)
316968700,41.0154076,28.9294105,4,,,,POINT (28.9294105 41.0154076)
316968702,41.014694,28.9277409,3,,,,POINT (28.9277409 41.014694)
316968706,41.0147409,28.9283324,3,,,,POINT (28.9283324 41.0147409)
316968711,41.0141341,28.9292303,3,,,,POINT (28.9292303 41.0141341)
316968713,41.0138883,28.9298549,3,,,,POINT (28.9298549 41.0138883)
316968715,41.0131338,28.9304517,3,,,,POINT (28.9304517 41.0131338)
316968719,41.0139262,28.9282907,3,,,,POINT (28.9282907 41.0139262)
316968726,41.0126551,28.9261303,3,,,,POINT (28.9261303 41.0126551)
316968734,41.0118388,28.9279571,3,,,,POINT (28.9279571 41.0118388)
316968736,41.0119003,28.9287166,4,,,,POINT (28.9287166 41.0119003)
316968738,41.0116681,28.9273767,3,,,,POINT (28.9273767 41.0116681)
316968745,41.0119032,28.9259491,4,,,,POINT (28.9259491 41.0119032)
316974255,41.0139824,28.9234414,3,,,,POINT (28.9234414 41.0139824)
316974257,41.0142569,28.9238791,3,,,,POINT (28.9238791 41.0142569)
316974258,41.0146334,28.9239085,4,,,,POINT (28.9239085 41.0146334)
316974259,41.015032,28.9240078,3,,,,POINT (28.9240078 41.015032)
316974260,41.0154052,28.9240813,3,,,,POINT (28.9240813 41.0154052)
316974261,41.0158968,28.9241397,3,,,,POINT (28.9241397 41.0158968)
316974262,41.0163169,28.9242694,3,,,,POINT (28.9242694 41.0163169)
316974266,41.014164,28.9255295,3,,,,POINT (28.9255295 41.014164)
316974267,41.0153849,28.9257774,3,,,,POINT (28.9257774 41.0153849)
316974269,41.0141837,28.9253072,3,,,,POINT (28.9253072 41.0141837)
316974272,41.0106147,28.9246048,4,,,,POINT (28.9246048 41.0106147)
316974277,41.0112126,28.9248381,4,,,,POINT (28.9248381 41.0112126)
316974279,41.0114653,28.924861,3,,,,POINT (28.924861 41.0114653)
316974282,41.0119855,28.924943,4,,,,POINT (28.924943 41.0119855)
349271203,41.0036146,28.9749929,4,,,,POINT (28.9749929 41.0036146)
349271204,41.0038592,28.9757516,4,,,,POINT (28.9757516 41.0038592)
349271205,41.0040912,28.9764783,3,,,,POINT (28.9764783 41.0040912)
356404378,41.0056883,28.9789782,4,,,,POINT (28.9789782 41.0056883)
364451321,41.029712,28.9515556,3,,,,POINT (28.9515556 41.029712)
364451360,41.0301604,28.9509153,3,,,,POINT (28.9509153 41.0301604)
364451362,41.0300227,28.9511291,3,,,,POINT (28.9511291 41.0300227)
364451385,41.0286089,28.9525507,3,,,,POINT (28.9525507 41.0286089)
364453332,41.0136244,28.9838779,1,,,,POINT (28.9838779 41.0136244)
364455125,41.012525,28.9841021,3,,,,POINT (28.9841021 41.012525)
412289916,41.0175029,28.9280008,3,,,,POINT (28.9280008 41.0175029)
412289918,41.0143288,28.9318996,3,mini_roundabout,,,POINT (28.9318996 41.0143288)
412289921,41.0143663,28.9301334,3,,,,POINT (28.9301334 41.0143663)
412289922,41.0152515,28.9291518,3,,,,POINT (28.9291518 41.0152515)
412289926,41.012046,28.9296726,3,,,,POINT (28.9296726 41.012046)
412289927,41.0132762,28.9321803,3,,,,POINT (28.9321803 41.0132762)
412289931,41.015248,28.9330345,3,,,,POINT (28.9330345 41.015248)
412289934,41.0153831,28.930643,3,,,,POINT (28.930643 41.0153831)
412289936,41.0144624,28.9320607,3,,,,POINT (28.9320607 41.0144624)
412289938,41.0134224,28.9318694,3,,,,POINT (28.9318694 41.0134224)
412289962,41.0157652,28.9274431,3,,,,POINT (28.9274431 41.0157652)
412728607,41.01719,28.935763,3,,,,POINT (28.935763 41.01719)
412728616,41.0130799,28.9380381,3,,,,POINT (28.9380381 41.0130799)
412728663,41.0163866,28.9352587,4,,,,POINT (28.9352587 41.0163866)
413329056,41.010018,28.9370156,3,,,,POINT (28.9370156 41.010018)
413329060,41.0094636,28.9369837,3,,,,POINT (28.9369837 41.0094636)
413329063,41.0089827,28.9350776,3,,,,POINT (28.9350776 41.0089827)
413329082,41.006003,28.9537093,3,,,,POINT (28.9537093 41.006003)
413329083,41.0065327,28.9536065,3,,,,POINT (28.9536065 41.0065327)
413329089,41.0063624,28.9577422,4,,,,POINT (28.9577422 41.0063624)
413329091,41.0062055,28.9551222,4,,,,POINT (28.9551222 41.0062055)
413329094,41.0056106,28.9546913,3,,,,POINT (28.9546913 41.0056106)
413329095,41.0059633,28.9549002,3,,,,POINT (28.9549002 41.0059633)
413329098,41.0056432,28.9574098,4,,,,POINT (28.9574098 41.0056432)
413329099,41.006051,28.9589397,3,,,,POINT (28.9589397 41.006051)
415156591,41.0044923,28.9778357,3,,,,POINT (28.9778357 41.0044923)
415160890,41.0400451,28.9438926,4,,,,POINT (28.9438926 41.0400451)
415160891,41.0406862,28.9445398,4,,,,POINT (28.9445398 41.0406862)
459111069,41.005766,28.9618213,3,,,,POINT (28.9618213 41.005766)
459111242,41.0075944,28.9620014,4,,,,POINT (28.9620014 41.0075944)
459111244,41.0078106,28.9614082,4,,,,POINT (28.9614082 41.0078106)
459111246,41.0079687,28.9610383,4,,,,POINT (28.9610383 41.0079687)
459111250,41.0080979,28.9602475,4,,,,POINT (28.9602475 41.0080979)
459507111,41.0055357,28.9596587,3,,,,POINT (28.9596587 41.0055357)
459507113,41.0051854,28.9572331,3,,,,POINT (28.9572331 41.0051854)
459507114,41.0057825,28.9569167,3,,,,POINT (28.9569167 41.0057825)
459507120,41.0043902,28.9583396,3,,,,POINT (28.9583396 41.0043902)
459507122,41.0037623,28.9605324,3,,,,POINT (28.9605324 41.0037623)
487079292,41.0123117,28.93686,3,,,,POINT (28.93686 41.0123117)
487079293,41.0110857,28.9368385,3,,,,POINT (28.9368385 41.0110857)
487079294,41.0117088,28.9368798,4,,,,POINT (28.9368798 41.0117088)
487079302,41.0194676,28.9243923,3,,,,POINT (28.9243923 41.0194676)
487079304,41.0105504,28.9326831,3,,,,POINT (28.9326831 41.0105504)
487079712,41.0148727,28.9326336,3,,,,POINT (28.9326336 41.0148727)
487079713,41.012417,28.938564,4,,,,POINT (28.938564 41.012417)
487079714,41.0117638,28.93994,3,,,,POINT (28.93994 41.0117638)
487079715,41.0121803,28.9398915,4,,,,POINT (28.9398915 41.0121803)
506381556,41.0037559,28.9625993,4,,,,POINT (28.9625993 41.0037559)
506381557,41.0041248,28.9628645,4,,,,POINT (28.9628645 41.0041248)
506381558,41.0045026,28.9631345,4,,,,POINT (28.9631345 41.0045026)
506381559,41.0049352,28.9634439,3,,,,POINT (28.9634439 41.0049352)
506381561,41.0045871,28.9640494,3,,,,POINT (28.9640494 41.0045871)
506381565,41.0035535,28.9629816,1,,,,POINT (28.9629816 41.0035535)
506381568,41.0031469,28.9742198,4,,,,POINT (28.9742198 41.0031469)
506381569,41.0033548,28.9761612,4,,,,POINT (28.9761612 41.0033548)
506381572,41.0032344,28.9769337,3,,,,POINT (28.9769337 41.0032344)
506381577,41.0033426,28.9741976,3,,,,POINT (28.9741976 41.0033426)
506394602,41.0100483,28.9324527,3,,,,POINT (28.9324527 41.0100483)
506394606,41.0117259,28.9355714,3,,,,POINT (28.9355714 41.0117259)
506394607,41.0123429,28.9355787,3,,,,POINT (28.9355787 41.0123429)
512541822,41.0161035,28.9591562,3,,,,POINT (28.9591562 41.0161035)
539145022,41.005172,28.972124,3,,,,POINT (28.972124 41.005172)
539145023,41.0048663,28.9715542,3,,,,POINT (28.9715542 41.0048663)
566635077,41.0032373,28.979591,4,,,,POINT (28.979591 41.0032373)
566635078,41.0037269,28.980287,3,,,,POINT (28.980287 41.0037269)
566635081,41.0034432,28.9812397,3,,,,POINT (28.9812397 41.0034432)
566635086,41.0043738,28.9766101,4,,,,POINT (28.9766101 41.0043738)
566635089,41.0040168,28.9818814,3,,,,POINT (28.9818814 41.0040168)
768676855,41.0172737,28.968103,3,,,,POINT (28.968103 41.0172737)
768676859,41.0175831,28.9683762,3,,,,POINT (28.9683762 41.0175831)
768679864,41.0182603,28.9672095,3,,,,POINT (28.9672095 41.0182603)
768679867,41.0169713,28.9695611,3,,,,POINT (28.9695611 41.0169713)
768679872,41.0179898,28.9676887,4,,,,POINT (28.9676887 41.0179898)
768682859,41.0154507,28.9722849,3,,,,POINT (28.9722849 41.0154507)
768682863,41.0157399,28.9718779,4,,,,POINT (28.9718779 41.0157399)
768687920,41.016254,28.9710955,3,,,,POINT (28.9710955 41.016254)
802789205,41.0031118,28.976812,3,,,,POINT (28.976812 41.0031118)
809761579,41.0157378,28.9311815,3,,,,POINT (28.9311815 41.0157378)
813584990,41.0139454,28.9297117,3,,,,POINT (28.9297117 41.0139454)
814785942,41.0159066,28.9347464,4,,,,POINT (28.9347464 41.0159066)
814785952,41.0164208,28.9331547,4,,,,POINT (28.9331547 41.0164208)
814785958,41.0158691,28.9333662,4,,,,POINT (28.9333662 41.0158691)
814786012,41.0172131,28.9357009,3,,,,POINT (28.9357009 41.0172131)
814786041,41.0179594,28.9342484,3,,,,POINT (28.9342484 41.0179594)
814786044,41.0177536,28.9340166,3,,,,POINT (28.9340166 41.0177536)
814786055,41.0175912,28.9335013,4,,,,POINT (28.9335013 41.0175912)
814786058,41.0175575,28.933016,3,,,,POINT (28.933016 41.0175575)
814786066,41.0159038,28.9337848,4,,,,POINT (28.9337848 41.0159038)
814786074,41.015662,28.9327351,3,,,,POINT (28.9327351 41.015662)
814786094,41.0168681,28.9341364,3,,,,POINT (28.9341364 41.0168681)
815119502,41.0162675,28.9303272,3,,,,POINT (28.9303272 41.0162675)
815187062,41.0155593,28.9282144,3,,,,POINT (28.9282144 41.0155593)
815187089,41.0165035,28.9276615,3,,,,POINT (28.9276615 41.0165035)
815187104,41.0158134,28.928954,3,,,,POINT (28.928954 41.0158134)
815187161,41.0160459,28.9296574,3,,,,POINT (28.9296574 41.0160459)
815187170,41.0159707,28.9300162,3,,,,POINT (28.9300162 41.0159707)
817265154,41.0120788,28.9249551,3,,,,POINT (28.9249551 41.0120788)
817265267,41.011618,28.9233687,3,,,,POINT (28.9233687 41.011618)
817265270,41.0121514,28.9234117,4,,,,POINT (28.9234117 41.0121514)
817265288,41.0122363,28.9227626,3,,,,POINT (28.9227626 41.0122363)
817265304,41.0132717,28.9221203,3,,,,POINT (28.9221203 41.0132717)
817265340,41.0090406,28.9292459,3,,,,POINT (28.9292459 41.0090406)
817265347,41.0084749,28.9304123,3,,,,POINT (28.9304123 41.0084749)
817265359,41.0097116,28.9303668,3,,,,POINT (28.9303668 41.0097116)
817265363,41.0092641,28.9304408,4,,,,POINT (28.9304408 41.0092641)
817265473,41.0111369,28.9310559,3,,,,POINT (28.9310559 41.0111369)
817265475,41.0102561,28.9310244,3,,,,POINT (28.9310244 41.0102561)
817265478,41.0097141,28.931143,3,,,,POINT (28.931143 41.0097141)
817265487,41.0102492,28.9303955,3,,,,POINT (28.9303955 41.0102492)
817265505,41.0098311,28.9301534,3,,,,POINT (28.9301534 41.0098311)
818879464,41.0149922,28.9256576,3,,,,POINT (28.9256576 41.0149922)
818879467,41.0148766,28.9261421,4,,,,POINT (28.9261421 41.0148766)
818879470,41.014765,28.9265907,3,,,,POINT (28.9265907 41.014765)
818879473,41.0146579,28.9270455,3,,,,POINT (28.9270455 41.0146579)
818879483,41.0142018,28.926344,3,,,,POINT (28.926344 41.0142018)
818879490,41.0149978,28.9267855,3,,,,POINT (28.9267855 41.0149978)
818879492,41.0154716,28.9269966,3,,,,POINT (28.9269966 41.0154716)
818879493,41.0156072,28.9249356,3,,,,POINT (28.9249356 41.0156072)
818879506,41.015016,28.9278169,3,,,,POINT (28.9278169 41.015016)
818879532,41.0144311,28.9289035,3,,,,POINT (28.9289035 41.0144311)
818879533,41.0148407,28.9285157,3,,,,POINT (28.9285157 41.0148407)
818879535,41.0151133,28.9262103,3,,,,POINT (28.9262103 41.0151133)
818879536,41.0187625,28.9291233,3,,,,POINT (28.9291233 41.0187625)
818879540,41.0143291,28.9259193,3,,,,POINT (28.9259193 41.0143291)
822105231,41.0122681,28.9314541,3,,,,POINT (28.9314541 41.0122681)
830672295,41.0049648,28.9823616,3,,,,POINT (28.9823616 41.0049648)
851415507,41.0141316,28.9323456,3,,,,POINT (28.9323456 41.0141316)
851415524,41.0136833,28.9317456,3,,,,POINT (28.9317456 41.0136833)
854573625,41.0180285,28.9341438,3,,,,POINT (28.9341438 41.0180285)
854574824,41.0154936,28.9231213,3,,,,POINT (28.9231213 41.0154936)
854574967,41.0151586,28.9229872,3,,,,POINT (28.9229872 41.0151586)
854576279,41.0148206,28.9229228,3,,,,POINT (28.9229228 41.0148206)
854580208,41.0109602,28.9302013,3,,,,POINT (28.9302013 41.0109602)
854580744,41.0094201,28.9296081,3,,,,POINT (28.9296081 41.0094201)
854763947,41.0158771,28.9363004,4,,,,POINT (28.9363004 41.0158771)
882000303,41.0145096,28.9288951,3,,,,POINT (28.9288951 41.0145096)
882267660,41.0167906,28.9238725,4,,,,POINT (28.9238725 41.0167906)
882267697,41.0184473,28.9264833,3,,,,POINT (28.9264833 41.0184473)
882295304,41.0164317,28.9252348,3,,,,POINT (28.9252348 41.0164317)
882363092,41.016535,28.9248536,3,,,,POINT (28.9248536 41.016535)
882363209,41.0163344,28.9249829,4,,,,POINT (28.9249829 41.0163344)
882554698,41.0146905,28.9229338,3,,,,POINT (28.9229338 41.0146905)
882554722,41.0160643,28.9233439,3,,,,POINT (28.9233439 41.0160643)
882558483,41.0104105,28.9327784,3,,,,POINT (28.9327784 41.0104105)
882558495,41.0105492,28.9334638,3,,,,POINT (28.9334638 41.0105492)
882560695,41.0077493,28.9287269,3,,,,POINT (28.9287269 41.0077493)
882560897,41.0078068,28.9294448,1,,,,POINT (28.9294448 41.0078068)
882562135,41.0165217,28.9267575,3,,,,POINT (28.9267575 41.0165217)
882563460,41.0168323,28.9259297,3,,,,POINT (28.9259297 41.0168323)
882582235,41.0170149,28.9265772,3,,,,POINT (28.9265772 41.0170149)
899159431,41.0164058,28.9347069,1,,,,POINT (28.9347069 41.0164058)
899168552,41.0155286,28.9342808,3,,,,POINT (28.9342808 41.0155286)
899170126,41.0162124,28.9368723,1,,,,POINT (28.9368723 41.0162124)
899225065,41.0181815,28.969449,3,,,,POINT (28.969449 41.0181815)
901512807,41.0187702,28.9329899,3,,,,POINT (28.9329899 41.0187702)
910636480,41.0159781,28.9400561,4,,,,POINT (28.9400561 41.0159781)
910636485,41.0163747,28.9404531,1,,,,POINT (28.9404531 41.0163747)
910637333,41.0156785,28.9406355,1,,,,POINT (28.9406355 41.0156785)
912261351,41.0132127,28.9291194,3,,,,POINT (28.9291194 41.0132127)
912261708,41.0136269,28.9300539,3,,,,POINT (28.9300539 41.0136269)
912262904,41.0133461,28.9293576,3,,,,POINT (28.9293576 41.0133461)
912263153,41.0130987,28.9298643,3,,,,POINT (28.9298643 41.0130987)
912265448,41.0127379,28.930047,3,,,,POINT (28.930047 41.0127379)
912265450,41.013303,28.9303174,3,,,,POINT (28.9303174 41.013303)
912265737,41.0127821,28.9302624,3,,,,POINT (28.9302624 41.0127821)
912265740,41.0123379,28.930369,3,,,,POINT (28.930369 41.0123379)
912266607,41.0123615,28.9294115,3,,,,POINT (28.9294115 41.0123615)
913577929,41.0158383,28.929054,3,,,,POINT (28.929054 41.0158383)
913579996,41.0138238,28.9315567,1,,,,POINT (28.9315567 41.0138238)
913580264,41.0139566,28.9320773,3,,,,POINT (28.9320773 41.0139566)
913582346,41.0131168,28.928716,1,,,,POINT (28.928716 41.0131168)
913582349,41.013376,28.9289121,3,,,,POINT (28.9289121 41.013376)
915823791,41.0154946,28.9314861,1,,,,POINT (28.9314861 41.0154946)
915823803,41.0156298,28.9317134,3,,,,POINT (28.9317134 41.0156298)
915823979,41.0158896,28.9315356,3,,,,POINT (28.9315356 41.0158896)
940863435,41.0043721,28.9623719,3,,,,POINT (28.9623719 41.0043721)
952160704,41.0125136,28.9574105,3,,,,POINT (28.9574105 41.0125136)
974668672,40.9939571,28.922077,3,,,,POINT (28.922077 40.9939571)
974668909,40.9942573,28.9233038,3,,,,POINT (28.9233038 40.9942573)
975062463,41.023522,28.9305586,3,,,,POINT (28.9305586 41.023522)
975062470,41.0220372,28.9326999,3,,,,POINT (28.9326999 41.0220372)
989943824,41.0173953,28.9291818,3,,,,POINT (28.9291818 41.0173953)
989993675,41.017817,28.9277882,3,,,,POINT (28.9277882 41.017817)
989994408,41.0157491,28.9320024,3,,,,POINT (28.9320024 41.0157491)
989995645,41.0179987,28.9274259,3,crossing,,,POINT (28.9274259 41.0179987)
989995653,41.018222,28.9274639,3,,,,POINT (28.9274639 41.018222)
990015265,41.0118386,28.9513366,4,,,,POINT (28.9513366 41.0118386)
990015266,41.0099242,28.9513189,3,,,,POINT (28.9513189 41.0099242)
990015289,41.0105033,28.9513525,3,,,,POINT (28.9513525 41.0105033)
990015291,41.0110583,28.9504222,3,,,,POINT (28.9504222 41.0110583)
990016551,41.0110698,28.9499389,3,,,,POINT (28.9499389 41.0110698)
990016554,41.0110704,28.9513492,4,,,,POINT (28.9513492 41.0110704)
990016796,41.0110514,28.9517559,4,,,,POINT (28.9517559 41.0110514)
990016798,41.0110444,28.9522661,3,,,,POINT (28.9522661 41.0110444)
990017286,41.0099033,28.9518185,3,,,,POINT (28.9518185 41.0099033)
990017289,41.0104414,28.9518944,3,,,,POINT (28.9518944 41.0104414)
990017291,41.0105812,28.9519617,3,,,,POINT (28.9519617 41.0105812)
990017293,41.0110483,28.9519775,4,,,,POINT (28.9519775 41.0110483)
990017342,41.0108084,28.9513528,3,,,,POINT (28.9513528 41.0108084)
990017359,41.0108002,28.9519678,3,,,,POINT (28.9519678 41.0108002)
990017558,41.0108,28.9517589,4,,,,POINT (28.9517589 41.0108)
990017696,41.0117671,28.9517795,3,,,,POINT (28.9517795 41.0117671)
990017839,41.0116407,28.9499525,3,,,,POINT (28.9499525 41.0116407)
990018199,41.0104987,28.9508169,4,,,,POINT (28.9508169 41.0104987)
990018296,41.011052,28.9508419,4,,,,POINT (28.9508419 41.011052)
990018297,41.0115921,28.9508482,4,,,,POINT (28.9508482 41.0115921)
990018298,41.0118747,28.9508523,3,,,,POINT (28.9508523 41.0118747)
990018867,41.0098741,28.9520818,3,,,,POINT (28.9520818 41.0098741)
990018870,41.0101591,28.9521966,3,,,,POINT (28.9521966 41.0101591)
990019172,41.0101673,28.951852,3,,,,POINT (28.951852 41.0101673)
990019323,41.0115846,28.9523296,3,,,,POINT (28.9523296 41.0115846)
990019519,41.0115668,28.9513674,4,,,,POINT (28.9513674 41.0115668)
990019520,41.0115638,28.9517587,3,,,,POINT (28.9517587 41.0115638)
1016468672,41.0038106,28.9634995,3,,,,POINT (28.9634995 41.0038106)
1016468695,41.0040289,28.9648658,3,,,,POINT (28.9648658 41.0040289)
1016468698,41.0040945,28.9592082,3,,,,POINT (28.9592082 41.0040945)
1016468774,41.0035676,28.9651758,3,,,,POINT (28.9651758 41.0035676)
1016468796,41.0047475,28.958525,4,,,,POINT (28.958525 41.0047475)
1016468834,41.0043483,28.9634604,3,,,,POINT (28.9634604 41.0043483)
1016468882,41.0039765,28.9631693,3,,,,POINT (28.9631693 41.0039765)
1016468905,41.0041747,28.9638166,3,,,,POINT (28.9638166 41.0041747)
1016925272,41.0039776,28.964195,3,,,,POINT (28.964195 41.0039776)
1018171027,41.0035934,28.9624791,1,,,,POINT (28.9624791 41.0035934)
1018171043,41.0036658,28.9613901,3,,,,POINT (28.9613901 41.0036658)
1018171045,41.0039054,28.9620396,3,,,,POINT (28.9620396 41.0039054)
1018527952,41.0073403,28.9638408,4,,,,POINT (28.9638408 41.0073403)
1018527956,41.006177,28.9648441,3,,,,POINT (28.9648441 41.006177)
1018527964,41.0050606,28.9577806,4,,,,POINT (28.9577806 41.0050606)
1018527990,41.0047653,28.9567025,3,,,,POINT (28.9567025 41.0047653)
1018527999,41.0036097,28.963773,3,,,,POINT (28.963773 41.0036097)
1018528014,41.0052582,28.956936,3,,,,POINT (28.956936 41.0052582)
1018528019,41.0050772,28.9586791,3,,,,POINT (28.9586791 41.0050772)
1018528028,41.0071174,28.9652751,4,,,,POINT (28.9652751 41.0071174)
1018528060,41.0040391,28.9606577,3,,,,POINT (28.9606577 41.0040391)
1018528064,41.0052224,28.9614433,3,,,,POINT (28.9614433 41.0052224)
1018528111,41.0055929,28.9582278,4,,,,POINT (28.9582278 41.0055929)
1018528122,41.0045964,28.9595533,3,,,,POINT (28.9595533 41.0045964)
1018528148,41.0053668,28.9558733,3,,,,POINT (28.9558733 41.0053668)
1018528162,41.0055227,28.9551504,4,,,,POINT (28.9551504 41.0055227)
1024722358,41.0068683,28.9603366,3,,,,POINT (28.9603366 41.0068683)
1024722365,41.0056755,28.9622826,3,,,,POINT (28.9622826 41.0056755)
1024722391,41.0072215,28.959375,3,,,,POINT (28.959375 41.0072215)
1024722394,41.0050695,28.9568442,3,,,,POINT (28.9568442 41.0050695)
1024722401,41.0065382,28.9622075,3,,,,POINT (28.9622075 41.0065382)
1024722407,41.0068582,28.9605968,3,,,,POINT (28.9605968 41.0068582)
1024722428,41.007105,28.9596788,4,,,,POINT (28.9596788 41.007105)
1024722432,41.0055257,28.9622185,3,,,,POINT (28.9622185 41.0055257)
1024722438,41.0063084,28.9600875,3,,,,POINT (28.9600875 41.0063084)
1024722444,41.0068052,28.9611171,3,,,,POINT (28.9611171 41.0068052)
1024722460,41.0065661,28.9591273,3,,,,POINT (28.9591273 41.0065661)
1024722467,41.004942,28.9556769,3,,,,POINT (28.9556769 41.004942)
1025662147,41.0167361,28.9299917,3,,,,POINT (28.9299917 41.0167361)
1034388000,40.9979,28.9241941,3,,,,POINT (28.9241941 40.9979)
1034388013,40.9979741,28.9235216,3,,,,POINT (28.9235216 40.9979741)
1034388018,40.9980975,28.9227837,3,,,,POINT (28.9227837 40.9980975)
1034388023,40.9965567,28.9233171,3,,,,POINT (28.9233171 40.9965567)
1034388025,40.9972083,28.9233607,3,,,,POINT (28.9233607 40.9972083)
1034388029,40.9976686,28.923466,3,,,,POINT (28.923466 40.9976686)
1034388032,40.9977796,28.9226319,3,,,,POINT (28.9226319 40.9977796)
1034388043,40.9972711,28.9224339,3,,,,POINT (28.9224339 40.9972711)
1034388052,40.9950143,28.9289132,3,,,,POINT (28.9289132 40.9950143)
1034388053,40.9946909,28.9282884,4,,,,POINT (28.9282884 40.9946909)
1034388055,40.9944444,28.9277148,3,,,,POINT (28.9277148 40.9944444)
1034388059,40.9951942,28.927302,3,,,,POINT (28.927302 40.9951942)
1034388066,40.9950306,28.9264175,3,,,,POINT (28.9264175 40.9950306)
1034388068,40.9947861,28.926754,3,,,,POINT (28.926754 40.9947861)
1034388076,40.995335,28.928632,3,,,,POINT (28.928632 40.995335)
1034388080,40.9955423,28.9279873,4,,,,POINT (28.9279873 40.9955423)
1034388084,40.9961933,28.9272238,3,,,,POINT (28.9272238 40.9961933)
1034388088,40.9972916,28.9259417,3,,,,POINT (28.9259417 40.9972916)
1034388092,40.997429,28.9242076,3,,,,POINT (28.9242076 40.997429)
1034388103,40.9978974,28.9274589,3,,,,POINT (28.9274589 40.9978974)
1034388109,40.9973008,28.9265346,3,,,,POINT (28.9265346 40.9973008)
1034388111,40.9971604,28.9262856,3,,,,POINT (28.9262856 40.9971604)
1034388115,40.9970085,28.9258938,3,,,,POINT (28.9258938 40.9970085)
1034388118,40.9976417,28.926206,4,,,,POINT (28.926206 40.9976417)
1034388124,40.9966104,28.9267249,3,,,,POINT (28.9267249 40.9966104)
1034388133,40.9966969,28.9268352,3,,,,POINT (28.9268352 40.9966969)
1034388135,40.9963108,28.9273794,3,,,,POINT (28.9273794 40.9963108)
1034388140,40.9944479,28.9284883,3,,,,POINT (28.9284883 40.9944479)
1034388144,40.9953637,28.9276241,3,,,,POINT (28.9276241 40.9953637)
1034388153,40.99473,28.9253648,3,,,,POINT (28.9253648 40.99473)
1034388166,40.9944058,28.9243458,3,,,,POINT (28.9243458 40.9944058)
1034388170,40.9983189,28.9269609,1,,,,POINT (28.9269609 40.9983189)
1034388185,40.9965159,28.9241452,4,,,,POINT (28.9241452 40.9965159)
1034388188,40.9965212,28.9227517,3,,,,POINT (28.9227517 40.9965212)
1034388197,40.9965861,28.9221544,3,,,,POINT (28.9221544 40.9965861)
1034388210,40.9960978,28.9218975,3,,,,POINT (28.9218975 40.9960978)
1034388212,40.9957282,28.9217093,3,,,,POINT (28.9217093 40.9957282)
1034388225,40.9940428,28.922357,3,,,,POINT (28.922357 40.9940428)
1034388229,40.9959434,28.9228303,1,,,,POINT (28.9228303 40.9959434)
1034388231,40.9961043,28.9228139,3,,,,POINT (28.9228139 40.9961043)
1034388240,40.9945444,28.9264862,3,,,,POINT (28.9264862 40.9945444)
1034388242,40.9939138,28.9271379,3,,,,POINT (28.9271379 40.9939138)
1034388245,40.9940646,28.9276146,3,,,,POINT (28.9276146 40.9940646)
1034388252,40.9948595,28.9268343,3,,,,POINT (28.9268343 40.9948595)
1034388263,40.9962397,28.9240746,3,,,,POINT (28.9240746 40.9962397)
1034388265,40.9958083,28.9239487,3,,,,POINT (28.9239487 40.9958083)
1034388269,40.9943847,28.9237988,3,,,,POINT (28.9237988 40.9943847)
1034388277,40.9947281,28.9259839,3,,,,POINT (28.9259839 40.9947281)
1034388278,40.9949751,28.9256631,4,,,,POINT (28.9256631 40.9949751)
1034388279,40.9953074,28.9252114,3,,,,POINT (28.9252114 40.9953074)
1034388286,40.9978192,28.9286281,3,,,,POINT (28.9286281 40.9978192)
1034388295,40.9958959,28.9259682,4,,,,POINT (28.9259682 40.9958959)
1034388315,40.993568,28.9244567,5,,,,POINT (28.9244567 40.993568)
1034388325,40.993954,28.9253895,3,,,,POINT (28.9253895 40.993954)
1034388336,40.9941314,28.9257759,3,,,,POINT (28.9257759 40.9941314)
1034388342,40.9942538,28.9260914,3,,,,POINT (28.9260914 40.9942538)
1034388352,40.9950378,28.9270746,4,,,,POINT (28.9270746 40.9950378)
1034388360,40.9948076,28.9290592,3,,,,POINT (28.9290592 40.9948076)
1034388375,40.9952876,28.9267338,3,,,,POINT (28.9267338 40.9952876)
1034388382,40.9943865,28.9254575,4,,,,POINT (28.9254575 40.9943865)
1034388395,40.9941832,28.9251177,4,,,,POINT (28.9251177 40.9941832)
1034388397,40.993948,28.9245827,3,,,,POINT (28.9245827 40.993948)
1034388406,40.9945745,28.925252,3,,,,POINT (28.925252 40.9945745)
1034388410,40.994424,28.9248152,3,,,,POINT (28.9248152 40.994424)
1034388420,40.9937544,28.9266192,3,,,,POINT (28.9266192 40.9937544)
1034388434,40.9943997,28.9245362,3,,,,POINT (28.9245362 40.9943997)
1034388498,40.9950799,28.9293749,3,,,,POINT (28.9293749 40.9950799)
1034388516,40.9942193,28.9279893,3,,,,POINT (28.9279893 40.9942193)
1034388537,40.9935755,28.9239988,3,,,,POINT (28.9239988 40.9935755)
1034388569,40.99557,28.9264073,4,,,,POINT (28.9264073 40.99557)
1034388743,40.9915562,28.9219688,3,,,,POINT (28.9219688 40.9915562)
1035580876,41.0011545,28.9339986,3,,,,POINT (28.9339986 41.0011545)
1035580878,41.0009127,28.9343409,3,,,,POINT (28.9343409 41.0009127)
1035580881,41.0012798,28.934339,3,,,,POINT (28.934339 41.0012798)
1035580882,41.0010411,28.9345626,3,,,,POINT (28.9345626 41.0010411)
1035580883,41.0033992,28.9333813,3,,,,POINT (28.9333813 41.0033992)
1035580884,41.0020451,28.9317832,4,,,,POINT (28.9317832 41.0020451)
1035580885,41.0016404,28.931299,4,,,,POINT (28.931299 41.0016404)
1035580886,41.0012532,28.9308359,4,,,,POINT (28.9308359 41.0012532)
1035580889,41.0006658,28.9298785,3,,,,POINT (28.9298785 41.0006658)
1035580890,41.001298,28.9329303,3,,,,POINT (28.9329303 41.001298)
1035580891,41.0016603,28.9323566,4,,,,POINT (28.9323566 41.0016603)
1035580892,41.0018688,28.9320278,4,,,,POINT (28.9320278 41.0018688)
1035580893,41.0022377,28.9314619,4,,,,POINT (28.9314619 41.0022377)
1035580897,41.003399,28.9327921,3,,,,POINT (28.9327921 41.003399)
1035580898,41.0018469,28.9310077,4,,,,POINT (28.9310077 41.0018469)
1035580899,41.0014683,28.9305423,3,,,,POINT (28.9305423 41.0014683)
1035580900,41.0000604,28.9317724,3,,,,POINT (28.9317724 41.0000604)
1035580901,40.9997474,28.932121,3,,,,POINT (28.932121 40.9997474)
1035580904,40.9996196,28.9312384,3,,,,POINT (28.9312384 40.9996196)
1035580905,40.9994719,28.9319396,3,,,,POINT (28.9319396 40.9994719)
1035580908,41.0000131,28.9324654,4,,,,POINT (28.9324654 41.0000131)
1035580913,41.0004657,28.9333536,3,,,,POINT (28.9333536 41.0004657)
1035580921,41.0011194,28.9338323,3,,,,POINT (28.9338323 41.0011194)
1035580930,41.0008495,28.9330461,3,,,,POINT (28.9330461 41.0008495)
1035580956,40.9994755,28.9324919,3,,,,POINT (28.9324919 40.9994755)
1035580965,40.9994952,28.9322552,3,,,,POINT (28.9322552 40.9994952)
1035580973,40.9992379,28.9327617,4,,,,POINT (28.9327617 40.9992379)
1035580979,40.998943,28.9331447,4,,,,POINT (28.9331447 40.998943)
1035580980,40.9989526,28.9332923,3,,,,POINT (28.9332923 40.9989526)
1035580994,40.9998048,28.932185,3,,,,POINT (28.932185 40.9998048)
1035581001,41.0002866,28.9321119,3,,,,POINT (28.9321119 41.0002866)
1035581006,40.9990114,28.9314961,3,,,,POINT (28.9314961 40.9990114)
1035581015,40.9981754,28.9311088,3,,,,POINT (28.9311088 40.9981754)
1035581017,40.9976245,28.9307787,3,,,,POINT (28.9307787 40.9976245)
1035581018,40.9973138,28.9305845,3,,,,POINT (28.9305845 40.9973138)
1035581025,40.9989957,28.9320192,3,,,,POINT (28.9320192 40.9989957)
1035581028,40.9989763,28.9318102,3,,,,POINT (28.9318102 40.9989763)
1035581050,40.9993325,28.9310298,3,,,,POINT (28.9310298 40.9993325)
1035581072,40.99805,28.9314934,4,,,,POINT (28.9314934 40.99805)
1035581090,40.9980145,28.9316441,1,,,,POINT (28.9316441 40.9980145)
1035581104,40.9992,28.9320294,3,,,,POINT (28.9320294 40.9992)
1035581134,41.0006217,28.9326381,3,,,,POINT (28.9326381 41.0006217)
1035581171,40.9979979,28.9298651,3,,,,POINT (28.9298651 40.9979979)
1035581185,40.99761,28.929923,3,,,,POINT (28.929923 40.99761)
1035581190,40.9972426,28.9296749,3,,,,POINT (28.9296749 40.9972426)
1035581194,40.9967151,28.9290319,3,,,,POINT (28.9290319 40.9967151)
1035581202,40.9963117,28.9285499,3,,,,POINT (28.9285499 40.9963117)
1035581211,40.9968193,28.9306927,3,,,,POINT (28.9306927 40.9968193)
1035581218,40.9969881,28.9300423,3,,,,POINT (28.9300423 40.9969881)
1035581222,40.9964703,28.9295462,3,,,,POINT (28.9295462 40.9964703)
1035581236,40.9963218,28.930372,3,,,,POINT (28.930372 40.9963218)
1035581292,40.9969622,28.9318657,3,,,,POINT (28.9318657 40.9969622)
1035581296,40.9972112,28.9309248,3,,,,POINT (28.9309248 40.9972112)
1035581321,40.9969531,28.9283366,3,,,,POINT (28.9283366 40.9969531)
1035581323,40.9974618,28.9280251,4,,,,POINT (28.9280251 40.9974618)
1035581329,40.9978621,28.9274094,3,,,,POINT (28.9274094 40.9978621)
1035581342,40.9952904,28.9295816,3,,,,POINT (28.9295816 40.9952904)
1035581348,40.9951655,28.9287843,3,,,,POINT (28.9287843 40.9951655)
1035581355,40.9960387,28.9293708,3,,,,POINT (28.9293708 40.9960387)
1035581357,40.9958536,28.9292034,3,,,,POINT (28.9292034 40.9958536)
1035581369,40.9952532,28.9287109,3,,,,POINT (28.9287109 40.9952532)
1035581376,40.9954506,28.929801,3,,,,POINT (28.929801 40.9954506)
1035581423,40.9952808,28.9305856,3,,,,POINT (28.9305856 40.9952808)
1035581434,40.9956058,28.93005,3,,,,POINT (28.93005 40.9956058)
1035581465,40.9997592,28.9282516,4,,,,POINT (28.9282516 40.9997592)
1035581468,40.9999266,28.9286321,3,,,,POINT (28.9286321 40.9999266)
1035581488,41.0002874,28.9285671,3,,,,POINT (28.9285671 41.0002874)
1035581500,40.9967424,28.9279845,3,,,,POINT (28.9279845 40.9967424)
1035581501,40.996597,28.9282707,3,,,,POINT (28.9282707 40.996597)
1035581515,40.9963181,28.9284317,3,,,,POINT (28.9284317 40.9963181)
1035581533,40.9957121,28.9300396,3,,,,POINT (28.9300396 40.9957121)
1035581554,40.9963174,28.9280052,3,,,,POINT (28.9280052 40.9963174)
1035581568,40.995772,28.9277071,3,,,,POINT (28.9277071 40.995772)
1035581581,40.9964288,28.9281132,3,,,,POINT (28.9281132 40.9964288)
1035581595,40.9964813,28.9276248,3,,,,POINT (28.9276248 40.9964813)
1035581607,41.0003737,28.930881,3,,,,POINT (28.930881 41.0003737)
1035581609,41.0001713,28.9311899,4,,,,POINT (28.9311899 41.0001713)
1035581614,40.9999198,28.9315806,3,,,,POINT (28.9315806 40.9999198)
1035581646,40.9996384,28.9295482,1,,,,POINT (28.9295482 40.9996384)
1035581652,41.0001058,28.9296061,3,,,,POINT (28.9296061 41.0001058)
1035581677,41.0003463,28.9288365,3,,,,POINT (28.9288365 41.0003463)
1035581703,40.9995399,28.9288944,3,,,,POINT (28.9288944 40.9995399)
1035581767,41.0002301,28.9283872,3,,,,POINT (28.9283872 41.0002301)
1035581787,40.9996817,28.931318,3,,,,POINT (28.931318 40.9996817)
1035581788,40.9999554,28.9309147,4,,,,POINT (28.9309147 40.9999554)
1035581799,41.0001529,28.9306032,4,,,,POINT (28.9306032 41.0001529)
1035581805,41.0004075,28.9302502,3,,,,POINT (28.9302502 41.0004075)
1035581816,41.0007031,28.929522,4,,,,POINT (28.929522 41.0007031)
1035581835,41.0012372,28.9318774,4,,,,POINT (28.9318774 41.0012372)
1035581837,41.0008677,28.9314409,4,,,,POINT (28.9314409 41.0008677)
1035581842,41.0006192,28.9311402,4,,,,POINT (28.9311402 41.0006192)
1035581845,40.9998968,28.9302829,3,,,,POINT (28.9302829 40.9998968)
1035581865,41.0004048,28.9291957,3,,,,POINT (28.9291957 41.0004048)
1035581872,41.0004222,28.9314638,4,,,,POINT (28.9314638 41.0004222)
1035581874,41.0008352,28.930785,3,,,,POINT (28.930785 41.0008352)
1035581880,41.0018154,28.9300316,3,,,,POINT (28.9300316 41.0018154)
1035581881,41.001097,28.9310749,4,,,,POINT (28.9310749 41.001097)
1035581882,41.000659,28.9317703,4,,,,POINT (28.9317703 41.000659)
1035581898,41.0031105,28.933495,3,,,,POINT (28.933495 41.0031105)
1035581902,41.0014609,28.9315611,4,,,,POINT (28.9315611 41.0014609)
1035581903,41.0023853,28.9301952,3,,,,POINT (28.9301952 41.0023853)
1035581904,41.0010201,28.9322161,3,,,,POINT (28.9322161 41.0010201)
1035581905,41.0006853,28.9327238,4,,,,POINT (28.9327238 41.0006853)
1035581908,40.9995385,28.9270493,3,,,,POINT (28.9270493 40.9995385)
1035581909,40.9985139,28.9298522,3,,,,POINT (28.9298522 40.9985139)
1035581910,40.9986648,28.9294883,3,,,,POINT (28.9294883 40.9986648)
1035581914,40.9984874,28.9286199,3,,,,POINT (28.9286199 40.9984874)
1035581923,40.9986968,28.9299618,1,,,,POINT (28.9299618 40.9986968)
1035581924,40.9982554,28.9297261,3,,,,POINT (28.9297261 40.9982554)
1035581925,41.0010118,28.9261826,3,,,,POINT (28.9261826 41.0010118)
1035581926,41.0010969,28.925681,3,,,,POINT (28.925681 41.0010969)
1035581927,41.0011313,28.9253618,3,,,,POINT (28.9253618 41.0011313)
1035581928,41.0011859,28.9247074,3,,,,POINT (28.9247074 41.0011859)
1035581931,41.0015101,28.9243991,3,,,,POINT (28.9243991 41.0015101)
1035581932,41.0011904,28.9277046,3,,,,POINT (28.9277046 41.0011904)
1035581933,41.0011874,28.9275061,3,,,,POINT (28.9275061 41.0011874)
1035581935,41.0013317,28.9268035,4,,,,POINT (28.9268035 41.0013317)
1035581937,41.0015668,28.9265393,3,,,,POINT (28.9265393 41.0015668)
1035581938,41.001609,28.9263461,3,,,,POINT (28.9263461 41.001609)
1035581944,41.0000897,28.9261947,5,,,,POINT (28.9261947 41.0000897)
1035581945,41.0000753,28.9279048,4,,,,POINT (28.9279048 41.0000753)
1035581946,41.0004005,28.9275932,3,,,,POINT (28.9275932 41.0004005)
1035581950,41.00079,28.9264978,3,,,,POINT (28.9264978 41.00079)
1035581956,41.0005468,28.9246719,3,,,,POINT (28.9246719 41.0005468)
1035581958,40.999873,28.9247263,3,,,,POINT (28.9247263 40.999873)
1035581959,41.0004067,28.9251681,3,,,,POINT (28.9251681 41.0004067)
1035581960,41.0007472,28.9253796,3,,,,POINT (28.9253796 41.0007472)
1035581963,41.0005919,28.9265099,4,,,,POINT (28.9265099 41.0005919)
1035581965,41.0006337,28.9260606,3,,,,POINT (28.9260606 41.0006337)
1035581969,41.0011521,28.9232661,3,,,,POINT (28.9232661 41.0011521)
1035581970,41.0009026,28.9238598,3,,,,POINT (28.9238598 41.0009026)
1035581993,41.0024411,28.9236075,4,,,,POINT (28.9236075 41.0024411)
1035582011,41.0015471,28.923118,3,,,,POINT (28.923118 41.0015471)
1035582039,41.0010911,28.9228858,3,,,,POINT (28.9228858 41.0010911)
1035582057,41.0008703,28.9229773,3,,,,POINT (28.9229773 41.0008703)
1035582075,41.0017825,28.9239667,4,,,,POINT (28.9239667 41.0017825)
1035582077,41.0015371,28.9244166,3,,,,POINT (28.9244166 41.0015371)
1035582092,40.9992395,28.9256394,3,,,,POINT (28.9256394 40.9992395)
1035582117,40.9996535,28.9251957,3,,,,POINT (28.9251957 40.9996535)
1035582198,40.9964752,28.9324977,3,,,,POINT (28.9324977 40.9964752)
1035582300,40.998947,28.9265475,3,,,,POINT (28.9265475 40.998947)
1035582307,40.99864,28.9278998,3,,,,POINT (28.9278998 40.99864)
1035582309,40.9983415,28.9292789,3,,,,POINT (28.9292789 40.9983415)
1035582312,40.9981835,28.9300559,3,,,,POINT (28.9300559 40.9981835)
1035582365,40.9988903,28.9263973,3,,,,POINT (28.9263973 40.9988903)
1035582420,41.0001373,28.9241545,4,,,,POINT (28.9241545 41.0001373)
1035582435,41.000221,28.9233018,5,,,,POINT (28.9233018 41.000221)
1035582450,41.0007151,28.9227619,3,,,,POINT (28.9227619 41.0007151)
1035582561,41.001244,28.9241791,3,,,,POINT (28.9241791 41.001244)
1035582633,41.001877,28.9357716,3,,,,POINT (28.9357716 41.001877)
1035582634,41.0015496,28.9350081,3,,,,POINT (28.9350081 41.0015496)
1035622379,41.0189903,28.9258789,3,,,,POINT (28.9258789 41.0189903)
1036040420,41.0029482,28.9342243,3,,,,POINT (28.9342243 41.0029482)
1036040431,41.0020168,28.934668,5,,,,POINT (28.934668 41.0020168)
1036040441,41.0035066,28.9339034,3,,,,POINT (28.9339034 41.0035066)
1036040451,41.0094561,28.9377177,4,,,,POINT (28.9377177 41.0094561)
1036040553,41.0055368,28.9343329,3,,,,POINT (28.9343329 41.0055368)
1036040555,41.0047249,28.9344445,4,,,,POINT (28.9344445 41.0047249)
1036040559,41.0041022,28.9348463,4,,,,POINT (28.9348463 41.0041022)
1036040577,41.0032414,28.9351207,3,,,,POINT (28.9351207 41.0032414)
1036040583,41.0033599,28.9365516,4,,,,POINT (28.9365516 41.0033599)
1036040601,41.0040645,28.9346357,3,,,,POINT (28.9346357 41.0040645)
1036040607,41.0041933,28.9343215,3,,,,POINT (28.9343215 41.0041933)
1036040615,41.0040166,28.9337025,3,,,,POINT (28.9337025 41.0040166)
1036040634,41.0089389,28.9374575,3,,,,POINT (28.9374575 41.0089389)
1036040651,41.0029803,28.9339766,3,,,,POINT (28.9339766 41.0029803)
1036040786,41.0034484,28.9324895,4,,,,POINT (28.9324895 41.0034484)
1036040808,41.003211,28.9321894,4,,,,POINT (28.9321894 41.003211)
1036040813,41.0028018,28.9317253,4,,,,POINT (28.9317253 41.0028018)
1036040816,41.0023862,28.9312264,4,,,,POINT (28.9312264 41.0023862)
1036040819,41.0019985,28.9307614,4,,,,POINT (28.9307614 41.0019985)
1036040825,41.0016096,28.9303241,3,,,,POINT (28.9303241 41.0016096)
1036040843,41.0017001,28.9338328,3,,,,POINT (28.9338328 41.0017001)
1036040846,41.0020787,28.933594,3,,,,POINT (28.933594 41.0020787)
1036040852,41.0024978,28.933324,4,,,,POINT (28.933324 41.0024978)
1036040855,41.0026893,28.9329999,4,,,,POINT (28.9329999 41.0026893)
1036040859,41.0028634,28.9327431,4,,,,POINT (28.9327431 41.0028634)
1036040865,41.0030591,28.9324568,4,,,,POINT (28.9324568 41.0030591)
1036040877,41.0038354,28.9317057,4,,,,POINT (28.9317057 41.0038354)
1036040892,41.0026088,28.9334849,3,,,,POINT (28.9334849 41.0026088)
1036040933,41.0008503,28.9324608,3,,,,POINT (28.9324608 41.0008503)
1036041017,41.0052399,28.9362275,4,,,,POINT (28.9362275 41.0052399)
1036041024,41.0051248,28.9358957,4,,,,POINT (28.9358957 41.0051248)
1036041038,41.0044225,28.9335312,3,,,,POINT (28.9335312 41.0044225)
1036041045,41.0040661,28.9324801,4,,,,POINT (28.9324801 41.0040661)
1036041051,41.0036547,28.9311367,3,,,,POINT (28.9311367 41.0036547)
1036041052,41.0035227,28.9306738,3,,,,POINT (28.9306738 41.0035227)
1036041058,41.0033694,28.9301051,3,,,,POINT (28.9301051 41.0033694)
1036041135,41.00674,28.9363477,4,,,,POINT (28.9363477 41.00674)
1036041178,41.0020976,28.9328254,3,,,,POINT (28.9328254 41.0020976)
1036041182,41.0022879,28.9325292,4,,,,POINT (28.9325292 41.0022879)
1036041185,41.002465,28.9322869,4,,,,POINT (28.9322869 41.002465)
1036041187,41.0026726,28.931971,4,,,,POINT (28.931971 41.0026726)
1036041259,41.0029082,28.9338055,3,,,,POINT (28.9338055 41.0029082)
1036041260,41.0032742,28.933271,3,,,,POINT (28.933271 41.0032742)
1036041283,41.0044722,28.9362365,4,,,,POINT (28.9362365 41.0044722)
1036041287,41.003547,28.9364913,3,,,,POINT (28.9364913 41.003547)
1036041294,41.0049859,28.9361848,3,,,,POINT (28.9361848 41.0049859)
1036041308,41.0049531,28.9359798,3,,,,POINT (28.9359798 41.0049531)
1036041396,41.0024264,28.938101,3,,,,POINT (28.938101 41.0024264)
1036041405,41.0028,28.9395445,3,,,,POINT (28.9395445 41.0028)
1036041415,41.0027185,28.9367887,3,,,,POINT (28.9367887 41.0027185)
1036041424,41.002331,28.9354521,3,,,,POINT (28.9354521 41.002331)
1036041442,41.0011485,28.9339198,3,,,,POINT (28.9339198 41.0011485)
1036041490,41.0033269,28.932749,4,,,,POINT (28.932749 41.0033269)
1036041494,41.0031105,28.9330661,4,,,,POINT (28.9330661 41.0031105)
1036041500,41.0029443,28.9333189,4,,,,POINT (28.9333189 41.0029443)
1036041507,41.0027429,28.933619,4,,,,POINT (28.933619 41.0027429)
1036041536,41.0033958,28.9339164,3,,,,POINT (28.9339164 41.0033958)
1036041662,41.0023328,28.9370051,3,,,,POINT (28.9370051 41.0023328)
1036041686,41.0022312,28.9367978,3,,,,POINT (28.9367978 41.0022312)
1036041734,41.0019907,28.9376182,4,,,,POINT (28.9376182 41.0019907)
1036041738,41.0016046,28.9367778,3,,,,POINT (28.9367778 41.0016046)
1036041949,41.0022656,28.9401298,3,,,,POINT (28.9401298 41.0022656)
1036042085,41.0019629,28.9402027,3,,,,POINT (28.9402027 41.0019629)
1036042653,41.0025941,28.9379214,3,,,,POINT (28.9379214 41.0025941)
1045078910,41.014382,28.9304646,3,,,,POINT (28.9304646 41.014382)
1045079075,41.0124525,28.9314156,3,,,,POINT (28.9314156 41.0124525)
1045079319,41.0123701,28.9311534,3,,,,POINT (28.9311534 41.0123701)
1045079365,41.0122557,28.9311506,4,,,,POINT (28.9311506 41.0122557)
1045079400,41.0123308,28.9310207,3,,,,POINT (28.9310207 41.0123308)
1049732670,41.0138859,28.9327598,4,,,,POINT (28.9327598 41.0138859)
1049868843,41.0116398,28.9388081,4,,,,POINT (28.9388081 41.0116398)
1049868851,41.0122384,28.938897,4,,,,POINT (28.938897 41.0122384)
1055371195,41.0165053,28.9764561,3,,,,POINT (28.9764561 41.0165053)
1055371699,41.0165069,28.9846881,4,,,,POINT (28.9846881 41.0165069)
1055371734,41.0171327,28.9751074,3,,,,POINT (28.9751074 41.0171327)
1055371770,41.0164388,28.9846963,3,,,,POINT (28.9846963 41.0164388)
1055371979,41.0021688,28.9743689,3,,,,POINT (28.9743689 41.0021688)
1055371984,41.0021058,28.9732376,3,,,,POINT (28.9732376 41.0021058)
1055371988,41.0020628,28.9717517,3,,,,POINT (28.9717517 41.0020628)
1055372003,41.0028327,28.9681983,3,,,,POINT (28.9681983 41.0028327)
1055372049,41.003959,28.95608,3,,,,POINT (28.95608 41.003959)
1055372133,41.0023015,28.9736316,3,,,,POINT (28.9736316 41.0023015)
1055372145,41.0022429,28.9735665,4,crossing,,,POINT (28.9735665 41.0022429)
1055372709,41.0062478,28.9536137,4,,,,POINT (28.9536137 41.0062478)
1055372722,41.0062835,28.9534253,3,,,,POINT (28.9534253 41.0062835)
1055372823,41.0027743,28.9529557,3,,,,POINT (28.9529557 41.0027743)
1055372845,41.0030765,28.956015,5,,,,POINT (28.956015 41.0030765)
1055372921,41.0072551,28.9533843,3,traffic_signals,,,POINT (28.9533843 41.0072551)
1055373030,41.0019539,28.9492772,4,,,,POINT (28.9492772 41.0019539)
1055373033,41.0017891,28.9481778,3,,,,POINT (28.9481778 41.0017891)
1055373044,41.0015933,28.9463093,4,,,,POINT (28.9463093 41.0015933)
1055373157,41.0028219,28.950208,3,,,,POINT (28.950208 41.0028219)
1055373192,41.0015312,28.9488157,3,,,,POINT (28.9488157 41.0015312)
1055373197,41.0015502,28.95116,4,,,,POINT (28.95116 41.0015502)
1055373199,41.0018054,28.9522493,4,,,,POINT (28.9522493 41.0018054)
1055512576,41.0063492,28.9227081,3,,,,POINT (28.9227081 41.0063492)
1055512578,41.0064206,28.922978,3,,,,POINT (28.922978 41.0064206)
1055512585,41.0067676,28.9249946,4,,,,POINT (28.9249946 41.0067676)
1055512592,41.0049406,28.9249995,3,,,,POINT (28.9249995 41.0049406)
1055512593,41.0049666,28.9241449,4,,,,POINT (28.9241449 41.0049666)
1055512602,41.005192,28.9232854,4,,,,POINT (28.9232854 41.005192)
1055512610,41.0059905,28.9219715,3,,,,POINT (28.9219715 41.0059905)
1055512613,41.0056692,28.923274,3,,,,POINT (28.923274 41.0056692)
1055512619,41.005732,28.9242305,4,,,,POINT (28.9242305 41.005732)
1055512623,41.0057863,28.9250397,3,,,,POINT (28.9250397 41.0057863)
1055512682,41.0036851,28.9247032,3,,,,POINT (28.9247032 41.0036851)
1055512718,41.0032574,28.9214717,3,,,,POINT (28.9214717 41.0032574)
1055512721,41.000718,28.9208572,3,,,,POINT (28.9208572 41.000718)
1055512722,40.9998484,28.9207742,4,,,,POINT (28.9207742 40.9998484)
1055512738,41.0024993,28.9292364,1,,,,POINT (28.9292364 41.0024993)
1055512744,41.0028091,28.9295962,3,,,,POINT (28.9295962 41.0028091)
1055512750,41.0027434,28.9293969,3,,,,POINT (28.9293969 41.0027434)
1055512770,41.0014609,28.9274018,1,,,,POINT (28.9274018 41.0014609)
1055512772,41.0017522,28.9274164,3,,,,POINT (28.9274164 41.0017522)
1055512781,41.0023256,28.9277891,3,,,,POINT (28.9277891 41.0023256)
1055512785,41.0029455,28.9301622,3,,,,POINT (28.9301622 41.0029455)
1055512799,41.0016459,28.9285565,1,,,,POINT (28.9285565 41.0016459)
1055512800,41.0020884,28.929317,3,,,,POINT (28.929317 41.0020884)
1055512809,41.0036926,28.926683,3,,,,POINT (28.926683 41.0036926)
1055512810,41.0007695,28.9292103,3,,,,POINT (28.9292103 41.0007695)
1055512812,41.0011665,28.9292052,1,,,,POINT (28.9292052 41.0011665)
1055512832,41.0032685,28.9272945,4,,,,POINT (28.9272945 41.0032685)
1055512836,41.0017209,28.9268392,3,,,,POINT (28.9268392 41.0017209)
1055512841,41.0017683,28.927714,3,,,,POINT (28.927714 41.0017683)
1055512848,41.001983,28.9280023,3,,,,POINT (28.9280023 41.001983)
1055512853,41.0019692,28.9300204,3,,,,POINT (28.9300204 41.0019692)
1055512887,41.0027911,28.9252614,3,,,,POINT (28.9252614 41.0027911)
1055512898,41.0035134,28.9246775,3,,,,POINT (28.9246775 41.0035134)
1055512900,41.0021871,28.9258182,3,,,,POINT (28.9258182 41.0021871)
1055512906,41.0011518,28.9250116,3,,,,POINT (28.9250116 41.0011518)
1055512929,41.0027442,28.9245814,3,,,,POINT (28.9245814 41.0027442)
1055512946,41.002594,28.9250733,5,,,,POINT (28.9250733 41.002594)
1055512952,41.0029254,28.9269575,4,,,,POINT (28.9269575 41.0029254)
1055512956,41.0035101,28.9264269,3,,,,POINT (28.9264269 41.0035101)
1055512957,41.0021643,28.9267138,3,,,,POINT (28.9267138 41.0021643)
1055512962,41.0029065,28.9254333,3,,,,POINT (28.9254333 41.0029065)
1055512970,41.002021,28.9267242,3,,,,POINT (28.9267242 41.002021)
1055512978,41.0028192,28.9240034,3,,,,POINT (28.9240034 41.0028192)
1055513056,41.0035643,28.9274818,3,,,,POINT (28.9274818 41.0035643)
1055513060,41.0037001,28.9270038,3,,,,POINT (28.9270038 41.0037001)
1055513062,41.0037431,28.9267982,3,,,,POINT (28.9267982 41.0037431)
1055513081,41.0036271,28.9296316,3,,,,POINT (28.9296316 41.0036271)
1055513083,41.0039648,28.9292794,3,,,,POINT (28.9292794 41.0039648)
1057437389,41.0104252,28.9457054,4,,,,POINT (28.9457054 41.0104252)
1057437393,41.0105623,28.9452524,3,crossing,,,POINT (28.9452524 41.0105623)
1057437398,41.0116714,28.9410153,3,crossing,,,POINT (28.9410153 41.0116714)
1057437585,41.0097252,28.9480057,3,,,,POINT (28.9480057 41.0097252)
1057574286,41.0106703,28.9274476,3,,,,POINT (28.9274476 41.0106703)
1057574289,41.0107191,28.9280671,3,,,,POINT (28.9280671 41.0107191)
1057574296,41.0107758,28.9288845,3,,,,POINT (28.9288845 41.0107758)
1057574309,41.0104033,28.9274342,3,,,,POINT (28.9274342 41.0104033)
1057574316,41.0105176,28.9289616,3,,,,POINT (28.9289616 41.0105176)
1057574341,41.0109411,28.9280317,3,,,,POINT (28.9280317 41.0109411)
1057574349,41.0114068,28.9274195,3,,,,POINT (28.9274195 41.0114068)
1057574363,41.0109452,28.9288763,3,,,,POINT (28.9288763 41.0109452)
1057574371,41.0074681,28.9257699,3,,,,POINT (28.9257699 41.0074681)
1057574376,41.0067077,28.9255059,3,,,,POINT (28.9255059 41.0067077)
1057574424,41.0102098,28.9291396,4,,,,POINT (28.9291396 41.0102098)
1057574433,41.0106148,28.928921,3,,,,POINT (28.928921 41.0106148)
1057574445,41.011122,28.9288441,3,,,,POINT (28.9288441 41.011122)
1057574496,41.0097635,28.9285011,3,,,,POINT (28.9285011 41.0097635)
1057574498,41.0093578,28.9283254,3,,,,POINT (28.9283254 41.0093578)
1057574513,41.0114535,28.929478,3,,,,POINT (28.929478 41.0114535)
1057574602,41.0090963,28.92888,3,,,,POINT (28.92888 41.0090963)
1057574604,41.0084831,28.9280709,3,,,,POINT (28.9280709 41.0084831)
1057574619,41.0086729,28.9272621,3,,,,POINT (28.9272621 41.0086729)
1057574625,41.0086279,28.9278632,3,,,,POINT (28.9278632 41.0086279)
1057574663,41.0095603,28.9277323,3,,,,POINT (28.9277323 41.0095603)
1057574676,41.007483,28.9302297,1,,,,POINT (28.9302297 41.007483)
1057574687,41.0078344,28.9312677,3,,,,POINT (28.9312677 41.0078344)
1057574699,41.0081242,28.9298442,1,,,,POINT (28.9298442 41.0081242)
1057574704,41.0085128,28.9298334,3,,,,POINT (28.9298334 41.0085128)
1057574735,41.0097572,28.9264333,3,,,,POINT (28.9264333 41.0097572)
1057574740,41.0096157,28.9273421,4,,,,POINT (28.9273421 41.0096157)
1057574787,41.0089403,28.9273012,4,,,,POINT (28.9273012 41.0089403)
1057574790,41.0083763,28.9272155,3,,,,POINT (28.9272155 41.0083763)
1057574797,41.0090782,28.9262615,3,,,,POINT (28.9262615 41.0090782)
1057574800,41.0089986,28.9268508,3,,,,POINT (28.9268508 41.0089986)
1057574810,41.0084018,28.9280063,3,,,,POINT (28.9280063 41.0084018)
1057574815,41.0084147,28.926706,3,,,,POINT (28.926706 41.0084147)
1057574839,41.0096231,28.926406,3,,,,POINT (28.926406 41.0096231)
1057574846,41.0097867,28.9256447,3,,,,POINT (28.9256447 41.0097867)
1057574850,41.0099747,28.9248828,3,,,,POINT (28.9248828 41.0099747)
1057574851,41.0100675,28.9244628,3,,,,POINT (28.9244628 41.0100675)
1057574863,41.0103322,28.9255266,4,,,,POINT (28.9255266 41.0103322)
1057574872,41.0100478,28.9257849,3,,,,POINT (28.9257849 41.0100478)
1057574885,41.0104722,28.9262385,4,,,,POINT (28.9262385 41.0104722)
1057574898,41.0116206,28.9270882,3,,,,POINT (28.9270882 41.0116206)
1057574904,41.0095135,28.9242885,3,,,,POINT (28.9242885 41.0095135)
1057574906,41.0093103,28.9263284,3,,,,POINT (28.9263284 41.0093103)
1057574919,41.0108525,28.9231816,3,,,,POINT (28.9231816 41.0108525)
1057574922,41.0101827,28.9229212,3,,,,POINT (28.9229212 41.0101827)
1057574934,41.0096994,28.9237873,3,,,,POINT (28.9237873 41.0096994)
1057574944,41.0101249,28.9238133,3,,,,POINT (28.9238133 41.0101249)
1057574949,41.0114109,28.9258566,3,,,,POINT (28.9258566 41.0114109)
1057574965,41.0122823,28.9252937,3,,,,POINT (28.9252937 41.0122823)
1057574975,41.0125053,28.9235451,3,,,,POINT (28.9235451 41.0125053)
1057575005,41.0111115,28.925853,3,,,,POINT (28.925853 41.0111115)
1057575024,41.0098648,28.9264202,3,,,,POINT (28.9264202 41.0098648)
1057575028,41.0083617,28.9261567,3,,,,POINT (28.9261567 41.0083617)
1057575042,41.0117756,28.9242552,3,,,,POINT (28.9242552 41.0117756)
1057575050,41.0112019,28.9232413,3,,,,POINT (28.9232413 41.0112019)
1057575054,41.0106937,28.9240612,4,,,,POINT (28.9240612 41.0106937)
1057575074,41.0112305,28.9241854,4,,,,POINT (28.9241854 41.0112305)
1057575081,41.0091615,28.9241726,3,,,,POINT (28.9241726 41.0091615)
1057575113,41.0083488,28.9260228,3,,,,POINT (28.9260228 41.0083488)
1057575115,41.0083964,28.9257486,3,,,,POINT (28.9257486 41.0083964)
1057575145,41.0083527,28.9279017,3,,,,POINT (28.9279017 41.0083527)
1057575149,41.007644,28.9271767,3,,,,POINT (28.9271767 41.007644)
1057575163,41.0069907,28.9270547,3,,,,POINT (28.9270547 41.0069907)
1057575174,41.0080948,28.9282388,1,,,,POINT (28.9282388 41.0080948)
1057575193,41.0075789,28.9253813,3,,,,POINT (28.9253813 41.0075789)
1057575205,41.0069759,28.9269237,3,,,,POINT (28.9269237 41.0069759)
1057575224,41.0077609,28.9244302,3,,,,POINT (28.9244302 41.0077609)
1057575273,41.0111521,28.9301929,3,,,,POINT (28.9301929 41.0111521)
1057575327,41.0079723,28.923686,3,,,,POINT (28.923686 41.0079723)
1057575345,41.0074826,28.9253099,3,,,,POINT (28.9253099 41.0074826)
1057575356,41.0079987,28.9230394,3,,,,POINT (28.9230394 41.0079987)
1057575460,41.0113444,28.9309117,1,,,,POINT (28.9309117 41.0113444)
1057575463,41.0114649,28.9304963,4,,,,POINT (28.9304963 41.0114649)
1057575485,41.0120091,28.9268393,1,,,,POINT (28.9268393 41.0120091)
1057575490,41.0124888,28.9270143,3,,,,POINT (28.9270143 41.0124888)
1057575495,41.0119367,28.927245,1,,,,POINT (28.927245 41.0119367)
1057575499,41.0124273,28.9272368,4,,,,POINT (28.9272368 41.0124273)
1057575536,41.0110633,28.9300449,3,,,,POINT (28.9300449 41.0110633)
1057575658,41.0133217,28.9236536,3,,,,POINT (28.9236536 41.0133217)
1057575660,41.0132865,28.9237805,3,,,,POINT (28.9237805 41.0132865)
1057575664,41.0130939,28.9245681,3,,,,POINT (28.9245681 41.0130939)
1057575756,41.0135752,28.9245156,3,,,,POINT (28.9245156 41.0135752)
1057575851,41.0048857,28.9255795,3,,,,POINT (28.9255795 41.0048857)
1057575855,41.0057466,28.9257321,3,,,,POINT (28.9257321 41.0057466)
1057575873,41.0053118,28.9264177,3,,,,POINT (28.9264177 41.0053118)
1057575886,41.0051139,28.9267098,3,,,,POINT (28.9267098 41.0051139)
1057575892,41.0038272,28.9254213,3,,,,POINT (28.9254213 41.0038272)
1057575908,41.0055728,28.9261883,3,,,,POINT (28.9261883 41.0055728)
1057575910,41.0054314,28.926936,4,,,,POINT (28.926936 41.0054314)
1057575917,41.0053346,28.9279853,3,,,,POINT (28.9279853 41.0053346)
1057575922,41.0053982,28.9281749,3,,,,POINT (28.9281749 41.0053982)
1057575929,41.0053177,28.9289323,3,,,,POINT (28.9289323 41.0053177)
1057575945,41.0048047,28.9274356,3,,,,POINT (28.9274356 41.0048047)
1057575951,41.0069997,28.9282139,3,,,,POINT (28.9282139 41.0069997)
1057575960,41.0067278,28.928162,3,,,,POINT (28.928162 41.0067278)
1057575978,41.0058654,28.9280936,4,,,,POINT (28.9280936 41.0058654)
1057575993,41.0065454,28.9291361,3,,,,POINT (28.9291361 41.0065454)
1057576014,41.0042444,28.9267276,3,,,,POINT (28.9267276 41.0042444)
1057576028,41.0050394,28.9267009,4,,,,POINT (28.9267009 41.0050394)
1057576033,41.0058086,28.9271754,3,,,,POINT (28.9271754 41.0058086)
1057576038,41.0069899,28.9271294,3,,,,POINT (28.9271294 41.0069899)
1057576048,41.0060753,28.9250097,3,,,,POINT (28.9250097 41.0060753)
1057576071,41.0048544,28.9273229,3,,,,POINT (28.9273229 41.0048544)
1057576079,41.0042004,28.9278419,3,,,,POINT (28.9278419 41.0042004)
1057576086,41.003963,28.9282634,3,,,,POINT (28.9282634 41.003963)
1057576118,41.0062853,28.9290675,4,,,,POINT (28.9290675 41.0062853)
1057576136,41.0039815,28.9270811,3,,,,POINT (28.9270811 41.0039815)
1057576171,41.0051329,28.9289459,3,,,,POINT (28.9289459 41.0051329)
1057576189,41.0066985,28.9291682,3,,,,POINT (28.9291682 41.0066985)
1057576198,41.0070658,28.9291452,3,,,,POINT (28.9291452 41.0070658)
1057576228,41.0061177,28.9303385,3,,,,POINT (28.9303385 41.0061177)
1057576231,41.0060372,28.9305998,3,,,,POINT (28.9305998 41.0060372)
1057576251,41.0068613,28.9302921,3,,,,POINT (28.9302921 41.0068613)
1057576279,41.0044897,28.9297352,3,,,,POINT (28.9297352 41.0044897)
1057576282,41.0046159,28.9297962,3,,,,POINT (28.9297962 41.0046159)
1057576292,41.0056422,28.9303335,3,,,,POINT (28.9303335 41.0056422)
1057576305,41.0035531,28.9307934,3,,,,POINT (28.9307934 41.0035531)
1057576311,41.0042108,28.9304753,3,,,,POINT (28.9304753 41.0042108)
1057576458,41.0049324,28.9311891,4,,,,POINT (28.9311891 41.0049324)
1057576484,41.0057935,28.9301401,3,,,,POINT (28.9301401 41.0057935)
1057576502,41.003872,28.9282484,3,,,,POINT (28.9282484 41.003872)
1057576534,41.0063264,28.9312079,3,,,,POINT (28.9312079 41.0063264)
1057576718,41.0073635,28.9359192,3,,,,POINT (28.9359192 41.0073635)
1057576771,41.0071284,28.9298656,3,,,,POINT (28.9298656 41.0071284)
1057576788,41.007303,28.9312425,3,,,,POINT (28.9312425 41.007303)
1057576838,41.0062213,28.9335158,3,,,,POINT (28.9335158 41.0062213)
1057576848,41.006481,28.933537,3,,,,POINT (28.933537 41.006481)
1057576852,41.006802,28.9335263,3,,,,POINT (28.9335263 41.006802)
1057576903,41.0064806,28.9337629,1,,,,POINT (28.9337629 41.0064806)
1057576944,41.0074023,28.9312494,3,,,,POINT (28.9312494 41.0074023)
1057576950,41.0073539,28.9350143,4,,,,POINT (28.9350143 41.0073539)
1057576954,41.0073339,28.936662,3,,,,POINT (28.936662 41.0073339)
1057576977,41.0084017,28.9350501,4,,,,POINT (28.9350501 41.0084017)
1057576981,41.0078845,28.9350166,4,,,,POINT (28.9350166 41.0078845)
1057577107,41.0045216,28.9337967,3,,,,POINT (28.9337967 41.0045216)
1057577138,41.005563,28.9326977,4,,,,POINT (28.9326977 41.005563)
1057577319,41.0053575,28.9361708,3,,,,POINT (28.9361708 41.0053575)
1057577335,41.0056617,28.9358964,3,,,,POINT (28.9358964 41.0056617)
1057577343,41.0059116,28.9357354,3,,,,POINT (28.9357354 41.0059116)
1057577362,41.0067789,28.9349727,3,,,,POINT (28.9349727 41.0067789)
1057577381,41.0059523,28.9362364,4,,,,POINT (28.9362364 41.0059523)
1057577418,41.0068038,28.9342115,3,,,,POINT (28.9342115 41.0068038)
1057577420,41.0055301,28.934849,4,,,,POINT (28.934849 41.0055301)
1057577527,41.0054951,28.9336849,3,,,,POINT (28.9336849 41.0054951)
1057577609,41.0068229,28.9328324,3,,,,POINT (28.9328324 41.0068229)
1057577781,41.0068743,28.9312494,4,,,,POINT (28.9312494 41.0068743)
1057577916,41.0110059,28.9384594,4,,,,POINT (28.9384594 41.0110059)
1057578091,41.0082734,28.9371297,3,,,,POINT (28.9371297 41.0082734)
1057578144,41.0037764,28.9314864,3,,,,POINT (28.9314864 41.0037764)
1057578233,41.0104749,28.9382055,4,,,,POINT (28.9382055 41.0104749)
1057578234,41.0099828,28.9379749,3,,,,POINT (28.9379749 41.0099828)
1057578238,41.0078426,28.9369107,3,,,,POINT (28.9369107 41.0078426)
1058892357,41.0095551,28.9464226,3,,,,POINT (28.9464226 41.0095551)
1058892375,41.0084084,28.9463586,4,,,,POINT (28.9463586 41.0084084)
1058892382,41.0076129,28.9473351,3,,,,POINT (28.9473351 41.0076129)
1058892391,41.0087164,28.9472092,3,,,,POINT (28.9472092 41.0087164)
1058892397,41.0082412,28.9458125,3,,,,POINT (28.9458125 41.0082412)
1058892405,41.007841,28.9444541,3,,,,POINT (28.9444541 41.007841)
1058892431,41.0070539,28.946639,3,,,,POINT (28.946639 41.0070539)
1058892437,41.0069239,28.9473745,3,,,,POINT (28.9473745 41.0069239)
1058892449,41.0088028,28.9486157,3,,,,POINT (28.9486157 41.0088028)
1058892452,41.0088035,28.9492738,3,,,,POINT (28.9492738 41.0088035)
1058892455,41.008268,28.9489027,3,,,,POINT (28.9489027 41.008268)
1058892458,41.0090393,28.9481322,3,,,,POINT (28.9481322 41.0090393)
1058892473,41.0087766,28.9473605,3,,,,POINT (28.9473605 41.0087766)
1058892482,41.0092111,28.9471163,3,,,,POINT (28.9471163 41.0092111)
1058892485,41.0096191,28.9467735,3,,,,POINT (28.9467735 41.0096191)
1058892493,41.0069049,28.9493097,3,,,,POINT (28.9493097 41.0069049)
1058892495,41.007157,28.9493074,4,,,,POINT (28.9493074 41.007157)
1058892498,41.0075775,28.9493138,4,,,,POINT (28.9493138 41.0075775)
1058892500,41.0082588,28.9493311,3,,,,POINT (28.9493311 41.0082588)
1058892504,41.0085656,28.9492793,3,,,,POINT (28.9492793 41.0085656)
1058892510,41.0094296,28.9492942,3,,,,POINT (28.9492942 41.0094296)
1058892516,41.009446,28.9498292,3,,,,POINT (28.9498292 41.009446)
1058892518,41.0085661,28.9497964,3,,,,POINT (28.9497964 41.0085661)
1058892524,41.0082664,28.9487465,3,,,,POINT (28.9487465 41.0082664)
1058892526,41.0075729,28.9486897,4,,,,POINT (28.9486897 41.0075729)
1058892527,41.0070418,28.9486083,4,,,,POINT (28.9486083 41.0070418)
1058892533,41.0069785,28.9480882,3,,,,POINT (28.9480882 41.0069785)
1058892535,41.0075626,28.9480236,4,,,,POINT (28.9480236 41.0075626)
1058892538,41.0082645,28.9480111,3,,,,POINT (28.9480111 41.0082645)
1058892543,41.0089235,28.9478087,3,,,,POINT (28.9478087 41.0089235)
1058892555,41.0082723,28.948619,3,,,,POINT (28.948619 41.0082723)
1058892562,41.0091634,28.9485135,3,,,,POINT (28.9485135 41.0091634)
1058892571,41.008231,28.9515971,4,,,,POINT (28.9515971 41.008231)
1058892573,41.0076026,28.951592,4,,,,POINT (28.951592 41.0076026)
1058892575,41.0070026,28.9515882,4,,,,POINT (28.9515882 41.0070026)
1058892578,41.0064262,28.9516204,3,,,,POINT (28.9516204 41.0064262)
1058892581,41.0065561,28.9534075,3,,,,POINT (28.9534075 41.0065561)
1058892583,41.0070585,28.9524955,4,,,,POINT (28.9524955 41.0070585)
1058892586,41.0076487,28.9524622,4,,,,POINT (28.9524622 41.0076487)
1058892587,41.0082335,28.9524279,3,,,,POINT (28.9524279 41.0082335)
1058892593,41.0076795,28.9533312,3,,,,POINT (28.9533312 41.0076795)
1058892595,41.0075936,28.9501739,4,,,,POINT (28.9501739 41.0075936)
1058892606,41.0075983,28.9456421,3,,,,POINT (28.9456421 41.0075983)
1058892610,41.0080434,28.9451362,3,,,,POINT (28.9451362 41.0080434)
1058892618,41.0072168,28.9501754,3,,,,POINT (28.9501754 41.0072168)
1058892631,41.0068456,28.9471394,4,,,,POINT (28.9471394 41.0068456)
1058892638,41.0081688,28.9455406,3,,,,POINT (28.9455406 41.0081688)
1058892647,41.0095016,28.9495058,3,,,,POINT (28.9495058 41.0095016)
1058892677,41.0050253,28.9502038,3,,,,POINT (28.9502038 41.0050253)
1058892752,41.0062451,28.9501803,3,,,,POINT (28.9501803 41.0062451)
1058892764,41.0082399,28.9501701,4,,,,POINT (28.9501701 41.0082399)
1058892767,41.0082677,28.953308,3,,,,POINT (28.953308 41.0082677)
1058892795,41.0103177,28.9452837,4,,,,POINT (28.9452837 41.0103177)
1058892800,41.0098707,28.9470792,3,,,,POINT (28.9470792 41.0098707)
1058892851,41.0093265,28.945183,4,,,,POINT (28.945183 41.0093265)
1058892881,41.0048102,28.9470257,3,,,,POINT (28.9470257 41.0048102)
1058892921,41.0060234,28.950179,3,,,,POINT (28.950179 41.0060234)
1058892942,41.0051112,28.9453257,3,,,,POINT (28.9453257 41.0051112)
1058892945,41.0050219,28.9458689,3,,,,POINT (28.9458689 41.0050219)
1058892973,41.0100038,28.9505974,3,,,,POINT (28.9505974 41.0100038)
1058892974,41.010037,28.9505461,3,,,,POINT (28.9505461 41.010037)
1058892999,41.0115407,28.9483509,3,,,,POINT (28.9483509 41.0115407)
1058893007,41.0159597,28.9420004,4,crossing,,,POINT (28.9420004 41.0159597)
1058893085,41.0098363,28.9490623,4,,,,POINT (28.9490623 41.0098363)
1058893244,41.0090639,28.9531559,4,crossing,,,POINT (28.9531559 41.0090639)
1058893308,41.0120173,28.9532007,5,crossing,,,POINT (28.9532007 41.0120173)
1058893359,41.0118966,28.9533858,3,,,,POINT (28.9533858 41.0118966)
1058893412,41.0157308,28.9417777,4,crossing,,,POINT (28.9417777 41.0157308)
1058893417,41.01454,28.9435619,3,crossing,,,POINT (28.9435619 41.01454)
1058893478,41.0143777,28.9542752,3,,,,POINT (28.9542752 41.0143777)
1058893798,41.0050837,28.943082,3,,,,POINT (28.943082 41.0050837)
1058893814,41.0041298,28.94379,3,,,,POINT (28.94379 41.0041298)
1058893840,41.0033583,28.9405411,3,,,,POINT (28.9405411 41.0033583)
1058893842,41.0033326,28.940461,3,,,,POINT (28.940461 41.0033326)
1058893844,41.0032437,28.9400466,3,,,,POINT (28.9400466 41.0032437)
1058893857,41.0041036,28.9391179,3,,,,POINT (28.9391179 41.0041036)
1058893867,41.0034082,28.9421378,1,,,,POINT (28.9421378 41.0034082)
1058893893,41.0029928,28.9407527,3,,,,POINT (28.9407527 41.0029928)
1058893896,41.0029733,28.9406308,3,,,,POINT (28.9406308 41.0029733)
1058893937,41.0059853,28.938532,3,,,,POINT (28.938532 41.0059853)
1058893992,41.0069201,28.9418785,4,,,,POINT (28.9418785 41.0069201)
1058894000,41.0053139,28.9430148,3,,,,POINT (28.9430148 41.0053139)
1058894004,41.003901,28.9441842,3,,,,POINT (28.9441842 41.003901)
1058894027,41.0080927,28.9452969,3,,,,POINT (28.9452969 41.0080927)
1058894072,41.0031563,28.9476466,4,,,,POINT (28.9476466 41.0031563)
1058894080,41.0035826,28.9465006,3,,,,POINT (28.9465006 41.0035826)
1058894082,41.0037401,28.9439598,4,,,,POINT (28.9439598 41.0037401)
1058894104,41.0031746,28.9512507,3,,,,POINT (28.9512507 41.0031746)
1058894105,41.0034437,28.9522423,4,,,,POINT (28.9522423 41.0034437)
1058894107,41.0036862,28.9530862,4,,,,POINT (28.9530862 41.0036862)
1058894108,41.0035378,28.9513231,3,,,,POINT (28.9513231 41.0035378)
1058894109,41.0037069,28.9520964,4,,,,POINT (28.9520964 41.0037069)
1058894110,41.0039946,28.952899,4,,,,POINT (28.952899 41.0039946)
1058894122,41.0042815,28.9527312,4,,,,POINT (28.9527312 41.0042815)
1058894126,41.0039858,28.9519485,4,,,,POINT (28.9519485 41.0039858)
1058894129,41.0037594,28.9513993,3,,,,POINT (28.9513993 41.0037594)
1058894146,41.0069314,28.9501766,4,,,,POINT (28.9501766 41.0069314)
1058894152,41.0067535,28.9468152,3,,,,POINT (28.9468152 41.0067535)
1058894172,41.0044211,28.9448474,4,,,,POINT (28.9448474 41.0044211)
1058894180,41.0035571,28.9436898,3,,,,POINT (28.9436898 41.0035571)
1058894261,41.0041343,28.9454309,1,,,,POINT (28.9454309 41.0041343)
1058894291,41.0028899,28.9512661,3,,,,POINT (28.9512661 41.0028899)
1058894304,41.0041821,28.9518173,3,,,,POINT (28.9518173 41.0041821)
1058894308,41.0044935,28.9526093,3,,,,POINT (28.9526093 41.0044935)
1058894309,41.0046419,28.9530785,3,,,,POINT (28.9530785 41.0046419)
1058894310,41.0047029,28.9533329,4,,,,POINT (28.9533329 41.0047029)
1058894316,41.0034333,28.9532503,4,,,,POINT (28.9532503 41.0034333)
1058894325,41.0031894,28.9524158,3,,,,POINT (28.9524158 41.0031894)
1058894329,41.0030437,28.9502001,5,,,,POINT (28.9502001 41.0030437)
1058894369,41.0016991,28.9505125,3,,,,POINT (28.9505125 41.0016991)
1058894376,41.0023512,28.9503042,3,,,,POINT (28.9503042 41.0023512)
1058894455,41.0144391,28.954162,3,,,,POINT (28.954162 41.0144391)
1058995726,41.0100796,28.9421422,3,,,,POINT (28.9421422 41.0100796)
1058995728,41.009653,28.9417878,3,,,,POINT (28.9417878 41.009653)
1058995742,41.0103509,28.9426213,3,,,,POINT (28.9426213 41.0103509)
1058995747,41.0108345,28.9409371,3,,,,POINT (28.9409371 41.0108345)
1058995749,41.0108187,28.9417762,3,,,,POINT (28.9417762 41.0108187)
1058995753,41.0107172,28.9398656,3,,,,POINT (28.9398656 41.0107172)
1058995758,41.0109898,28.9385352,4,,,,POINT (28.9385352 41.0109898)
1058995770,41.0064195,28.9444447,3,,,,POINT (28.9444447 41.0064195)
1058995771,41.0061503,28.9450135,3,,,,POINT (28.9450135 41.0061503)
1058995776,41.0094676,28.94109,3,,,,POINT (28.94109 41.0094676)
1058995777,41.009833,28.9413748,4,,,,POINT (28.9413748 41.009833)
1058995778,41.0102595,28.9417043,3,,,,POINT (28.9417043 41.0102595)
1058995779,41.0104155,28.9417476,4,,,,POINT (28.9417476 41.0104155)
1058995783,41.0104731,28.9382828,4,,,,POINT (28.9382828 41.0104731)
1058995784,41.010487,28.938939,3,,,,POINT (28.938939 41.010487)
1058995787,41.0104856,28.939378,3,,,,POINT (28.939378 41.0104856)
1058995789,41.0104631,28.9398632,4,,,,POINT (28.9398632 41.0104631)
1058995791,41.0104398,28.9409332,4,,,,POINT (28.9409332 41.0104398)
1058995792,41.0104157,28.9426535,3,,,,POINT (28.9426535 41.0104157)
1058995805,41.0099809,28.9389165,3,,,,POINT (28.9389165 41.0099809)
1058995808,41.0099809,28.9393662,3,,,,POINT (28.9393662 41.0099809)
1058995810,41.0098078,28.9427933,3,,,,POINT (28.9427933 41.0098078)
1058995812,41.0093562,28.9424633,3,,,,POINT (28.9424633 41.0093562)
1058995816,41.0094442,28.9404343,3,,,,POINT (28.9404343 41.0094442)
1058995818,41.0088043,28.9408409,5,,,,POINT (28.9408409 41.0088043)
1058995822,41.0094483,28.9402062,3,,,,POINT (28.9402062 41.0094483)
1058995824,41.008908,28.9402441,3,,,,POINT (28.9402441 41.008908)
1058995829,41.0099575,28.9424106,4,,,,POINT (28.9424106 41.0099575)
1058995835,41.0091809,28.94288,3,,,,POINT (28.94288 41.0091809)
1058995839,41.0088767,28.9426081,3,,,,POINT (28.9426081 41.0088767)
1058995841,41.0099763,28.9398347,4,,,,POINT (28.9398347 41.0099763)
1058995844,41.0099512,28.9409149,4,,,,POINT (28.9409149 41.0099512)
1058995847,41.0095324,28.9420741,4,,,,POINT (28.9420741 41.0095324)
1058995854,41.0109224,28.9429466,3,,,,POINT (28.9429466 41.0109224)
1058995856,41.0088151,28.9423038,3,,,,POINT (28.9423038 41.0088151)
1058995861,41.007717,28.9369135,3,,,,POINT (28.9369135 41.007717)
1058995878,41.0089239,28.9390674,3,,,,POINT (28.9390674 41.0089239)
1058995888,41.0077461,28.9395919,3,,,,POINT (28.9395919 41.0077461)
1058995903,41.0086112,28.937375,3,,,,POINT (28.937375 41.0086112)
1058995912,41.0082824,28.9399223,3,,,,POINT (28.9399223 41.0082824)
1058995920,41.0114596,28.9409404,3,,,,POINT (28.9409404 41.0114596)
1058995926,41.008523,28.9408824,3,,,,POINT (28.9408824 41.008523)
1058995936,41.0094468,28.9398224,4,,,,POINT (28.9398224 41.0094468)
1058995937,41.0089117,28.9398166,4,,,,POINT (28.9398166 41.0089117)
1058995942,41.0079866,28.9400568,3,,,,POINT (28.9400568 41.0079866)
1058995954,41.0094532,28.9378088,4,,,,POINT (28.9378088 41.0094532)
1058995962,41.0079633,28.9370442,3,,,,POINT (28.9370442 41.0079633)
1058995974,41.006146,28.9363278,3,,,,POINT (28.9363278 41.006146)
1058995982,41.0076329,28.9402007,1,,,,POINT (28.9402007 41.0076329)
1058995985,41.0079306,28.9399504,3,,,,POINT (28.9399504 41.0079306)
1058995988,41.0072055,28.9393719,1,,,,POINT (28.9393719 41.0072055)
1058995989,41.007521,28.9390977,3,,,,POINT (28.9390977 41.007521)
1058995992,41.0076298,28.9399236,1,,,,POINT (28.9399236 41.0076298)
1058995994,41.0078275,28.9397386,3,,,,POINT (28.9397386 41.0078275)
1058996000,41.0076981,28.9394899,3,,,,POINT (28.9394899 41.0076981)
1058996011,41.007094,28.9379409,4,,,,POINT (28.9379409 41.007094)
1058996014,41.0063753,28.9382756,3,,,,POINT (28.9382756 41.0063753)
1058996027,41.0068064,28.9393728,3,,,,POINT (28.9393728 41.0068064)
1058996032,41.0074734,28.9406359,3,,,,POINT (28.9406359 41.0074734)
1058996044,41.0063304,28.9397012,4,,,,POINT (28.9397012 41.0063304)
1058996075,41.005955,28.9362923,4,,,,POINT (28.9362923 41.005955)
1058996086,41.0080615,28.9428146,4,,,,POINT (28.9428146 41.0080615)
1058996090,41.0078587,28.9420285,3,,,,POINT (28.9420285 41.0078587)
1058996093,41.0077233,28.9417581,3,,,,POINT (28.9417581 41.0077233)
1058996103,41.0075495,28.9418848,3,,,,POINT (28.9418848 41.0075495)
1058996105,41.0079484,28.9424127,3,,,,POINT (28.9424127 41.0079484)
1058996106,41.0072999,28.9426943,3,,,,POINT (28.9426943 41.0072999)
1058996109,41.0081452,28.9410903,3,,,,POINT (28.9410903 41.0081452)
1058996114,41.0077185,28.9410591,1,,,,POINT (28.9410591 41.0077185)
1058996122,41.0075198,28.9406106,3,,,,POINT (28.9406106 41.0075198)
1058996127,41.0068971,28.9409526,3,,,,POINT (28.9409526 41.0068971)
1058996129,41.0072154,28.9416492,3,,,,POINT (28.9416492 41.0072154)
1058996142,41.0086815,28.9437229,3,,,,POINT (28.9437229 41.0086815)
1058996146,41.0086267,28.943736,3,,,,POINT (28.943736 41.0086267)
1058996150,41.0083409,28.9438131,3,,,,POINT (28.9438131 41.0083409)
1058996158,41.0078757,28.9435466,1,,,,POINT (28.9435466 41.0078757)
1058996161,41.0079627,28.9439391,3,,,,POINT (28.9439391 41.0079627)
1058996165,41.0082296,28.9427347,3,,,,POINT (28.9427347 41.0082296)
1058996175,41.0085179,28.9428424,1,,,,POINT (28.9428424 41.0085179)
1058996177,41.008466,28.9426154,3,,,,POINT (28.9426154 41.008466)
1058996194,41.007732,28.9440262,4,,,,POINT (28.9440262 41.007732)
1058996198,41.0090514,28.9436395,3,,,,POINT (28.9436395 41.0090514)
1058996208,41.0071058,28.9422958,3,,,,POINT (28.9422958 41.0071058)
1058996211,41.0084275,28.9412987,3,,,,POINT (28.9412987 41.0084275)
1058996213,41.0086411,28.941166,3,,,,POINT (28.941166 41.0086411)
1058996227,41.0066342,28.9411142,4,,,,POINT (28.9411142 41.0066342)
1058996230,41.0081041,28.9402821,3,,,,POINT (28.9402821 41.0081041)
1058996240,41.0054058,28.9446594,3,,,,POINT (28.9446594 41.0054058)
1058996244,41.0051705,28.9438929,3,,,,POINT (28.9438929 41.0051705)
1058996245,41.0050294,28.9436697,3,,,,POINT (28.9436697 41.0050294)
1058996249,41.0055581,28.943435,3,,,,POINT (28.943435 41.0055581)
1058996252,41.0057695,28.9424826,3,,,,POINT (28.9424826 41.0057695)
1058996265,41.0075164,28.9431495,4,,,,POINT (28.9431495 41.0075164)
1058996267,41.0088581,28.9425427,3,,,,POINT (28.9425427 41.0088581)
1058996274,41.0061628,28.9421865,3,,,,POINT (28.9421865 41.0061628)
1058996279,41.0067265,28.9364182,4,,,,POINT (28.9364182 41.0067265)
1058996287,41.0042866,28.9438295,3,,,,POINT (28.9438295 41.0042866)
1058996288,41.0046377,28.9443886,3,,,,POINT (28.9443886 41.0046377)
1058996293,41.007131,28.9460553,3,,,,POINT (28.9460553 41.007131)
1058996302,41.0058373,28.944855,3,,,,POINT (28.944855 41.0058373)
1058996305,41.004822,28.9440281,3,,,,POINT (28.9440281 41.004822)
1058996308,41.0055931,28.9455297,3,,,,POINT (28.9455297 41.0055931)
1058996321,41.007313,28.9455337,3,,,,POINT (28.9455337 41.007313)
1058996556,41.0050761,28.9432144,3,,,,POINT (28.9432144 41.0050761)
1059136956,41.021802,28.9276118,3,,,,POINT (28.9276118 41.021802)
1059136957,41.0220405,28.9277432,3,,,,POINT (28.9277432 41.0220405)
1059136963,41.0224549,28.9274579,3,,,,POINT (28.9274579 41.0224549)
1059136969,41.0204057,28.934694,3,,,,POINT (28.934694 41.0204057)
1059136972,41.0212308,28.9334851,4,,,,POINT (28.9334851 41.0212308)
1059136998,41.020867,28.928189,5,,,,POINT (28.928189 41.020867)
1059137003,41.0216376,28.9291504,3,,,,POINT (28.9291504 41.0216376)
1059137005,41.0219581,28.9268786,3,,,,POINT (28.9268786 41.0219581)
1059137006,41.0216981,28.9272162,3,,,,POINT (28.9272162 41.0216981)
1059137007,41.0213144,28.9270381,3,,,,POINT (28.9270381 41.0213144)
1059137018,41.0215112,28.928129,3,,,,POINT (28.928129 41.0215112)
1059137021,41.0216229,28.9279619,4,,,,POINT (28.9279619 41.0216229)
1059137025,41.0218784,28.9274749,3,,,,POINT (28.9274749 41.0218784)
1059137026,41.0221207,28.9270764,3,,,,POINT (28.9270764 41.0221207)
1059137034,41.0217592,28.9281068,3,,,,POINT (28.9281068 41.0217592)
1059137038,41.0211306,28.9275166,3,,,,POINT (28.9275166 41.0211306)
1059137054,41.020819,28.9270786,3,,,,POINT (28.9270786 41.020819)
1059137056,41.0209002,28.9268076,4,,,,POINT (28.9268076 41.0209002)
1059137064,41.0215596,28.9264551,4,,,,POINT (28.9264551 41.0215596)
1059137069,41.0199026,28.9262938,3,,,,POINT (28.9262938 41.0199026)
1059137075,41.0198646,28.9274185,3,,,,POINT (28.9274185 41.0198646)
1059137079,41.0199901,28.9280631,3,,,,POINT (28.9280631 41.0199901)
1059137082,41.0196777,28.9280147,4,,,,POINT (28.9280147 41.0196777)
1059137089,41.0202864,28.9256149,1,,,,POINT (28.9256149 41.0202864)
1059137093,41.0202734,28.925973,3,,,,POINT (28.925973 41.0202734)
1059137094,41.0205271,28.92619,3,,,,POINT (28.92619 41.0205271)
1059137096,41.0200977,28.9264262,3,,,,POINT (28.9264262 41.0200977)
1059137106,41.0207791,28.9327943,3,,,,POINT (28.9327943 41.0207791)
1059137109,41.023145,28.9306762,3,,,,POINT (28.9306762 41.023145)
1059137115,41.0192526,28.9273013,1,,,,POINT (28.9273013 41.0192526)
1059137117,41.0186907,28.9278845,3,,,,POINT (28.9278845 41.0186907)
1059137120,41.0200833,28.9254919,1,,,,POINT (28.9254919 41.0200833)
1059137127,41.0202749,28.926593,3,,,,POINT (28.926593 41.0202749)
1059137133,41.020686,28.9259618,3,,,,POINT (28.9259618 41.020686)
1059137138,41.0234045,28.9284439,3,,,,POINT (28.9284439 41.0234045)
1059137139,41.0229049,28.9291322,3,,,,POINT (28.9291322 41.0229049)
1059137142,41.0205268,28.9312786,3,,,,POINT (28.9312786 41.0205268)
1059137143,41.0211872,28.9307546,3,,,,POINT (28.9307546 41.0211872)
1059137147,41.0218326,28.9297696,3,,,,POINT (28.9297696 41.0218326)
1059137149,41.0210408,28.9304438,3,,,,POINT (28.9304438 41.0210408)
1059137151,41.0229632,28.9285749,1,,,,POINT (28.9285749 41.0229632)
1059137157,41.0227338,28.9288876,3,,,,POINT (28.9288876 41.0227338)
1059137163,41.0240373,28.929817,4,,,,POINT (28.929817 41.0240373)
1059137166,41.023895,28.929668,3,,,,POINT (28.929668 41.023895)
1059137177,41.0228741,28.927911,3,,,,POINT (28.927911 41.0228741)
1059137178,41.0224184,28.9283473,3,,,,POINT (28.9283473 41.0224184)
1059137179,41.0217821,28.9289766,3,,,,POINT (28.9289766 41.0217821)
1059137190,41.0212567,28.9296707,3,,,,POINT (28.9296707 41.0212567)
1059137192,41.0214153,28.9301205,3,,,,POINT (28.9301205 41.0214153)
1059137199,41.0226778,28.9288119,3,,,,POINT (28.9288119 41.0226778)
1059137206,41.0231602,28.9297201,3,,,,POINT (28.9297201 41.0231602)
1059137218,41.020571,28.9322066,3,,,,POINT (28.9322066 41.020571)
1059137221,41.020528,28.9307922,3,,,,POINT (28.9307922 41.020528)
1059137224,41.0220283,28.9295878,3,,,,POINT (28.9295878 41.0220283)
1059137230,41.0205276,28.929791,3,,,,POINT (28.929791 41.0205276)
1059137246,41.0195097,28.930139,3,,,,POINT (28.930139 41.0195097)
1059137251,41.0192667,28.9291695,3,,,,POINT (28.9291695 41.0192667)
1059137253,41.019645,28.9292367,3,,,,POINT (28.9292367 41.019645)
1059137254,41.0197173,28.9288538,1,,,,POINT (28.9288538 41.0197173)
1059137257,41.0198324,28.9281075,4,,,,POINT (28.9281075 41.0198324)
1059137262,41.0206637,28.928925,3,,,,POINT (28.928925 41.0206637)
1059137264,41.0203771,28.9287435,3,,,,POINT (28.9287435 41.0203771)
1059137267,41.0201638,28.9281519,3,,,,POINT (28.9281519 41.0201638)
1059137270,41.0200866,28.9286625,3,,,,POINT (28.9286625 41.0200866)
1059137275,41.0199668,28.9307905,3,,,,POINT (28.9307905 41.0199668)
1059137277,41.0199071,28.9311634,3,,,,POINT (28.9311634 41.0199071)
1059137278,41.0198579,28.9316085,4,,,,POINT (28.9316085 41.0198579)
1059137279,41.0197798,28.932137,3,,,,POINT (28.932137 41.0197798)
1059137282,41.0176688,28.9311775,3,,,,POINT (28.9311775 41.0176688)
1059137289,41.0185581,28.9313562,4,,,,POINT (28.9313562 41.0185581)
1059137291,41.0194988,28.9315491,3,,,,POINT (28.9315491 41.0194988)
1059137296,41.020543,28.9316814,3,,,,POINT (28.9316814 41.020543)
1059137299,41.0195399,28.9310998,3,,,,POINT (28.9310998 41.0195399)
1059137300,41.0186104,28.9309389,4,,,,POINT (28.9309389 41.0186104)
1059137301,41.0178568,28.9308322,3,,,,POINT (28.9308322 41.0178568)
1059137305,41.0205314,28.9294752,3,,,,POINT (28.9294752 41.0205314)
1059137325,41.0178073,28.9295553,3,,,,POINT (28.9295553 41.0178073)
1059137329,41.0187301,28.9296016,3,,,,POINT (28.9296016 41.0187301)
1059137335,41.0180379,28.9304525,3,,,,POINT (28.9304525 41.0180379)
1059137336,41.017562,28.9313579,3,,,,POINT (28.9313579 41.017562)
1059137337,41.0172932,28.9317904,3,,,,POINT (28.9317904 41.0172932)
1059137339,41.017138,28.9307988,3,,,,POINT (28.9307988 41.017138)
1059137346,41.0205283,28.9309274,3,,,,POINT (28.9309274 41.0205283)
1059137352,41.0186446,28.9305478,4,,,,POINT (28.9305478 41.0186446)
1059137370,41.0206692,28.9282458,4,,,,POINT (28.9282458 41.0206692)
1059137392,41.0206819,28.9280418,4,,,,POINT (28.9280418 41.0206819)
1059137405,41.0207736,28.9284997,3,,,,POINT (28.9284997 41.0207736)
1059137411,41.0205591,28.9324909,3,,,,POINT (28.9324909 41.0205591)
1059137419,41.0168042,28.9312066,3,,,,POINT (28.9312066 41.0168042)
1059137427,41.0183721,28.9321807,3,,,,POINT (28.9321807 41.0183721)
1059137441,41.0214205,28.9340392,3,,,,POINT (28.9340392 41.0214205)
1059137446,41.018801,28.9279765,4,,,,POINT (28.9279765 41.018801)
1059137447,41.0187897,28.92862,3,,,,POINT (28.92862 41.0187897)
1059137459,41.0178873,28.9294139,3,,,,POINT (28.9294139 41.0178873)
1059137533,41.0178855,28.9281512,3,,,,POINT (28.9281512 41.0178855)
1059137547,41.0183736,28.9277487,3,,,,POINT (28.9277487 41.0183736)
1059239155,41.0142224,28.9370096,3,,,,POINT (28.9370096 41.0142224)
1059239161,41.0137957,28.9378564,3,,,,POINT (28.9378564 41.0137957)
1059239165,41.0135057,28.9384319,4,,,,POINT (28.9384319 41.0135057)
1059239170,41.0129753,28.9394385,3,,,,POINT (28.9394385 41.0129753)
1059239190,41.0139274,28.9387798,4,,,,POINT (28.9387798 41.0139274)
1059239202,41.0143306,28.939153,4,,,,POINT (28.939153 41.0143306)
1059239205,41.0148833,28.9397078,3,,,,POINT (28.9397078 41.0148833)
1059239213,41.0156147,28.9403843,5,,,,POINT (28.9403843 41.0156147)
1059239230,41.0145218,28.9403083,4,,,,POINT (28.9403083 41.0145218)
1059239245,41.0154123,28.9380416,5,,,,POINT (28.9380416 41.0154123)
1059239249,41.0149568,28.9388387,3,,,,POINT (28.9388387 41.0149568)
1059239265,41.0146568,28.9373771,3,,,,POINT (28.9373771 41.0146568)
1059239271,41.0142219,28.9382135,4,,,,POINT (28.9382135 41.0142219)
1059239276,41.0134438,28.9396817,4,,,,POINT (28.9396817 41.0134438)
1059239295,41.0167058,28.9400285,3,,,,POINT (28.9400285 41.0167058)
1059239300,41.016476,28.9397018,3,,,,POINT (28.9397018 41.016476)
1059239306,41.0160629,28.9391179,3,,,,POINT (28.9391179 41.0160629)
1059239330,41.0155101,28.939383,3,,,,POINT (28.939383 41.0155101)
1059239332,41.0153603,28.9373433,3,,,,POINT (28.9373433 41.0153603)
1059239352,41.0162248,28.9386188,3,,,,POINT (28.9386188 41.0162248)
1059239354,41.0150286,28.9377727,3,,,,POINT (28.9377727 41.0150286)
1059239358,41.0149151,28.9376502,3,,,,POINT (28.9376502 41.0149151)
1059239375,41.0146271,28.9385559,4,,,,POINT (28.9385559 41.0146271)
1059239402,41.0156755,28.9368859,3,,,,POINT (28.9368859 41.0156755)
1059239438,41.0172824,28.9372428,3,,,,POINT (28.9372428 41.0172824)
1059239444,41.0174132,28.938985,4,,,,POINT (28.938985 41.0174132)
1059239446,41.0175732,28.9391722,3,,,,POINT (28.9391722 41.0175732)
1059239480,41.0167355,28.940387,3,,,,POINT (28.940387 41.0167355)
1059239529,41.0149265,28.941526,3,,,,POINT (28.941526 41.0149265)
1059239531,41.0143133,28.9408934,3,,,,POINT (28.9408934 41.0143133)
1059239536,41.0137102,28.9403744,3,,,,POINT (28.9403744 41.0137102)
1059239555,41.013506,28.9414029,1,,,,POINT (28.9414029 41.013506)
1059239557,41.0139676,28.9416718,3,,,,POINT (28.9416718 41.0139676)
1059239565,41.0152003,28.9410336,1,,,,POINT (28.9410336 41.0152003)
1059239574,41.0147194,28.942091,3,,,,POINT (28.942091 41.0147194)
1059239578,41.0144146,28.9428337,3,,,,POINT (28.9428337 41.0144146)
1059239590,41.0151744,28.9426335,3,,,,POINT (28.9426335 41.0151744)
1059239608,41.0123256,28.941367,4,,,,POINT (28.941367 41.0123256)
1059239617,41.0128037,28.9403747,3,,,,POINT (28.9403747 41.0128037)
1059239620,41.0131806,28.9396283,3,,,,POINT (28.9396283 41.0131806)
1059239632,41.0134169,28.9409222,3,,,,POINT (28.9409222 41.0134169)
1059239668,41.0130289,28.9437742,3,,,,POINT (28.9437742 41.0130289)
1059239670,41.0127814,28.9443679,3,,,,POINT (28.9443679 41.0127814)
1059239674,41.0126912,28.9435386,3,,,,POINT (28.9435386 41.0126912)
1059239683,41.0124535,28.9441141,3,,,,POINT (28.9441141 41.0124535)
1059239685,41.0131582,28.9438742,3,,,,POINT (28.9438742 41.0131582)
1059239688,41.0134274,28.9432529,4,,,,POINT (28.9432529 41.0134274)
1059239691,41.0136862,28.9423451,3,,,,POINT (28.9423451 41.0136862)
1059239701,41.0137428,28.9434963,3,,,,POINT (28.9434963 41.0137428)
1059239703,41.0126162,28.9426479,4,,,,POINT (28.9426479 41.0126162)
1059239723,41.0117717,28.943606,3,,,,POINT (28.943606 41.0117717)
1059239740,41.0114781,28.9442765,4,,,,POINT (28.9442765 41.0114781)
1059239746,41.0112846,28.9446836,3,,,,POINT (28.9446836 41.0112846)
1059239760,41.011264,28.9425158,3,,,,POINT (28.9425158 41.011264)
1059239765,41.0123416,28.9432882,4,,,,POINT (28.9432882 41.0123416)
1059239770,41.0133611,28.9440375,3,,,,POINT (28.9440375 41.0133611)
1059239781,41.0123245,28.9446508,1,,,,POINT (28.9446508 41.0123245)
1059239787,41.0125253,28.9441629,3,,,,POINT (28.9441629 41.0125253)
1059239800,41.0108777,28.9439924,3,,,,POINT (28.9439924 41.0108777)
1059239802,41.0120428,28.9444551,3,,,,POINT (28.9444551 41.0120428)
1059239811,41.0129804,28.9418361,4,,,,POINT (28.9418361 41.0129804)
1059239817,41.0140879,28.9426204,3,,,,POINT (28.9426204 41.0140879)
1059239820,41.0148015,28.9431743,3,,,,POINT (28.9431743 41.0148015)
1059239833,41.0110982,28.9431499,3,,,,POINT (28.9431499 41.0110982)
1059239837,41.0121302,28.9438546,4,,,,POINT (28.9438546 41.0121302)
1059239838,41.0130278,28.9445724,4,,,,POINT (28.9445724 41.0130278)
1059239841,41.0133601,28.9448308,3,,,,POINT (28.9448308 41.0133601)
1059239847,41.0135165,28.9450437,3,,,,POINT (28.9450437 41.0135165)
1059239862,41.0107542,28.9444988,3,,,,POINT (28.9444988 41.0107542)
1059239865,41.0120005,28.9450341,3,,,,POINT (28.9450341 41.0120005)
1059239895,41.0139191,28.9399216,4,,,,POINT (28.9399216 41.0139191)
1059239898,41.0138931,28.939995,4,,,,POINT (28.939995 41.0138931)
1059239922,41.0118527,28.9463397,3,,,,POINT (28.9463397 41.0118527)
1059239926,41.0110331,28.9460481,3,,,,POINT (28.9460481 41.0110331)
1059239944,41.0119741,28.945687,3,,,,POINT (28.945687 41.0119741)
1059239948,41.0119048,28.9470359,5,,,,POINT (28.9470359 41.0119048)
1059239951,41.0120883,28.9471092,3,,,,POINT (28.9471092 41.0120883)
1059239981,41.01072,28.9468886,3,,,,POINT (28.9468886 41.01072)
1059239992,41.0115489,28.9464957,1,,,,POINT (28.9464957 41.0115489)
1059239994,41.0113054,28.9470861,3,,,,POINT (28.9470861 41.0113054)
1059240010,41.0118448,28.9478966,7,,,,POINT (28.9478966 41.0118448)
1059240028,41.0105469,28.9484293,3,,,,POINT (28.9484293 41.0105469)
1059240030,41.0107909,28.9476018,3,,,,POINT (28.9476018 41.0107909)
1059240036,41.0113815,28.9477307,4,,,,POINT (28.9477307 41.0113815)
1059240044,41.0117266,28.9472773,3,,,,POINT (28.9472773 41.0117266)
1059240050,41.01084,28.9469658,3,,,,POINT (28.9469658 41.01084)
1059240057,41.0105849,28.947538,3,,,,POINT (28.947538 41.0105849)
1059240066,41.010054,28.9473087,4,,,,POINT (28.9473087 41.010054)
1059240076,41.0111351,28.9485225,4,,,,POINT (28.9485225 41.0111351)
1059240226,41.0154379,28.9411157,3,,,,POINT (28.9411157 41.0154379)
1059240228,41.0156364,28.9416107,3,crossing,,,POINT (28.9416107 41.0156364)
1059240231,41.0155173,28.9421171,3,,,,POINT (28.9421171 41.0155173)
1059240248,41.0158906,28.9413168,4,crossing,,,POINT (28.9413168 41.0158906)
1059240255,41.0162326,28.9416029,4,,,,POINT (28.9416029 41.0162326)
1059240262,41.0159965,28.9413739,4,,,,POINT (28.9413739 41.0159965)
1059240265,41.0155248,28.9410814,3,,,,POINT (28.9410814 41.0155248)
1059240309,41.0123813,28.9394714,3,,,,POINT (28.9394714 41.0123813)
1059240352,41.0160677,28.9418642,4,,,,POINT (28.9418642 41.0160677)
1059240365,41.0158251,28.9416332,4,,,,POINT (28.9416332 41.0158251)
1059525651,41.0234712,28.9599841,3,,,,POINT (28.9599841 41.0234712)
1059525658,41.0231608,28.960352,3,,,,POINT (28.960352 41.0231608)
1059525660,41.0227768,28.9608172,3,,,,POINT (28.9608172 41.0227768)
1059525706,41.0224633,28.9604015,3,,,,POINT (28.9604015 41.0224633)
1059525711,41.0220472,28.9603937,4,crossing,,,POINT (28.9603937 41.0220472)
1059525745,41.0216009,28.9604127,3,crossing,,,POINT (28.9604127 41.0216009)
1059525787,41.0215608,28.9623153,3,,,,POINT (28.9623153 41.0215608)
1059525877,41.0227327,28.9612729,3,,,,POINT (28.9612729 41.0227327)
1059525886,41.0229129,28.9612874,4,crossing,,,POINT (28.9612874 41.0229129)
1059525915,41.0228377,28.9618867,4,crossing,,,POINT (28.9618867 41.0228377)
1059526006,41.0223147,28.9614059,3,,,,POINT (28.9614059 41.0223147)
1059526040,41.0219355,28.9608697,4,crossing,,,POINT (28.9608697 41.0219355)
1059526259,41.0236207,28.9606402,3,,,,POINT (28.9606402 41.0236207)
1059526297,41.0168308,28.9507076,4,crossing,,,POINT (28.9507076 41.0168308)
1059526385,41.0148221,28.9546397,4,,,,POINT (28.9546397 41.0148221)
1059526402,41.0165634,28.9562579,4,,,,POINT (28.9562579 41.0165634)
1059526409,41.0192139,28.9583884,3,,,,POINT (28.9583884 41.0192139)
1059526589,41.016873,28.9563599,3,,,,POINT (28.9563599 41.016873)
1059526598,41.0148749,28.9545582,3,,,,POINT (28.9545582 41.0148749)
1059526667,41.0149894,28.9536859,3,,,,POINT (28.9536859 41.0149894)
1059526719,41.0184523,28.9683933,3,,,,POINT (28.9683933 41.0184523)
1059526741,41.0182081,28.9688064,4,,,,POINT (28.9688064 41.0182081)
1059526756,41.0183543,28.9678244,3,,,,POINT (28.9678244 41.0183543)
1059526784,41.0185383,28.9679652,3,,,,POINT (28.9679652 41.0185383)
1059527263,41.026699,28.9579495,3,,,,POINT (28.9579495 41.026699)
1059527274,41.0262996,28.9587084,3,,,,POINT (28.9587084 41.0262996)
1059527324,41.0224998,28.961221,3,,,,POINT (28.961221 41.0224998)
1059527368,41.0190647,28.965604,4,,,,POINT (28.965604 41.0190647)
1059528111,41.0267628,28.9584223,3,,,,POINT (28.9584223 41.0267628)
1059528115,41.0268633,28.9581231,4,,,,POINT (28.9581231 41.0268633)
1059528151,41.027893,28.956687,3,,,,POINT (28.956687 41.027893)
1059528168,41.0283024,28.9552565,3,,,,POINT (28.9552565 41.0283024)
1059536650,41.0143395,28.955063,3,,,,POINT (28.955063 41.0143395)
1059851510,41.018729,28.947015,3,,,,POINT (28.947015 41.018729)
1059851512,41.0183372,28.9474083,3,,,,POINT (28.9474083 41.0183372)
1059851521,41.0170534,28.9489301,3,,,,POINT (28.9489301 41.0170534)
1059851524,41.0174814,28.9496468,3,,,,POINT (28.9496468 41.0174814)
1059851532,41.0167693,28.9438899,3,,,,POINT (28.9438899 41.0167693)
1059851534,41.0170951,28.944437,3,,,,POINT (28.944437 41.0170951)
1059851546,41.0153002,28.9531132,4,,,,POINT (28.9531132 41.0153002)
1059851548,41.0153889,28.9531905,4,,,,POINT (28.9531905 41.0153889)
1059851580,41.0171039,28.9453895,3,,,,POINT (28.9453895 41.0171039)
1059851581,41.0180707,28.9469527,4,,,,POINT (28.9469527 41.0180707)
1059851584,41.0184097,28.9475753,3,,,,POINT (28.9475753 41.0184097)
1059851585,41.0188072,28.9482938,3,,,,POINT (28.9482938 41.0188072)
1059851593,41.0180633,28.9479083,4,,,,POINT (28.9479083 41.0180633)
1059851602,41.0167722,28.9492521,4,,,,POINT (28.9492521 41.0167722)
1059851607,41.0192141,28.9478636,3,,,,POINT (28.9478636 41.0192141)
1059851614,41.0188413,28.9471994,3,,,,POINT (28.9471994 41.0188413)
1059851616,41.018458,28.9465493,4,,,,POINT (28.9465493 41.018458)
1059851620,41.0178793,28.9455408,3,,,,POINT (28.9455408 41.0178793)
1059851622,41.0175495,28.944936,3,,,,POINT (28.944936 41.0175495)
1059851638,41.0192693,28.9467531,3,,,,POINT (28.9467531 41.0192693)
1059851646,41.0145159,28.9443671,3,,,,POINT (28.9443671 41.0145159)
1059851647,41.0150424,28.9450069,4,,,,POINT (28.9450069 41.0150424)
1059851652,41.0157574,28.945864,4,,,,POINT (28.945864 41.0157574)
1059851654,41.016249,28.9464729,3,,,,POINT (28.9464729 41.016249)
1059851678,41.0147317,28.9454712,3,,,,POINT (28.9454712 41.0147317)
1059851683,41.0154406,28.9462899,4,,,,POINT (28.9462899 41.0154406)
1059851689,41.0159623,28.9469231,4,,,,POINT (28.9469231 41.0159623)
1059851694,41.0162437,28.9472693,4,,,,POINT (28.9472693 41.0162437)
1059851700,41.0165346,28.9476009,3,,,,POINT (28.9476009 41.0165346)
1059851710,41.0140319,28.9474826,3,,,,POINT (28.9474826 41.0140319)
1059851712,41.013733,28.9486658,3,,,,POINT (28.9486658 41.013733)
1059851716,41.015671,28.948349,3,,,,POINT (28.948349 41.015671)
1059851718,41.015949,28.947833,4,,,,POINT (28.947833 41.015949)
1059851723,41.0171463,28.9463155,3,,,,POINT (28.9463155 41.0171463)
1059851739,41.0166816,28.9474528,3,,,,POINT (28.9474528 41.0166816)
1059851750,41.017009,28.9480212,3,,,,POINT (28.9480212 41.017009)
1059851761,41.013748,28.9455053,4,,,,POINT (28.9455053 41.013748)
1059851767,41.014762,28.9439702,3,,,,POINT (28.9439702 41.014762)
1059851777,41.014704,28.9437615,4,crossing,,,POINT (28.9437615 41.014704)
1059851787,41.0173309,28.9433599,4,,,,POINT (28.9433599 41.0173309)
1059851790,41.0172592,28.9433929,4,,,,POINT (28.9433929 41.0172592)
1059851792,41.016,28.9445891,3,,,,POINT (28.9445891 41.016)
1059851812,41.016898,28.9428322,3,,,,POINT (28.9428322 41.016898)
1059851819,41.0156553,28.9441366,4,,,,POINT (28.9441366 41.0156553)
1059851821,41.0153194,28.9446273,4,,,,POINT (28.9446273 41.0153194)
1059851826,41.0142568,28.9461284,3,,,,POINT (28.9461284 41.0142568)
1059851832,41.0164594,28.9422186,3,,,,POINT (28.9422186 41.0164594)
1059851833,41.0153728,28.9438177,3,,,,POINT (28.9438177 41.0153728)
1059851841,41.016047,28.9454602,3,,,,POINT (28.9454602 41.016047)
1059851855,41.014332,28.9489492,3,,,,POINT (28.9489492 41.014332)
1059851859,41.0145595,28.9479339,4,,,,POINT (28.9479339 41.0145595)
1059851862,41.0147477,28.9475984,4,,,,POINT (28.9475984 41.0147477)
1059851866,41.0150349,28.9469784,4,,,,POINT (28.9469784 41.0150349)
1059851884,41.0163778,28.945108,4,,,,POINT (28.945108 41.0163778)
1059851908,41.0153417,28.9480857,4,,,,POINT (28.9480857 41.0153417)
1059851910,41.0159609,28.9486032,4,,,,POINT (28.9486032 41.0159609)
1059851913,41.0162346,28.9487941,4,,,,POINT (28.9487941 41.0162346)
1059851924,41.0172439,28.9498989,3,,,,POINT (28.9498989 41.0172439)
1059851959,41.0185526,28.9487374,4,,,,POINT (28.9487374 41.0185526)
1059851963,41.0184785,28.9486116,4,,,,POINT (28.9486116 41.0184785)
1059851965,41.0177291,28.9472968,4,traffic_signals,,,POINT (28.9472968 41.0177291)
1059851969,41.017391,28.9467471,3,,,,POINT (28.9467471 41.017391)
1059851972,41.0167824,28.9457232,4,,,,POINT (28.9457232 41.0167824)
1059851985,41.0149972,28.9433432,3,,,,POINT (28.9433432 41.0149972)
1059851997,41.0165937,28.9483974,3,,,,POINT (28.9483974 41.0165937)
1059851998,41.0162474,28.9480801,4,,,,POINT (28.9480801 41.0162474)
1059851999,41.0156242,28.947529,4,,,,POINT (28.947529 41.0156242)
1059852001,41.01386,28.9456381,3,,,,POINT (28.9456381 41.01386)
1059852013,41.0136141,28.9453364,4,crossing,,,POINT (28.9453364 41.0136141)
1059852026,41.0186154,28.9455885,3,,,,POINT (28.9455885 41.0186154)
1059852031,41.0189009,28.9460718,4,traffic_signals,,,POINT (28.9460718 41.0189009)
1059852033,41.0196582,28.9474137,4,,,,POINT (28.9474137 41.0196582)
1059852035,41.0197254,28.9475293,4,,,,POINT (28.9475293 41.0197254)
1059852048,41.0179902,28.9444942,5,traffic_signals,,,POINT (28.9444942 41.0179902)
1059852065,41.0165552,28.9421928,3,,,,POINT (28.9421928 41.0165552)
1059852068,41.0164808,28.9420679,3,,,,POINT (28.9420679 41.0164808)
1059852087,41.0164589,28.9416015,4,crossing,,,POINT (28.9416015 41.0164589)
1059852094,41.0165512,28.9410867,3,,,,POINT (28.9410867 41.0165512)
1059852152,41.0153872,28.950217,3,,,,POINT (28.950217 41.0153872)
1059852163,41.0157037,28.9497904,3,,,,POINT (28.9497904 41.0157037)
1059852196,41.0167493,28.9506279,3,crossing,,,POINT (28.9506279 41.0167493)
1059852199,41.0161992,28.9502251,4,,,,POINT (28.9502251 41.0161992)
1059852217,41.0148099,28.9500365,3,,,,POINT (28.9500365 41.0148099)
1059852220,41.0147269,28.9502531,3,,,,POINT (28.9502531 41.0147269)
1059852226,41.0143286,28.9502944,3,,,,POINT (28.9502944 41.0143286)
1059852234,41.0144329,28.9500648,3,,,,POINT (28.9500648 41.0144329)
1059852279,41.0159946,28.9517929,3,,,,POINT (28.9517929 41.0159946)
1059852281,41.0155005,28.9515276,3,,,,POINT (28.9515276 41.0155005)
1059852284,41.0150343,28.9511866,3,,,,POINT (28.9511866 41.0150343)
1059852291,41.016639,28.9494877,3,,,,POINT (28.9494877 41.016639)
1059852293,41.0164809,28.949699,3,,,,POINT (28.949699 41.0164809)
1059852296,41.0159157,28.9507563,4,,,,POINT (28.9507563 41.0159157)
1059852304,41.0169282,28.9503482,3,,,,POINT (28.9503482 41.0169282)
1059852319,41.012555,28.9482235,3,,,,POINT (28.9482235 41.012555)
1059852327,41.0132364,28.9468232,3,,,,POINT (28.9468232 41.0132364)
1059852333,41.0135344,28.9470704,3,,,,POINT (28.9470704 41.0135344)
1059852338,41.0151532,28.9484327,4,,,,POINT (28.9484327 41.0151532)
1059852342,41.0157592,28.9489615,3,,,,POINT (28.9489615 41.0157592)
1059852356,41.0136107,28.9498125,3,,,,POINT (28.9498125 41.0136107)
1059852359,41.0145256,28.9498414,4,,,,POINT (28.9498414 41.0145256)
1059852374,41.014043,28.9511112,3,,,,POINT (28.9511112 41.014043)
1059852387,41.0135874,28.9513729,3,,,,POINT (28.9513729 41.0135874)
1059852434,41.0148234,28.9490895,4,,,,POINT (28.9490895 41.0148234)
1059852478,41.0151652,28.9500385,3,,,,POINT (28.9500385 41.0151652)
1059852486,41.0153614,28.9504214,3,,,,POINT (28.9504214 41.0153614)
1059852505,41.0142967,28.952158,3,,,,POINT (28.952158 41.0142967)
1059852551,41.0164089,28.9511584,4,,,,POINT (28.9511584 41.0164089)
1059852587,41.0134817,28.9534408,3,,,,POINT (28.9534408 41.0134817)
1059852668,41.0141761,28.9520163,4,,,,POINT (28.9520163 41.0141761)
1059852704,41.0122869,28.9510025,3,,,,POINT (28.9510025 41.0122869)
1059852720,41.0129631,28.9520927,3,,,,POINT (28.9520927 41.0129631)
1059852770,41.0125022,28.9491876,3,,,,POINT (28.9491876 41.0125022)
1059852773,41.0129658,28.9498095,3,,,,POINT (28.9498095 41.0129658)
1059852776,41.0124781,28.9531842,3,,,,POINT (28.9531842 41.0124781)
1059852781,41.0125859,28.9529603,1,,,,POINT (28.9529603 41.0125859)
1059852789,41.0127867,28.9525501,3,,,,POINT (28.9525501 41.0127867)
1059852838,41.0113698,28.9528079,3,,,,POINT (28.9528079 41.0113698)
1059852861,41.0122405,28.95214,3,,,,POINT (28.95214 41.0122405)
1059852876,41.0137388,28.9528848,3,,,,POINT (28.9528848 41.0137388)
1059852879,41.0129418,28.9522589,3,,,,POINT (28.9522589 41.0129418)
1059852942,41.0123237,28.9481528,4,,,,POINT (28.9481528 41.0123237)
1059852958,41.0118532,28.9499344,3,,,,POINT (28.9499344 41.0118532)
1059852975,41.0128029,28.9489296,3,,,,POINT (28.9489296 41.0128029)
1059852984,41.0131587,28.948431,4,,,,POINT (28.948431 41.0131587)
1059853023,41.013301,28.9510547,3,,,,POINT (28.9510547 41.013301)
1059853078,41.0136365,28.9486041,3,,,,POINT (28.9486041 41.0136365)
1059853094,41.0132421,28.9494511,3,,,,POINT (28.9494511 41.0132421)
1059853103,41.0125612,28.950456,3,,,,POINT (28.950456 41.0125612)
1059853164,41.0132357,28.9509989,3,,,,POINT (28.9509989 41.0132357)
1059853170,41.0126305,28.9505089,3,,,,POINT (28.9505089 41.0126305)
1060106594,41.0253487,28.9325512,1,,,,POINT (28.9325512 41.0253487)
1060106595,41.0251623,28.9329089,4,,,,POINT (28.9329089 41.0251623)
1060106597,41.024433,28.9338413,3,,,,POINT (28.9338413 41.024433)
1060106600,41.024009,28.9336348,3,,,,POINT (28.9336348 41.024009)
1060106603,41.0242587,28.9333643,3,,,,POINT (28.9333643 41.0242587)
1060106610,41.025045,28.9326575,3,,,,POINT (28.9326575 41.025045)
1060106613,41.0240471,28.9330477,3,,,,POINT (28.9330477 41.0240471)
1060106614,41.0242723,28.9358652,3,,,,POINT (28.9358652 41.0242723)
1060106616,41.0254851,28.9333263,3,,,,POINT (28.9333263 41.0254851)
1060106628,41.0300587,28.9355384,3,,,,POINT (28.9355384 41.0300587)
1060106630,41.0215936,28.9352343,3,,,,POINT (28.9352343 41.0215936)
1060106633,41.0222161,28.9362813,3,,,,POINT (28.9362813 41.0222161)
1060106640,41.0254755,28.9343582,3,,,,POINT (28.9343582 41.0254755)
1060106645,41.0237497,28.9335753,3,,,,POINT (28.9335753 41.0237497)
1060106654,41.0231551,28.9331305,3,,,,POINT (28.9331305 41.0231551)
1060106657,41.0227197,28.9325959,4,,,,POINT (28.9325959 41.0227197)
1060106658,41.0225537,28.9324129,3,,,,POINT (28.9324129 41.0225537)
1060106663,41.0248046,28.9320586,1,,,,POINT (28.9320586 41.0248046)
1060106666,41.0245755,28.9322906,3,,,,POINT (28.9322906 41.0245755)
1060106667,41.0243804,28.9320121,1,,,,POINT (28.9320121 41.0243804)
1060106670,41.024944,28.9325083,1,,,,POINT (28.9325083 41.024944)
1060106676,41.0196564,28.9370024,3,,,,POINT (28.9370024 41.0196564)
1060106684,41.0211138,28.9382,3,,,,POINT (28.9382 41.0211138)
1060106686,41.0213971,28.938217,3,,,,POINT (28.938217 41.0213971)
1060106687,41.0216758,28.9381737,3,,,,POINT (28.9381737 41.0216758)
1060106693,41.0216941,28.9393157,3,,,,POINT (28.9393157 41.0216941)
1060106698,41.0216415,28.9378713,3,,,,POINT (28.9378713 41.0216415)
1060106701,41.0224638,28.9341474,3,,,,POINT (28.9341474 41.0224638)
1060106705,41.0212377,28.9357147,3,,,,POINT (28.9357147 41.0212377)
1060106716,41.0232624,28.9434022,4,,,,POINT (28.9434022 41.0232624)
1060106721,41.023344,28.9424467,4,,,,POINT (28.9424467 41.023344)
1060106724,41.0234944,28.9419168,3,,,,POINT (28.9419168 41.0234944)
1060106729,41.0236654,28.9412057,3,,,,POINT (28.9412057 41.0236654)
1060106732,41.022728,28.9419748,3,,,,POINT (28.9419748 41.022728)
1060106738,41.0241322,28.9421493,4,,,,POINT (28.9421493 41.0241322)
1060106744,41.0218891,28.9370673,4,,,,POINT (28.9370673 41.0218891)
1060106761,41.0227818,28.9429194,3,,,,POINT (28.9429194 41.0227818)
1060106762,41.0226452,28.9432693,3,,,,POINT (28.9432693 41.0226452)
1060106763,41.0224581,28.9441623,3,,,,POINT (28.9441623 41.0224581)
1060106764,41.0231617,28.943538,3,,,,POINT (28.943538 41.0231617)
1060106766,41.0215801,28.9435836,4,,,,POINT (28.9435836 41.0215801)
1060106769,41.0221822,28.942865,3,,,,POINT (28.942865 41.0221822)
1060106772,41.0223732,28.9425486,4,,,,POINT (28.9425486 41.0223732)
1060106783,41.0240459,28.940971,3,,,,POINT (28.940971 41.0240459)
1060106791,41.0219187,28.942189,4,,,,POINT (28.942189 41.0219187)
1060106793,41.0221605,28.9417149,3,,,,POINT (28.9417149 41.0221605)
1060106800,41.0232589,28.9405939,3,,,,POINT (28.9405939 41.0232589)
1060106803,41.0220705,28.9386291,3,,,,POINT (28.9386291 41.0220705)
1060106805,41.0221366,28.9387884,3,,,,POINT (28.9387884 41.0221366)
1060106806,41.0222694,28.9391841,4,,,,POINT (28.9391841 41.0222694)
1060106811,41.0221983,28.9401451,4,,,,POINT (28.9401451 41.0221983)
1060106821,41.0191742,28.9450511,3,,,,POINT (28.9450511 41.0191742)
1060106822,41.0194471,28.9455191,3,,,,POINT (28.9455191 41.0194471)
1060106825,41.022855,28.9404326,3,,,,POINT (28.9404326 41.022855)
1060106827,41.0217021,28.9399427,4,,,,POINT (28.9399427 41.0217021)
1060106828,41.0215129,28.9399739,3,,,,POINT (28.9399739 41.0215129)
1060106834,41.0210182,28.9395678,3,,,,POINT (28.9395678 41.0210182)
1060106844,41.020102,28.939578,3,,,,POINT (28.939578 41.020102)
1060106845,41.0206916,28.9399499,4,,,,POINT (28.9399499 41.0206916)
1060106848,41.0226334,28.9442963,3,,,,POINT (28.9442963 41.0226334)
1060106851,41.0221891,28.9439833,3,,,,POINT (28.9439833 41.0221891)
1060106857,41.0225004,28.9426344,3,,,,POINT (28.9426344 41.0225004)
1060106862,41.0201038,28.9441263,3,,,,POINT (28.9441263 41.0201038)
1060106863,41.0198256,28.9436301,4,,,,POINT (28.9436301 41.0198256)
1060106865,41.019477,28.943041,3,,,,POINT (28.943041 41.019477)
1060106868,41.0202082,28.9455095,3,,,,POINT (28.9455095 41.0202082)
1060106869,41.0206995,28.9450074,3,,,,POINT (28.9450074 41.0206995)
1060106872,41.0217305,28.9439434,3,,,,POINT (28.9439434 41.0217305)
1060106875,41.020449,28.9459207,3,,,,POINT (28.9459207 41.020449)
1060106876,41.0212466,28.9451505,4,,,,POINT (28.9451505 41.0212466)
1060106878,41.0219615,28.9443676,3,,,,POINT (28.9443676 41.0219615)
1060106881,41.0204443,28.9445569,3,,,,POINT (28.9445569 41.0204443)
1060106883,41.0181686,28.9433565,3,,,,POINT (28.9433565 41.0181686)
1060106884,41.0185242,28.9439808,3,,,,POINT (28.9439808 41.0185242)
1060106887,41.0193749,28.9440953,4,,,,POINT (28.9440953 41.0193749)
1060106889,41.0201234,28.9433534,4,,,,POINT (28.9433534 41.0201234)
1060106892,41.0215605,28.941896,4,,,,POINT (28.941896 41.0215605)
1060106902,41.0211764,28.9459173,3,,,,POINT (28.9459173 41.0211764)
1060106906,41.021684,28.9408472,3,,,,POINT (28.9408472 41.021684)
1060106907,41.0216854,28.940693,3,,,,POINT (28.940693 41.0216854)
1060106928,41.0209792,28.9405519,3,,,,POINT (28.9405519 41.0209792)
1060106930,41.0207849,28.9407301,3,,,,POINT (28.9407301 41.0207849)
1060106932,41.021135,28.941411,3,,,,POINT (28.941411 41.021135)
1060106934,41.0204607,28.9410345,3,,,,POINT (28.9410345 41.0204607)
1060106936,41.0208304,28.941719,3,,,,POINT (28.941719 41.0208304)
1060106940,41.0171386,28.9406807,3,,,,POINT (28.9406807 41.0171386)
1060106941,41.0173643,28.9409959,3,,,,POINT (28.9409959 41.0173643)
1060106943,41.0178618,28.9418612,4,,,,POINT (28.9418612 41.0178618)
1060106944,41.0181997,28.9424619,4,,,,POINT (28.9424619 41.0181997)
1060106945,41.0185228,28.942999,3,,,,POINT (28.942999 41.0185228)
1060106949,41.0169826,28.9428061,3,,,,POINT (28.9428061 41.0169826)
1060106952,41.0174451,28.9423114,4,,,,POINT (28.9423114 41.0174451)
1060106962,41.0187352,28.940982,3,,,,POINT (28.940982 41.0187352)
1060106971,41.0177526,28.9428923,3,,,,POINT (28.9428923 41.0177526)
1060106974,41.0169991,28.9415557,3,,,,POINT (28.9415557 41.0169991)
1060106978,41.0206533,28.9443456,3,,,,POINT (28.9443456 41.0206533)
1060106980,41.0203897,28.9438353,4,,,,POINT (28.9438353 41.0203897)
1060106981,41.0197694,28.9427676,4,,,,POINT (28.9427676 41.0197694)
1060106983,41.0193997,28.9421081,4,,,,POINT (28.9421081 41.0193997)
1060106985,41.0190703,28.9415777,4,,,,POINT (28.9415777 41.0190703)
1060106993,41.019261,28.9457052,3,,,,POINT (28.9457052 41.019261)
1060106994,41.0200268,28.9470436,3,,,,POINT (28.9470436 41.0200268)
1060106996,41.0196035,28.9453627,3,,,,POINT (28.9453627 41.0196035)
1060106998,41.0203536,28.9467234,3,,,,POINT (28.9467234 41.0203536)
1060107001,41.0206946,28.9464024,3,,,,POINT (28.9464024 41.0206946)
1060107002,41.0199386,28.9450503,4,,,,POINT (28.9450503 41.0199386)
1060107004,41.0196545,28.9445728,4,,,,POINT (28.9445728 41.0196545)
1060107005,41.019024,28.9435035,4,,,,POINT (28.9435035 41.019024)
1060107007,41.0186608,28.942853,3,,,,POINT (28.942853 41.0186608)
1060107012,41.0185333,28.9386495,3,,,,POINT (28.9386495 41.0185333)
1060107014,41.0186615,28.9384474,3,,,,POINT (28.9384474 41.0186615)
1060107017,41.0209303,28.9351867,3,,,,POINT (28.9351867 41.0209303)
1060107046,41.018638,28.9385606,3,,,,POINT (28.9385606 41.018638)
1060107048,41.0184125,28.9386348,4,crossing,,,POINT (28.9386348 41.0184125)
1060107051,41.0182602,28.9386255,3,,,,POINT (28.9386255 41.0182602)
1060107061,41.0222259,28.9448199,4,,,,POINT (28.9448199 41.0222259)
1060107067,41.0198741,28.9407596,4,,,,POINT (28.9407596 41.0198741)
1060107072,41.0187019,28.9381939,3,crossing,,,POINT (28.9381939 41.0187019)
1060107074,41.0187522,28.9379147,3,,,,POINT (28.9379147 41.0187522)
1060107291,41.0308963,28.9362261,3,,,,POINT (28.9362261 41.0308963)
1060107301,41.0297108,28.9368632,3,crossing,,,POINT (28.9368632 41.0297108)
1060107304,41.0291947,28.9367506,4,,,,POINT (28.9367506 41.0291947)
1060107311,41.0292739,28.9370595,3,,,,POINT (28.9370595 41.0292739)
1060107321,41.0297274,28.9370466,3,,,,POINT (28.9370466 41.0297274)
1060107324,41.0301875,28.9369561,3,,,,POINT (28.9369561 41.0301875)
1060107329,41.0307827,28.9365626,3,,,,POINT (28.9365626 41.0307827)
1060107379,41.0257884,28.9402505,3,,,,POINT (28.9402505 41.0257884)
1060107394,41.0289068,28.9371537,3,,,,POINT (28.9371537 41.0289068)
1060107398,41.0288504,28.9369412,3,,,,POINT (28.9369412 41.0288504)
1060107400,41.0286269,28.9371409,3,,,,POINT (28.9371409 41.0286269)
1060430743,41.0246566,28.9404284,4,,,,POINT (28.9404284 41.0246566)
1060430745,41.0251837,28.9393614,4,,,,POINT (28.9393614 41.0251837)
1060431211,41.030596,28.9504665,3,,,,POINT (28.9504665 41.030596)
1060431219,41.030868,28.9508484,3,crossing,,,POINT (28.9508484 41.030868)
1060431223,41.0310394,28.9508473,3,,,,POINT (28.9508473 41.0310394)
1060431302,41.0306804,28.9511639,3,,,,POINT (28.9511639 41.0306804)
1060431309,41.0304564,28.9507174,4,,,,POINT (28.9507174 41.0304564)
1060431325,41.0395328,28.9434088,4,,,,POINT (28.9434088 41.0395328)
1060431391,41.0376533,28.9450805,3,,,,POINT (28.9450805 41.0376533)
1060431395,41.0370729,28.9454168,3,crossing,,,POINT (28.9454168 41.0370729)
1060431418,41.0325203,28.9482462,3,,,,POINT (28.9482462 41.0325203)
1060431473,41.0370108,28.9455737,3,,,,POINT (28.9455737 41.0370108)
1060431481,41.0386519,28.9447105,3,,,,POINT (28.9447105 41.0386519)
1060490635,41.0227306,28.9373699,3,,,,POINT (28.9373699 41.0227306)
1060490639,41.0227117,28.937843,3,,,,POINT (28.937843 41.0227117)
1060490649,41.0226919,28.9386898,3,,,,POINT (28.9386898 41.0226919)
1060490653,41.0229934,28.9388797,3,,,,POINT (28.9388797 41.0229934)
1060490656,41.0231918,28.9389922,3,,,,POINT (28.9389922 41.0231918)
1060490657,41.0230461,28.9395515,3,,,,POINT (28.9395515 41.0230461)
1060490660,41.0228295,28.9394148,3,,,,POINT (28.9394148 41.0228295)
1060490663,41.0228843,28.9383123,3,,,,POINT (28.9383123 41.0228843)
1060490665,41.0223459,28.9378844,3,,,,POINT (28.9378844 41.0223459)
1060490669,41.0235359,28.9392375,1,,,,POINT (28.9392375 41.0235359)
1060490670,41.0234751,28.9396642,3,,,,POINT (28.9396642 41.0234751)
1060490674,41.0217062,28.939062,3,,,,POINT (28.939062 41.0217062)
1060490682,41.0225004,28.9376354,3,,,,POINT (28.9376354 41.0225004)
1060490686,41.0231514,28.9369686,3,,,,POINT (28.9369686 41.0231514)
1060490703,41.0222296,28.9368009,3,,,,POINT (28.9368009 41.0222296)
1060490704,41.0226481,28.9393267,3,,,,POINT (28.9393267 41.0226481)
1060490706,41.0225191,28.9398055,3,,,,POINT (28.9398055 41.0225191)
1060490708,41.0224134,28.9402516,3,,,,POINT (28.9402516 41.0224134)
1060490723,41.0250016,28.9396784,3,,,,POINT (28.9396784 41.0250016)
1060490724,41.0246683,28.9394244,3,,,,POINT (28.9394244 41.0246683)
1060490733,41.024155,28.9388072,3,,,,POINT (28.9388072 41.024155)
1060490734,41.0236998,28.9384287,3,,,,POINT (28.9384287 41.0236998)
1060490739,41.0230027,28.9379945,1,,,,POINT (28.9379945 41.0230027)
1060490744,41.0240574,28.9378083,3,,,,POINT (28.9378083 41.0240574)
1060490746,41.0238501,28.938164,3,,,,POINT (28.938164 41.0238501)
1060490750,41.0246398,28.9382122,3,,,,POINT (28.9382122 41.0246398)
1060490751,41.0244161,28.9386367,3,,,,POINT (28.9386367 41.0244161)
1060490752,41.0242001,28.9395928,4,,,,POINT (28.9395928 41.0242001)
1060490754,41.0240168,28.9399795,4,,,,POINT (28.9399795 41.0240168)
1060490763,41.0236956,28.9407819,3,,,,POINT (28.9407819 41.0236956)
1060490767,41.0251026,28.940728,3,,,,POINT (28.940728 41.0251026)
1060490769,41.0247971,28.9405092,3,,,,POINT (28.9405092 41.0247971)
1060490773,41.0243414,28.940215,3,,,,POINT (28.940215 41.0243414)
1060490777,41.0237371,28.9397655,4,,,,POINT (28.9397655 41.0237371)
1060490786,41.0234565,28.9406773,3,,,,POINT (28.9406773 41.0234565)
1060490792,41.0245071,28.9398306,4,,,,POINT (28.9398306 41.0245071)
1060490794,41.02483,28.9400664,4,,,,POINT (28.9400664 41.02483)
1060490796,41.0249596,28.9401511,4,,,,POINT (28.9401511 41.0249596)
1060490798,41.025329,28.9404668,3,,,,POINT (28.9404668 41.025329)
1060490802,41.024581,28.9387992,3,,,,POINT (28.9387992 41.024581)
1060490804,41.0248404,28.9390391,3,,,,POINT (28.9390391 41.0248404)
1060490808,41.025369,28.9395246,4,,,,POINT (28.9395246 41.025369)
1060490811,41.0259428,28.9399019,3,,,,POINT (28.9399019 41.0259428)
1060490815,41.0256215,28.9401825,3,,,,POINT (28.9401825 41.0256215)
1060490825,41.025181,28.9398308,3,,,,POINT (28.9398308 41.025181)
1060490834,41.025902,28.9394604,3,,,,POINT (28.9394604 41.025902)
1060490836,41.0260189,28.9392278,3,,,,POINT (28.9392278 41.0260189)
1060490838,41.026171,28.9389978,3,,,,POINT (28.9389978 41.026171)
1060490841,41.0263178,28.9387776,3,,,,POINT (28.9387776 41.0263178)
1060490847,41.0260558,28.9384289,3,,,,POINT (28.9384289 41.0260558)
1060490853,41.0256867,28.9389676,4,,,,POINT (28.9389676 41.0256867)
1060490858,41.0258374,28.9387134,3,,,,POINT (28.9387134 41.0258374)
1060490862,41.0240418,28.9414864,1,,,,POINT (28.9414864 41.0240418)
1060490864,41.0244626,28.9416255,4,,,,POINT (28.9416255 41.0244626)
1060490877,41.024735,28.9412593,3,,,,POINT (28.9412593 41.024735)
1060490878,41.024549,28.9411026,4,,,,POINT (28.9411026 41.024549)
1060490881,41.0241274,28.9409034,3,,,,POINT (28.9409034 41.0241274)
1060490903,41.0233771,28.9372063,3,,,,POINT (28.9372063 41.0233771)
1060490912,41.0242915,28.9365292,3,,,,POINT (28.9365292 41.0242915)
1060490930,41.0226576,28.9353473,3,,,,POINT (28.9353473 41.0226576)
1060490947,41.0227877,28.9346029,1,,,,POINT (28.9346029 41.0227877)
1060490954,41.0228771,28.9351286,3,,,,POINT (28.9351286 41.0228771)
1060490973,41.0255464,28.9392262,3,,,,POINT (28.9392262 41.0255464)
1060490979,41.0263365,28.9395598,3,,,,POINT (28.9395598 41.0263365)
1060490994,41.0251031,28.9376458,3,,,,POINT (28.9376458 41.0251031)
1060490997,41.0249642,28.9375303,3,,,,POINT (28.9375303 41.0249642)
1060491000,41.024588,28.9372684,3,,,,POINT (28.9372684 41.024588)
1060491009,41.0250619,28.9373028,3,,,,POINT (28.9373028 41.0250619)
1060491011,41.0252216,28.9368478,4,,,,POINT (28.9368478 41.0252216)
1060491015,41.0253558,28.9360442,3,,,,POINT (28.9360442 41.0253558)
1060491018,41.0256647,28.9378924,3,,,,POINT (28.9378924 41.0256647)
1060491021,41.0252387,28.9374535,4,,,,POINT (28.9374535 41.0252387)
1060491034,41.0254872,28.9388217,3,,,,POINT (28.9388217 41.0254872)
1060491043,41.0252073,28.9385737,4,,,,POINT (28.9385737 41.0252073)
1060491046,41.0251061,28.9384854,3,,,,POINT (28.9384854 41.0251061)
1060491049,41.0247813,28.9382962,3,,,,POINT (28.9382962 41.0247813)
1060491052,41.0242767,28.9379953,4,,,,POINT (28.9379953 41.0242767)
1060491058,41.0230092,28.9367618,3,,,,POINT (28.9367618 41.0230092)
1060491062,41.0225964,28.936302,3,,,,POINT (28.936302 41.0225964)
1060491064,41.0223318,28.9361631,3,,,,POINT (28.9361631 41.0223318)
1060491071,41.0233988,28.9362631,3,,,,POINT (28.9362631 41.0233988)
1060491107,41.025878,28.9341416,1,,,,POINT (28.9341416 41.025878)
1060491108,41.0260806,28.9333299,3,,,,POINT (28.9333299 41.0260806)
1060491109,41.0256446,28.9357111,1,,,,POINT (28.9357111 41.0256446)
1060491110,41.0259139,28.9357195,3,,,,POINT (28.9357195 41.0259139)
1060491112,41.0265085,28.9357474,3,,,,POINT (28.9357474 41.0265085)
1060491118,41.0258998,28.9360599,3,,,,POINT (28.9360599 41.0258998)
1060491133,41.0248461,28.9366963,4,,,,POINT (28.9366963 41.0248461)
1060491138,41.0249848,28.9360115,3,,,,POINT (28.9360115 41.0249848)
1060491154,41.0266822,28.9372006,3,,,,POINT (28.9372006 41.0266822)
1060491155,41.026197,28.9378432,3,,,,POINT (28.9378432 41.026197)
1060491166,41.0269384,28.9332643,4,,,,POINT (28.9332643 41.0269384)
1060491176,41.0256974,28.9334075,3,,,,POINT (28.9334075 41.0256974)
1060491200,41.0265271,28.9351244,3,,,,POINT (28.9351244 41.0265271)
1060491219,41.026726,28.933873,3,,,,POINT (28.933873 41.026726)
1060491257,41.0274838,28.9383751,3,,,,POINT (28.9383751 41.0274838)
1060491270,41.0272882,28.9380914,4,,,,POINT (28.9380914 41.0272882)
1060491272,41.0271183,28.9377924,4,,,,POINT (28.9377924 41.0271183)
1060491274,41.0268755,28.9374385,4,,,,POINT (28.9374385 41.0268755)
1060491275,41.0263482,28.9368334,3,,,,POINT (28.9368334 41.0263482)
1060491278,41.0274326,28.9373713,3,,,,POINT (28.9373713 41.0274326)
1060491281,41.0268794,28.938053,3,,,,POINT (28.938053 41.0268794)
1060491283,41.0266166,28.9383915,3,,,,POINT (28.9383915 41.0266166)
1060491290,41.0270488,28.9383279,3,,,,POINT (28.9383279 41.0270488)
1060491295,41.026519,28.9361375,5,,,,POINT (28.9361375 41.026519)
1060491300,41.027301,28.9347358,3,,,,POINT (28.9347358 41.027301)
1060491318,41.0259382,28.9375023,4,,,,POINT (28.9375023 41.0259382)
1060491361,41.0273472,28.9363862,3,,,,POINT (28.9363862 41.0273472)
1060491363,41.0271733,28.9370508,3,,,,POINT (28.9370508 41.0271733)
1060491364,41.0263716,28.9380552,4,,,,POINT (28.9380552 41.0263716)
1060491376,41.0254533,28.9369613,4,,,,POINT (28.9369613 41.0254533)
1060491379,41.0256043,28.9360504,3,,,,POINT (28.9360504 41.0256043)
1060491381,41.0269009,28.9390048,4,,,,POINT (28.9390048 41.0269009)
1060491388,41.0267562,28.9386535,3,,,,POINT (28.9386535 41.0267562)
1060491391,41.0277581,28.9375953,3,,,,POINT (28.9375953 41.0277581)
1060491412,41.0281761,28.9376057,3,,,,POINT (28.9376057 41.0281761)
1060491416,41.0277616,28.9371412,3,,,,POINT (28.9371412 41.0277616)
1060491421,41.0272192,28.9366747,4,,,,POINT (28.9366747 41.0272192)
1060491446,41.027856,28.9367833,3,,,,POINT (28.9367833 41.027856)
1060491447,41.0279341,28.9365148,3,,,,POINT (28.9365148 41.0279341)
1060491457,41.0282638,28.9360633,3,,,,POINT (28.9360633 41.0282638)
1060491475,41.028387,28.9369191,3,,,,POINT (28.9369191 41.028387)
1060491482,41.0282515,28.9366623,3,,,,POINT (28.9366623 41.0282515)
1060491509,41.0220476,28.9366255,3,,,,POINT (28.9366255 41.0220476)
1060491531,41.029341,28.9349751,3,,,,POINT (28.9349751 41.029341)
1060491562,41.0280314,28.9377597,3,,,,POINT (28.9377597 41.0280314)
1060491582,41.0285903,28.937174,3,,,,POINT (28.937174 41.0285903)
1061622423,41.0220774,28.9515508,4,,,,POINT (28.9515508 41.0220774)
1061622427,41.0219051,28.9520983,4,,,,POINT (28.9520983 41.0219051)
1061622430,41.0215935,28.9525575,3,,,,POINT (28.9525575 41.0215935)
1061622459,41.0229368,28.9526869,3,,,,POINT (28.9526869 41.0229368)
1061622461,41.0226937,28.9535158,4,,,,POINT (28.9535158 41.0226937)
1061622463,41.0225712,28.9540572,4,,,,POINT (28.9540572 41.0225712)
1061622464,41.0223005,28.9549673,3,,,,POINT (28.9549673 41.0223005)
1061622468,41.0218819,28.9555021,3,,,,POINT (28.9555021 41.0218819)
1061622477,41.0200015,28.9533535,3,,,,POINT (28.9533535 41.0200015)
1061622487,41.0194935,28.9527015,3,,,,POINT (28.9527015 41.0194935)
1061622506,41.0231368,28.9496506,3,,,,POINT (28.9496506 41.0231368)
1061622510,41.0225727,28.9495075,4,,,,POINT (28.9495075 41.0225727)
1061622522,41.0231334,28.9505837,4,,,,POINT (28.9505837 41.0231334)
1061622525,41.0225365,28.9504094,3,,,,POINT (28.9504094 41.0225365)
1061622539,41.0214796,28.9497337,3,,,,POINT (28.9497337 41.0214796)
1061622543,41.0213562,28.9490598,4,,,,POINT (28.9490598 41.0213562)
1061622546,41.0211577,28.9486858,3,,,,POINT (28.9486858 41.0211577)
1061622565,41.0222115,28.9531999,4,,,,POINT (28.9531999 41.0222115)
1061622570,41.0225313,28.9524751,4,,,,POINT (28.9524751 41.0225313)
1061622580,41.0227528,28.9518422,4,,,,POINT (28.9518422 41.0227528)
1061622594,41.0209655,28.9518569,3,,,,POINT (28.9518569 41.0209655)
1061622618,41.0213182,28.9514787,4,,,,POINT (28.9514787 41.0213182)
1061622658,41.0217422,28.9510972,3,,,,POINT (28.9510972 41.0217422)
1061622681,41.0205391,28.9475359,3,,,,POINT (28.9475359 41.0205391)
1061622686,41.0210482,28.9470465,4,,,,POINT (28.9470465 41.0210482)
1061622689,41.0216109,28.946503,4,,,,POINT (28.946503 41.0216109)
1061622690,41.0220827,28.946028,4,,,,POINT (28.946028 41.0220827)
1061622692,41.0225878,28.9455108,4,,,,POINT (28.9455108 41.0225878)
1061622693,41.0230269,28.9449095,4,,,,POINT (28.9449095 41.0230269)
1061622700,41.0235009,28.9439387,3,,,,POINT (28.9439387 41.0235009)
1061622733,41.020854,28.9483761,3,,,,POINT (28.9483761 41.020854)
1061622737,41.0207686,28.9480015,3,,,,POINT (28.9480015 41.0207686)
1061622740,41.0202195,28.947051,3,,,,POINT (28.947051 41.0202195)
1061622748,41.0213199,28.947467,4,,,,POINT (28.947467 41.0213199)
1061622750,41.0218536,28.9469511,4,,,,POINT (28.9469511 41.0218536)
1061622751,41.0223253,28.9464598,4,,,,POINT (28.9464598 41.0223253)
1061622754,41.0228204,28.9459097,4,,,,POINT (28.9459097 41.0228204)
1061622756,41.0233548,28.9454537,3,,,,POINT (28.9454537 41.0233548)
1061622767,41.021598,28.9479041,4,,,,POINT (28.9479041 41.021598)
1061622770,41.0221436,28.9473969,4,,,,POINT (28.9473969 41.0221436)
1061622774,41.0225782,28.946903,4,,,,POINT (28.946903 41.0225782)
1061622777,41.0230943,28.9463961,4,,,,POINT (28.9463961 41.0230943)
1061622779,41.023594,28.9458819,3,,,,POINT (28.9458819 41.023594)
1061622800,41.0233831,28.9469006,3,,,,POINT (28.9469006 41.0233831)
1061622803,41.0228888,28.9474039,4,,,,POINT (28.9474039 41.0228888)
1061622814,41.0223991,28.9478601,3,,,,POINT (28.9478601 41.0223991)
1061622832,41.0214222,28.9546905,1,,,,POINT (28.9546905 41.0214222)
1061622844,41.0214004,28.9554495,3,,,,POINT (28.9554495 41.0214004)
1061622850,41.0210134,28.9553121,3,,,,POINT (28.9553121 41.0210134)
1061622877,41.0227172,28.9443764,3,,,,POINT (28.9443764 41.0227172)
1061622882,41.0229404,28.9445288,3,,,,POINT (28.9445288 41.0229404)
1061622895,41.0230328,28.9439378,3,,,,POINT (28.9439378 41.0230328)
1061622917,41.0208269,28.9547096,3,,,,POINT (28.9547096 41.0208269)
1061622924,41.0207648,28.9551269,3,,,,POINT (28.9551269 41.0207648)
1061622935,41.0209768,28.9554828,3,,,,POINT (28.9554828 41.0209768)
1061622944,41.02037,28.9550634,3,,,,POINT (28.9550634 41.02037)
1061622976,41.0215312,28.9537797,3,,,,POINT (28.9537797 41.0215312)
1061622981,41.021769,28.9559069,3,,,,POINT (28.9559069 41.021769)
1061623073,41.0221335,28.9538406,3,,,,POINT (28.9538406 41.0221335)
1061623076,41.0213915,28.9529867,3,,,,POINT (28.9529867 41.0213915)
1061623080,41.021044,28.9526094,3,,,,POINT (28.9526094 41.021044)
1061623085,41.0206913,28.9522994,4,,,,POINT (28.9522994 41.0206913)
1061623090,41.0202962,28.9518506,4,,,,POINT (28.9518506 41.0202962)
1061623114,41.0206977,28.9532061,3,,,,POINT (28.9532061 41.0206977)
1061623116,41.0207033,28.9536736,3,,,,POINT (28.9536736 41.0207033)
1061623124,41.0205677,28.9551155,3,,,,POINT (28.9551155 41.0205677)
1061623161,41.0203002,28.954054,3,,,,POINT (28.954054 41.0203002)
1061623182,41.0209353,28.955739,3,,,,POINT (28.955739 41.0209353)
1061623186,41.0210488,28.9551738,3,,,,POINT (28.9551738 41.0210488)
1061623192,41.0210357,28.9547161,3,,,,POINT (28.9547161 41.0210357)
1061623218,41.0195725,28.9549642,5,,,,POINT (28.9549642 41.0195725)
1061623254,41.0204886,28.9563082,1,,,,POINT (28.9563082 41.0204886)
1061623258,41.0202005,28.9561138,3,,,,POINT (28.9561138 41.0202005)
1061623260,41.0198981,28.9559503,3,,,,POINT (28.9559503 41.0198981)
1061623294,41.0198405,28.9569976,3,,,,POINT (28.9569976 41.0198405)
1061623301,41.0200707,28.9564495,3,,,,POINT (28.9564495 41.0200707)
1061623347,41.0194855,28.9567738,3,,,,POINT (28.9567738 41.0194855)
1061623358,41.0211342,28.9537431,4,,,,POINT (28.9537431 41.0211342)
1061623386,41.0199046,28.9535551,4,,,,POINT (28.9535551 41.0199046)
1061623392,41.0203524,28.9528241,4,,,,POINT (28.9528241 41.0203524)
1061623409,41.0221039,28.9506625,3,,,,POINT (28.9506625 41.0221039)
1061623433,41.0190107,28.9577592,3,,,,POINT (28.9577592 41.0190107)
1061623472,41.0208473,28.9557316,3,,,,POINT (28.9557316 41.0208473)
1061623486,41.0192431,28.9571636,4,,,,POINT (28.9571636 41.0192431)
1061623522,41.0188004,28.9574163,3,,,,POINT (28.9574163 41.0188004)
1061623613,41.0187459,28.9555562,3,,,,POINT (28.9555562 41.0187459)
1061623625,41.0186632,28.9558207,3,,,,POINT (28.9558207 41.0186632)
1061623650,41.018371,28.9565957,4,,,,POINT (28.9565957 41.018371)
1061623707,41.0194407,28.9534375,3,,,,POINT (28.9534375 41.0194407)
1061623737,41.019122,28.9538833,4,,,,POINT (28.9538833 41.019122)
1061623741,41.0188868,28.9543123,3,,,,POINT (28.9543123 41.0188868)
1061623749,41.0193687,28.9541861,1,,,,POINT (28.9541861 41.0193687)
1061623755,41.0188219,28.9533681,3,,,,POINT (28.9533681 41.0188219)
1061623779,41.0191844,28.9549386,4,,,,POINT (28.9549386 41.0191844)
1061623789,41.0185982,28.9568614,3,,,,POINT (28.9568614 41.0185982)
1061623885,41.0185377,28.9562213,3,,,,POINT (28.9562213 41.0185377)
1061623918,41.0224305,28.9479905,3,,,,POINT (28.9479905 41.0224305)
1061623927,41.0218024,28.9483093,4,,,,POINT (28.9483093 41.0218024)
1061623932,41.020756,28.9487861,3,,,,POINT (28.9487861 41.020756)
1061623974,41.0218871,28.9496727,4,,,,POINT (28.9496727 41.0218871)
1061624009,41.0211917,28.9500225,3,,,,POINT (28.9500225 41.0211917)
1061624019,41.0231727,28.9512329,3,,,,POINT (28.9512329 41.0231727)
1061624038,41.0231439,28.9486948,4,,,,POINT (28.9486948 41.0231439)
1061624042,41.0232167,28.9480613,4,,,,POINT (28.9480613 41.0232167)
1061624045,41.0236786,28.9474277,4,,,,POINT (28.9474277 41.0236786)
1061624049,41.023845,28.9471935,3,,,,POINT (28.9471935 41.023845)
1061624075,41.0224659,28.9481336,3,,,,POINT (28.9481336 41.0224659)
1061624086,41.0217693,28.9455157,3,,,,POINT (28.9455157 41.0217693)
1061624194,41.0168203,28.9557472,3,,,,POINT (28.9557472 41.0168203)
1061624202,41.0171055,28.9560294,3,,,,POINT (28.9560294 41.0171055)
1061624232,41.0174653,28.955423,4,,,,POINT (28.955423 41.0174653)
1061624248,41.0185162,28.9536592,4,,,,POINT (28.9536592 41.0185162)
1061624255,41.0191237,28.9530272,3,,,,POINT (28.9530272 41.0191237)
1061624262,41.0199242,28.9522518,4,,,,POINT (28.9522518 41.0199242)
1061624266,41.0216638,28.9504466,4,,,,POINT (28.9504466 41.0216638)
1061624285,41.0218474,28.9489199,4,,,,POINT (28.9489199 41.0218474)
1061624304,41.0207706,28.9465201,3,,,,POINT (28.9465201 41.0207706)
1061624325,41.0207685,28.9492661,3,,,,POINT (28.9492661 41.0207685)
1061624332,41.0225071,28.9487661,4,,,,POINT (28.9487661 41.0225071)
1061624339,41.0243607,28.9485461,4,,,,POINT (28.9485461 41.0243607)
1061624387,41.0213215,28.9459839,3,,,,POINT (28.9459839 41.0213215)
1061624398,41.0224135,28.9508299,3,,,,POINT (28.9508299 41.0224135)
1061624454,41.0185423,28.9520686,4,,,,POINT (28.9520686 41.0185423)
1061624522,41.0171864,28.9551461,4,,,,POINT (28.9551461 41.0171864)
1061624542,41.0178717,28.9540994,4,,,,POINT (28.9540994 41.0178717)
1061624548,41.0183304,28.9533632,4,,,,POINT (28.9533632 41.0183304)
1061624556,41.0189442,28.9527349,3,,,,POINT (28.9527349 41.0189442)
1061624568,41.0213513,28.9503131,3,,,,POINT (28.9503131 41.0213513)
1061624672,41.0207232,28.9484796,3,,,,POINT (28.9484796 41.0207232)
1061624724,41.0232331,28.9512648,3,,,,POINT (28.9512648 41.0232331)
1061624988,41.0169377,28.9548969,4,,,,POINT (28.9548969 41.0169377)
1061624996,41.017603,28.9538261,4,,,,POINT (28.9538261 41.017603)
1061625001,41.0181329,28.9529921,4,,,,POINT (28.9529921 41.0181329)
1061625020,41.0187392,28.9523675,4,,,,POINT (28.9523675 41.0187392)
1061625035,41.0195453,28.9515496,3,,,,POINT (28.9515496 41.0195453)
1061625104,41.0183131,28.9516499,4,,,,POINT (28.9516499 41.0183131)
1061625106,41.017941,28.9520992,3,,,,POINT (28.9520992 41.017941)
1061625109,41.017662,28.9522378,3,,,,POINT (28.9522378 41.017662)
1061625154,41.0172353,28.9509263,4,,,,POINT (28.9509263 41.0172353)
1061625158,41.0175349,28.9514308,4,,,,POINT (28.9514308 41.0175349)
1061625174,41.0171636,28.9518172,4,,,,POINT (28.9518172 41.0171636)
1061625181,41.0179975,28.9509845,5,,,,POINT (28.9509845 41.0179975)
1061625197,41.017682,28.9504414,3,,,,POINT (28.9504414 41.017682)
1061625204,41.0167378,28.9514224,3,,,,POINT (28.9514224 41.0167378)
1061625212,41.0161954,28.9517022,3,,,,POINT (28.9517022 41.0161954)
1061625233,41.0164797,28.954435,3,,,,POINT (28.954435 41.0164797)
1061625280,41.0222933,28.9449352,4,,,,POINT (28.9449352 41.0222933)
1061625315,41.0165052,28.9512526,4,,,,POINT (28.9512526 41.0165052)
1061625326,41.015932,28.9521555,3,,,,POINT (28.9521555 41.015932)
1061625330,41.0171744,28.9533919,4,,,,POINT (28.9533919 41.0171744)
1061625380,41.0236224,28.9564926,4,,,,POINT (28.9564926 41.0236224)
1061625447,41.0173699,28.949916,3,,,,POINT (28.949916 41.0173699)
1061625495,41.0165769,28.9545356,4,,,,POINT (28.9545356 41.0165769)
1061753074,41.0266595,28.9542825,4,,,,POINT (28.9542825 41.0266595)
1061753077,41.0263276,28.9547207,3,,,,POINT (28.9547207 41.0263276)
1061753083,41.0261811,28.9548944,4,,,,POINT (28.9548944 41.0261811)
1061753091,41.0260138,28.9550192,3,,,,POINT (28.9550192 41.0260138)
1061753093,41.0258187,28.9551874,3,,,,POINT (28.9551874 41.0258187)
1061753098,41.0273602,28.9563448,3,,,,POINT (28.9563448 41.0273602)
1061753102,41.0272235,28.9561754,4,,,,POINT (28.9561754 41.0272235)
1061753114,41.026924,28.9558244,4,,,,POINT (28.9558244 41.026924)
1061753116,41.0266424,28.9554547,4,,,,POINT (28.9554547 41.0266424)
1061753119,41.025726,28.9542073,4,,,,POINT (28.9542073 41.025726)
1061753127,41.0251061,28.9532549,4,,,,POINT (28.9532549 41.0251061)
1061753135,41.0245826,28.9528194,3,,,,POINT (28.9528194 41.0245826)
1061753154,41.0254659,28.9520442,3,,,,POINT (28.9520442 41.0254659)
1061753160,41.0258486,28.951323,5,,,,POINT (28.951323 41.0258486)
1061753163,41.0250236,28.9497409,3,,,,POINT (28.9497409 41.0250236)
1061753189,41.0237476,28.9486136,3,,,,POINT (28.9486136 41.0237476)
1061753194,41.0245156,28.9587027,3,,,,POINT (28.9587027 41.0245156)
1061753196,41.0244177,28.9585457,3,,,,POINT (28.9585457 41.0244177)
1061753210,41.0270095,28.9550398,3,,,,POINT (28.9550398 41.0270095)
1061753213,41.0272451,28.9553747,3,,,,POINT (28.9553747 41.0272451)
1061753217,41.0275151,28.9556977,4,,,,POINT (28.9556977 41.0275151)
1061753221,41.0276904,28.955948,4,,,,POINT (28.955948 41.0276904)
1061753230,41.0278126,28.9565086,3,,,,POINT (28.9565086 41.0278126)
1061753249,41.027886,28.9556931,3,,,,POINT (28.9556931 41.027886)
1061753250,41.0274948,28.9561417,4,,,,POINT (28.9561417 41.0274948)
1061753252,41.0272201,28.9565391,3,,,,POINT (28.9565391 41.0272201)
1061753253,41.0270703,28.9563666,4,,,,POINT (28.9563666 41.0270703)
1061753256,41.0268002,28.9560156,4,,,,POINT (28.9560156 41.0268002)
1061753259,41.0264962,28.9556457,4,,,,POINT (28.9556457 41.0264962)
1061753271,41.0267309,28.9567447,3,,,,POINT (28.9567447 41.0267309)
1061753274,41.027355,28.9559695,4,,,,POINT (28.9559695 41.027355)
1061753278,41.027645,28.9552394,4,,,,POINT (28.9552394 41.027645)
1061753286,41.0270786,28.9556302,4,,,,POINT (28.9556302 41.0270786)
1061753288,41.0265465,28.9563928,3,,,,POINT (28.9563928 41.0265465)
1061753295,41.0267964,28.9552941,4,,,,POINT (28.9552941 41.0267964)
1061753316,41.0253407,28.957848,3,,,,POINT (28.957848 41.0253407)
1061753319,41.025421,28.9580401,3,,,,POINT (28.9580401 41.025421)
1061753332,41.0261986,28.9585576,4,,,,POINT (28.9585576 41.0261986)
1061753346,41.0255393,28.9579628,3,,,,POINT (28.9579628 41.0255393)
1061753352,41.0268556,28.956943,3,,,,POINT (28.956943 41.0268556)
1061753354,41.0266263,28.9571907,3,,,,POINT (28.9571907 41.0266263)
1061753362,41.0268021,28.9574271,3,,,,POINT (28.9574271 41.0268021)
1061753375,41.0259355,28.9567015,3,,,,POINT (28.9567015 41.0259355)
1061753383,41.0262646,28.957141,3,,,,POINT (28.957141 41.0262646)
1061753402,41.0246853,28.9580534,4,,,,POINT (28.9580534 41.0246853)
1061753419,41.0261269,28.9572658,3,,,,POINT (28.9572658 41.0261269)
1061753431,41.0245042,28.9560767,3,,,,POINT (28.9560767 41.0245042)
1061753434,41.024437,28.9562482,3,,,,POINT (28.9562482 41.024437)
1061753436,41.0242836,28.9567512,3,,,,POINT (28.9567512 41.0242836)
1061753458,41.0233527,28.9538414,3,,,,POINT (28.9538414 41.0233527)
1061753461,41.0232285,28.9543849,3,,,,POINT (28.9543849 41.0232285)
1061753495,41.0243638,28.9533739,4,,,,POINT (28.9533739 41.0243638)
1061753501,41.0242453,28.9537613,4,,,,POINT (28.9537613 41.0242453)
1061753503,41.0240978,28.954203,3,,,,POINT (28.954203 41.0240978)
1061753515,41.0247878,28.9540393,3,,,,POINT (28.9540393 41.0247878)
1061753518,41.0238198,28.9535463,3,,,,POINT (28.9535463 41.0238198)
1061753527,41.0270059,28.9572106,3,,,,POINT (28.9572106 41.0270059)
1061753554,41.0236209,28.960236,3,,,,POINT (28.960236 41.0236209)
1061753559,41.0234442,28.9607168,3,,,,POINT (28.9607168 41.0234442)
1061753587,41.0254727,28.9554406,3,,,,POINT (28.9554406 41.0254727)
1061753589,41.0252039,28.9564138,3,,,,POINT (28.9564138 41.0252039)
1061753598,41.0255895,28.9565571,3,,,,POINT (28.9565571 41.0255895)
1061753609,41.0247871,28.9562161,4,,,,POINT (28.9562161 41.0247871)
1061753614,41.0238902,28.955688,3,,,,POINT (28.955688 41.0238902)
1061753624,41.0245255,28.956969,3,,,,POINT (28.956969 41.0245255)
1061753627,41.0250304,28.9553045,4,,,,POINT (28.9553045 41.0250304)
1061753628,41.0251557,28.9546868,4,,,,POINT (28.9546868 41.0251557)
1061753629,41.0254272,28.9545232,4,,,,POINT (28.9545232 41.0254272)
1061753632,41.0261327,28.9537723,4,,,,POINT (28.9537723 41.0261327)
1061753637,41.0248091,28.9551949,3,,,,POINT (28.9551949 41.0248091)
1061753647,41.0239896,28.9553383,3,,,,POINT (28.9553383 41.0239896)
1061753654,41.0273228,28.9540729,1,,,,POINT (28.9540729 41.0273228)
1061753660,41.0259711,28.9527918,3,,,,POINT (28.9527918 41.0259711)
1061753662,41.0258942,28.952478,3,,,,POINT (28.952478 41.0258942)
1061753666,41.0256841,28.9522629,3,,,,POINT (28.9522629 41.0256841)
1061753674,41.0245426,28.9515486,4,,,,POINT (28.9515486 41.0245426)
1061753677,41.0235201,28.9512461,3,,,,POINT (28.9512461 41.0235201)
1061753689,41.0253271,28.9529082,4,,,,POINT (28.9529082 41.0253271)
1061753690,41.0249183,28.9536474,4,,,,POINT (28.9536474 41.0249183)
1061753692,41.0246551,28.9544836,4,,,,POINT (28.9544836 41.0246551)
1061753695,41.0244882,28.9550277,3,,,,POINT (28.9550277 41.0244882)
1061753769,41.025873,28.9556704,3,,,,POINT (28.9556704 41.025873)
1061753799,41.0217735,28.9574675,3,,,,POINT (28.9574675 41.0217735)
1061753801,41.0220488,28.9559685,3,,,,POINT (28.9559685 41.0220488)
1061753864,41.0205686,28.957898,3,,,,POINT (28.957898 41.0205686)
1061753871,41.0209098,28.9584,3,,,,POINT (28.9584 41.0209098)
1061753891,41.0206886,28.9593083,3,,,,POINT (28.9593083 41.0206886)
1061753908,41.0207697,28.9562201,3,,,,POINT (28.9562201 41.0207697)
1061753914,41.0210268,28.9567239,3,,,,POINT (28.9567239 41.0210268)
1061753940,41.0221366,28.9575346,3,,,,POINT (28.9575346 41.0221366)
1061753950,41.0208161,28.9572723,3,,,,POINT (28.9572723 41.0208161)
1061753961,41.0204957,28.9569446,3,,,,POINT (28.9569446 41.0204957)
1061753996,41.0221943,28.957168,3,,,,POINT (28.957168 41.0221943)
1061754009,41.0226284,28.957763,3,,,,POINT (28.957763 41.0226284)
1061754011,41.0221679,28.9573881,3,,,,POINT (28.9573881 41.0221679)
1061754041,41.0235733,28.9545524,4,,,,POINT (28.9545524 41.0235733)
1061754043,41.0237061,28.9540204,4,,,,POINT (28.9540204 41.0237061)
1061754045,41.0239349,28.9531365,4,,,,POINT (28.9531365 41.0239349)
1061754047,41.0241423,28.9526124,3,,,,POINT (28.9526124 41.0241423)
1061754050,41.0243783,28.9520591,4,,,,POINT (28.9520591 41.0243783)
1061754052,41.0246614,28.9509919,4,,,,POINT (28.9509919 41.0246614)
1061754083,41.0226259,28.9597393,3,,,,POINT (28.9597393 41.0226259)
1061754097,41.0224563,28.9580435,3,,,,POINT (28.9580435 41.0224563)
1061754103,41.023383,28.9579526,4,,,,POINT (28.9579526 41.023383)
1061754125,41.0240978,28.9580589,4,,,,POINT (28.9580589 41.0240978)
1061754134,41.0246477,28.9573212,3,,,,POINT (28.9573212 41.0246477)
1061754138,41.0241443,28.9548396,3,,,,POINT (28.9548396 41.0241443)
1061754143,41.0236614,28.9575969,4,,,,POINT (28.9575969 41.0236614)
1061754153,41.0245262,28.95843,3,,,,POINT (28.95843 41.0245262)
1061754175,41.0223694,28.9560401,3,,,,POINT (28.9560401 41.0223694)
1061754181,41.0284814,28.954082,3,,,,POINT (28.954082 41.0284814)
1061754184,41.0284637,28.9537381,3,,,,POINT (28.9537381 41.0284637)
1061754207,41.0271544,28.9548738,3,,,,POINT (28.9548738 41.0271544)
1061754209,41.0262614,28.9559302,4,,,,POINT (28.9559302 41.0262614)
1061754224,41.025057,28.9575542,3,,,,POINT (28.9575542 41.025057)
1061754226,41.0249881,28.9576327,3,,,,POINT (28.9576327 41.0249881)
1061754246,41.0235675,28.9593732,3,,,,POINT (28.9593732 41.0235675)
1061754259,41.023194,28.9603,3,,,,POINT (28.9603 41.023194)
1061754273,41.0228334,28.9607275,3,,,,POINT (28.9607275 41.0228334)
1061754276,41.022517,28.9602566,4,,,,POINT (28.9602566 41.022517)
1061754279,41.0223471,28.9600094,3,,,,POINT (28.9600094 41.0223471)
1061754292,41.0245956,28.9571986,3,,,,POINT (28.9571986 41.0245956)
1061754409,41.0260688,28.9556053,3,,,,POINT (28.9556053 41.0260688)
1061754482,41.0282073,28.9554145,4,,,,POINT (28.9554145 41.0282073)
1061754485,41.0270985,28.9573754,3,,,,POINT (28.9573754 41.0270985)
1061754704,41.0261014,28.9575718,3,,,,POINT (28.9575718 41.0261014)
1061754785,41.0264317,28.9478653,3,,,,POINT (28.9478653 41.0264317)
1061754791,41.0267646,28.9471202,3,,,,POINT (28.9471202 41.0267646)
1064221933,41.0301091,28.940769,3,,,,POINT (28.940769 41.0301091)
1064221934,41.0299113,28.940557,4,,,,POINT (28.940557 41.0299113)
1064221935,41.0295657,28.9402224,4,,,,POINT (28.9402224 41.0295657)
1064221937,41.029402,28.9400294,3,,,,POINT (28.9400294 41.029402)
1064221940,41.0292362,28.9398606,3,,,,POINT (28.9398606 41.0292362)
1064221945,41.0297709,28.9395404,3,,,,POINT (28.9395404 41.0297709)
1064221949,41.0284926,28.9404218,3,,,,POINT (28.9404218 41.0284926)
1064221951,41.0281033,28.9400258,3,,,,POINT (28.9400258 41.0281033)
1064221970,41.0289022,28.9397733,3,,,,POINT (28.9397733 41.0289022)
1064221974,41.0286189,28.9392359,3,,,,POINT (28.9392359 41.0286189)
1064221976,41.028258,28.9404661,3,,,,POINT (28.9404661 41.028258)
1064221980,41.0278838,28.941161,3,,,,POINT (28.941161 41.0278838)
1064221994,41.0281619,28.9377842,4,,,,POINT (28.9377842 41.0281619)
1064221997,41.0289863,28.938658,3,,,,POINT (28.938658 41.0289863)
1064222001,41.0294509,28.9391507,3,,,,POINT (28.9391507 41.0294509)
1064222005,41.0295663,28.9392707,4,,,,POINT (28.9392707 41.0295663)
1064222014,41.0299798,28.9398221,3,,,,POINT (28.9398221 41.0299798)
1064222016,41.0301781,28.9401493,3,,,,POINT (28.9401493 41.0301781)
1064222017,41.030407,28.9404533,3,,,,POINT (28.9404533 41.030407)
1064222032,41.0313465,28.940916,4,,,,POINT (28.940916 41.0313465)
1064222060,41.0298154,28.9412148,3,,,,POINT (28.9412148 41.0298154)
1064222062,41.0295911,28.9410735,4,,,,POINT (28.9410735 41.0295911)
1064222064,41.0292603,28.9406728,4,,,,POINT (28.9406728 41.0292603)
1064222067,41.0289109,28.9403222,4,,,,POINT (28.9403222 41.0289109)
1064222071,41.0286528,28.940152,4,,,,POINT (28.940152 41.0286528)
1064222075,41.0282678,28.9397553,3,,,,POINT (28.9397553 41.0282678)
1064222085,41.0280065,28.9401882,3,,,,POINT (28.9401882 41.0280065)
1064222087,41.0283796,28.9406105,4,,,,POINT (28.9406105 41.0283796)
1064222089,41.0285936,28.9408394,4,,,,POINT (28.9408394 41.0285936)
1064222094,41.0289339,28.9412171,4,,,,POINT (28.9412171 41.0289339)
1064222097,41.029273,28.9416249,4,,,,POINT (28.9416249 41.029273)
1064222100,41.0296779,28.9420924,3,,,,POINT (28.9420924 41.0296779)
1064222110,41.0297476,28.9389953,3,,,,POINT (28.9389953 41.0297476)
1064222124,41.0280934,28.9418173,3,,,,POINT (28.9418173 41.0280934)
1064222130,41.0280263,28.9411869,3,,,,POINT (28.9411869 41.0280263)
1064222140,41.0273419,28.9418516,3,,,,POINT (28.9418516 41.0273419)
1064222142,41.0277747,28.9417919,3,,,,POINT (28.9417919 41.0277747)
1064222143,41.0280009,28.9418123,3,,,,POINT (28.9418123 41.0280009)
1064222144,41.0281945,28.9418475,3,,,,POINT (28.9418475 41.0281945)
1064222146,41.0286734,28.9419665,4,,,,POINT (28.9419665 41.0286734)
1064222147,41.0290611,28.9420711,4,,,,POINT (28.9420711 41.0290611)
1064222148,41.0295593,28.9425011,3,,,,POINT (28.9425011 41.0295593)
1064222152,41.028879,28.942625,3,,,,POINT (28.942625 41.028879)
1064222157,41.0276909,28.9423789,3,,,,POINT (28.9423789 41.0276909)
1064222158,41.0286442,28.9425773,3,,,,POINT (28.9425773 41.0286442)
1064222171,41.0280655,28.9424676,3,,,,POINT (28.9424676 41.0280655)
1064222179,41.027243,28.9465465,4,,,,POINT (28.9465465 41.027243)
1064222185,41.0270728,28.9458749,3,,,,POINT (28.9458749 41.0270728)
1064222188,41.027061,28.945747,3,,,,POINT (28.945747 41.027061)
1064222192,41.027168,28.9450416,3,,,,POINT (28.9450416 41.027168)
1064222202,41.0269182,28.9464302,3,,,,POINT (28.9464302 41.0269182)
1064222210,41.0268467,28.9458166,3,,,,POINT (28.9458166 41.0268467)
1064222218,41.0278717,28.9463201,3,,,,POINT (28.9463201 41.0278717)
1064222222,41.0278887,28.9457497,3,,,,POINT (28.9457497 41.0278887)
1064222232,41.027953,28.9452776,3,,,,POINT (28.9452776 41.027953)
1064222243,41.0273726,28.9457229,3,,,,POINT (28.9457229 41.0273726)
1064222252,41.0275531,28.9452129,3,,,,POINT (28.9452129 41.0275531)
1064222260,41.0274306,28.9412411,5,,,,POINT (28.9412411 41.0274306)
1064222264,41.0270857,28.9407959,4,,,,POINT (28.9407959 41.0270857)
1064222266,41.0267815,28.9402068,3,,,,POINT (28.9402068 41.0267815)
1064222268,41.0264119,28.9396667,4,,,,POINT (28.9396667 41.0264119)
1064222273,41.0269516,28.9412435,3,,,,POINT (28.9412435 41.0269516)
1064222278,41.0275968,28.9408692,3,,,,POINT (28.9408692 41.0275968)
1064222282,41.0264837,28.9408096,3,,,,POINT (28.9408096 41.0264837)
1064222291,41.02655,28.9409081,3,,,,POINT (28.9409081 41.02655)
1064222293,41.0262228,28.9411023,3,,,,POINT (28.9411023 41.0262228)
1064222313,41.0266408,28.9437533,3,,,,POINT (28.9437533 41.0266408)
1064222315,41.0264662,28.9444259,3,,,,POINT (28.9444259 41.0264662)
1064222317,41.026796,28.9440841,1,,,,POINT (28.9440841 41.026796)
1064222318,41.0266823,28.9444844,3,,,,POINT (28.9444844 41.0266823)
1064222332,41.0261952,28.9453011,3,,,,POINT (28.9453011 41.0261952)
1064222334,41.0266798,28.9453497,4,,,,POINT (28.9453497 41.0266798)
1064222337,41.0266521,28.9463039,3,,,,POINT (28.9463039 41.0266521)
1064222346,41.0268583,28.9449063,3,,,,POINT (28.9449063 41.0268583)
1064222348,41.0269265,28.9445505,3,,,,POINT (28.9445505 41.0269265)
1064222363,41.0281275,28.9448172,3,,,,POINT (28.9448172 41.0281275)
1064222375,41.0273041,28.9423497,4,,,,POINT (28.9423497 41.0273041)
1064222377,41.0272136,28.9429491,4,,,,POINT (28.9429491 41.0272136)
1064222379,41.0271213,28.9434075,4,,,,POINT (28.9434075 41.0271213)
1064222381,41.0270282,28.9439035,4,,,,POINT (28.9439035 41.0270282)
1064222382,41.0268473,28.944529,3,,,,POINT (28.944529 41.0268473)
1064222390,41.0280059,28.9448009,3,,,,POINT (28.9448009 41.0280059)
1064222392,41.0280689,28.9442041,4,,,,POINT (28.9442041 41.0280689)
1064222395,41.0281251,28.9436412,4,,,,POINT (28.9436412 41.0281251)
1064222400,41.0282625,28.9429167,1,,,,POINT (28.9429167 41.0282625)
1064222401,41.0283557,28.9429262,3,,,,POINT (28.9429262 41.0283557)
1064222408,41.0290451,28.9427952,3,,,,POINT (28.9427952 41.0290451)
1064222414,41.0283953,28.9425434,3,,,,POINT (28.9425434 41.0283953)
1064222418,41.0262744,28.9431009,3,,,,POINT (28.9431009 41.0262744)
1064222424,41.02864,28.9437115,3,,,,POINT (28.9437115 41.02864)
1064222428,41.0291192,28.9439299,3,,,,POINT (28.9439299 41.0291192)
1064222434,41.0261939,28.9436385,3,,,,POINT (28.9436385 41.0261939)
1064222451,41.0254878,28.9425311,1,,,,POINT (28.9425311 41.0254878)
1064222453,41.0252058,28.9430426,3,,,,POINT (28.9430426 41.0252058)
1064222458,41.026113,28.9419927,3,,,,POINT (28.9419927 41.026113)
1064222462,41.0258071,28.9424024,3,,,,POINT (28.9424024 41.0258071)
1064222463,41.025682,28.9422807,4,,,,POINT (28.9422807 41.025682)
1064222464,41.0254976,28.9421048,3,,,,POINT (28.9421048 41.0254976)
1064222468,41.0252832,28.9419074,3,,,,POINT (28.9419074 41.0252832)
1064222474,41.0258639,28.9418954,3,,,,POINT (28.9418954 41.0258639)
1064222480,41.0256841,28.941818,3,,,,POINT (28.941818 41.0256841)
1064222481,41.0292225,28.9436005,3,,,,POINT (28.9436005 41.0292225)
1064222487,41.0263279,28.9427314,3,,,,POINT (28.9427314 41.0263279)
1064222488,41.0253711,28.9417223,4,,,,POINT (28.9417223 41.0253711)
1064222489,41.0263603,28.9420932,4,,,,POINT (28.9420932 41.0263603)
1064222494,41.0294045,28.9430045,3,,,,POINT (28.9430045 41.0294045)
1064222495,41.0263549,28.9424137,3,,,,POINT (28.9424137 41.0263549)
1064222496,41.0255786,28.9435073,4,,,,POINT (28.9435073 41.0255786)
1064222499,41.0252238,28.9456226,3,,,,POINT (28.9456226 41.0252238)
1064222500,41.0259188,28.9461883,3,,,,POINT (28.9461883 41.0259188)
1064222501,41.0258993,28.9458929,4,,,,POINT (28.9458929 41.0258993)
1064222502,41.0259685,28.9456425,3,,,,POINT (28.9456425 41.0259685)
1064222503,41.0262076,28.9457087,3,,,,POINT (28.9457087 41.0262076)
1064222505,41.0259534,28.9450045,1,,,,POINT (28.9450045 41.0259534)
1064222507,41.026189,28.9449678,3,,,,POINT (28.9449678 41.026189)
1064222508,41.025941,28.9444194,1,,,,POINT (28.9444194 41.025941)
1064222509,41.0260443,28.9441324,3,,,,POINT (28.9441324 41.0260443)
1064222510,41.0257397,28.9408396,3,,,,POINT (28.9408396 41.0257397)
1064222511,41.0254523,28.9405386,3,,,,POINT (28.9405386 41.0254523)
1064222512,41.0248289,28.9413592,3,,,,POINT (28.9413592 41.0248289)
1064222514,41.0250834,28.9417182,3,,,,POINT (28.9417182 41.0250834)
1064222516,41.0252206,28.9420045,3,,,,POINT (28.9420045 41.0252206)
1064222517,41.0251911,28.9408508,3,,,,POINT (28.9408508 41.0251911)
1064222520,41.0251861,28.9414499,3,,,,POINT (28.9414499 41.0251861)
1064222521,41.0254205,28.9415532,3,,,,POINT (28.9415532 41.0254205)
1064222528,41.0259741,28.9400739,3,,,,POINT (28.9400739 41.0259741)
1064222529,41.0264124,28.9469435,3,,,,POINT (28.9469435 41.0264124)
1064222530,41.0260214,28.9467556,3,,,,POINT (28.9467556 41.0260214)
1064222531,41.0261927,28.9458666,3,,,,POINT (28.9458666 41.0261927)
1064222535,41.0288207,28.9447272,3,,,,POINT (28.9447272 41.0288207)
1064222540,41.0262304,28.9443282,3,,,,POINT (28.9443282 41.0262304)
1064222541,41.0261131,28.9442236,3,,,,POINT (28.9442236 41.0261131)
1064222543,41.0254291,28.9433349,3,,,,POINT (28.9433349 41.0254291)
1064222545,41.0248298,28.9426822,3,,,,POINT (28.9426822 41.0248298)
1064222547,41.0259912,28.9405261,4,,,,POINT (28.9405261 41.0259912)
1064222553,41.0241039,28.946029,3,,,,POINT (28.946029 41.0241039)
1064222554,41.0247165,28.9465302,3,,,,POINT (28.9465302 41.0247165)
1064222555,41.0249799,28.9467744,3,,,,POINT (28.9467744 41.0249799)
1064222557,41.0252111,28.9469554,3,,,,POINT (28.9469554 41.0252111)
1064222558,41.0251248,28.9472456,3,,,,POINT (28.9472456 41.0251248)
1064222560,41.0253502,28.9465555,1,,,,POINT (28.9465555 41.0253502)
1064222563,41.0250264,28.9462811,3,,,,POINT (28.9462811 41.0250264)
1064222566,41.0254666,28.9456799,3,,,,POINT (28.9456799 41.0254666)
1064222567,41.025363,28.9461221,4,,,,POINT (28.9461221 41.025363)
1064222569,41.0261647,28.9460072,3,,,,POINT (28.9460072 41.0261647)
1064222571,41.0260258,28.9464282,4,,,,POINT (28.9464282 41.0260258)
1064222574,41.0255663,28.9476074,4,,,,POINT (28.9476074 41.0255663)
1064222576,41.0255212,28.9484055,4,,,,POINT (28.9484055 41.0255212)
1064222578,41.0265136,28.9466095,1,,,,POINT (28.9466095 41.0265136)
1064222581,41.0265782,28.947559,3,,,,POINT (28.947559 41.0265782)
1064222582,41.0246519,28.9477844,3,,,,POINT (28.9477844 41.0246519)
1064222583,41.0245764,28.9485135,3,,,,POINT (28.9485135 41.0245764)
1064222591,41.0258358,28.9477641,3,,,,POINT (28.9477641 41.0258358)
1064222592,41.025766,28.9482799,3,,,,POINT (28.9482799 41.025766)
1064222595,41.0246184,28.9473329,3,,,,POINT (28.9473329 41.0246184)
1064222596,41.0248349,28.9474025,3,,,,POINT (28.9474025 41.0248349)
1064222600,41.0239185,28.9464539,3,,,,POINT (28.9464539 41.0239185)
1064222602,41.024946,28.9471076,3,,,,POINT (28.9471076 41.024946)
1064222607,41.0241284,28.9431339,1,,,,POINT (28.9431339 41.0241284)
1064222609,41.0239827,28.9435719,3,,,,POINT (28.9435719 41.0239827)
1064222610,41.0243846,28.9429621,1,,,,POINT (28.9429621 41.0243846)
1064222613,41.0246069,28.9434287,3,,,,POINT (28.9434287 41.0246069)
1064222617,41.0249113,28.942529,3,,,,POINT (28.942529 41.0249113)
1064222620,41.0242451,28.9421993,4,,,,POINT (28.9421993 41.0242451)
1064222621,41.0243728,28.9477158,1,,,,POINT (28.9477158 41.0243728)
1064222630,41.0245485,28.943851,3,,,,POINT (28.943851 41.0245485)
1064222631,41.0244762,28.9443292,3,,,,POINT (28.9443292 41.0244762)
1064222634,41.0242974,28.9454129,4,,,,POINT (28.9454129 41.0242974)
1064222635,41.0241967,28.945767,3,,,,POINT (28.945767 41.0241967)
1064222636,41.0234306,28.9469764,3,,,,POINT (28.9469764 41.0234306)
1064222637,41.0237495,28.9451867,3,,,,POINT (28.9451867 41.0237495)
1064222639,41.0239276,28.9456452,3,,,,POINT (28.9456452 41.0239276)
1064222645,41.0231447,28.9437864,3,,,,POINT (28.9437864 41.0231447)
1064222647,41.0233809,28.9434416,3,,,,POINT (28.9434416 41.0233809)
1064222657,41.028456,28.94616,3,,,,POINT (28.94616 41.028456)
1064222664,41.0286651,28.9453233,3,,,,POINT (28.9453233 41.0286651)
1064222666,41.028947,28.9443841,3,,,,POINT (28.9443841 41.028947)
1064222673,41.029734,28.9417721,3,,,,POINT (28.9417721 41.029734)
1064304300,41.0152152,28.9326131,1,,,,POINT (28.9326131 41.0152152)
1064304315,41.0150426,28.9328414,3,,,,POINT (28.9328414 41.0150426)
1064574390,41.029487,28.9427513,3,,,,POINT (28.9427513 41.029487)
1064574397,41.0301874,28.9433882,3,,,,POINT (28.9433882 41.0301874)
1064574407,41.0307504,28.943074,3,,,,POINT (28.943074 41.0307504)
1064574438,41.0312394,28.9438224,3,,,,POINT (28.9438224 41.0312394)
1064574444,41.0310388,28.9439742,3,,,,POINT (28.9439742 41.0310388)
1064574446,41.0308732,28.9441406,3,,,,POINT (28.9441406 41.0308732)
1064574449,41.0307186,28.9443155,3,,,,POINT (28.9443155 41.0307186)
1064574453,41.0308086,28.9433467,1,,,,POINT (28.9433467 41.0308086)
1064574454,41.0308153,28.9434307,3,,,,POINT (28.9434307 41.0308153)
1064574496,41.0307692,28.9405349,4,,,,POINT (28.9405349 41.0307692)
1064574503,41.0302992,28.9416196,3,,,,POINT (28.9416196 41.0302992)
1064574513,41.0310815,28.9416736,3,,,,POINT (28.9416736 41.0310815)
1064574515,41.0311538,28.9417125,3,,,,POINT (28.9417125 41.0311538)
1064574517,41.031424,28.9418768,3,,,,POINT (28.9418768 41.031424)
1064574539,41.0319206,28.9421372,3,,,,POINT (28.9421372 41.0319206)
1064574547,41.0306922,28.942404,3,,,,POINT (28.942404 41.0306922)
1064574558,41.03088,28.9425836,3,,,,POINT (28.9425836 41.03088)
1064574564,41.0301011,28.9443462,3,,,,POINT (28.9443462 41.0301011)
1064574581,41.0309143,28.9428317,3,,,,POINT (28.9428317 41.0309143)
1064574606,41.0305175,28.9423035,3,,,,POINT (28.9423035 41.0305175)
1064574615,41.0302561,28.9414638,3,,,,POINT (28.9414638 41.0302561)
1064574616,41.0297574,28.9415374,3,,,,POINT (28.9415374 41.0297574)
1064574634,41.030246,28.9412143,3,,,,POINT (28.9412143 41.030246)
1064574637,41.0302405,28.9406121,3,,,,POINT (28.9406121 41.0302405)
1064574638,41.0305291,28.9405063,3,,,,POINT (28.9405063 41.0305291)
1064574651,41.0334148,28.9403933,3,,,,POINT (28.9403933 41.0334148)
1064574652,41.0330733,28.9408752,4,,,,POINT (28.9408752 41.0330733)
1064574655,41.033008,28.9414203,3,,,,POINT (28.9414203 41.033008)
1064574661,41.0335503,28.9406535,3,,,,POINT (28.9406535 41.0335503)
1064574664,41.0332524,28.9410402,4,,,,POINT (28.9410402 41.0332524)
1064574666,41.0331804,28.9414962,4,,,,POINT (28.9414962 41.0331804)
1064574672,41.0334589,28.9421331,3,,,,POINT (28.9421331 41.0334589)
1064574677,41.0337421,28.9410158,3,,,,POINT (28.9410158 41.0337421)
1064574680,41.0335579,28.9413325,4,,,,POINT (28.9413325 41.0335579)
1064574683,41.0334094,28.9416147,3,,,,POINT (28.9416147 41.0334094)
1064574689,41.0325662,28.9417867,3,,,,POINT (28.9417867 41.0325662)
1064574697,41.032858,28.9413434,3,,,,POINT (28.9413434 41.032858)
1064574698,41.0290206,28.9441935,3,,,,POINT (28.9441935 41.0290206)
1064574702,41.0307842,28.9444115,3,,,,POINT (28.9444115 41.0307842)
1064574704,41.0310372,28.9448327,3,,,,POINT (28.9448327 41.0310372)
1064574706,41.0312123,28.944948,3,,,,POINT (28.944948 41.0312123)
1064574723,41.0344165,28.9414078,4,,,,POINT (28.9414078 41.0344165)
1064574727,41.034014,28.9419427,4,,,,POINT (28.9419427 41.034014)
1064574732,41.0333955,28.9422773,3,,,,POINT (28.9422773 41.0333955)
1064574743,41.0318264,28.9412415,3,,,,POINT (28.9412415 41.0318264)
1064574754,41.03389,28.941276,3,,,,POINT (28.941276 41.03389)
1064574756,41.0337486,28.9415305,4,,,,POINT (28.9415305 41.0337486)
1064574758,41.0336293,28.9417735,4,,,,POINT (28.9417735 41.0336293)
1064574765,41.0321315,28.9409646,3,,,,POINT (28.9409646 41.0321315)
1064574776,41.0327853,28.9412939,3,,,,POINT (28.9412939 41.0327853)
1064574783,41.0332544,28.9400991,3,,,,POINT (28.9400991 41.0332544)
1064574784,41.0328831,28.9406929,4,,,,POINT (28.9406929 41.0328831)
1064574797,41.0342926,28.9423301,3,,,,POINT (28.9423301 41.0342926)
1064574802,41.0325407,28.9403704,4,,,,POINT (28.9403704 41.0325407)
1064574810,41.0318938,28.9394682,3,,,,POINT (28.9394682 41.0318938)
1064574815,41.0320924,28.9387499,4,,,,POINT (28.9387499 41.0320924)
1064574837,41.0313244,28.9388266,3,,,,POINT (28.9388266 41.0313244)
1064574852,41.0320781,28.9409846,3,,,,POINT (28.9409846 41.0320781)
1064574865,41.0330229,28.939668,3,,,,POINT (28.939668 41.0330229)
1064574876,41.0314222,28.9402242,3,,,,POINT (28.9402242 41.0314222)
1064574895,41.0299671,28.9386682,3,,,,POINT (28.9386682 41.0299671)
1064574897,41.0294452,28.9382622,3,,,,POINT (28.9382622 41.0294452)
1064574908,41.0303756,28.9390575,3,,,,POINT (28.9390575 41.0303756)
1064574911,41.0299163,28.9387402,3,,,,POINT (28.9387402 41.0299163)
1064574918,41.0315222,28.9382376,4,,,,POINT (28.9382376 41.0315222)
1064574929,41.031599,28.9396564,3,,,,POINT (28.9396564 41.031599)
1064574939,41.0311483,28.9407767,3,,,,POINT (28.9407767 41.0311483)
1064574942,41.0319198,28.9385541,3,,,,POINT (28.9385541 41.0319198)
1064574956,41.0308203,28.9387479,3,,,,POINT (28.9387479 41.0308203)
1064574961,41.0311203,28.9379728,4,,,,POINT (28.9379728 41.0311203)
1064574963,41.0313922,28.9373318,4,,,,POINT (28.9373318 41.0313922)
1064574968,41.0315789,28.9367998,3,,,,POINT (28.9367998 41.0315789)
1064574974,41.030228,28.9376944,3,,,,POINT (28.9376944 41.030228)
1064574976,41.0296566,28.9374074,3,,,,POINT (28.9374074 41.0296566)
1064574982,41.0303534,28.9392693,3,,,,POINT (28.9392693 41.0303534)
1064574984,41.0301672,28.9392488,3,,,,POINT (28.9392488 41.0301672)
1064574986,41.0298493,28.9388467,3,,,,POINT (28.9388467 41.0298493)
1064574990,41.0299099,28.9397125,3,,,,POINT (28.9397125 41.0299099)
1064574999,41.0293434,28.9385353,3,,,,POINT (28.9385353 41.0293434)
1064575020,41.0295784,28.9378926,4,,,,POINT (28.9378926 41.0295784)
1064575033,41.030606,28.9367319,4,,,,POINT (28.9367319 41.030606)
1064575035,41.0303472,28.9374128,4,,,,POINT (28.9374128 41.0303472)
1064575038,41.030075,28.938254,3,,,,POINT (28.938254 41.030075)
1064575044,41.0326048,28.9388478,3,,,,POINT (28.9388478 41.0326048)
1064575046,41.0324265,28.938946,3,,,,POINT (28.938946 41.0324265)
1064575052,41.0307524,28.9376845,4,,,,POINT (28.9376845 41.0307524)
1064575054,41.0299297,28.9370206,3,,,,POINT (28.9370206 41.0299297)
1064575063,41.030997,28.9370613,4,,,,POINT (28.9370613 41.030997)
1064575072,41.0313073,28.9363408,3,,,,POINT (28.9363408 41.0313073)
1064575075,41.0304819,28.9384662,4,,,,POINT (28.9384662 41.0304819)
1064575083,41.0302476,28.9402141,3,,,,POINT (28.9402141 41.0302476)
1064575098,41.030423,28.9384329,3,,,,POINT (28.9384329 41.030423)
1064575132,41.0352575,28.9412697,3,,,,POINT (28.9412697 41.0352575)
1064575135,41.0345244,28.9413173,3,,,,POINT (28.9413173 41.0345244)
1064575152,41.0327559,28.9391731,3,,,,POINT (28.9391731 41.0327559)
1064575161,41.0320667,28.9377391,3,,,,POINT (28.9377391 41.0320667)
1064575165,41.0314843,28.9366117,3,,,,POINT (28.9366117 41.0314843)
1064575173,41.0286776,28.9372781,3,,,,POINT (28.9372781 41.0286776)
1064575175,41.028901,28.93777,3,,,,POINT (28.93777 41.028901)
1064575193,41.031355,28.9391041,3,,,,POINT (28.9391041 41.031355)
1064575202,41.0309785,28.9388499,3,,,,POINT (28.9388499 41.0309785)
1066631769,41.034527,28.9408768,5,,,,POINT (28.9408768 41.034527)
1066631775,41.0341947,28.9408396,3,,,,POINT (28.9408396 41.0341947)
1066631778,41.0336139,28.9407599,3,,,,POINT (28.9407599 41.0336139)
1066631811,41.035566,28.939889,3,,,,POINT (28.939889 41.035566)
1066631838,41.0341625,28.941191,3,,,,POINT (28.941191 41.0341625)
1066631859,41.0339604,28.9413847,3,,,,POINT (28.9413847 41.0339604)
1066631921,41.0366246,28.9413113,3,,,,POINT (28.9413113 41.0366246)
1066631925,41.0367109,28.9408973,3,,,,POINT (28.9408973 41.0367109)
1066631947,41.0367155,28.9405277,3,,,,POINT (28.9405277 41.0367155)
1066631952,41.036522,28.9401228,4,,,,POINT (28.9401228 41.036522)
1066631957,41.0365056,28.9398173,3,,,,POINT (28.9398173 41.0365056)
1066631962,41.0364918,28.939637,3,,,,POINT (28.939637 41.0364918)
1066632005,41.0362855,28.9411445,3,,,,POINT (28.9411445 41.0362855)
1066632142,41.0387518,28.9420832,3,,,,POINT (28.9420832 41.0387518)
1066632150,41.0389481,28.9428803,3,,,,POINT (28.9428803 41.0389481)
1066632178,41.0394834,28.9433539,4,,,,POINT (28.9433539 41.0394834)
1066632193,41.0390804,28.9420263,3,,,,POINT (28.9420263 41.0390804)
1066632218,41.0395415,28.942408,3,,,,POINT (28.942408 41.0395415)
1102729548,41.0287408,28.9507182,3,,,,POINT (28.9507182 41.0287408)
1102729549,41.0287324,28.9503776,3,,,,POINT (28.9503776 41.0287324)
1102729552,41.0288954,28.9500578,3,,,,POINT (28.9500578 41.0288954)
1102729554,41.0290722,28.9499863,3,,,,POINT (28.9499863 41.0290722)
1102729557,41.0292215,28.9497461,3,,,,POINT (28.9497461 41.0292215)
1102729559,41.029225,28.9501163,3,,,,POINT (28.9501163 41.029225)
1102729564,41.0279408,28.947233,3,,,,POINT (28.947233 41.0279408)
1102729567,41.0276596,28.9472879,3,,,,POINT (28.9472879 41.0276596)
1102729571,41.0276351,28.9463886,3,,,,POINT (28.9463886 41.0276351)
1102729575,41.0288158,28.9488202,3,,,,POINT (28.9488202 41.0288158)
1102729583,41.0279924,28.9475948,3,,,,POINT (28.9475948 41.0279924)
1102729586,41.0296237,28.9499728,3,,,,POINT (28.9499728 41.0296237)
1102729587,41.0298754,28.9501818,4,,,,POINT (28.9501818 41.0298754)
1102729588,41.0301179,28.9504025,4,,,,POINT (28.9504025 41.0301179)
1102729594,41.0303349,28.9506001,4,,,,POINT (28.9506001 41.0303349)
1102729596,41.0289547,28.950441,3,,,,POINT (28.950441 41.0289547)
1102729597,41.0289999,28.9507611,3,,,,POINT (28.9507611 41.0289999)
1102729599,41.0293531,28.9506558,3,,,,POINT (28.9506558 41.0293531)
1102729601,41.0290096,28.9504886,3,,,,POINT (28.9504886 41.0290096)
1102729603,41.0279898,28.950066,1,,,,POINT (28.950066 41.0279898)
1102729605,41.0278482,28.9504652,3,,,,POINT (28.9504652 41.0278482)
1102729608,41.0298009,28.9509642,3,,,,POINT (28.9509642 41.0298009)
1102729611,41.0302674,28.9501667,3,,,,POINT (28.9501667 41.0302674)
1102729619,41.0284006,28.9502433,3,,,,POINT (28.9502433 41.0284006)
1102729620,41.0282949,28.9504955,3,,,,POINT (28.9504955 41.0282949)
1102729622,41.0294677,28.9502304,4,,,,POINT (28.9502304 41.0294677)
1102729623,41.0297251,28.9504651,4,,,,POINT (28.9504651 41.0297251)
1102729625,41.0296568,28.949903,3,,,,POINT (28.949903 41.0296568)
1102729628,41.0293232,28.9508274,3,,,,POINT (28.9508274 41.0293232)
1102729631,41.0251088,28.9511338,3,,,,POINT (28.9511338 41.0251088)
1102729637,41.026786,28.9485734,3,,,,POINT (28.9485734 41.026786)
1102729644,41.0274311,28.9489356,3,,,,POINT (28.9489356 41.0274311)
1102729645,41.0275375,28.9486936,3,,,,POINT (28.9486936 41.0275375)
1102729647,41.0282434,28.950025,3,,,,POINT (28.950025 41.0282434)
1102729649,41.0280159,28.9497518,3,,,,POINT (28.9497518 41.0280159)
1102729655,41.0285625,28.9489824,3,,,,POINT (28.9489824 41.0285625)
1102729659,41.0277363,28.9493557,3,,,,POINT (28.9493557 41.0277363)
1102729663,41.0300622,28.9499029,4,,,,POINT (28.9499029 41.0300622)
1102729667,41.0286461,28.9496786,3,,,,POINT (28.9496786 41.0286461)
1102729671,41.0281638,28.9504341,3,,,,POINT (28.9504341 41.0281638)
1102729675,41.029084,28.9507817,3,,,,POINT (28.9507817 41.029084)
1102729681,41.0286121,28.9513238,3,,,,POINT (28.9513238 41.0286121)
1102729693,41.0269188,28.948248,3,,,,POINT (28.948248 41.0269188)
1102729695,41.0264699,28.9491634,3,,,,POINT (28.9491634 41.0264699)
1102729707,41.0270146,28.9519539,1,,,,POINT (28.9519539 41.0270146)
1102729709,41.0272169,28.9522865,3,,,,POINT (28.9522865 41.0272169)
1102729710,41.0273885,28.9523829,4,,,,POINT (28.9523829 41.0273885)
1102729719,41.0264339,28.9526786,3,,,,POINT (28.9526786 41.0264339)
1102729725,41.0276236,28.9527331,1,,,,POINT (28.9527331 41.0276236)
1102729726,41.0275823,28.9529192,3,,,,POINT (28.9529192 41.0275823)
1102729727,41.0275599,28.9530401,1,,,,POINT (28.9530401 41.0275599)
1102729732,41.0270904,28.9531866,3,,,,POINT (28.9531866 41.0270904)
1102729733,41.0273413,28.9529592,3,,,,POINT (28.9529592 41.0273413)
1102729737,41.0280005,28.9513096,3,,,,POINT (28.9513096 41.0280005)
1102729747,41.0279727,28.9529377,3,,,,POINT (28.9529377 41.0279727)
1102729750,41.0279579,28.9537901,3,,,,POINT (28.9537901 41.0279579)
1102729751,41.0280607,28.953708,3,,,,POINT (28.953708 41.0280607)
1102729758,41.028091,28.9554,3,,,,POINT (28.9554 41.028091)
1102729763,41.0282135,28.951439,3,,,,POINT (28.951439 41.0282135)
1102729766,41.02735,28.9504849,3,,,,POINT (28.9504849 41.02735)
1102729769,41.0270169,28.9502707,3,,,,POINT (28.9502707 41.0270169)
1102729775,41.0259244,28.9482625,3,,,,POINT (28.9482625 41.0259244)
1102729784,41.0273958,28.9503554,3,,,,POINT (28.9503554 41.0273958)
1102729789,41.0294943,28.9508623,4,,,,POINT (28.9508623 41.0294943)
1102729840,41.0279696,28.9525976,3,,,,POINT (28.9525976 41.0279696)
1102729851,41.0256933,28.9532553,3,,,,POINT (28.9532553 41.0256933)
1102729859,41.0267976,28.9526526,4,,,,POINT (28.9526526 41.0267976)
1102729874,41.0274046,28.9543859,1,,,,POINT (28.9543859 41.0274046)
1102729876,41.027081,28.9547623,3,,,,POINT (28.9547623 41.027081)
1102729888,41.0269359,28.9537833,3,,,,POINT (28.9537833 41.0269359)
1102729889,41.0264859,28.9531871,4,,,,POINT (28.9531871 41.0264859)
1102729891,41.0269664,28.9524048,1,,,,POINT (28.9524048 41.0269664)
1102729897,41.0261918,28.9510618,3,,,,POINT (28.9510618 41.0261918)
1102729924,41.0321251,28.9484429,3,,,,POINT (28.9484429 41.0321251)
1102850424,41.0318156,28.9418488,3,,,,POINT (28.9418488 41.0318156)
1102850426,41.0322655,28.9415636,3,,,,POINT (28.9415636 41.0322655)
1102850427,41.0319545,28.9434204,3,,,,POINT (28.9434204 41.0319545)
1102850429,41.0325,28.9427227,3,,,,POINT (28.9427227 41.0325)
1102850430,41.0316869,28.9464496,3,,,,POINT (28.9464496 41.0316869)
1102850431,41.0311729,28.9461275,3,,,,POINT (28.9461275 41.0311729)
1102850432,41.030672,28.9453522,3,,,,POINT (28.9453522 41.030672)
1102850434,41.030205,28.9454109,3,,,,POINT (28.9454109 41.030205)
1102850438,41.0306018,28.9458769,3,,,,POINT (28.9458769 41.0306018)
1102850439,41.0308228,28.9460307,3,,,,POINT (28.9460307 41.0308228)
1102850441,41.0310501,28.9464272,3,,,,POINT (28.9464272 41.0310501)
1102850442,41.0312279,28.9463291,3,,,,POINT (28.9463291 41.0312279)
1102850443,41.0308242,28.9465642,3,,,,POINT (28.9465642 41.0308242)
1102850444,41.0307961,28.9454963,3,,,,POINT (28.9454963 41.0307961)
1102850445,41.0315372,28.9451587,3,,,,POINT (28.9451587 41.0315372)
1102850446,41.0316868,28.9447409,3,,,,POINT (28.9447409 41.0316868)
1102850447,41.0318141,28.9444757,4,,,,POINT (28.9444757 41.0318141)
1102850448,41.0319348,28.9441306,4,,,,POINT (28.9441306 41.0319348)
1102850449,41.0320411,28.9438491,4,,,,POINT (28.9438491 41.0320411)
1102850451,41.0316082,28.9439148,3,,,,POINT (28.9439148 41.0316082)
1102850452,41.0324628,28.944515,4,,,,POINT (28.944515 41.0324628)
1102850453,41.0327337,28.9446926,3,,,,POINT (28.9446926 41.0327337)
1102850454,41.0313665,28.9445371,4,,,,POINT (28.9445371 41.0313665)
1102850455,41.0310817,28.9443861,3,,,,POINT (28.9443861 41.0310817)
1102850457,41.0310165,28.9447398,3,,,,POINT (28.9447398 41.0310165)
1102850458,41.0314527,28.9470313,3,,,,POINT (28.9470313 41.0314527)
1102850460,41.0309171,28.945606,3,,,,POINT (28.945606 41.0309171)
1102850462,41.0302961,28.945203,4,,,,POINT (28.945203 41.0302961)
1102850463,41.0316353,28.9465997,3,,,,POINT (28.9465997 41.0316353)
1102850464,41.0319169,28.9467882,4,,,,POINT (28.9467882 41.0319169)
1102850467,41.0321733,28.9469783,4,,,,POINT (28.9469783 41.0321733)
1102850469,41.0324513,28.9471832,3,,,,POINT (28.9471832 41.0324513)
1102850475,41.0316533,28.9457335,3,,,,POINT (28.9457335 41.0316533)
1102850476,41.0318915,28.9458871,4,,,,POINT (28.9458871 41.0318915)
1102850484,41.0321849,28.946086,4,,,,POINT (28.946086 41.0321849)
1102850486,41.0324463,28.94627,4,,,,POINT (28.94627 41.0324463)
1102850487,41.0327135,28.9464667,4,,,,POINT (28.9464667 41.0327135)
1102850488,41.0330922,28.9467211,3,,,,POINT (28.9467211 41.0330922)
1102850495,41.0321758,28.9452103,3,,,,POINT (28.9452103 41.0321758)
1102850496,41.0324571,28.9453773,4,,,,POINT (28.9453773 41.0324571)
1102850497,41.0327433,28.9455627,3,,,,POINT (28.9455627 41.0327433)
1102850499,41.0318358,28.9433328,3,,,,POINT (28.9433328 41.0318358)
1102850503,41.0311334,28.9432276,3,,,,POINT (28.9432276 41.0311334)
1102850504,41.0314635,28.9442925,4,,,,POINT (28.9442925 41.0314635)
1102850505,41.0317154,28.9436218,4,,,,POINT (28.9436218 41.0317154)
1102850506,41.0321181,28.9479499,3,,,,POINT (28.9479499 41.0321181)
1102850507,41.031849,28.9477934,3,,,,POINT (28.9477934 41.031849)
1102850510,41.0315831,28.9476209,3,,,,POINT (28.9476209 41.0315831)
1102850511,41.0317117,28.9472971,4,,,,POINT (28.9472971 41.0317117)
1102850512,41.0320876,28.9463366,4,,,,POINT (28.9463366 41.0320876)
1102850513,41.0323315,28.9457087,4,,,,POINT (28.9457087 41.0323315)
1102850514,41.0325945,28.9450156,3,,,,POINT (28.9450156 41.0325945)
1102850515,41.0328502,28.9443906,4,,,,POINT (28.9443906 41.0328502)
1102850518,41.0342638,28.9455637,3,,,,POINT (28.9455637 41.0342638)
1102850523,41.0333595,28.944743,4,,,,POINT (28.944743 41.0333595)
1102850524,41.0332199,28.9446684,3,,,,POINT (28.9446684 41.0332199)
1102850526,41.0325832,28.9442063,3,,,,POINT (28.9442063 41.0325832)
1102850528,41.0312385,28.9437403,3,,,,POINT (28.9437403 41.0312385)
1102850529,41.0312897,28.9474306,3,,,,POINT (28.9474306 41.0312897)
1102850530,41.0326223,28.9467137,3,,,,POINT (28.9467137 41.0326223)
1102850531,41.0323499,28.9465296,4,,,,POINT (28.9465296 41.0323499)
1102850534,41.0318022,28.9453479,3,,,,POINT (28.9453479 41.0318022)
1102850535,41.0309146,28.9479455,3,,,,POINT (28.9479455 41.0309146)
1102850536,41.0307629,28.9484023,3,,,,POINT (28.9484023 41.0307629)
1102850537,41.0313887,28.9481588,3,,,,POINT (28.9481588 41.0313887)
1102850539,41.031501,28.9487645,3,,,,POINT (28.9487645 41.031501)
1102850540,41.0319868,28.9483134,3,,,,POINT (28.9483134 41.0319868)
1102850541,41.0315699,28.9489424,3,,,,POINT (28.9489424 41.0315699)
1102850542,41.031465,28.9488008,3,,,,POINT (28.9488008 41.031465)
1102850543,41.0314377,28.9470822,3,,,,POINT (28.9470822 41.0314377)
1102850544,41.0319708,28.9474698,4,,,,POINT (28.9474698 41.0319708)
1102850545,41.0322426,28.9476635,4,,,,POINT (28.9476635 41.0322426)
1102850546,41.0325976,28.9479093,4,,,,POINT (28.9479093 41.0325976)
1102850548,41.0305492,28.9482541,3,,,,POINT (28.9482541 41.0305492)
1102850549,41.0306056,28.9480271,3,,,,POINT (28.9480271 41.0306056)
1102850550,41.0306439,28.9477993,3,,,,POINT (28.9477993 41.0306439)
1102850552,41.0304023,28.9475483,3,,,,POINT (28.9475483 41.0304023)
1102850554,41.0300852,28.9474581,3,,,,POINT (28.9474581 41.0300852)
1102850556,41.0298352,28.9477328,4,,,,POINT (28.9477328 41.0298352)
1102850558,41.0294812,28.9479955,3,,,,POINT (28.9479955 41.0294812)
1102850559,41.0300176,28.9477942,3,,,,POINT (28.9477942 41.0300176)
1102850560,41.0303103,28.9479271,3,,,,POINT (28.9479271 41.0303103)
1102850563,41.0326018,28.9458823,4,,,,POINT (28.9458823 41.0326018)
1102850568,41.0323219,28.9448341,4,,,,POINT (28.9448341 41.0323219)
1102850569,41.0320487,28.9455077,4,,,,POINT (28.9455077 41.0320487)
1102850571,41.0311423,28.9475795,3,,,,POINT (28.9475795 41.0311423)
1102850574,41.0290631,28.9470749,3,,,,POINT (28.9470749 41.0290631)
1102850575,41.029022,28.9475364,4,,,,POINT (28.9475364 41.029022)
1102850577,41.0289038,28.9479571,3,,,,POINT (28.9479571 41.0289038)
1102850579,41.0286462,28.9484136,3,,,,POINT (28.9484136 41.0286462)
1102850580,41.0295578,28.9476469,3,,,,POINT (28.9476469 41.0295578)
1102850581,41.0293779,28.948333,3,,,,POINT (28.948333 41.0293779)
1102850582,41.0293183,28.9484754,4,,,,POINT (28.9484754 41.0293183)
1102850585,41.029347,28.9490194,3,,,,POINT (28.9490194 41.029347)
1102850590,41.0300486,28.9483144,3,,,,POINT (28.9483144 41.0300486)
1102850592,41.0296009,28.9483704,4,,,,POINT (28.9483704 41.0296009)
1102850596,41.0289333,28.9458701,3,,,,POINT (28.9458701 41.0289333)
1102850599,41.0287671,28.9465236,1,,,,POINT (28.9465236 41.0287671)
1102850600,41.0285888,28.9472722,3,,,,POINT (28.9472722 41.0285888)
1102850601,41.0282573,28.947384,3,,,,POINT (28.947384 41.0282573)
1102850605,41.0306562,28.9463792,3,,,,POINT (28.9463792 41.0306562)
1102850606,41.0302101,28.9460457,3,,,,POINT (28.9460457 41.0302101)
1102850609,41.0296876,28.9456815,3,,,,POINT (28.9456815 41.0296876)
1102850610,41.029423,28.947613,3,,,,POINT (28.947613 41.029423)
1102850613,41.0298267,28.9472562,3,,,,POINT (28.9472562 41.0298267)
1102850619,41.0285739,28.9470837,3,,,,POINT (28.9470837 41.0285739)
1102850622,41.0297418,28.9446433,3,,,,POINT (28.9446433 41.0297418)
1102850623,41.0296103,28.9451646,3,,,,POINT (28.9451646 41.0296103)
1102850624,41.0295734,28.9465804,3,,,,POINT (28.9465804 41.0295734)
1102850626,41.02967,28.9458066,3,,,,POINT (28.9458066 41.02967)
1102850627,41.0296839,28.9456241,3,,,,POINT (28.9456241 41.0296839)
1102850628,41.0297345,28.9452735,3,,,,POINT (28.9452735 41.0297345)
1102850630,41.0292578,28.9455427,3,,,,POINT (28.9455427 41.0292578)
1102850631,41.0293372,28.9449764,3,,,,POINT (28.9449764 41.0293372)
1102850638,41.0287838,28.9462057,3,,,,POINT (28.9462057 41.0287838)
1102850639,41.031251,28.9490144,3,,,,POINT (28.9490144 41.031251)
1102850645,41.0300379,28.9488306,3,,,,POINT (28.9488306 41.0300379)
1102850654,41.0328636,28.9460827,4,,,,POINT (28.9460827 41.0328636)
1102850664,41.030441,28.9449241,3,,,,POINT (28.9449241 41.030441)
1102850666,41.0294648,28.9443717,3,,,,POINT (28.9443717 41.0294648)
1102850681,41.0329932,28.9434823,3,,,,POINT (28.9434823 41.0329932)
1102850684,41.0333493,28.9444587,3,,,,POINT (28.9444587 41.0333493)
1102850685,41.0332421,28.9463362,4,,,,POINT (28.9463362 41.0332421)
1103229846,41.0344828,28.9432888,3,,,,POINT (28.9432888 41.0344828)
1103229849,41.0351424,28.9432399,4,,,,POINT (28.9432399 41.0351424)
1103229850,41.0349318,28.9448506,3,,,,POINT (28.9448506 41.0349318)
1103229853,41.0352796,28.9444039,3,,,,POINT (28.9444039 41.0352796)
1103229899,41.0348413,28.9419545,3,,,,POINT (28.9419545 41.0348413)
1103229903,41.0342168,28.9431112,4,,,,POINT (28.9431112 41.0342168)
1103229907,41.0348459,28.943793,3,,,,POINT (28.943793 41.0348459)
1103229910,41.0352184,28.9440706,3,,,,POINT (28.9440706 41.0352184)
1103229911,41.0357113,28.9422856,4,,,,POINT (28.9422856 41.0357113)
1103229913,41.0353154,28.9429759,3,,,,POINT (28.9429759 41.0353154)
1103229918,41.0358092,28.9428362,3,,,,POINT (28.9428362 41.0358092)
1103229924,41.0359021,28.9438738,3,,,,POINT (28.9438738 41.0359021)
1103229927,41.0364378,28.9438069,3,,,,POINT (28.9438069 41.0364378)
1103229933,41.0360101,28.9431441,3,,,,POINT (28.9431441 41.0360101)
1103229942,41.0352646,28.9442098,3,,,,POINT (28.9442098 41.0352646)
1103229956,41.0384488,28.9436334,3,,,,POINT (28.9436334 41.0384488)
1103229960,41.0389698,28.9443358,3,,,,POINT (28.9443358 41.0389698)
1103229961,41.0368617,28.9447078,3,,,,POINT (28.9447078 41.0368617)
1103229962,41.0367197,28.9443245,4,,,,POINT (28.9443245 41.0367197)
1103229964,41.0366597,28.9442134,3,,,,POINT (28.9442134 41.0366597)
1103229968,41.0366189,28.9440997,3,,,,POINT (28.9440997 41.0366189)
1103229976,41.0363927,28.9430283,3,,,,POINT (28.9430283 41.0363927)
1103229992,41.035972,28.9438032,3,,,,POINT (28.9438032 41.035972)
1103229997,41.0359788,28.9444805,4,,,,POINT (28.9444805 41.0359788)
1103229998,41.0361289,28.9449722,3,,,,POINT (28.9449722 41.0361289)
1103229999,41.0361297,28.9451497,3,,,,POINT (28.9451497 41.0361297)
1103230018,41.0376592,28.9421349,1,,,,POINT (28.9421349 41.0376592)
1103230021,41.0377725,28.9418774,3,,,,POINT (28.9418774 41.0377725)
1103230025,41.0378019,28.9417718,3,,,,POINT (28.9417718 41.0378019)
1103230028,41.0377691,28.9431043,3,,,,POINT (28.9431043 41.0377691)
1103230030,41.0379761,28.9427375,3,,,,POINT (28.9427375 41.0379761)
1103230035,41.0387612,28.9424498,3,,,,POINT (28.9424498 41.0387612)
1103230036,41.0381733,28.9428688,3,,,,POINT (28.9428688 41.0381733)
1103230039,41.0386707,28.9432936,3,,,,POINT (28.9432936 41.0386707)
1103230040,41.0375153,28.9445625,3,,,,POINT (28.9445625 41.0375153)
1103230041,41.0372723,28.9443384,4,,,,POINT (28.9443384 41.0372723)
1103230043,41.0369352,28.9440154,3,,,,POINT (28.9440154 41.0369352)
1103230053,41.0374165,28.9431518,3,,,,POINT (28.9431518 41.0374165)
1103230054,41.037119,28.9428887,4,,,,POINT (28.9428887 41.037119)
1103230055,41.0369013,28.9427036,3,,,,POINT (28.9427036 41.0369013)
1103230056,41.0360549,28.9426651,3,,,,POINT (28.9426651 41.0360549)
1103230057,41.036117,28.9425233,3,,,,POINT (28.9425233 41.036117)
1103230059,41.0362098,28.9422602,3,,,,POINT (28.9422602 41.0362098)
1103230060,41.0362233,28.9420543,3,,,,POINT (28.9420543 41.0362233)
1103230061,41.0368225,28.9428371,3,,,,POINT (28.9428371 41.0368225)
1103230062,41.0365581,28.942596,4,,,,POINT (28.942596 41.0365581)
1103230065,41.0381049,28.9421347,3,,,,POINT (28.9421347 41.0381049)
1103230066,41.037777,28.9443388,3,,,,POINT (28.9443388 41.037777)
1103230067,41.0374495,28.9440132,4,,,,POINT (28.9440132 41.0374495)
1103230068,41.037109,28.9436808,4,,,,POINT (28.9436808 41.037109)
1103230069,41.0368172,28.943416,4,,,,POINT (28.943416 41.0368172)
1103230070,41.036609,28.9432133,3,,,,POINT (28.9432133 41.036609)
1103230073,41.0353918,28.9419607,3,,,,POINT (28.9419607 41.0353918)
1103230074,41.0371251,28.9445489,3,,,,POINT (28.9445489 41.0371251)
1103230077,41.0379804,28.9441291,3,,,,POINT (28.9441291 41.0379804)
1103230081,41.0369974,28.942524,4,,,,POINT (28.942524 41.0369974)
1103230082,41.0367551,28.9429488,3,,,,POINT (28.9429488 41.0367551)
1103230083,41.0369801,28.9431599,4,,,,POINT (28.9431599 41.0369801)
1103230084,41.0372663,28.943413,4,,,,POINT (28.943413 41.0372663)
1103230085,41.0375958,28.9437203,4,,,,POINT (28.9437203 41.0375958)
1103230087,41.0375472,28.9429287,3,,,,POINT (28.9429287 41.0375472)
1103230088,41.0375953,28.9427966,1,,,,POINT (28.9427966 41.0375953)
1103230089,41.0353397,28.9453515,3,,,,POINT (28.9453515 41.0353397)
1103230091,41.0346979,28.9455236,3,,,,POINT (28.9455236 41.0346979)
1103230096,41.0361444,28.9411496,3,,,,POINT (28.9411496 41.0361444)
1103230101,41.0356445,28.9417637,3,,,,POINT (28.9417637 41.0356445)
1103230102,41.0354464,28.9417792,3,,,,POINT (28.9417792 41.0354464)
1103230106,41.0349316,28.942555,4,,,,POINT (28.942555 41.0349316)
1103230108,41.0351346,28.941261,3,,,,POINT (28.941261 41.0351346)
1103230112,41.0348186,28.9417594,3,,,,POINT (28.9417594 41.0348186)
1103230119,41.033626,28.9460446,3,,,,POINT (28.9460446 41.033626)
1103230122,41.0338704,28.9453221,3,,,,POINT (28.9453221 41.0338704)
1103230126,41.0353123,28.9449136,4,,,,POINT (28.9449136 41.0353123)
1103230128,41.0343277,28.944735,4,,,,POINT (28.944735 41.0343277)
1103230130,41.0329,28.9433925,3,,,,POINT (28.9433925 41.0329)
1103230133,41.0334825,28.9429439,3,,,,POINT (28.9429439 41.0334825)
1103230134,41.0337626,28.9426153,3,,,,POINT (28.9426153 41.0337626)
1103230143,41.0354621,28.946229,3,,,,POINT (28.946229 41.0354621)
1103230144,41.0353675,28.945745,4,,,,POINT (28.945745 41.0353675)
1103230149,41.0340154,28.9461801,3,,,,POINT (28.9461801 41.0340154)
1103230150,41.0342464,28.9464109,3,,,,POINT (28.9464109 41.0342464)
1103230151,41.034272,28.9466279,3,,,,POINT (28.9466279 41.034272)
1103230153,41.0345199,28.947246,3,,,,POINT (28.947246 41.0345199)
1103230159,41.0347589,28.9460926,4,,,,POINT (28.9460926 41.0347589)
1103230161,41.0343248,28.9461336,3,,,,POINT (28.9461336 41.0343248)
1103230164,41.0329943,28.9457777,3,,,,POINT (28.9457777 41.0329943)
1103230165,41.0342938,28.9453709,3,,,,POINT (28.9453709 41.0342938)
1103230169,41.0347709,28.9462884,3,,,,POINT (28.9462884 41.0347709)
1103230170,41.0348081,28.9464698,3,,,,POINT (28.9464698 41.0348081)
1103230172,41.0335875,28.9423951,3,,,,POINT (28.9423951 41.0335875)
1103230176,41.0341426,28.9430663,3,,,,POINT (28.9430663 41.0341426)
1141037807,41.0145832,28.9712925,4,,,,POINT (28.9712925 41.0145832)
1141037837,41.0118232,28.9760756,3,,,,POINT (28.9760756 41.0118232)
1185323424,41.0045646,28.9726761,3,,,,POINT (28.9726761 41.0045646)
1185323513,41.0051966,28.97329,4,,,,POINT (28.97329 41.0051966)
1185323535,41.0056424,28.9737097,4,,,,POINT (28.9737097 41.0056424)
1185323560,41.0062447,28.9737936,3,,,,POINT (28.9737936 41.0062447)
1185323601,41.0031227,28.9720952,3,,,,POINT (28.9720952 41.0031227)
1185323656,41.0035599,28.9734206,4,,,,POINT (28.9734206 41.0035599)
1185323728,41.0049088,28.9730397,4,,,,POINT (28.9730397 41.0049088)
1185323737,41.0042747,28.9723938,3,,,,POINT (28.9723938 41.0042747)
1193429066,41.0047667,28.9777398,3,,,,POINT (28.9777398 41.0047667)
1193429145,41.0141078,28.9751567,3,,,,POINT (28.9751567 41.0141078)
1193429296,41.004141,28.9769792,3,,,,POINT (28.9769792 41.004141)
1193429310,41.0066349,28.9765181,4,,,,POINT (28.9765181 41.0066349)
1193429493,41.0046116,28.9779791,3,,,,POINT (28.9779791 41.0046116)
1194549254,41.0030278,28.9729482,3,,,,POINT (28.9729482 41.0030278)
1194549276,41.003825,28.9730824,4,,,,POINT (28.9730824 41.003825)
1194549290,41.0035769,28.9730533,3,,,,POINT (28.9730533 41.0035769)
1194549295,41.0025386,28.9728875,1,,,,POINT (28.9728875 41.0025386)
1199393908,41.0118762,28.9843485,1,,,,POINT (28.9843485 41.0118762)
1199393927,41.0115077,28.9833808,3,,,,POINT (28.9833808 41.0115077)
1199394063,41.0115715,28.9832174,3,,,,POINT (28.9832174 41.0115715)
1199394113,41.0118984,28.9842879,5,,,,POINT (28.9842879 41.0118984)
1199394185,41.0124452,28.9836254,3,,,,POINT (28.9836254 41.0124452)
1199394289,41.0123578,28.9841661,4,,,,POINT (28.9841661 41.0123578)
1199394315,41.0122555,28.9834956,3,,,,POINT (28.9834956 41.0122555)
1199878487,41.0090396,28.9790587,3,,,,POINT (28.9790587 41.0090396)
1227118711,41.0314356,28.9504993,3,,,,POINT (28.9504993 41.0314356)
1248902329,41.0058118,28.9805593,3,,,,POINT (28.9805593 41.0058118)
1250311442,41.0147076,28.9323909,3,,,,POINT (28.9323909 41.0147076)
1250311471,41.0146749,28.932438,1,,,,POINT (28.932438 41.0146749)
1250311479,41.0141729,28.9316502,1,,,,POINT (28.9316502 41.0141729)
1250432554,41.0052756,28.9817405,3,,,,POINT (28.9817405 41.0052756)
1250432557,41.0045312,28.9822217,3,,,,POINT (28.9822217 41.0045312)
1250432565,41.0041004,28.9819486,3,,,,POINT (28.9819486 41.0041004)
1250432588,41.0042778,28.9816529,3,,,,POINT (28.9816529 41.0042778)
1260080447,41.0146264,28.959122,4,,,,POINT (28.959122 41.0146264)
1260080472,41.0186447,28.9591082,4,,,,POINT (28.9591082 41.0186447)
1260080585,41.0162718,28.9560575,4,,,,POINT (28.9560575 41.0162718)
1260080702,41.0147161,28.959491,3,,,,POINT (28.959491 41.0147161)
1260095487,41.0160278,28.9581712,4,,,,POINT (28.9581712 41.0160278)
1260095489,41.0157554,28.9579469,3,,,,POINT (28.9579469 41.0157554)
1260095496,41.0157015,28.9588246,4,,,,POINT (28.9588246 41.0157015)
1260180121,41.0202356,28.9616264,4,,,,POINT (28.9616264 41.0202356)
1260180125,41.0188416,28.9610252,3,,,,POINT (28.9610252 41.0188416)
1260180172,41.0182196,28.9625822,3,,,,POINT (28.9625822 41.0182196)
1260180181,41.019895,28.9613709,3,,,,POINT (28.9613709 41.019895)
1260180241,41.0202391,28.9605401,3,,,,POINT (28.9605401 41.0202391)
1260180303,41.0183054,28.9598804,3,,,,POINT (28.9598804 41.0183054)
1260180308,41.0181235,28.9618125,3,,,,POINT (28.9618125 41.0181235)
1260180311,41.021347,28.9624709,3,,,,POINT (28.9624709 41.021347)
1260180348,41.017161,28.9616317,4,,,,POINT (28.9616317 41.017161)
1260180361,41.0179588,28.9626039,3,,,,POINT (28.9626039 41.0179588)
1260180401,41.0177926,28.9625734,3,,,,POINT (28.9625734 41.0177926)
1260180416,41.0191723,28.9608102,3,,,,POINT (28.9608102 41.0191723)
1260180427,41.0169779,28.9602683,3,,,,POINT (28.9602683 41.0169779)
1260180430,41.0175831,28.9628793,3,,,,POINT (28.9628793 41.0175831)
1260180455,41.0192752,28.961929,3,,,,POINT (28.961929 41.0192752)
1260180460,41.0186044,28.9619727,3,,,,POINT (28.9619727 41.0186044)
1260180466,41.0190002,28.9594117,3,,,,POINT (28.9594117 41.0190002)
1260180468,41.0177489,28.9593762,3,,,,POINT (28.9593762 41.0177489)
1260180477,41.0175607,28.9606956,3,,,,POINT (28.9606956 41.0175607)
1260180498,41.018072,28.9630466,3,,,,POINT (28.9630466 41.018072)
1260180513,41.0187636,28.9611086,4,,,,POINT (28.9611086 41.0187636)
1260180516,41.0173336,28.9605476,3,,,,POINT (28.9605476 41.0173336)
1260180519,41.0200549,28.9609909,4,,,,POINT (28.9609909 41.0200549)
1260180532,41.0176904,28.9587139,3,,,,POINT (28.9587139 41.0176904)
1260180552,41.0186768,28.9612363,3,,,,POINT (28.9612363 41.0186768)
1260180621,41.0183583,28.9615441,3,,,,POINT (28.9615441 41.0183583)
1260180638,41.0193856,28.9607964,4,,,,POINT (28.9607964 41.0193856)
1260180674,41.0187395,28.9595056,4,,,,POINT (28.9595056 41.0187395)
1260180707,41.0199497,28.962438,3,,,,POINT (28.962438 41.0199497)
1261054605,41.017144,28.9664124,3,,,,POINT (28.9664124 41.017144)
1261054643,41.0184525,28.9663104,3,,,,POINT (28.9663104 41.0184525)
1261054648,41.0180077,28.9651755,3,,,,POINT (28.9651755 41.0180077)
1261054658,41.0187031,28.9655399,3,,,,POINT (28.9655399 41.0187031)
1261054664,41.0171132,28.9659811,3,,,,POINT (28.9659811 41.0171132)
1261054686,41.0167823,28.9653994,3,,,,POINT (28.9653994 41.0167823)
1261054713,41.0183446,28.9653619,3,,,,POINT (28.9653619 41.0183446)
1261054727,41.0177277,28.9659338,3,,,,POINT (28.9659338 41.0177277)
1261054728,41.0178978,28.9670371,3,,,,POINT (28.9670371 41.0178978)
1261054749,41.0171715,28.965675,3,,,,POINT (28.965675 41.0171715)
1261054766,41.0175479,28.966425,3,,,,POINT (28.966425 41.0175479)
1261121086,41.0125737,28.9625573,4,,,,POINT (28.9625573 41.0125737)
1262194237,41.0151841,28.9624162,3,,,,POINT (28.9624162 41.0151841)
1262194299,41.0149403,28.9620626,3,,,,POINT (28.9620626 41.0149403)
1262194338,41.0119192,28.9611584,3,,,,POINT (28.9611584 41.0119192)
1262194381,41.0119611,28.9626925,3,,,,POINT (28.9626925 41.0119611)
1262194392,41.0147671,28.9629165,3,,,,POINT (28.9629165 41.0147671)
1262447343,41.0141983,28.95875,3,,,,POINT (28.95875 41.0141983)
1262447438,41.0141351,28.9612006,3,,,,POINT (28.9612006 41.0141351)
1262447787,41.0141685,28.9597359,3,,,,POINT (28.9597359 41.0141685)
1265828185,41.0149566,28.9657022,3,,,,POINT (28.9657022 41.0149566)
1265828272,41.0161328,28.963327,4,,,,POINT (28.963327 41.0161328)
1265828339,41.0157151,28.9612422,3,,,,POINT (28.9612422 41.0157151)
1265828502,41.0162271,28.9601306,3,,,,POINT (28.9601306 41.0162271)
1265829050,41.0164137,28.9602284,3,,,,POINT (28.9602284 41.0164137)
1267012207,41.0170574,28.9607123,3,,,,POINT (28.9607123 41.0170574)
1267012313,41.0168473,28.9607524,3,,,,POINT (28.9607524 41.0168473)
1277519205,41.0145281,28.9667263,4,,,,POINT (28.9667263 41.0145281)
1277519221,41.0141496,28.9672632,1,turning_circle,,,POINT (28.9672632 41.0141496)
1277519242,41.0127523,28.9667921,3,,,,POINT (28.9667921 41.0127523)
1277519272,41.0145295,28.9659491,3,,,,POINT (28.9659491 41.0145295)
1291976988,41.0134658,28.9336198,3,,,,POINT (28.9336198 41.0134658)
1291977004,41.0136003,28.9337277,1,,,,POINT (28.9337277 41.0136003)
1295933748,41.0143978,28.9347983,3,,,,POINT (28.9347983 41.0143978)
1295947787,41.0165361,28.9309256,4,traffic_signals,,,POINT (28.9309256 41.0165361)
1295961514,41.0163064,28.9308722,3,crossing,,,POINT (28.9308722 41.0163064)
1302458061,41.014694,28.9278396,3,,,,POINT (28.9278396 41.014694)
1302458079,41.0146091,28.9277104,3,,,,POINT (28.9277104 41.0146091)
1302469748,41.0143459,28.9288528,3,,,,POINT (28.9288528 41.0143459)
1302508963,41.0178356,28.9385867,3,,,subway_entrance,POINT (28.9385867 41.0178356)
1325246136,41.0061047,28.9794945,4,,,,POINT (28.9794945 41.0061047)
1325246170,41.0060574,28.9813888,3,,,,POINT (28.9813888 41.0060574)
1408445348,41.0032689,28.9667434,3,,,,POINT (28.9667434 41.0032689)
1408445385,41.0086919,28.9682805,4,,,,POINT (28.9682805 41.0086919)
1408445406,41.0120958,28.9694914,3,,,,POINT (28.9694914 41.0120958)
1408445430,41.0123131,28.969779,3,,,,POINT (28.969779 41.0123131)
1423440701,41.0223659,28.9313548,3,,,,POINT (28.9313548 41.0223659)
1423440706,41.022544,28.9315126,3,,,,POINT (28.9315126 41.022544)
1454266202,41.0032831,28.9780152,3,,,,POINT (28.9780152 41.0032831)
1454266207,41.0037645,28.9791056,3,,,,POINT (28.9791056 41.0037645)
1454266215,41.0058043,28.9813318,3,,,,POINT (28.9813318 41.0058043)
1454266219,41.0082036,28.9765244,3,,,,POINT (28.9765244 41.0082036)
1454266229,41.0084117,28.9763407,3,,,,POINT (28.9763407 41.0084117)
1455438404,41.0097123,28.9664491,3,,,,POINT (28.9664491 41.0097123)
1455438406,41.0129945,28.9659785,3,,,,POINT (28.9659785 41.0129945)
1455438413,41.0132235,28.966714,4,,,,POINT (28.966714 41.0132235)
1469119906,41.0164834,28.9760238,3,,,,POINT (28.9760238 41.0164834)
1469127519,41.0133715,28.9716803,3,,,,POINT (28.9716803 41.0133715)
1469127520,41.0136141,28.97034,3,,,,POINT (28.97034 41.0136141)
1496717696,41.0295496,28.948695,3,,,,POINT (28.948695 41.0295496)
1590877513,41.0341222,28.9472529,3,,,,POINT (28.9472529 41.0341222)
1590877521,41.0339245,28.9478636,3,,,,POINT (28.9478636 41.0339245)
1590877527,41.0287362,28.9342649,3,,,,POINT (28.9342649 41.0287362)
1590877531,41.0336505,28.9468634,4,,,,POINT (28.9468634 41.0336505)
1594640471,41.0133911,28.9477362,3,,,,POINT (28.9477362 41.0133911)
1620494638,41.0173727,28.9697311,3,,,,POINT (28.9697311 41.0173727)
1620494639,41.0179651,28.969746,3,,,,POINT (28.969746 41.0179651)
1620859471,41.0071307,28.954996,4,,,,POINT (28.954996 41.0071307)
1620859476,41.0064969,28.9555018,4,,,,POINT (28.9555018 41.0064969)
1620859481,41.0067708,28.9549445,3,,,,POINT (28.9549445 41.0067708)
1645185360,41.0074023,28.9772769,3,,,,POINT (28.9772769 41.0074023)
1645185375,41.013217,28.9844091,3,,,,POINT (28.9844091 41.013217)
1645185386,41.0055251,28.9746216,3,,,,POINT (28.9746216 41.0055251)
1645201832,41.0124534,28.9842803,4,,,,POINT (28.9842803 41.0124534)
1645201833,41.0122611,28.984538,3,,,,POINT (28.984538 41.0122611)
1645201838,41.012398,28.984417,3,,,,POINT (28.984417 41.012398)
1645201840,41.0116149,28.9830643,3,,,,POINT (28.9830643 41.0116149)
1645203797,41.0078413,28.9745612,3,,,,POINT (28.9745612 41.0078413)
1645204646,41.0072346,28.9763417,3,,,,POINT (28.9763417 41.0072346)
1645728201,41.0202763,28.9625764,4,,,,POINT (28.9625764 41.0202763)
1645728203,41.0205655,28.961886,3,,,,POINT (28.961886 41.0205655)
1645728206,41.0116388,28.9721671,4,,,,POINT (28.9721671 41.0116388)
1646281948,41.0103368,28.9771412,3,,,,POINT (28.9771412 41.0103368)
1646281959,41.0103008,28.9756642,3,,,,POINT (28.9756642 41.0103008)
1646281960,41.0099346,28.9776288,4,,,,POINT (28.9776288 41.0099346)
1646281962,41.0104809,28.9758763,3,,,,POINT (28.9758763 41.0104809)
1646281964,41.0094262,28.9768783,3,,,,POINT (28.9768783 41.0094262)
1649668071,41.0032167,28.9772547,3,,,,POINT (28.9772547 41.0032167)
1652842406,41.0120931,28.9665074,4,,,,POINT (28.9665074 41.0120931)
1652842414,41.0122376,28.9674855,3,,,,POINT (28.9674855 41.0122376)
1652842418,41.0127084,28.9665124,4,,,,POINT (28.9665124 41.0127084)
1652842419,41.0128523,28.9674849,3,,,,POINT (28.9674849 41.0128523)
1762077481,41.0051094,28.9722893,3,,,,POINT (28.9722893 41.0051094)
1762092188,41.0083585,28.9791945,1,,,,POINT (28.9791945 41.0083585)
1762097205,41.0148784,28.9758048,4,traffic_signals,,,POINT (28.9758048 41.0148784)
1770440081,41.0288619,28.9344194,3,,,,POINT (28.9344194 41.0288619)
1909688087,41.0084167,28.9779664,1,,,,POINT (28.9779664 41.0084167)
1913208442,41.0042022,28.969119,3,,,,POINT (28.969119 41.0042022)
1936550766,41.0101133,28.9778931,4,,,,POINT (28.9778931 41.0101133)
1936670757,41.0139906,28.9727633,3,,,,POINT (28.9727633 41.0139906)
1936670759,41.0135557,28.9734749,3,,,,POINT (28.9734749 41.0135557)
1936884786,41.0163687,28.9612332,3,,,,POINT (28.9612332 41.0163687)
1936884787,41.0177358,28.9625606,3,,,,POINT (28.9625606 41.0177358)
1936894885,41.0141765,28.9604771,3,,,,POINT (28.9604771 41.0141765)
1936898032,41.0147401,28.960726,3,,,,POINT (28.960726 41.0147401)
1936903879,41.0148954,28.963108,3,,,,POINT (28.963108 41.0148954)
1936904936,41.0152772,28.9612526,3,,,,POINT (28.9612526 41.0152772)
1937948666,41.0075392,28.9671846,4,,,,POINT (28.9671846 41.0075392)
1937965492,41.0083353,28.9618019,3,,,,POINT (28.9618019 41.0083353)
1937974275,41.0087353,28.9604542,3,,,,POINT (28.9604542 41.0087353)
1937976835,41.0080501,28.9626574,3,,,,POINT (28.9626574 41.0080501)
1937979224,41.007563,28.961194,4,,,,POINT (28.961194 41.007563)
1937984011,41.0075625,28.9629225,3,,,,POINT (28.9629225 41.0075625)
1938000943,41.0039614,28.9655832,3,,,,POINT (28.9655832 41.0039614)
1938000945,41.0039653,28.9666629,3,,,,POINT (28.9666629 41.0039653)
1938009728,41.0063091,28.9542159,3,,,,POINT (28.9542159 41.0063091)
1938011857,41.0063175,28.9548552,3,,,,POINT (28.9548552 41.0063175)
1938019412,41.0045638,28.9575692,3,,,,POINT (28.9575692 41.0045638)
1938022316,41.0061554,28.9585474,3,,,,POINT (28.9585474 41.0061554)
1941121487,41.0150835,28.9573771,3,,,,POINT (28.9573771 41.0150835)
1941126109,41.018738,28.9619478,4,,,,POINT (28.9619478 41.018738)
1941154348,41.0030496,28.9754605,5,,,,POINT (28.9754605 41.0030496)
1955126505,41.0252255,28.9579128,3,,,,POINT (28.9579128 41.0252255)
1957082034,41.0191448,28.9581953,3,,,,POINT (28.9581953 41.0191448)
2195396106,41.0073274,28.9591209,3,,,,POINT (28.9591209 41.0073274)
2195396131,41.0078245,28.9594112,3,,,,POINT (28.9594112 41.0078245)
2195396133,41.007743,28.9608118,3,,,,POINT (28.9608118 41.007743)
2195396139,41.0078495,28.9579882,3,,,,POINT (28.9579882 41.0078495)
2195396822,41.0234698,28.9525869,1,,,,POINT (28.9525869 41.0234698)
2195396823,41.0235785,28.9523147,4,,,,POINT (28.9523147 41.0235785)
2195396824,41.0237273,28.9519192,1,,,,POINT (28.9519192 41.0237273)
2195416760,41.0145603,28.969356,3,,,,POINT (28.969356 41.0145603)
2195426957,41.015762,28.9675714,4,,,,POINT (28.9675714 41.015762)
2195426961,41.0159426,28.9566995,3,,,,POINT (28.9566995 41.0159426)
2195426964,41.0159813,28.969328,3,,,,POINT (28.969328 41.0159813)
2195426968,41.0163731,28.9683262,3,,,,POINT (28.9683262 41.0163731)
2195426974,41.0167163,28.9678022,5,,,,POINT (28.9678022 41.0167163)
2195426979,41.0173513,28.9587577,3,,,,POINT (28.9587577 41.0173513)
2195428743,41.0007542,28.927967,1,,,,POINT (28.927967 41.0007542)
2195428746,41.0026558,28.9315599,3,,,,POINT (28.9315599 41.0026558)
2195428751,41.0028952,28.9307301,3,,,,POINT (28.9307301 41.0028952)
2201796692,41.0194911,28.9642975,3,,,,POINT (28.9642975 41.0194911)
2245074733,40.9905797,28.9246078,1,,,,POINT (28.9246078 40.9905797)
2264127830,41.0320172,28.9491715,3,,,,POINT (28.9491715 41.0320172)
2264127834,41.0321843,28.9489304,4,,,,POINT (28.9489304 41.0321843)
2264127836,41.0326364,28.9493211,3,,,,POINT (28.9493211 41.0326364)
2264127898,41.0382818,28.9412877,3,,,,POINT (28.9412877 41.0382818)
2316765894,41.0023605,28.9777371,1,,,,POINT (28.9777371 41.0023605)
2361227082,41.0034294,28.9710994,3,,,,POINT (28.9710994 41.0034294)
2361227088,41.0034004,28.9706666,4,,,,POINT (28.9706666 41.0034004)
2361227093,41.0031489,28.9721096,3,,,,POINT (28.9721096 41.0031489)
2361227095,41.0035402,28.9715316,3,,,,POINT (28.9715316 41.0035402)
2361227097,41.0033383,28.9714998,3,,,,POINT (28.9714998 41.0033383)
2361227099,41.0028122,28.9712243,3,,,,POINT (28.9712243 41.0028122)
2361227111,41.0037861,28.9715595,3,,,,POINT (28.9715595 41.0037861)
2361233260,41.0030609,28.9687398,3,,,,POINT (28.9687398 41.0030609)
2366981643,41.0123665,28.9467059,3,,,,POINT (28.9467059 41.0123665)
2366981644,41.012495,28.9469651,3,,,,POINT (28.9469651 41.012495)
2367475959,41.0110556,28.9490624,3,,,,POINT (28.9490624 41.0110556)
2368737632,40.9931154,28.9248802,1,,,,POINT (28.9248802 40.9931154)
2368737634,40.9934097,28.9243816,3,,,,POINT (28.9243816 40.9934097)
2368737641,40.9945012,28.9278686,3,,,,POINT (28.9278686 40.9945012)
2368737659,41.0028958,28.9234865,3,,,,POINT (28.9234865 41.0028958)
2368753468,41.0004216,28.9272137,3,,,,POINT (28.9272137 41.0004216)
2368765257,41.0131478,28.9279842,1,,,,POINT (28.9279842 41.0131478)
2368765258,41.0132625,28.927703,3,,,,POINT (28.927703 41.0132625)
2368765259,41.0191316,28.9251057,3,crossing,,,POINT (28.9251057 41.0191316)
2368765260,41.0194694,28.9254996,1,,,,POINT (28.9254996 41.0194694)
2368765262,41.0199248,28.925817,3,,,,POINT (28.925817 41.0199248)
2368765263,41.0203916,28.9266747,3,,,,POINT (28.9266747 41.0203916)
2370220565,41.0242589,28.9299447,3,motorway_junction,K-31,,POINT (28.9299447 41.0242589)
2370327445,41.0037167,28.9807229,3,,,,POINT (28.9807229 41.0037167)
2370327451,41.0059584,28.9815582,4,,,,POINT (28.9815582 41.0059584)
2370327453,41.0061043,28.9834226,1,,,,POINT (28.9834226 41.0061043)
2370332227,41.0130087,28.9778478,3,,,,POINT (28.9778478 41.0130087)
2370332234,41.0137783,28.9776299,3,,,,POINT (28.9776299 41.0137783)
2370332238,41.0144343,28.9753255,3,,,,POINT (28.9753255 41.0144343)
2370341424,41.0129902,28.9730111,3,,,,POINT (28.9730111 41.0129902)
2370341425,41.0133979,28.9736778,3,,,,POINT (28.9736778 41.0133979)
2370354510,41.0121012,28.9754055,3,,,,POINT (28.9754055 41.0121012)
2370354513,41.0123049,28.9750547,4,,,,POINT (28.9750547 41.0123049)
2370366652,41.0030079,28.9706854,4,,,,POINT (28.9706854 41.0030079)
2370366659,41.0033306,28.9676448,3,,,,POINT (28.9676448 41.0033306)
2370366661,41.0034113,28.9667202,3,,,,POINT (28.9667202 41.0034113)
2370366683,41.0037146,28.9719859,3,,,,POINT (28.9719859 41.0037146)
2370366688,41.0038692,28.9685272,3,,,,POINT (28.9685272 41.0038692)
2370377779,41.0051267,28.9638996,3,,,,POINT (28.9638996 41.0051267)
2370377781,41.0055655,28.9640833,4,,,,POINT (28.9640833 41.0055655)
2370377786,41.0059217,28.964241,3,,,,POINT (28.964241 41.0059217)
2370377789,41.0059813,28.964023,3,,,,POINT (28.964023 41.0059813)
2370377802,41.0062391,28.9620537,3,,,,POINT (28.9620537 41.0062391)
2370377805,41.0063931,28.9615351,1,,,,POINT (28.9615351 41.0063931)
2370377806,41.0064079,28.9636681,3,,,,POINT (28.9636681 41.0064079)
2370393225,41.0029953,28.9661969,4,,,,POINT (28.9661969 41.0029953)
2370393233,41.0034812,28.9646912,3,,,,POINT (28.9646912 41.0034812)
2370393234,41.0037148,28.9646237,3,,,,POINT (28.9646237 41.0037148)
2370393236,41.0038163,28.9650332,3,,,,POINT (28.9650332 41.0038163)
2370393238,41.0039441,28.9660649,3,,,,POINT (28.9660649 41.0039441)
2370393242,41.0043652,28.9661981,4,,,,POINT (28.9661981 41.0043652)
2370393247,41.0046697,28.9658903,4,,,,POINT (28.9658903 41.0046697)
2370435017,41.0072767,28.9618303,3,,,,POINT (28.9618303 41.0072767)
2370435019,41.0073261,28.9609964,3,,,,POINT (28.9609964 41.0073261)
2370435029,41.0082203,28.9620987,3,,,,POINT (28.9620987 41.0082203)
2370435034,41.0082103,28.9640073,4,,,,POINT (28.9640073 41.0082103)
2370435036,41.008358,28.9631802,4,,,,POINT (28.9631802 41.008358)
2370435052,41.0095382,28.9615505,3,,,,POINT (28.9615505 41.0095382)
2370443471,41.0093741,28.9648907,3,,,,POINT (28.9648907 41.0093741)
2370472381,41.015756,28.9661143,3,,,,POINT (28.9661143 41.015756)
2370472382,41.014947,28.9655005,3,,,,POINT (28.9655005 41.014947)
2370517678,41.0167279,28.9617562,3,,,,POINT (28.9617562 41.0167279)
2370517705,41.0182625,28.9648057,3,,,,POINT (28.9648057 41.0182625)
2370517707,41.0184707,28.9645015,3,,,,POINT (28.9645015 41.0184707)
2370517709,41.0184906,28.965094,3,,,,POINT (28.965094 41.0184906)
2370517715,41.0186998,28.9617789,3,,,,POINT (28.9617789 41.0186998)
2370517717,41.0186879,28.9647888,4,,,,POINT (28.9647888 41.0186879)
2370517725,41.0188716,28.9649831,3,,,,POINT (28.9649831 41.0188716)
2370517732,41.0189069,28.9638605,3,,,,POINT (28.9638605 41.0189069)
2370517736,41.0189947,28.9618524,3,,,,POINT (28.9618524 41.0189947)
2370517747,41.019083,28.9641983,4,,,,POINT (28.9641983 41.019083)
2370517758,41.0195181,28.9631622,3,,,,POINT (28.9631622 41.0195181)
2370517768,41.0197835,28.963081,4,,,,POINT (28.963081 41.0197835)
2370517772,41.0197036,28.9633562,4,,,,POINT (28.9633562 41.0197036)
2370517787,41.0204331,28.9634259,3,,,,POINT (28.9634259 41.0204331)
2370517791,41.0204096,28.9622236,3,,,,POINT (28.9622236 41.0204096)
2370523685,41.0206043,28.9608031,3,,,,POINT (28.9608031 41.0206043)
2370523688,41.0212233,28.9623731,3,,,,POINT (28.9623731 41.0212233)
2370523715,41.0241064,28.9600782,3,crossing,,,POINT (28.9600782 41.0241064)
2370536668,41.0239691,28.9609628,3,,,,POINT (28.9609628 41.0239691)
2370536696,41.0271478,28.95664,1,,,,POINT (28.95664 41.0271478)
2370536705,41.0275559,28.9555127,3,,,,POINT (28.9555127 41.0275559)
2370536711,41.0278393,28.9572508,3,,,,POINT (28.9572508 41.0278393)
2370536716,41.0279243,28.9575154,3,,,,POINT (28.9575154 41.0279243)
2370536724,41.0282823,28.9554145,3,,,,POINT (28.9554145 41.0282823)
2370547632,41.0237357,28.9596297,3,,,,POINT (28.9596297 41.0237357)
2370578081,41.0188395,28.9549983,3,,,,POINT (28.9549983 41.0188395)
2370578084,41.0191444,28.9603875,3,,,,POINT (28.9603875 41.0191444)
2370578088,41.0196424,28.9556996,3,,,,POINT (28.9556996 41.0196424)
2370578089,41.0196521,28.9568805,3,,,,POINT (28.9568805 41.0196521)
2370590047,41.0121828,28.9596234,3,,,,POINT (28.9596234 41.0121828)
2370590048,41.0123404,28.9592706,3,,,,POINT (28.9592706 41.0123404)
2370590050,41.0129922,28.9577765,3,,,,POINT (28.9577765 41.0129922)
2370590052,41.0133022,28.9566741,4,,,,POINT (28.9566741 41.0133022)
2370590079,41.0151842,28.958235,3,,,,POINT (28.958235 41.0151842)
2370607049,41.0118153,28.9548393,3,,,,POINT (28.9548393 41.0118153)
2370607058,41.0119922,28.9588145,3,,,,POINT (28.9588145 41.0119922)
2370607102,41.0129911,28.9554035,3,,,,POINT (28.9554035 41.0129911)
2370607104,41.0135387,28.954446,3,,,,POINT (28.954446 41.0135387)
2370607106,41.0137421,28.9539601,3,,,,POINT (28.9539601 41.0137421)
2370607111,41.0137707,28.9557959,4,crossing,,,POINT (28.9557959 41.0137707)
2370607135,41.013871,28.9558889,4,crossing,,,POINT (28.9558889 41.013871)
2370607137,41.0141788,28.9550868,3,,,,POINT (28.9550868 41.0141788)
2370625707,41.0069747,28.9600487,3,,,,POINT (28.9600487 41.0069747)
2370625708,41.0071313,28.9542541,3,,,,POINT (28.9542541 41.0071313)
2370625715,41.0076771,28.9549945,3,,,,POINT (28.9549945 41.0076771)
2370625716,41.0077922,28.9601038,4,,,,POINT (28.9601038 41.0077922)
2370625717,41.0087608,28.9599669,3,,,,POINT (28.9599669 41.0087608)
2370636452,41.0049021,28.9598014,3,,,,POINT (28.9598014 41.0049021)
2370636463,41.005442,28.9555026,3,,,,POINT (28.9555026 41.005442)
2370636470,41.0058343,28.9559679,3,,,,POINT (28.9559679 41.0058343)
2370636474,41.005882,28.9558581,3,,,,POINT (28.9558581 41.005882)
2370636478,41.0061108,28.960677,3,,,,POINT (28.960677 41.0061108)
2370636480,41.0060169,28.9555583,4,,,,POINT (28.9555583 41.0060169)
2370636482,41.0061407,28.9562009,3,,,,POINT (28.9562009 41.0061407)
2370636502,41.00631,28.9558583,4,,,,POINT (28.9558583 41.00631)
2370636505,41.006491,28.9560494,4,,,,POINT (28.9560494 41.006491)
2370636509,41.0066761,28.9557293,3,,,,POINT (28.9557293 41.0066761)
2370636512,41.006507,28.9567769,4,,,,POINT (28.9567769 41.006507)
2370650499,41.0039777,28.9550279,3,,,,POINT (28.9550279 41.0039777)
2370650502,41.0038919,28.9536558,3,,,,POINT (28.9536558 41.0038919)
2370650504,41.004076,28.9560619,4,,,,POINT (28.9560619 41.004076)
2370650506,41.0043946,28.9540079,4,,,,POINT (28.9540079 41.0043946)
2370669739,41.0029408,28.9556173,4,,,,POINT (28.9556173 41.0029408)
2370722981,41.0228003,28.9326817,3,,,,POINT (28.9326817 41.0228003)
2370722983,41.0240062,28.9358062,3,,,,POINT (28.9358062 41.0240062)
2370722984,41.0241119,28.9353609,1,,,,POINT (28.9353609 41.0241119)
2370722985,41.0242197,28.9328471,3,,,,POINT (28.9328471 41.0242197)
2370722989,41.0244958,28.9333215,3,,,,POINT (28.9333215 41.0244958)
2370722990,41.0245146,28.9352144,3,,,,POINT (28.9352144 41.0245146)
2370722994,41.0247362,28.9353193,1,,,,POINT (28.9353193 41.0247362)
2370723001,41.0260449,28.9342935,1,,,,POINT (28.9342935 41.0260449)
2370723004,41.0265867,28.9344328,3,,,,POINT (28.9344328 41.0265867)
2370729064,41.0183057,28.9297252,1,,,,POINT (28.9297252 41.0183057)
2370729065,41.0214172,28.9339381,3,,,,POINT (28.9339381 41.0214172)
2370729070,41.0217349,28.9311104,3,,,,POINT (28.9311104 41.0217349)
2370729072,41.0217533,28.9362241,1,,,,POINT (28.9362241 41.0217533)
2370729074,41.0220188,28.9317188,3,,,,POINT (28.9317188 41.0220188)
2370729075,41.021946,28.9362458,1,,,,POINT (28.9362458 41.021946)
2370729076,41.0219968,28.9359263,3,,,,POINT (28.9359263 41.0219968)
2370729077,41.0220791,28.9360695,3,,,,POINT (28.9360695 41.0220791)
2370729078,41.0228825,28.9310101,3,,,,POINT (28.9310101 41.0228825)
2370740456,41.015751,28.9329114,4,,,,POINT (28.9329114 41.015751)
2370740459,41.0159313,28.9332978,4,,,,POINT (28.9332978 41.0159313)
2370740460,41.0159577,28.9337801,3,,,,POINT (28.9337801 41.0159577)
2370740461,41.0159424,28.9333636,4,,,,POINT (28.9333636 41.0159424)
2370740462,41.0159597,28.9337049,4,,,,POINT (28.9337049 41.0159597)
2370740463,41.0160214,28.9324288,3,,,,POINT (28.9324288 41.0160214)
2370740468,41.0163783,28.9332106,4,,,,POINT (28.9332106 41.0163783)
2370740469,41.0164108,28.9352015,4,,,,POINT (28.9352015 41.0164108)
2370740472,41.0164622,28.933202,4,,,,POINT (28.933202 41.0164622)
2370740486,41.018997,28.9366878,3,,,,POINT (28.9366878 41.018997)
2370740487,41.0190828,28.936975,3,,,,POINT (28.936975 41.0190828)
2370740488,41.0190792,28.936577,4,,,,POINT (28.936577 41.0190792)
2370740489,41.0194006,28.9365206,3,,,,POINT (28.9365206 41.0194006)
2370740491,41.01972,28.9356293,5,,,,POINT (28.9356293 41.01972)
2370740493,41.0196792,28.936116,3,,,,POINT (28.936116 41.0196792)
2370740494,41.0197328,28.9358395,3,crossing,,,POINT (28.9358395 41.0197328)
2370759038,41.0067668,28.9359447,3,,,,POINT (28.9359447 41.0067668)
2370759039,41.0068617,28.9320188,3,,,,POINT (28.9320188 41.0068617)
2370759044,41.00739,28.9320306,3,,,,POINT (28.9320306 41.00739)
2370759046,41.0083724,28.9363166,3,,,,POINT (28.9363166 41.0083724)
2370759048,41.0089737,28.9363568,3,,,,POINT (28.9363568 41.0089737)
2370759049,41.0090105,28.9330436,3,,,,POINT (28.9330436 41.0090105)
2370759050,41.0090281,28.9320205,3,,,,POINT (28.9320205 41.0090281)
2370759052,41.0093195,28.9313156,3,,,,POINT (28.9313156 41.0093195)
2370778756,41.0006035,28.9327801,3,,,,POINT (28.9327801 41.0006035)
2370778758,41.0007649,28.9331019,3,,,,POINT (28.9331019 41.0007649)
2370778762,41.0009866,28.9338671,3,,,,POINT (28.9338671 41.0009866)
2370778765,41.0024546,28.9374458,3,,,,POINT (28.9374458 41.0024546)
2370778780,41.0025414,28.9370993,3,,,,POINT (28.9370993 41.0025414)
2370778784,41.0025756,28.9372597,4,,,,POINT (28.9372597 41.0025756)
2370778793,41.0031404,28.9314109,3,,,,POINT (28.9314109 41.0031404)
2370778795,41.0033673,28.9319879,3,,,,POINT (28.9319879 41.0033673)
2370778797,41.0034146,28.9312486,3,,,,POINT (28.9312486 41.0034146)
2370778799,41.0035779,28.931865,3,,,,POINT (28.931865 41.0035779)
2370778817,41.0053377,28.936471,3,,,,POINT (28.936471 41.0053377)
2370789864,41.0301016,28.9381023,3,,,,POINT (28.9381023 41.0301016)
2370789865,41.0303025,28.939742,3,,,,POINT (28.939742 41.0303025)
2370789866,41.0304936,28.9417564,1,,,,POINT (28.9417564 41.0304936)
2370789867,41.0305158,28.9397885,1,,,,POINT (28.9397885 41.0305158)
2370789868,41.0305395,28.9382551,3,,,,POINT (28.9382551 41.0305395)
2370789869,41.0308163,28.9422152,3,,,,POINT (28.9422152 41.0308163)
2370789870,41.0308906,28.9400793,1,,,,POINT (28.9400793 41.0308906)
2370789873,41.0317955,28.9406797,3,,,,POINT (28.9406797 41.0317955)
2370789874,41.0319264,28.9391636,3,,,,POINT (28.9391636 41.0319264)
2370789875,41.0320191,28.9410192,3,,,,POINT (28.9410192 41.0320191)
2370789876,41.0320471,28.9396403,3,,,,POINT (28.9396403 41.0320471)
2370789877,41.0321068,28.9402447,1,,,,POINT (28.9402447 41.0321068)
2370789884,41.0325709,28.9393204,1,,,,POINT (28.9393204 41.0325709)
2370792068,41.0287014,28.9373152,3,,,,POINT (28.9373152 41.0287014)
2370792080,41.0296995,28.937194,3,,,,POINT (28.937194 41.0296995)
2370839994,41.0244198,28.9376834,3,,,,POINT (28.9376834 41.0244198)
2370839996,41.0246233,28.937847,1,,,,POINT (28.937847 41.0246233)
2370839999,41.0249691,28.9388243,1,,,,POINT (28.9388243 41.0249691)
2370840005,41.0252313,28.9403624,3,,,,POINT (28.9403624 41.0252313)
2370840011,41.025384,28.9400076,4,,,,POINT (28.9400076 41.025384)
2370840022,41.0269617,28.9390892,3,,,,POINT (28.9390892 41.0269617)
2370840024,41.0283053,28.9357286,4,,,,POINT (28.9357286 41.0283053)
2370854462,41.0292206,28.9447276,1,,,,POINT (28.9447276 41.0292206)
2370854463,41.0292242,28.9457006,3,,,,POINT (28.9457006 41.0292242)
2370854464,41.0292491,28.9445487,1,,,,POINT (28.9445487 41.0292491)
2370854465,41.0294254,28.9446984,1,,,,POINT (28.9446984 41.0294254)
2370854468,41.0296906,28.9448803,3,,,,POINT (28.9448803 41.0296906)
2370854473,41.0302832,28.9437641,3,,,,POINT (28.9437641 41.0302832)
2370854479,41.0310394,28.9473319,3,,,,POINT (28.9473319 41.0310394)
2370854482,41.0312819,28.9471638,1,,,,POINT (28.9471638 41.0312819)
2370854484,41.0319732,28.943352,3,,,,POINT (28.943352 41.0319732)
2370854485,41.0322434,28.9437321,1,,,,POINT (28.9437321 41.0322434)
2370854486,41.032398,28.9440674,3,,,,POINT (28.9440674 41.032398)
2370854488,41.0324694,28.943883,3,,,,POINT (28.943883 41.0324694)
2370854489,41.0325476,28.9437542,1,,,,POINT (28.9437542 41.0325476)
2370858479,41.0266196,28.947433,3,,,,POINT (28.947433 41.0266196)
2370858483,41.0270616,28.9476717,1,,,,POINT (28.9476717 41.0270616)
2370858486,41.0271675,28.9472788,3,,,,POINT (28.9472788 41.0271675)
2370858491,41.0276276,28.9427364,1,,,,POINT (28.9427364 41.0276276)
2370858492,41.0276645,28.9423733,3,,,,POINT (28.9423733 41.0276645)
2370858494,41.0285361,28.9444185,1,,,,POINT (28.9444185 41.0285361)
2370858495,41.0288625,28.9445976,4,,,,POINT (28.9445976 41.0288625)
2370859304,41.0278573,28.9460787,3,,,,POINT (28.9460787 41.0278573)
2371446930,41.0142902,28.9765956,3,,,,POINT (28.9765956 41.0142902)
2371446932,41.0080234,28.9783023,4,,,,POINT (28.9783023 41.0080234)
2371446936,41.0079716,28.9763996,3,,,,POINT (28.9763996 41.0079716)
2371446942,41.0105629,28.9787538,3,,,,POINT (28.9787538 41.0105629)
2371608834,41.0232811,28.9427958,3,,,,POINT (28.9427958 41.0232811)
2371608836,41.0233062,28.9426612,3,,,,POINT (28.9426612 41.0233062)
2371608838,41.0233157,28.9425943,3,,,,POINT (28.9425943 41.0233157)
2371608844,41.0236724,28.9428021,3,,,,POINT (28.9428021 41.0236724)
2371608846,41.0236889,28.9453917,3,,,,POINT (28.9453917 41.0236889)
2371608848,41.023734,28.942009,3,,,,POINT (28.942009 41.023734)
2371608850,41.0238327,28.9425585,3,,,,POINT (28.9425585 41.0238327)
2371608853,41.0241409,28.9442092,3,,,,POINT (28.9442092 41.0241409)
2371608855,41.0244619,28.9446112,3,,,,POINT (28.9446112 41.0244619)
2371608864,41.025958,28.9452993,1,,,,POINT (28.9452993 41.025958)
2371608866,41.027161,28.9484119,3,,,,POINT (28.9484119 41.027161)
2371608868,41.0272729,28.9481819,1,,,,POINT (28.9481819 41.0272729)
2371608870,41.0281147,28.9462647,3,,,,POINT (28.9462647 41.0281147)
2371608872,41.028147,28.942075,3,,,,POINT (28.942075 41.028147)
2371608874,41.0281474,28.9465862,1,,,,POINT (28.9465862 41.0281474)
2371608876,41.0281724,28.9482401,1,,,,POINT (28.9482401 41.0281724)
2371608877,41.0282683,28.9479113,3,,,,POINT (28.9479113 41.0282683)
2371608879,41.0282702,28.944819,3,,,,POINT (28.944819 41.0282702)
2371608883,41.0282909,28.9444601,1,,,,POINT (28.9444601 41.0282909)
2371608885,41.0282629,28.9475026,3,,,,POINT (28.9475026 41.0282629)
2371608887,41.0283775,28.9442188,3,,,,POINT (28.9442188 41.0283775)
2371608889,41.0283487,28.9448069,3,,,,POINT (28.9448069 41.0283487)
2371608891,41.0283211,28.9421223,1,,,,POINT (28.9421223 41.0283211)
2371623895,41.0195385,28.9401853,4,,,,POINT (28.9401853 41.0195385)
2371623896,41.0200139,28.9395204,3,,,,POINT (28.9395204 41.0200139)
2371623897,41.0201981,28.9389798,1,,,,POINT (28.9389798 41.0201981)
2371623899,41.0203566,28.9397311,3,,,,POINT (28.9397311 41.0203566)
2371623900,41.0205019,28.9393904,1,,,,POINT (28.9393904 41.0205019)
2371623901,41.0210457,28.9439701,3,,,,POINT (28.9439701 41.0210457)
2371623903,41.0212821,28.9444245,3,,,,POINT (28.9444245 41.0212821)
2371623905,41.0213765,28.9436458,4,crossing,,,POINT (28.9436458 41.0213765)
2371623911,41.0214781,28.9428984,3,,,,POINT (28.9428984 41.0214781)
2371623914,41.021661,28.9360313,1,,,,POINT (28.9360313 41.021661)
2371623915,41.0219027,28.9357649,3,,,,POINT (28.9357649 41.0219027)
2371623916,41.0220837,28.9392207,1,,,,POINT (28.9392207 41.0220837)
2371623917,41.0222625,28.9388076,3,,,,POINT (28.9388076 41.0222625)
2371623918,41.0222176,28.9381968,3,,,,POINT (28.9381968 41.0222176)
2371623919,41.0224949,28.9383581,1,,,,POINT (28.9383581 41.0224949)
2371623921,41.0226294,28.9408447,1,,,,POINT (28.9408447 41.0226294)
2371623922,41.0224716,28.9388849,1,,,,POINT (28.9388849 41.0224716)
2371623923,41.0227829,28.9404057,3,,,,POINT (28.9404057 41.0227829)
2371623924,41.0230491,28.9384049,1,,,,POINT (28.9384049 41.0230491)
2371623925,41.0232827,28.9398469,1,,,,POINT (28.9398469 41.0232827)
2371623926,41.0233271,28.9396202,3,,,,POINT (28.9396202 41.0233271)
2371631229,41.0107971,28.9434565,3,crossing,,,POINT (28.9434565 41.0107971)
2371631230,41.0109894,28.9435587,3,crossing,,,POINT (28.9435587 41.0109894)
2371631231,41.0112146,28.9418462,3,,,,POINT (28.9418462 41.0112146)
2371631232,41.0121067,28.9419327,1,,,,POINT (28.9419327 41.0121067)
2371631233,41.015157,28.9407469,3,,,,POINT (28.9407469 41.015157)
2371631235,41.0153382,28.9410062,3,,,,POINT (28.9410062 41.0153382)
2371631237,41.0153801,28.9409191,5,,,,POINT (28.9409191 41.0153801)
2371631240,41.0154847,28.940623,3,,,,POINT (28.940623 41.0154847)
2371631242,41.0155029,28.9407217,3,,,,POINT (28.9407217 41.0155029)
2371631245,41.0162073,28.9371325,1,,,,POINT (28.9371325 41.0162073)
2371631248,41.0165309,28.937571,4,,,,POINT (28.937571 41.0165309)
2371640745,41.006585,28.9381691,3,,,,POINT (28.9381691 41.006585)
2371640746,41.0066427,28.9395212,3,,,,POINT (28.9395212 41.0066427)
2371640748,41.0067073,28.9397814,1,,,,POINT (28.9397814 41.0067073)
2371640750,41.0073297,28.9412801,1,,,,POINT (28.9412801 41.0073297)
2371640751,41.0074168,28.9414859,3,,,,POINT (28.9414859 41.0074168)
2371640754,41.008439,28.9422108,1,,,,POINT (28.9422108 41.008439)
2371640755,41.0094727,28.9451713,3,,,,POINT (28.9451713 41.0094727)
2371653282,41.0029112,28.9419023,3,,,,POINT (28.9419023 41.0029112)
2371653288,41.0036378,28.9414046,3,,,,POINT (28.9414046 41.0036378)
2371666250,41.0023614,28.9482922,3,,,,POINT (28.9482922 41.0023614)
2371666252,41.0023685,28.9493776,3,,,,POINT (28.9493776 41.0023685)
2371666257,41.0029489,28.949375,3,,,,POINT (28.949375 41.0029489)
2371666258,41.0029131,28.9482978,3,,,,POINT (28.9482978 41.0029131)
2371666262,41.0035989,28.9454465,3,,,,POINT (28.9454465 41.0035989)
2371666271,41.0040689,28.9448763,1,,,,POINT (28.9448763 41.0040689)
2371666272,41.0040959,28.9444941,3,,,,POINT (28.9444941 41.0040959)
2371666284,41.0068652,28.9485875,3,,,,POINT (28.9485875 41.0068652)
2371672805,41.0076465,28.9460558,3,,,,POINT (28.9460558 41.0076465)
2371672807,41.0073957,28.9451553,3,,,,POINT (28.9451553 41.0073957)
2371697918,41.0110632,28.9453119,3,,,,POINT (28.9453119 41.0110632)
2371697919,41.0112426,28.9446683,3,,,,POINT (28.9446683 41.0112426)
2371697928,41.0121066,28.9451325,3,,,,POINT (28.9451325 41.0121066)
2371697935,41.0134369,28.9464296,3,,,,POINT (28.9464296 41.0134369)
2371697936,41.0134484,28.9451461,3,crossing,,,POINT (28.9451461 41.0134484)
2371697941,41.0144487,28.9432242,1,,,,POINT (28.9432242 41.0144487)
2371697942,41.014474,28.948326,3,,,,POINT (28.948326 41.014474)
2371697946,41.0146189,28.9430035,4,,,,POINT (28.9430035 41.0146189)
2371697949,41.0150854,28.9425059,3,,,,POINT (28.9425059 41.0150854)
2371697950,41.0153621,28.9428174,3,,,,POINT (28.9428174 41.0153621)
2371697951,41.0157073,28.943302,3,,,,POINT (28.943302 41.0157073)
2371697953,41.0165542,28.9431931,3,,,,POINT (28.9431931 41.0165542)
2371697954,41.0166807,28.9425166,3,,,,POINT (28.9425166 41.0166807)
2371706523,41.0154697,28.9429517,3,,,,POINT (28.9429517 41.0154697)
2371712091,41.0200491,28.9480177,3,,,,POINT (28.9480177 41.0200491)
2371712093,41.0206073,28.9476853,3,,,,POINT (28.9476853 41.0206073)
2371733264,41.0294703,28.9495769,1,,,,POINT (28.9495769 41.0294703)
2371733265,41.0296479,28.9491906,3,,,,POINT (28.9491906 41.0296479)
2371733266,41.0296534,28.9480641,3,,,,POINT (28.9480641 41.0296534)
2371733267,41.0297692,28.9526497,3,,,,POINT (28.9526497 41.0297692)
2371733269,41.0300997,28.9519669,5,,,,POINT (28.9519669 41.0300997)
2371733273,41.0304886,28.9498758,3,,,,POINT (28.9498758 41.0304886)
2371733277,41.0306318,28.950105,3,,,,POINT (28.950105 41.0306318)
2371733281,41.03086,28.9501143,3,,,,POINT (28.9501143 41.03086)
2371733282,41.0309996,28.950444,3,,,,POINT (28.950444 41.0309996)
2371733284,41.0310749,28.9502905,3,,,,POINT (28.9502905 41.0310749)
2371733286,41.0312128,28.95039,3,,,,POINT (28.95039 41.0312128)
2371733636,41.0269354,28.9476406,1,,,,POINT (28.9476406 41.0269354)
2371737274,41.0178074,28.9511845,3,,,,POINT (28.9511845 41.0178074)
2371737275,41.017803,28.9506503,3,,,,POINT (28.9506503 41.017803)
2371737277,41.0179178,28.9533209,3,,,,POINT (28.9533209 41.0179178)
2371737278,41.0181753,28.9518197,3,,,,POINT (28.9518197 41.0181753)
2371737279,41.0190421,28.9509536,3,,,,POINT (28.9509536 41.0190421)
2371737280,41.0192493,28.951349,3,,,,POINT (28.951349 41.0192493)
2371737281,41.0194393,28.9516537,3,,,,POINT (28.9516537 41.0194393)
2371737283,41.0235967,28.9506949,3,,,,POINT (28.9506949 41.0235967)
2371737284,41.0240844,28.9514204,3,,,,POINT (28.9514204 41.0240844)
2371737285,41.0241893,28.950862,3,,,,POINT (28.950862 41.0241893)
2371737286,41.0256377,28.9517736,3,,,,POINT (28.9517736 41.0256377)
2371804442,41.0082397,28.9541664,3,,,,POINT (28.9541664 41.0082397)
2371804448,41.0085681,28.9501602,3,,,,POINT (28.9501602 41.0085681)
2371804459,41.0091924,28.9501579,3,,,,POINT (28.9501579 41.0091924)
2371804462,41.0092443,28.9501933,3,crossing,,,POINT (28.9501933 41.0092443)
2371804463,41.0092525,28.9501408,3,crossing,,,POINT (28.9501408 41.0092525)
2371804465,41.0093627,28.9503585,3,,,,POINT (28.9503585 41.0093627)
2371804484,41.0105778,28.9522425,3,,,,POINT (28.9522425 41.0105778)
2371804505,41.0128011,28.9500423,3,,,,POINT (28.9500423 41.0128011)
2371804507,41.0128714,28.9507024,3,,,,POINT (28.9507024 41.0128714)
2371804514,41.0138553,28.951654,3,,,,POINT (28.951654 41.0138553)
2371804522,41.0143837,28.951199,1,,,,POINT (28.951199 41.0143837)
2371804524,41.014536,28.9524087,3,,,,POINT (28.9524087 41.014536)
2373131586,41.0003527,28.9288875,3,,,,POINT (28.9288875 41.0003527)
2373131587,41.0006132,28.9288093,1,,,,POINT (28.9288093 41.0006132)
2373131591,41.0014062,28.9284356,1,,,,POINT (28.9284356 41.0014062)
2373139472,41.0013688,28.9234886,3,,,,POINT (28.9234886 41.0013688)
2373139473,41.0021736,28.9305032,3,,,,POINT (28.9305032 41.0021736)
2373139474,41.0025713,28.9309474,3,,,,POINT (28.9309474 41.0025713)
2373139477,41.0047549,28.9298695,3,,,,POINT (28.9298695 41.0047549)
2373139481,41.0054886,28.9295562,3,,,,POINT (28.9295562 41.0054886)
2373139482,41.0063706,28.9264039,1,,,,POINT (28.9264039 41.0063706)
2373139483,41.0066562,28.9271232,3,,,,POINT (28.9271232 41.0066562)
2373139484,41.0066692,28.9267136,1,,,,POINT (28.9267136 41.0066692)
2373139485,41.006761,28.9262641,3,,,,POINT (28.9262641 41.006761)
2373157126,41.0070161,28.9312436,3,,,,POINT (28.9312436 41.0070161)
2373157128,41.0072628,28.9310052,3,,,,POINT (28.9310052 41.0072628)
2373172459,41.0101651,28.9280204,1,,,,POINT (28.9280204 41.0101651)
2373172460,41.0104145,28.9280265,3,,,,POINT (28.9280265 41.0104145)
2373172462,41.0127473,28.9281885,3,,,,POINT (28.9281885 41.0127473)
2373172470,41.0135992,28.928668,3,,,,POINT (28.928668 41.0135992)
2373177357,41.0176587,28.9286263,3,,,,POINT (28.9286263 41.0176587)
2373177359,41.0179058,28.9285861,3,,,,POINT (28.9285861 41.0179058)
2373185153,41.0210822,28.9264785,4,,,,POINT (28.9264785 41.0210822)
2373206445,41.0363673,28.9421491,3,,,,POINT (28.9421491 41.0363673)
2373206452,41.0366989,28.9423348,4,,,,POINT (28.9423348 41.0366989)
2373206454,41.0368039,28.9421451,1,,,,POINT (28.9421451 41.0368039)
2375959138,41.0374486,28.9446324,3,,,,POINT (28.9446324 41.0374486)
2375959161,41.0387858,28.9431304,3,,,,POINT (28.9431304 41.0387858)
2375959172,41.038952,28.943486,1,,,,POINT (28.943486 41.038952)
2375959180,41.0393573,28.9432351,3,,,,POINT (28.9432351 41.0393573)
2375995038,41.0370368,28.9424574,1,,,,POINT (28.9424574 41.0370368)
2375995039,41.0378338,28.9416345,3,,,,POINT (28.9416345 41.0378338)
2376022206,41.0338488,28.9420833,3,,,,POINT (28.9420833 41.0338488)
2376022213,41.0349363,28.9432713,3,,,,POINT (28.9432713 41.0349363)
2376022216,41.0353141,28.9421643,3,,,,POINT (28.9421643 41.0353141)
2376022219,41.0355466,28.94245,3,,,,POINT (28.94245 41.0355466)
2376022249,41.0373182,28.9410631,3,,,,POINT (28.9410631 41.0373182)
2376022250,41.0373198,28.9402224,3,,,,POINT (28.9402224 41.0373198)
2376022255,41.037531,28.9402169,3,,,,POINT (28.9402169 41.037531)
2376022264,41.0377352,28.9455011,3,,,,POINT (28.9455011 41.0377352)
2377570001,41.0331294,28.9454332,3,,,,POINT (28.9454332 41.0331294)
2377570002,41.0332412,28.9459381,3,,,,POINT (28.9459381 41.0332412)
2377570003,41.0333182,28.9456828,1,,,,POINT (28.9456828 41.0333182)
2377570006,41.0334465,28.9455247,1,,,,POINT (28.9455247 41.0334465)
2377570014,41.0341179,28.9443325,3,,,,POINT (28.9443325 41.0341179)
2377570028,41.0348919,28.9412521,3,,,,POINT (28.9412521 41.0348919)
2377570030,41.0349905,28.9416158,3,,,,POINT (28.9416158 41.0349905)
2377570041,41.035961,28.9403348,3,,,,POINT (28.9403348 41.035961)
2378680435,41.0287719,28.9370073,3,,,,POINT (28.9370073 41.0287719)
2378683449,41.0257617,28.9575637,3,,,,POINT (28.9575637 41.0257617)
2378683450,41.0258174,28.9577371,3,,,,POINT (28.9577371 41.0258174)
2378683452,41.0266577,28.9528714,3,,,,POINT (28.9528714 41.0266577)
2378683453,41.0272309,28.9522656,1,,,,POINT (28.9522656 41.0272309)
2378683454,41.0279065,28.9536513,3,,,,POINT (28.9536513 41.0279065)
2378683458,41.0281644,28.9532439,3,,,,POINT (28.9532439 41.0281644)
2378683467,41.0286513,28.9553908,3,,,,POINT (28.9553908 41.0286513)
2378683468,41.0286906,28.9550048,3,,,,POINT (28.9550048 41.0286906)
2378683482,41.030919,28.951988,3,,,,POINT (28.951988 41.030919)
2378683490,41.0311782,28.9512374,1,,,,POINT (28.9512374 41.0311782)
2378683497,41.0328759,28.9438362,1,,,,POINT (28.9438362 41.0328759)
2378683499,41.0332665,28.9500015,1,,,,POINT (28.9500015 41.0332665)
2378683512,41.0357575,28.9486925,3,,,,POINT (28.9486925 41.0357575)
2378683526,41.0368669,28.9468524,3,,,,POINT (28.9468524 41.0368669)
2378683528,41.0373726,28.9466047,1,,,,POINT (28.9466047 41.0373726)
2378713429,41.0196634,28.9280745,3,,,,POINT (28.9280745 41.0196634)
2378713431,41.0198375,28.9280441,3,,,,POINT (28.9280441 41.0198375)
2378713439,41.0221702,28.92797,1,,,,POINT (28.92797 41.0221702)
2378719423,41.0245209,28.9594797,3,,,,POINT (28.9594797 41.0245209)
2378719424,41.0245528,28.9595498,3,,,,POINT (28.9595498 41.0245528)
2378719426,41.0247449,28.9594975,3,,,,POINT (28.9594975 41.0247449)
2378719428,41.0277913,28.9566572,3,crossing,,,POINT (28.9566572 41.0277913)
2378719431,41.0278256,28.9567361,3,crossing,,,POINT (28.9567361 41.0278256)
2379681787,41.0127413,28.9403334,3,,,,POINT (28.9403334 41.0127413)
2379681790,41.0157851,28.9237575,1,,,,POINT (28.9237575 41.0157851)
2379681791,41.0159599,28.9238033,3,,,,POINT (28.9238033 41.0159599)
2379681792,41.0159725,28.9237603,3,,,,POINT (28.9237603 41.0159725)
2379681793,41.0161516,28.9238196,1,,,,POINT (28.9238196 41.0161516)
2379681797,41.0170708,28.9356124,3,,,,POINT (28.9356124 41.0170708)
2379687549,41.0129193,28.9459092,3,,,,POINT (28.9459092 41.0129193)
2379687552,41.0136494,28.942715,1,,,,POINT (28.942715 41.0136494)
2379692876,41.016131,28.9686762,3,,,,POINT (28.9686762 41.016131)
2379693987,41.0135231,28.9754049,3,,,,POINT (28.9754049 41.0135231)
2379693988,41.0138709,28.9757946,4,,,,POINT (28.9757946 41.0138709)
2379693996,41.0142541,28.9768069,3,,,,POINT (28.9768069 41.0142541)
2379695095,41.0102824,28.973904,3,,,,POINT (28.973904 41.0102824)
2379695100,41.0110343,28.9770784,3,,,,POINT (28.9770784 41.0110343)
2379706609,41.0032182,28.9762654,3,,,,POINT (28.9762654 41.0032182)
2379706612,41.003239,28.9753004,3,,,,POINT (28.9753004 41.003239)
2379706614,41.0035488,28.9759901,3,,,,POINT (28.9759901 41.0035488)
2379706617,41.0041501,28.9769906,3,,,,POINT (28.9769906 41.0041501)
2379706621,41.0045229,28.9806919,4,,,,POINT (28.9806919 41.0045229)
2379706625,41.0048157,28.9802178,3,,,,POINT (28.9802178 41.0048157)
2379706629,41.0054004,28.9815919,3,,,,POINT (28.9815919 41.0054004)
2379709156,41.0026463,28.9808804,3,,,,POINT (28.9808804 41.0026463)
2379709158,41.0028741,28.9811076,4,,,,POINT (28.9811076 41.0028741)
2379709160,41.0051972,28.9821752,3,,,,POINT (28.9821752 41.0051972)
2379709167,41.0054169,28.9823098,4,,,,POINT (28.9823098 41.0054169)
2379715153,41.0090267,28.9661284,3,,,,POINT (28.9661284 41.0090267)
2379715154,41.0091786,28.9671932,3,,,,POINT (28.9671932 41.0091786)
2379715156,41.0091808,28.9655403,3,,,,POINT (28.9655403 41.0091808)
2379715161,41.0093163,28.9663534,3,,,,POINT (28.9663534 41.0093163)
2379723980,41.0030702,28.9737631,3,,,,POINT (28.9737631 41.0030702)
2379723981,41.0031022,28.9735002,3,,,,POINT (28.9735002 41.0031022)
2379723984,41.0035438,28.9738995,4,,,,POINT (28.9738995 41.0035438)
2379726562,41.0048346,28.9678101,4,,,,POINT (28.9678101 41.0048346)
2379726565,41.005047,28.9690912,3,,,,POINT (28.9690912 41.005047)
2379738136,41.0167071,28.9684862,3,,,,POINT (28.9684862 41.0167071)
2379738138,41.0168166,28.9678408,3,,,,POINT (28.9678408 41.0168166)
2379738140,41.0169698,28.9670801,3,,,,POINT (28.9670801 41.0169698)
2379738141,41.0168686,28.9674942,3,,,,POINT (28.9674942 41.0168686)
2379738142,41.0165322,28.9668673,3,,,,POINT (28.9668673 41.0165322)
2379738148,41.0170479,28.9693986,3,,,,POINT (28.9693986 41.0170479)
2379738152,41.0172736,28.96897,4,,,,POINT (28.96897 41.0172736)
2379738160,41.017502,28.967331,3,,,,POINT (28.967331 41.017502)
2379738162,41.0176144,28.9683743,3,,,,POINT (28.9683743 41.0176144)
2379738163,41.0176215,28.9670223,3,,,,POINT (28.9670223 41.0176215)
2379738166,41.0177177,28.968188,3,,,,POINT (28.968188 41.0177177)
2379738168,41.0177047,28.9674668,3,,,,POINT (28.9674668 41.0177047)
2379738169,41.0178181,28.9680126,3,,,,POINT (28.9680126 41.0178181)
2379738171,41.0179048,28.9678624,3,,,,POINT (28.9678624 41.0179048)
2379738173,41.018007,28.967064,3,,,,POINT (28.967064 41.018007)
2379746960,41.016891,28.9612517,3,,,,POINT (28.9612517 41.016891)
2379746963,41.0194598,28.9637064,3,,,,POINT (28.9637064 41.0194598)
2379755800,41.0145779,28.9684685,3,,,,POINT (28.9684685 41.0145779)
2379755801,41.0140004,28.9674355,3,,,,POINT (28.9674355 41.0140004)
2379755808,41.014675,28.9674403,3,,,,POINT (28.9674403 41.014675)
2379756971,41.0071932,28.9628482,3,,,,POINT (28.9628482 41.0071932)
2379758383,41.0372895,28.9457407,3,,,,POINT (28.9457407 41.0372895)
2379768590,41.0247722,28.9523679,3,,,,POINT (28.9523679 41.0247722)
2379769349,41.0089123,28.9541893,3,,,,POINT (28.9541893 41.0089123)
2379769355,41.0117466,28.9539329,3,,,,POINT (28.9539329 41.0117466)
2379770188,41.0107549,28.9561172,1,,,,POINT (28.9561172 41.0107549)
2379770189,41.0104851,28.9573102,3,,,,POINT (28.9573102 41.0104851)
2379782149,41.0139358,28.9548439,3,,,,POINT (28.9548439 41.0139358)
2379807074,41.0256452,28.95489,3,,,,POINT (28.95489 41.0256452)
2379807075,41.0259113,28.9577232,3,,,,POINT (28.9577232 41.0259113)
2379807076,41.0262421,28.9583932,3,,,,POINT (28.9583932 41.0262421)
2379807077,41.0262278,28.9577584,1,,,,POINT (28.9577584 41.0262278)
2379811083,41.0268866,28.9519405,1,,,,POINT (28.9519405 41.0268866)
2379811084,41.0268613,28.9536486,3,,,,POINT (28.9536486 41.0268613)
2379811087,41.0271482,28.9533821,1,,,,POINT (28.9533821 41.0271482)
2379811690,41.0269363,28.9501333,3,,,,POINT (28.9501333 41.0269363)
2379811691,41.0271613,28.9498497,1,,,,POINT (28.9498497 41.0271613)
2379812823,41.030765,28.9524167,1,,,,POINT (28.9524167 41.030765)
2379815208,41.0301146,28.9449014,1,,,,POINT (28.9449014 41.0301146)
2379834230,41.0256437,28.9409816,3,,,,POINT (28.9409816 41.0256437)
2379834231,41.0258144,28.9411961,1,,,,POINT (28.9411961 41.0258144)
2379834232,41.0259838,28.9410714,1,,,,POINT (28.9410714 41.0259838)
2379834234,41.0261775,28.9409979,3,,,,POINT (28.9409979 41.0261775)
2379850483,41.0174276,28.9435777,3,,,,POINT (28.9435777 41.0174276)
2379850484,41.0176203,28.9438808,4,,,,POINT (28.9438808 41.0176203)
2379850486,41.0183531,28.9450951,5,,,,POINT (28.9450951 41.0183531)
2380729634,41.023515,28.9424245,1,,,,POINT (28.9424245 41.023515)
2380735229,41.0107664,28.9461497,1,,,,POINT (28.9461497 41.0107664)
2380735232,41.0109397,28.9462918,3,,,,POINT (28.9462918 41.0109397)
2380735234,41.0110306,28.9456846,1,,,,POINT (28.9456846 41.0110306)
2380735235,41.0111359,28.9453414,3,,,,POINT (28.9453414 41.0111359)
2380735237,41.0126576,28.9459011,3,,,,POINT (28.9459011 41.0126576)
2380735239,41.0127834,28.9457259,3,,,,POINT (28.9457259 41.0127834)
2380735243,41.0131008,28.9452655,3,,,,POINT (28.9452655 41.0131008)
2380735247,41.0133689,28.9457015,3,,,,POINT (28.9457015 41.0133689)
2380735253,41.0144909,28.9403869,3,,,,POINT (28.9403869 41.0144909)
2380739941,41.009884,28.9452068,3,,,,POINT (28.9452068 41.009884)
2380754560,41.0033435,28.9437698,1,,,,POINT (28.9437698 41.0033435)
2380754566,41.0040138,28.9437302,1,,,,POINT (28.9437302 41.0040138)
2380754569,41.0042077,28.9439036,3,,,,POINT (28.9439036 41.0042077)
2380756691,41.0003531,28.9331152,3,,,,POINT (28.9331152 41.0003531)
2380757086,41.0062519,28.9328241,3,,,,POINT (28.9328241 41.0062519)
2380757455,41.0134223,28.9397455,3,,,,POINT (28.9397455 41.0134223)
2380758418,41.0162918,28.9384124,3,,,,POINT (28.9384124 41.0162918)
2380758420,41.0165941,28.9376121,3,,,,POINT (28.9376121 41.0165941)
2380759754,41.0159067,28.9338522,3,,,,POINT (28.9338522 41.0159067)
2380759755,41.0159366,28.934689,3,,,,POINT (28.934689 41.0159366)
2380759756,41.0164259,28.9332436,3,,,,POINT (28.9332436 41.0164259)
2380760528,41.0223165,28.9356632,1,,,,POINT (28.9356632 41.0223165)
2380760529,41.0224869,28.9359343,3,,,,POINT (28.9359343 41.0224869)
2380761500,41.0227446,28.9361536,1,,,,POINT (28.9361536 41.0227446)
2380761501,41.022828,28.9384385,3,,,,POINT (28.9384385 41.022828)
2380761502,41.0229984,28.938534,1,,,,POINT (28.938534 41.0229984)
2380763664,41.0278512,28.9369353,3,,,,POINT (28.9369353 41.0278512)
2380775273,41.0289619,28.936581,3,,,,POINT (28.936581 41.0289619)
2380775274,41.0293104,28.9361978,1,,,,POINT (28.9361978 41.0293104)
2380785492,41.0188085,28.9279148,3,,,,POINT (28.9279148 41.0188085)
2380785493,41.0188327,28.9318038,1,,,,POINT (28.9318038 41.0188327)
2380785494,41.0188439,28.9321716,3,,,,POINT (28.9321716 41.0188439)
2380785500,41.0220447,28.9281913,1,,,,POINT (28.9281913 41.0220447)
2380785501,41.0223015,28.9292789,3,,,,POINT (28.9292789 41.0223015)
2380785502,41.0226762,28.9301796,3,,,,POINT (28.9301796 41.0226762)
2380785503,41.0238299,28.9312555,1,,,,POINT (28.9312555 41.0238299)
2380787603,41.0170098,28.9240457,3,,,,POINT (28.9240457 41.0170098)
2380793400,41.0078374,28.9307744,3,,,,POINT (28.9307744 41.0078374)
2380793401,41.008477,28.930785,3,,,,POINT (28.930785 41.008477)
2380794371,41.0040563,28.9286953,3,,,,POINT (28.9286953 41.0040563)
2380796668,40.9969648,28.9259274,3,,,,POINT (28.9259274 40.9969648)
2380796670,40.9970306,28.9259163,3,,,,POINT (28.9259163 40.9970306)
2380796673,40.9980361,28.9283557,1,,,,POINT (28.9283557 40.9980361)
2380796674,40.9980283,28.927266,1,,,,POINT (28.927266 40.9980283)
2385169823,41.0197721,28.9285752,3,,,,POINT (28.9285752 41.0197721)
2385169824,41.020115,28.9284622,3,,,,POINT (28.9284622 41.020115)
2385237095,41.0136641,28.9706582,4,,,,POINT (28.9706582 41.0136641)
2385237110,41.013951,28.9718778,3,,,,POINT (28.9718778 41.013951)
2385465939,41.0066585,28.9436764,3,,,,POINT (28.9436764 41.0066585)
2386222834,41.0126524,28.9462919,3,crossing,,,POINT (28.9462919 41.0126524)
2386222835,41.0128241,28.9464874,3,crossing,,,POINT (28.9464874 41.0128241)
2398449387,41.012848,28.9847361,3,,,,POINT (28.9847361 41.012848)
2398449392,41.0129071,28.985075,4,,,,POINT (28.985075 41.0129071)
2398449394,41.0130077,28.9843517,3,,,,POINT (28.9843517 41.0130077)
2398449396,41.0130027,28.9848437,3,,,,POINT (28.9848437 41.0130027)
2398449398,41.0130369,28.9848674,3,,,,POINT (28.9848674 41.0130369)
2398449399,41.0132878,28.9850497,4,,,,POINT (28.9850497 41.0132878)
2398449405,41.0134379,28.9846722,3,,,,POINT (28.9846722 41.0134379)
2398449409,41.0135289,28.9852265,3,,,,POINT (28.9852265 41.0135289)
2398449411,41.0136555,28.9848298,3,,,,POINT (28.9848298 41.0136555)
2426682427,41.0081534,28.9783636,3,,,,POINT (28.9783636 41.0081534)
2474131665,41.0175781,28.9751818,1,,,,POINT (28.9751818 41.0175781)
2478522774,41.0188274,28.9704378,1,,,,POINT (28.9704378 41.0188274)
2478528173,41.0193637,28.9688851,3,,,,POINT (28.9688851 41.0193637)
2482957687,41.0018436,28.9281187,3,,,,POINT (28.9281187 41.0018436)
2605664091,41.0148341,28.97126,4,,,,POINT (28.97126 41.0148341)
2605667829,41.0100911,28.9686784,4,,,,POINT (28.9686784 41.0100911)
2607278273,41.003645,28.9637849,3,,,,POINT (28.9637849 41.003645)
2665716442,41.0163396,28.9854518,4,,,,POINT (28.9854518 41.0163396)
2665717379,41.015853,28.9853355,3,,,,POINT (28.9853355 41.015853)
2666795801,41.004072,28.973096,3,,,,POINT (28.973096 41.004072)
2666803153,41.0067131,28.977951,3,,,,POINT (28.977951 41.0067131)
2666803154,41.0079528,28.9765113,3,,,,POINT (28.9765113 41.0079528)
2668213695,41.0180642,28.9732058,3,,,,POINT (28.9732058 41.0180642)
2674464450,41.0098733,28.9674435,4,,,,POINT (28.9674435 41.0098733)
2674488917,41.0113986,28.9839001,3,,,,POINT (28.9839001 41.0113986)
2674488918,41.0114315,28.983576,3,,,,POINT (28.983576 41.0114315)
2674488920,41.0115533,28.9822969,3,,,,POINT (28.9822969 41.0115533)
2674488923,41.0115447,28.9832862,4,,,,POINT (28.9832862 41.0115447)
2674488925,41.0115864,28.9831794,3,,,,POINT (28.9831794 41.0115864)
2674488937,41.0123406,28.9832021,4,,,,POINT (28.9832021 41.0123406)
2674488939,41.0123114,28.9840252,3,,,,POINT (28.9840252 41.0123114)
2674488945,41.0124939,28.9839278,3,,,,POINT (28.9839278 41.0124939)
2674488955,41.0126803,28.9846206,3,,,,POINT (28.9846206 41.0126803)
2674488959,41.0130491,28.9851748,3,,,,POINT (28.9851748 41.0130491)
2674488961,41.0131201,28.9843825,3,,,,POINT (28.9843825 41.0131201)
2674488964,41.013199,28.9852732,3,,,,POINT (28.9852732 41.013199)
2683365496,41.0099654,28.9674585,3,,,,POINT (28.9674585 41.0099654)
2701304679,41.0181307,28.9388159,3,,,,POINT (28.9388159 41.0181307)
2701304701,41.0179325,28.9386453,3,,,,POINT (28.9386453 41.0179325)
2706340995,41.0057793,28.9748786,3,,,,POINT (28.9748786 41.0057793)
2768450516,41.0115438,28.9751501,4,,,,POINT (28.9751501 41.0115438)
2768450530,41.0118373,28.9756267,3,,,,POINT (28.9756267 41.0118373)
2768450538,41.0120773,28.9749267,3,,,,POINT (28.9749267 41.0120773)
2768450584,41.0148579,28.9756199,4,,,,POINT (28.9756199 41.0148579)
2775763243,41.0084577,28.9715358,4,,,,POINT (28.9715358 41.0084577)
2775763249,41.0070126,28.9708525,3,,,,POINT (28.9708525 41.0070126)
2775763259,41.0094043,28.9711635,3,,,,POINT (28.9711635 41.0094043)
2824247422,40.9992076,28.93397,1,,,,POINT (28.93397 40.9992076)
2824247423,40.9991179,28.9341889,3,,,,POINT (28.9341889 40.9991179)
2824342412,40.996613,28.9330495,3,,,,POINT (28.9330495 40.996613)
2825649986,41.0142256,28.9766827,4,,,,POINT (28.9766827 41.0142256)
2837962552,41.0051873,28.9636107,3,,,,POINT (28.9636107 41.0051873)
2848920118,41.0131286,28.980079,3,,,,POINT (28.980079 41.0131286)
2848920123,41.0137722,28.9813128,3,,,,POINT (28.9813128 41.0137722)
2848920125,41.0149744,28.9842203,3,,,,POINT (28.9842203 41.0149744)
2848920128,41.0155936,28.985143,3,,,,POINT (28.985143 41.0155936)
2848920130,41.014857,28.9859638,3,,,,POINT (28.9859638 41.014857)
2848920137,41.0099772,28.9813214,3,,,,POINT (28.9813214 41.0099772)
2848920138,41.0105791,28.9817698,3,,,,POINT (28.9817698 41.0105791)
2926218402,41.0269953,28.9502394,3,,,,POINT (28.9502394 41.0269953)
2941431901,41.010626,28.97898,5,,,,POINT (28.97898 41.010626)
2941431902,41.0129142,28.9790702,3,,,,POINT (28.9790702 41.0129142)
2941432001,41.0108254,28.9786643,3,,,,POINT (28.9786643 41.0108254)
2942366324,41.0180888,28.9693639,3,,,,POINT (28.9693639 41.0180888)
2942738826,41.0034421,28.9603131,3,,,,POINT (28.9603131 41.0034421)
2942771231,41.0118384,28.9583498,3,,,,POINT (28.9583498 41.0118384)
2984236656,41.0108807,28.9612857,3,,,,POINT (28.9612857 41.0108807)
3044788468,41.001997,28.9587887,3,,,,POINT (28.9587887 41.001997)
3044788471,41.0020245,28.9586285,3,,,,POINT (28.9586285 41.0020245)
3044788473,41.0020605,28.9584403,3,,,,POINT (28.9584403 41.0020605)
3044788475,41.0020969,28.9582788,3,,,,POINT (28.9582788 41.0020969)
3044788480,41.0021401,28.9580878,3,,,,POINT (28.9580878 41.0021401)
3044788506,41.0025743,28.9592781,3,,,,POINT (28.9592781 41.0025743)
3044788508,41.0031739,28.9592827,3,,,,POINT (28.9592827 41.0031739)
3044788512,41.0031798,28.9590844,3,,,,POINT (28.9590844 41.0031798)
3044788515,41.0031699,28.9588727,3,,,,POINT (28.9588727 41.0031699)
3044788516,41.0031602,28.9587068,3,,,,POINT (28.9587068 41.0031602)
3044788519,41.0031187,28.9584724,3,,,,POINT (28.9584724 41.0031187)
3044788521,41.0032374,28.9575528,3,,,,POINT (28.9575528 41.0032374)
3044788739,41.0035503,28.9820771,3,,,,POINT (28.9820771 41.0035503)
3044788740,41.0032943,28.9591518,3,,,,POINT (28.9591518 41.0032943)
3044788748,41.003309,28.9577869,4,,,,POINT (28.9577869 41.003309)
3044788772,41.0160677,28.9806019,3,,,,POINT (28.9806019 41.0160677)
3044788777,41.0163726,28.9855627,6,,,,POINT (28.9855627 41.0163726)
3057305009,41.0048703,28.9539481,3,,,,POINT (28.9539481 41.0048703)
3057316893,41.0028957,28.977893,3,,,,POINT (28.977893 41.0028957)
3075078760,41.002935,28.9708987,3,,,,POINT (28.9708987 41.002935)
3075078763,41.0030504,28.9733312,4,,,,POINT (28.9733312 41.0030504)
3075078765,41.0033711,28.9708681,4,,,,POINT (28.9708681 41.0033711)
3075078766,41.0031512,28.9718246,3,,,,POINT (28.9718246 41.0031512)
3075078767,41.0033583,28.9692554,3,,,,POINT (28.9692554 41.0033583)
3075078775,41.0025488,28.9732619,1,,,,POINT (28.9732619 41.0025488)
3075078777,41.0026939,28.9714293,3,,,,POINT (28.9714293 41.0026939)
3075078779,41.003795,28.9734218,3,,,,POINT (28.9734218 41.003795)
3075078795,41.0032706,28.9717817,3,,,,POINT (28.9717817 41.0032706)
3075078796,41.0035008,28.9687878,1,,,,POINT (28.9687878 41.0035008)
3075078798,41.004697,28.9678292,3,,,,POINT (28.9678292 41.004697)
3075153098,41.0053358,28.9703141,3,,,,POINT (28.9703141 41.0053358)
3075153099,41.005936,28.97064,3,,,,POINT (28.97064 41.005936)
3075153113,41.0055214,28.9696097,3,,,,POINT (28.9696097 41.0055214)
3075153117,41.0053894,28.9714084,3,,,,POINT (28.9714084 41.0053894)
3075153121,41.005009,28.9717867,4,,,,POINT (28.9717867 41.005009)
3075153128,41.0041429,28.9726463,3,,,,POINT (28.9726463 41.0041429)
3075153138,41.004485,28.972153,4,,,,POINT (28.972153 41.004485)
3075153142,41.0050811,28.9717626,3,,,,POINT (28.9717626 41.0050811)
3075153147,41.0038667,28.9726262,3,,,,POINT (28.9726262 41.0038667)
3075153148,41.0056188,28.9701024,3,,,,POINT (28.9701024 41.0056188)
3075182566,41.0069847,28.9713445,4,,,,POINT (28.9713445 41.0069847)
3075182569,41.0067502,28.9682232,3,,,,POINT (28.9682232 41.0067502)
3075182575,41.0057962,28.9713916,3,,,,POINT (28.9713916 41.0057962)
3075182576,41.0062702,28.9711825,3,,,,POINT (28.9711825 41.0062702)
3075182578,41.0049195,28.9738459,3,,,,POINT (28.9738459 41.0049195)
3075182580,41.0060951,28.9715936,3,,,,POINT (28.9715936 41.0060951)
3075182582,41.0080129,28.9692131,4,,,,POINT (28.9692131 41.0080129)
3075182588,41.0063684,28.9702384,3,,,,POINT (28.9702384 41.0063684)
3075182592,41.0064992,28.9681046,3,,,,POINT (28.9681046 41.0064992)
3075182593,41.0050713,28.9735421,3,,,,POINT (28.9735421 41.0050713)
3076823029,41.0073257,28.9764313,4,,,,POINT (28.9764313 41.0073257)
3076823462,41.0074284,28.9769943,3,,,,POINT (28.9769943 41.0074284)
3076823492,41.0057102,28.9751651,3,,,,POINT (28.9751651 41.0057102)
3076823493,41.0076586,28.976621,3,,,,POINT (28.976621 41.0076586)
3076823496,41.0056315,28.97518,3,,,,POINT (28.97518 41.0056315)
3076823498,41.0060635,28.9751657,3,,,,POINT (28.9751657 41.0060635)
3076823502,41.0057047,28.975057,3,,,,POINT (28.975057 41.0057047)
3076823507,41.0052561,28.9750982,3,,,,POINT (28.9750982 41.0052561)
3076823512,41.0059911,28.9754872,3,,,,POINT (28.9754872 41.0059911)
3076823522,41.0060148,28.9758855,4,,,,POINT (28.9758855 41.0060148)
3076823533,41.005857,28.9753177,3,,,,POINT (28.9753177 41.005857)
3076823537,41.007162,28.976732,3,,,,POINT (28.976732 41.007162)
3076823542,41.0070556,28.9766234,3,,,,POINT (28.9766234 41.0070556)
3076823550,41.005991,28.975309,3,,,,POINT (28.975309 41.005991)
3076823551,41.0071788,28.9766732,3,,,,POINT (28.9766732 41.0071788)
3076823554,41.0070637,28.976736,3,,,,POINT (28.976736 41.0070637)
3076865534,41.0075434,28.9760824,4,,,,POINT (28.9760824 41.0075434)
3076865537,41.0058996,28.9782124,3,,,,POINT (28.9782124 41.0058996)
3076865538,41.0072826,28.9776439,1,,,,POINT (28.9776439 41.0072826)
3076865539,41.0078354,28.9757966,3,,,,POINT (28.9757966 41.0078354)
3076865544,41.0074232,28.9790113,3,,,,POINT (28.9790113 41.0074232)
3076865546,41.0074503,28.9759901,4,,,,POINT (28.9759901 41.0074503)
3076865547,41.0059083,28.9777314,1,,,,POINT (28.9777314 41.0059083)
3076865551,41.0078964,28.9750309,3,,,,POINT (28.9750309 41.0078964)
3076865564,41.0061051,28.9778511,3,,,,POINT (28.9778511 41.0061051)
3076865567,41.0073239,28.9788005,3,,,,POINT (28.9788005 41.0073239)
3076865569,41.0075695,28.9791408,3,,,,POINT (28.9791408 41.0075695)
3076865573,41.0076007,28.978606,3,,,,POINT (28.978606 41.0076007)
3076865590,41.0064088,28.9768333,4,,,,POINT (28.9768333 41.0064088)
3076865591,41.0065326,28.9782618,3,,,,POINT (28.9782618 41.0065326)
3076865599,41.0076871,28.9757948,3,,,,POINT (28.9757948 41.0076871)
3076865601,41.0072584,28.9757999,4,,,,POINT (28.9757999 41.0072584)
3076865602,41.0060513,28.9772375,3,,,,POINT (28.9772375 41.0060513)
3076865604,41.0078713,28.9752866,3,,,,POINT (28.9752866 41.0078713)
3076865641,41.006163,28.977358,3,,,,POINT (28.977358 41.006163)
3076865658,41.0072418,28.9777153,3,,,,POINT (28.9777153 41.0072418)
3076865663,41.0062286,28.9784889,4,,,,POINT (28.9784889 41.0062286)
3076865674,41.0081068,28.9744417,4,,,,POINT (28.9744417 41.0081068)
3076865678,41.0063011,28.9775069,3,,,,POINT (28.9775069 41.0063011)
3076865682,41.0074667,28.978925,3,,,,POINT (28.978925 41.0074667)
3076865686,41.0068262,28.9783706,4,,,,POINT (28.9783706 41.0068262)
3076865690,41.0070411,28.976146,3,,,,POINT (28.976146 41.0070411)
3076893489,41.0067983,28.978418,4,,,,POINT (28.978418 41.0067983)
3076893490,41.0053206,28.9809582,1,,,,POINT (28.9809582 41.0053206)
3076893495,41.0070539,28.9785653,4,,,,POINT (28.9785653 41.0070539)
3076893497,41.0074206,28.9778845,4,,,,POINT (28.9778845 41.0074206)
3076893499,41.0074828,28.977762,3,,,,POINT (28.977762 41.0074828)
3076893509,41.0073101,28.9781003,3,,,,POINT (28.9781003 41.0073101)
3076893512,41.0076132,28.9780661,3,,,,POINT (28.9780661 41.0076132)
3076893514,41.006589,28.9781601,3,,,,POINT (28.9781601 41.006589)
3076893516,41.0068821,28.977896,3,,,,POINT (28.977896 41.0068821)
3076893517,41.0069911,28.9774786,3,,,,POINT (28.9774786 41.0069911)
3076893518,41.0072752,28.9772575,3,,,,POINT (28.9772575 41.0072752)
3076893522,41.0070445,28.9775292,4,,,,POINT (28.9775292 41.0070445)
3076893523,41.0077923,28.9787272,4,,,,POINT (28.9787272 41.0077923)
3076893529,41.0071252,28.9784301,3,,,,POINT (28.9784301 41.0071252)
3076893531,41.0072253,28.97721,3,,,,POINT (28.97721 41.0072253)
3076893736,41.0066548,28.9782175,3,,,,POINT (28.9782175 41.0066548)
3076893737,41.0072113,28.9776866,3,,,,POINT (28.9776866 41.0072113)
3077126992,41.0202269,28.9645433,4,,,,POINT (28.9645433 41.0202269)
3078451821,41.0140675,28.9855089,4,,,,POINT (28.9855089 41.0140675)
3078451824,41.0122491,28.9793689,3,,,,POINT (28.9793689 41.0122491)
3078451827,41.0149128,28.9841265,3,,,,POINT (28.9841265 41.0149128)
3078451829,41.0135018,28.9854408,3,,,,POINT (28.9854408 41.0135018)
3078464241,41.0110003,28.9792348,3,,,,POINT (28.9792348 41.0110003)
3078464243,41.013918,28.9853116,4,,,,POINT (28.9853116 41.013918)
3078464253,41.013643,28.9810814,3,,,,POINT (28.9810814 41.013643)
3078464256,41.0154266,28.9854467,3,,,,POINT (28.9854467 41.0154266)
3078464257,41.0128818,28.9839427,3,,,,POINT (28.9839427 41.0128818)
3078464260,41.0138146,28.9855921,3,,,,POINT (28.9855921 41.0138146)
3078464262,41.0120426,28.9802514,3,,,,POINT (28.9802514 41.0120426)
3078464263,41.0147121,28.9842881,3,,,,POINT (28.9842881 41.0147121)
3078464268,41.0141627,28.9847659,1,,,,POINT (28.9847659 41.0141627)
3078464269,41.0139805,28.9844257,3,,,,POINT (28.9844257 41.0139805)
3078464270,41.0139014,28.985386,3,,,,POINT (28.985386 41.0139014)
3078464273,41.013622,28.9854533,3,,,,POINT (28.9854533 41.013622)
3078464279,41.0147708,28.9845456,3,,,,POINT (28.9845456 41.0147708)
3078464286,41.0138185,28.9806096,4,,,,POINT (28.9806096 41.0138185)
3078464288,41.0136399,28.9850757,3,,,,POINT (28.9850757 41.0136399)
3078464296,41.0118767,28.9795915,3,,,,POINT (28.9795915 41.0118767)
3078464310,41.0151945,28.9852158,3,,,,POINT (28.9852158 41.0151945)
3078464312,41.0124717,28.9806349,3,,,,POINT (28.9806349 41.0124717)
3078464316,41.0091237,28.9815536,3,,,,POINT (28.9815536 41.0091237)
3078464318,41.010444,28.9816727,3,,,,POINT (28.9816727 41.010444)
3078464319,41.013894,28.9818876,3,,,,POINT (28.9818876 41.013894)
3078464321,41.0139814,28.9857159,3,,,,POINT (28.9857159 41.0139814)
3078464322,41.0124047,28.9802133,4,,,,POINT (28.9802133 41.0124047)
3078464325,41.0135732,28.985259,3,,,,POINT (28.985259 41.0135732)
3078464326,41.0147735,28.9842386,3,,,,POINT (28.9842386 41.0147735)
3078473201,41.0141131,28.98093,1,,,,POINT (28.98093 41.0141131)
3079738236,41.0124479,28.9779305,3,,,,POINT (28.9779305 41.0124479)
3079738241,41.0139287,28.9765457,3,,,,POINT (28.9765457 41.0139287)
3079738244,41.01592,28.9762417,3,,,,POINT (28.9762417 41.01592)
3079738246,41.0135257,28.9781099,3,,,,POINT (28.9781099 41.0135257)
3079738248,41.0103886,28.9778678,3,,,,POINT (28.9778678 41.0103886)
3079738251,41.0127365,28.9775157,4,,,,POINT (28.9775157 41.0127365)
3079738258,41.0138232,28.977064,3,,,,POINT (28.977064 41.0138232)
3079738260,41.0143397,28.9767772,3,,,,POINT (28.9767772 41.0143397)
3079738264,41.0141783,28.9772471,4,,,,POINT (28.9772471 41.0141783)
3079738266,41.0139857,28.975425,3,,,,POINT (28.975425 41.0139857)
3079738267,41.01553,28.9763382,4,crossing,,,POINT (28.9763382 41.01553)
3079738268,41.013281,28.9780662,1,,,,POINT (28.9780662 41.013281)
3079788571,41.0073732,28.9733076,3,,,,POINT (28.9733076 41.0073732)
3079788577,41.0096688,28.9745505,3,,,,POINT (28.9745505 41.0096688)
3079788585,41.0048743,28.968026,3,,,,POINT (28.968026 41.0048743)
3079788588,41.0103544,28.9749467,4,,,,POINT (28.9749467 41.0103544)
3079788591,41.01055,28.9770198,1,,,,POINT (28.9770198 41.01055)
3079788598,41.0049515,28.9684647,3,,,,POINT (28.9684647 41.0049515)
3079788599,41.0048088,28.9691591,3,,,,POINT (28.9691591 41.0048088)
3079788604,41.0044181,28.969023,3,,,,POINT (28.969023 41.0044181)
3079788605,41.0103762,28.9755483,3,,,,POINT (28.9755483 41.0103762)
3079788618,41.0043377,28.9690395,4,,,,POINT (28.9690395 41.0043377)
3079788622,41.0046914,28.9687139,3,,,,POINT (28.9687139 41.0046914)
3079788623,41.0048608,28.9685416,4,,,,POINT (28.9685416 41.0048608)
3079788631,41.0099517,28.9766401,3,,,,POINT (28.9766401 41.0099517)
3079788633,41.0045071,28.969109,3,,,,POINT (28.969109 41.0045071)
3079788634,41.0046898,28.9688087,3,,,,POINT (28.9688087 41.0046898)
3079788635,41.0049059,28.9691215,3,,,,POINT (28.9691215 41.0049059)
3079788636,41.0047281,28.9690544,4,,,,POINT (28.9690544 41.0047281)
3079788637,41.0021899,28.968918,1,,,,POINT (28.968918 41.0021899)
3079788639,41.0047538,28.9693037,4,,,,POINT (28.9693037 41.0047538)
3079788649,41.0045173,28.9692074,3,,,,POINT (28.9692074 41.0045173)
3079803561,41.0030028,28.9792049,3,,,,POINT (28.9792049 41.0030028)
3079803563,41.0057327,28.9814603,3,,,,POINT (28.9814603 41.0057327)
3079803564,41.002951,28.9790272,3,,,,POINT (28.9790272 41.002951)
3079803566,41.0026497,28.9764455,1,,,,POINT (28.9764455 41.0026497)
3079803570,41.00281,28.9770574,3,,,,POINT (28.9770574 41.00281)
3079803575,41.0027561,28.9767873,1,,,,POINT (28.9767873 41.0027561)
3081281686,41.0041836,28.9647242,3,,,,POINT (28.9647242 41.0041836)
3081281690,41.0042663,28.9647089,4,,,,POINT (28.9647089 41.0042663)
3081281691,41.0035636,28.964203,3,,,,POINT (28.964203 41.0035636)
3081281692,41.0044517,28.9658037,4,,,,POINT (28.9658037 41.0044517)
3081281695,41.0055331,28.9682538,3,,,,POINT (28.9682538 41.0055331)
3081281702,41.0045344,28.9664849,3,,,,POINT (28.9664849 41.0045344)
3081281703,41.0042149,28.9657102,1,,,,POINT (28.9657102 41.0042149)
3081281706,41.0047616,28.9672275,3,,,,POINT (28.9672275 41.0047616)
3081281707,41.0059084,28.9683892,3,,,,POINT (28.9683892 41.0059084)
3081281712,41.0062927,28.964379,3,,,,POINT (28.964379 41.0062927)
3081281713,41.0058163,28.9657632,3,,,,POINT (28.9657632 41.0058163)
3081281718,41.0052572,28.9666881,3,,,,POINT (28.9666881 41.0052572)
3081281719,41.0043021,28.9646502,3,,,,POINT (28.9646502 41.0043021)
3081281721,41.0043164,28.9647745,3,,,,POINT (28.9647745 41.0043164)
3081281728,41.00427,28.966651,3,,,,POINT (28.966651 41.00427)
3081281735,41.0054512,28.9667275,3,,,,POINT (28.9667275 41.0054512)
3081292061,41.0063417,28.9660806,4,,,,POINT (28.9660806 41.0063417)
3081292062,41.0066312,28.9662762,3,,,,POINT (28.9662762 41.0066312)
3081292063,41.0066884,28.9670209,3,,,,POINT (28.9670209 41.0066884)
3081292064,41.0060104,28.9668705,3,,,,POINT (28.9668705 41.0060104)
3081292065,41.0061416,28.9659606,3,,,,POINT (28.9659606 41.0061416)
3081292066,41.0069261,28.9611485,3,,,,POINT (28.9611485 41.0069261)
3081292067,41.0069906,28.9658058,4,,,,POINT (28.9658058 41.0069906)
3081292069,41.0066761,28.9670159,3,,,,POINT (28.9670159 41.0066761)
3081292075,41.0070975,28.9630267,3,,,,POINT (28.9630267 41.0070975)
3081292076,41.0071026,28.9626642,3,,,,POINT (28.9626642 41.0071026)
3081292079,41.0059299,28.9673949,3,,,,POINT (28.9673949 41.0059299)
3081292087,41.006938,28.9647787,3,,,,POINT (28.9647787 41.006938)
3081292088,41.0061078,28.9668702,3,,,,POINT (28.9668702 41.0061078)
3081292090,41.0064985,28.965586,3,,,,POINT (28.965586 41.0064985)
3081295790,41.0071977,28.9641814,3,,,,POINT (28.9641814 41.0071977)
3081510951,41.0078283,28.966982,4,,,,POINT (28.966982 41.0078283)
3081510954,41.0073682,28.9660147,3,,,,POINT (28.9660147 41.0073682)
3081510957,41.0087898,28.9654936,4,,,,POINT (28.9654936 41.0087898)
3081510958,41.0084947,28.9668691,3,,,,POINT (28.9668691 41.0084947)
3081510960,41.0079184,28.9664062,3,,,,POINT (28.9664062 41.0079184)
3081510966,41.0088936,28.9668188,3,,,,POINT (28.9668188 41.0088936)
3081510969,41.0080634,28.9647518,3,,,,POINT (28.9647518 41.0080634)
3081510971,41.0085377,28.9666636,4,,,,POINT (28.9666636 41.0085377)
3081510979,41.0082059,28.9670034,3,,,,POINT (28.9670034 41.0082059)
3081510982,41.0084739,28.9670128,4,,,,POINT (28.9670128 41.0084739)
3081525001,41.0079245,28.968585,3,,,,POINT (28.968585 41.0079245)
3081525003,41.0085678,28.9682224,3,,,,POINT (28.9682224 41.0085678)
3081525006,41.0077905,28.9674394,3,,,,POINT (28.9674394 41.0077905)
3081525008,41.0076563,28.9666949,3,,,,POINT (28.9666949 41.0076563)
3081525009,41.0074927,28.9668401,3,,,,POINT (28.9668401 41.0074927)
3081558874,41.0134365,28.9563351,3,,,,POINT (28.9563351 41.0134365)
3081558878,41.0075389,28.959322,3,,,,POINT (28.959322 41.0075389)
3081558890,41.0066056,28.959016,3,,,,POINT (28.959016 41.0066056)
3081558894,41.014341,28.9547916,3,,,,POINT (28.9547916 41.014341)
3081558898,41.0134982,28.9566518,3,,,,POINT (28.9566518 41.0134982)
3081558909,41.0107028,28.9569423,1,,,,POINT (28.9569423 41.0107028)
3081558915,41.0076697,28.9593992,3,,,,POINT (28.9593992 41.0076697)
3081558918,41.0137461,28.9551782,3,,,,POINT (28.9551782 41.0137461)
3081558919,41.0130775,28.9535265,3,,,,POINT (28.9535265 41.0130775)
3081558930,41.0122738,28.9564489,3,,,,POINT (28.9564489 41.0122738)
3081572456,41.0064975,28.9625201,3,,,,POINT (28.9625201 41.0064975)
3081572465,41.0065814,28.962231,3,,,,POINT (28.962231 41.0065814)
3081572466,41.0063947,28.9628578,1,,,,POINT (28.9628578 41.0063947)
3081584721,41.012388,28.958967,3,,,,POINT (28.958967 41.012388)
3081584726,41.0119815,28.9593147,3,,,,POINT (28.9593147 41.0119815)
3081584732,41.0106864,28.9583391,4,,,,POINT (28.9583391 41.0106864)
3081960348,41.0112793,28.9635366,3,,,,POINT (28.9635366 41.0112793)
3081960349,41.0093112,28.9655308,3,,,,POINT (28.9655308 41.0093112)
3081960360,41.0112186,28.9646738,1,,,,POINT (28.9646738 41.0112186)
3081960364,41.0113928,28.9647625,3,,,,POINT (28.9647625 41.0113928)
3081960370,41.0113965,28.9645738,3,,,,POINT (28.9645738 41.0113965)
3081960382,41.011085,28.9635151,1,,,,POINT (28.9635151 41.011085)
3081960383,41.0113228,28.9646774,3,,,,POINT (28.9646774 41.0113228)
3081960386,41.0113421,28.9641249,4,,,,POINT (28.9641249 41.0113421)
3081960389,41.0128875,28.9636573,3,,,,POINT (28.9636573 41.0128875)
3081960404,41.0093933,28.9658191,3,,,,POINT (28.9658191 41.0093933)
3081960405,41.0126575,28.9650285,3,,,,POINT (28.9650285 41.0126575)
3082166438,41.010896,28.9669482,4,,,,POINT (28.9669482 41.010896)
3082166439,41.0101517,28.9691134,3,,,,POINT (28.9691134 41.0101517)
3082166446,41.0090612,28.9688684,3,,,,POINT (28.9688684 41.0090612)
3082166447,41.0108192,28.9694529,4,,,,POINT (28.9694529 41.0108192)
3082166450,41.0092976,28.9673838,4,,,,POINT (28.9673838 41.0092976)
3082166451,41.0128861,28.9677472,3,,,,POINT (28.9677472 41.0128861)
3082166452,41.0099297,28.968739,3,,,,POINT (28.968739 41.0099297)
3082166455,41.0113523,28.9701155,3,,,,POINT (28.9701155 41.0113523)
3082166456,41.009583,28.9727804,3,,,,POINT (28.9727804 41.009583)
3082166459,41.009397,28.9688393,3,,,,POINT (28.9688393 41.009397)
3082166465,41.0106269,28.9695204,3,,,,POINT (28.9695204 41.0106269)
3082166467,41.0096524,28.9680596,3,,,,POINT (28.9680596 41.0096524)
3082166468,41.0113231,28.9682598,3,,,,POINT (28.9682598 41.0113231)
3082166470,41.0097626,28.9715938,3,,,,POINT (28.9715938 41.0097626)
3082166474,41.0097323,28.9724575,3,,,,POINT (28.9724575 41.0097323)
3082166480,41.0113671,28.9687071,3,,,,POINT (28.9687071 41.0113671)
3082166481,41.0091619,28.9701868,3,,,,POINT (28.9701868 41.0091619)
3082166486,41.0118721,28.9683285,3,,,,POINT (28.9683285 41.0118721)
3082166487,41.0095993,28.9685459,3,,,,POINT (28.9685459 41.0095993)
3082166488,41.0093173,28.968469,1,,,,POINT (28.968469 41.0093173)
3082166491,41.0116861,28.9685523,3,,,,POINT (28.9685523 41.0116861)
3082166495,41.012522,28.9679556,3,,,,POINT (28.9679556 41.012522)
3082166497,41.0112562,28.9675089,3,,,,POINT (28.9675089 41.0112562)
3082166505,41.0092382,28.9690871,3,,,,POINT (28.9690871 41.0092382)
3082408134,41.010354,28.9698826,3,,,,POINT (28.9698826 41.010354)
3082408137,41.009542,28.9671158,3,,,,POINT (28.9671158 41.009542)
3082408143,41.010321,28.9690533,4,,,,POINT (28.9690533 41.010321)
3082408145,41.0112667,28.9687838,3,,,,POINT (28.9687838 41.0112667)
3082408147,41.0097984,28.9667206,3,,,,POINT (28.9667206 41.0097984)
3082408150,41.011062,28.9688445,3,,,,POINT (28.9688445 41.011062)
3082408152,41.0094351,28.9674052,3,,,,POINT (28.9674052 41.0094351)
3082408157,41.0098472,28.9671524,3,,,,POINT (28.9671524 41.0098472)
3082408159,41.0107321,28.968932,4,,,,POINT (28.968932 41.0107321)
3082454070,41.0118264,28.9665171,3,,,,POINT (28.9665171 41.0118264)
3082517835,41.0110913,28.9692127,3,,,,POINT (28.9692127 41.0110913)
3082517836,41.0107572,28.9690819,4,,,,POINT (28.9690819 41.0107572)
3082517837,41.0100789,28.9674784,3,,,,POINT (28.9674784 41.0100789)
3082517838,41.0101172,28.9696301,3,,,,POINT (28.9696301 41.0101172)
3082517840,41.0113417,28.9687301,3,,,,POINT (28.9687301 41.0113417)
3082517841,41.010237,28.9676282,4,,,,POINT (28.9676282 41.010237)
3082517842,41.0102127,28.9673426,3,,,,POINT (28.9673426 41.0102127)
3082517843,41.0097901,28.9693717,3,,,,POINT (28.9693717 41.0097901)
3082517844,41.0105203,28.9692658,3,,,,POINT (28.9692658 41.0105203)
3082517848,41.0107774,28.9692026,4,,,,POINT (28.9692026 41.0107774)
3082517849,41.0101021,28.9676332,4,,,,POINT (28.9676332 41.0101021)
3082517850,41.0102493,28.9686166,4,,,,POINT (28.9686166 41.0102493)
3082517852,41.0101376,28.9693084,3,,,,POINT (28.9693084 41.0101376)
3082517853,41.0098563,28.9672335,3,,,,POINT (28.9672335 41.0098563)
3082517854,41.0103928,28.96723,3,,,,POINT (28.96723 41.0103928)
3082517856,41.0103383,28.9693009,4,,,,POINT (28.9693009 41.0103383)
3082517857,41.0098832,28.9693872,1,,,,POINT (28.9693872 41.0098832)
3082517859,41.0109473,28.9675185,3,,,,POINT (28.9675185 41.0109473)
3082517860,41.0107061,28.9687885,4,,,,POINT (28.9687885 41.0107061)
3082517861,41.0103441,28.967509,3,,,,POINT (28.967509 41.0103441)
3082517862,41.0105444,28.9675632,3,,,,POINT (28.9675632 41.0105444)
3082517864,41.0105874,28.9680404,4,,,,POINT (28.9680404 41.0105874)
3082517866,41.010569,28.9678359,4,,,,POINT (28.9678359 41.010569)
3082517867,41.0103203,28.968115,4,,,,POINT (28.968115 41.0103203)
3082517869,41.0105396,28.9674975,4,,,,POINT (28.9674975 41.0105396)
3082517870,41.0105972,28.969247,3,,,,POINT (28.969247 41.0105972)
3082517872,41.0110828,28.9691054,4,,,,POINT (28.9691054 41.0110828)
3082517875,41.0101074,28.9672039,3,,,,POINT (28.9672039 41.0101074)
3082517876,41.010794,28.9693023,4,,,,POINT (28.9693023 41.010794)
3082517877,41.0104323,28.9672823,3,,,,POINT (28.9672823 41.0104323)
3082517879,41.0102154,28.9675021,4,,,,POINT (28.9675021 41.0102154)
3082517880,41.0103964,28.9685596,4,,,,POINT (28.9685596 41.0103964)
3082517881,41.0099637,28.9672166,4,,,,POINT (28.9672166 41.0099637)
3082517882,41.0104719,28.969001,4,,,,POINT (28.969001 41.0104719)
3082517883,41.0109615,28.9695501,1,,,,POINT (28.9695501 41.0109615)
3082517884,41.0110731,28.9689844,3,,,,POINT (28.9689844 41.0110731)
3082517885,41.009947,28.9687325,3,,,,POINT (28.9687325 41.009947)
3082517887,41.0102895,28.9679353,4,,,,POINT (28.9679353 41.0102895)
3082517888,41.0103426,28.967207,3,,,,POINT (28.967207 41.0103426)
3082517889,41.0104737,28.9673373,3,,,,POINT (28.9673373 41.0104737)
3082517891,41.0100132,28.9682227,3,,,,POINT (28.9682227 41.0100132)
3082517892,41.010633,28.9696655,3,,,,POINT (28.9696655 41.010633)
3082517893,41.0100264,28.9668357,4,,,,POINT (28.9668357 41.0100264)
3082517895,41.0108708,28.9697623,3,,,,POINT (28.9697623 41.0108708)
3082517896,41.0099293,28.9668974,5,,,,POINT (28.9668974 41.0099293)
3082517898,41.0105565,28.9676973,4,,,,POINT (28.9676973 41.0105565)
3082517899,41.0098199,28.9669112,3,,,,POINT (28.9669112 41.0098199)
3082517900,41.0099739,28.9673302,3,,,,POINT (28.9673302 41.0099739)
3082517901,41.0105006,28.9691624,3,,,,POINT (28.9691624 41.0105006)
3082517902,41.009918,28.9676655,3,,,,POINT (28.9676655 41.009918)
3082517903,41.0099858,28.9674622,3,,,,POINT (28.9674622 41.0099858)
3082517904,41.0101307,28.9678241,4,,,,POINT (28.9678241 41.0101307)
3082517905,41.0098648,28.9664046,3,,,,POINT (28.9664046 41.0098648)
3082517907,41.010216,28.9671539,4,,,,POINT (28.9671539 41.010216)
3082517908,41.0099531,28.9678712,3,,,,POINT (28.9678712 41.0099531)
3082517909,41.009834,28.9691729,3,,,,POINT (28.9691729 41.009834)
3082517912,41.0099212,28.9686167,1,,,,POINT (28.9686167 41.0099212)
3082517913,41.0102876,28.967506,3,,,,POINT (28.967506 41.0102876)
3082517914,41.0108416,28.9695876,4,,,,POINT (28.9695876 41.0108416)
3082517915,41.0106089,28.9693544,3,,,,POINT (28.9693544 41.0106089)
3082517916,41.0101531,28.9679737,3,,,,POINT (28.9679737 41.0101531)
3082517917,41.0102875,28.9671817,3,,,,POINT (28.9671817 41.0102875)
3082517919,41.0104273,28.9675135,3,,,,POINT (28.9675135 41.0104273)
3082517920,41.0106313,28.9696255,3,,,,POINT (28.9696255 41.0106313)
3082586141,41.0112997,28.9679974,3,,,,POINT (28.9679974 41.0112997)
3082586142,41.0113287,28.9683172,3,,,,POINT (28.9683172 41.0113287)
3082586144,41.0110827,28.9683673,4,,,,POINT (28.9683673 41.0110827)
3082586145,41.010984,28.9666524,4,,,,POINT (28.9666524 41.010984)
3082586146,41.0112201,28.9689479,1,,,,POINT (28.9689479 41.0112201)
3082586147,41.0105896,28.9662279,3,,,,POINT (28.9662279 41.0105896)
3082586148,41.010989,28.9665358,3,,,,POINT (28.9665358 41.010989)
3082586150,41.0112151,28.9690739,3,,,,POINT (28.9690739 41.0112151)
3082586152,41.0111051,28.9675136,3,,,,POINT (28.9675136 41.0111051)
3082586157,41.0108149,28.9677707,4,,,,POINT (28.9677707 41.0108149)
3082586158,41.0111551,28.9688209,3,,,,POINT (28.9688209 41.0111551)
3082586161,41.0119642,28.9674898,3,,,,POINT (28.9674898 41.0119642)
3082586162,41.011,28.9670959,3,,,,POINT (28.9670959 41.011)
3082586163,41.0107937,28.9676391,3,,,,POINT (28.9676391 41.0107937)
3082586164,41.0109187,28.9684143,4,,,,POINT (28.9684143 41.0109187)
3082586165,41.0113145,28.9681636,3,,,,POINT (28.9681636 41.0113145)
3082586166,41.0109271,28.9666667,3,,,,POINT (28.9666667 41.0109271)
3082586173,41.0107745,28.9675202,4,,,,POINT (28.9675202 41.0107745)
3082586174,41.0112873,28.9678579,3,,,,POINT (28.9678579 41.0112873)
3082586175,41.0110314,28.9671972,3,,,,POINT (28.9671972 41.0110314)
3082586176,41.0106693,28.9667289,4,,,,POINT (28.9667289 41.0106693)
3082586177,41.0111308,28.9678846,4,,,,POINT (28.9678846 41.0111308)
3082586179,41.010668,28.9672595,1,,,,POINT (28.9672595 41.010668)
3082586181,41.010991,28.9688633,3,,,,POINT (28.9688633 41.010991)
3082586183,41.011177,28.9681905,3,,,,POINT (28.9681905 41.011177)
3082586184,41.0111838,28.9678756,3,,,,POINT (28.9678756 41.0111838)
3082586185,41.0105298,28.9674575,3,,,,POINT (28.9674575 41.0105298)
3082586187,41.0111524,28.9680275,3,,,,POINT (28.9680275 41.0111524)
3082586189,41.0109837,28.9677465,3,,,,POINT (28.9677465 41.0109837)
3082586191,41.0111618,28.9675118,3,,,,POINT (28.9675118 41.0111618)
3082586192,41.0108309,28.9669204,3,,,,POINT (28.9669204 41.0108309)
3082586193,41.0110492,28.9672549,3,,,,POINT (28.9672549 41.0110492)
3082586198,41.0109343,28.9661688,3,,,,POINT (28.9661688 41.0109343)
3082586200,41.0106632,28.9666801,3,,,,POINT (28.9666801 41.0106632)
3082586204,41.0116153,28.9673104,3,,,,POINT (28.9673104 41.0116153)
3082586207,41.0110163,28.9679511,4,,,,POINT (28.9679511 41.0110163)
3082586210,41.0107828,28.9672396,4,,,,POINT (28.9672396 41.0107828)
3082586211,41.0110748,28.9675145,3,,,,POINT (28.9675145 41.0110748)
3083346456,41.0101807,28.9681584,4,,,,POINT (28.9681584 41.0101807)
3083371781,41.014958,28.9683108,3,,,,POINT (28.9683108 41.014958)
3083371786,41.014145,28.9708634,3,,,,POINT (28.9708634 41.014145)
3083371788,41.0139719,28.9704513,3,,,,POINT (28.9704513 41.0139719)
3083371789,41.0144217,28.9681659,1,,,,POINT (28.9681659 41.0144217)
3083371790,41.0146572,28.9677423,3,,,,POINT (28.9677423 41.0146572)
3083371791,41.013705,28.9721439,3,,,,POINT (28.9721439 41.013705)
3083371796,41.0132797,28.9688076,3,,,,POINT (28.9688076 41.0132797)
3083371798,41.0132466,28.9719861,3,,,,POINT (28.9719861 41.0132466)
3083371799,41.0128683,28.9715026,1,,,,POINT (28.9715026 41.0128683)
3083371801,41.0150734,28.9682987,3,,,,POINT (28.9682987 41.0150734)
3083371812,41.0135928,28.9712445,3,,,,POINT (28.9712445 41.0135928)
3083371817,41.0146148,28.968042,3,,,,POINT (28.968042 41.0146148)
3083371818,41.0105375,28.9728544,3,,,,POINT (28.9728544 41.0105375)
3083371819,41.0122827,28.9721068,3,,,,POINT (28.9721068 41.0122827)
3083371821,41.0137601,28.9713312,3,,,,POINT (28.9713312 41.0137601)
3083371823,41.0134704,28.9686838,1,,,,POINT (28.9686838 41.0134704)
3083371827,41.0141841,28.9708985,3,,,,POINT (28.9708985 41.0141841)
3083371828,41.0134842,28.9718522,3,,,,POINT (28.9718522 41.0134842)
3083371829,41.0122002,28.9714773,3,,,,POINT (28.9714773 41.0122002)
3083371832,41.0109676,28.9729501,3,,,,POINT (28.9729501 41.0109676)
3083418535,41.0112793,28.9731658,3,,,,POINT (28.9731658 41.0112793)
3083418538,41.0109229,28.9727387,3,,,,POINT (28.9727387 41.0109229)
3083418539,41.0120346,28.9720556,1,,,,POINT (28.9720556 41.0120346)
3083418540,41.0136719,28.9715833,3,,,,POINT (28.9715833 41.0136719)
3083418541,41.0141601,28.9711027,3,,,,POINT (28.9711027 41.0141601)
3083504830,41.0179465,28.9671071,3,,,,POINT (28.9671071 41.0179465)
3083504832,41.0174155,28.9672964,3,,,,POINT (28.9672964 41.0174155)
3083509834,41.0158177,28.9729706,3,,,,POINT (28.9729706 41.0158177)
3083509835,41.0155562,28.9670726,3,,,,POINT (28.9670726 41.0155562)
3083509836,41.0171697,28.9677274,3,,,,POINT (28.9677274 41.0171697)
3083509838,41.0169298,28.966844,3,,,,POINT (28.966844 41.0169298)
3083509841,41.0157488,28.9683405,1,,,,POINT (28.9683405 41.0157488)
3083509845,41.0171608,28.968164,3,,,,POINT (28.968164 41.0171608)
3083509848,41.0172418,28.9686941,3,,,,POINT (28.9686941 41.0172418)
3083509850,41.0155562,28.9675492,3,,,,POINT (28.9675492 41.0155562)
3083509851,41.0146745,28.9702432,3,,,,POINT (28.9702432 41.0146745)
3083509854,41.0169628,28.9684728,3,,,,POINT (28.9684728 41.0169628)
3083509857,41.0161353,28.9722452,3,,,,POINT (28.9722452 41.0161353)
3083509860,41.0172261,28.9680483,3,,,,POINT (28.9680483 41.0172261)
3083509863,41.0179624,28.9692267,3,,,,POINT (28.9692267 41.0179624)
3083509873,41.0165583,28.9703599,3,,,,POINT (28.9703599 41.0165583)
3083509875,41.0159193,28.9727139,3,,,,POINT (28.9727139 41.0159193)
3083509876,41.0138222,28.9737239,3,,,,POINT (28.9737239 41.0138222)
3083509879,41.0149006,28.9713097,3,,,,POINT (28.9713097 41.0149006)
3083509880,41.0173453,28.9688329,3,,,,POINT (28.9688329 41.0173453)
3083509883,41.0155638,28.9667078,3,,,,POINT (28.9667078 41.0155638)
3083509884,41.0158641,28.9670753,3,,,,POINT (28.9670753 41.0158641)
3083547571,41.0197815,28.9644444,3,,,,POINT (28.9644444 41.0197815)
3083547575,41.0184262,28.9674828,3,traffic_signals,,,POINT (28.9674828 41.0184262)
3083547586,41.01686,28.9760729,3,,,,POINT (28.9760729 41.01686)
3083547590,41.016772,28.9776393,1,,,,POINT (28.9776393 41.016772)
3083547597,41.0162067,28.979046,1,,,,POINT (28.979046 41.0162067)
3085935428,41.0164281,28.9629499,3,,,,POINT (28.9629499 41.0164281)
3085937840,41.0186483,28.9665353,3,,,,POINT (28.9665353 41.0186483)
3085937845,41.0184248,28.9666717,3,,,,POINT (28.9666717 41.0184248)
3085937847,41.0159915,28.963496,3,,,,POINT (28.963496 41.0159915)
3085937852,41.0180386,28.9657691,1,,,,POINT (28.9657691 41.0180386)
3085937854,41.0168924,28.9630164,3,,,,POINT (28.9630164 41.0168924)
3085937863,41.0162844,28.9624489,3,,,,POINT (28.9624489 41.0162844)
3085937864,41.0182891,28.9653674,3,,,,POINT (28.9653674 41.0182891)
3085937865,41.0176443,28.9661703,3,,,,POINT (28.9661703 41.0176443)
3085937866,41.0160618,28.9646805,5,,,,POINT (28.9646805 41.0160618)
3085937868,41.0166722,28.9633008,4,,,,POINT (28.9633008 41.0166722)
3085937869,41.016496,28.9640378,1,,,,POINT (28.9640378 41.016496)
3085937880,41.0186429,28.9667163,3,,,,POINT (28.9667163 41.0186429)
3085937882,41.0192234,28.9645203,3,,,,POINT (28.9645203 41.0192234)
3085937886,41.0156018,28.9639836,3,,,,POINT (28.9639836 41.0156018)
3085937890,41.0174036,28.9635446,3,,,,POINT (28.9635446 41.0174036)
3085937892,41.0185986,28.9668647,3,,,,POINT (28.9668647 41.0185986)
3085937894,41.0169199,28.963657,4,,,,POINT (28.963657 41.0169199)
3085947141,41.0191852,28.9584946,3,,,,POINT (28.9584946 41.0191852)
3085947144,41.0199744,28.9636604,1,,,,POINT (28.9636604 41.0199744)
3085947146,41.0197533,28.961679,4,,,,POINT (28.961679 41.0197533)
3085947152,41.0192908,28.9603373,3,,,,POINT (28.9603373 41.0192908)
3085947154,41.0199829,28.9622944,3,,,,POINT (28.9622944 41.0199829)
3086092971,41.0179068,28.9608419,3,,,,POINT (28.9608419 41.0179068)
3086092974,41.0214721,28.9618875,3,,,,POINT (28.9618875 41.0214721)
3086092986,41.017418,28.9598929,1,,,,POINT (28.9598929 41.017418)
3086092999,41.0210172,28.961225,1,,,,POINT (28.961225 41.0210172)
3086093002,41.0182246,28.9614769,3,,,,POINT (28.9614769 41.0182246)
3086114270,41.0157101,28.955684,3,,,,POINT (28.955684 41.0157101)
3086114271,41.0152067,28.9564757,1,,,,POINT (28.9564757 41.0152067)
3086114272,41.0143607,28.9559373,3,,,,POINT (28.9559373 41.0143607)
3086114277,41.0153046,28.9563443,4,,,,POINT (28.9563443 41.0153046)
3086114284,41.0175873,28.9595457,3,,,,POINT (28.9595457 41.0175873)
3086114285,41.0147613,28.9547999,4,,,,POINT (28.9547999 41.0147613)
3086114289,41.0144691,28.9557588,3,,,,POINT (28.9557588 41.0144691)
3086114292,41.0156175,28.9554618,3,,,,POINT (28.9554618 41.0156175)
3086114294,41.014655,28.9556174,4,,,,POINT (28.9556174 41.014655)
3086114305,41.0146262,28.9550372,3,,,,POINT (28.9550372 41.0146262)
3086114307,41.0163296,28.9575093,1,,,,POINT (28.9575093 41.0163296)
3086114316,41.0204471,28.9611627,3,,,,POINT (28.9611627 41.0204471)
3086129813,41.0146189,28.9560441,3,,,,POINT (28.9560441 41.0146189)
3086129817,41.0147869,28.9568718,5,,,,POINT (28.9568718 41.0147869)
3086129820,41.0130278,28.9588154,3,,,,POINT (28.9588154 41.0130278)
3086129827,41.014985,28.955006,3,,,,POINT (28.955006 41.014985)
3086129829,41.0155466,28.9556887,3,,,,POINT (28.9556887 41.0155466)
3086129830,41.0139057,28.9594246,3,,,,POINT (28.9594246 41.0139057)
3086131033,41.0146121,28.956212,1,,,,POINT (28.956212 41.0146121)
3086131035,41.0144718,28.9559267,3,,,,POINT (28.9559267 41.0144718)
3086131036,41.0133067,28.9605437,1,,,,POINT (28.9605437 41.0133067)
3086131038,41.0134015,28.9581343,3,,,,POINT (28.9581343 41.0134015)
3086131041,41.0149454,28.9580186,1,,,,POINT (28.9580186 41.0149454)
3086131043,41.0150998,28.9557909,4,,,,POINT (28.9557909 41.0150998)
3086131045,41.0150184,28.9555876,3,,,,POINT (28.9555876 41.0150184)
3086131048,41.013542,28.9579954,3,,,,POINT (28.9579954 41.013542)
3086131051,41.0143703,28.9569038,3,,,,POINT (28.9569038 41.0143703)
3086131063,41.0143267,28.956963,3,,,,POINT (28.956963 41.0143267)
3086131067,41.0138689,28.9579162,4,,,,POINT (28.9579162 41.0138689)
3086131071,41.0134352,28.9581616,3,,,,POINT (28.9581616 41.0134352)
3086151864,41.0110321,28.9534704,4,,,,POINT (28.9534704 41.0110321)
3104180390,41.0166969,28.9713598,1,,,,POINT (28.9713598 41.0166969)
3124384721,41.0087438,28.9776818,3,,,,POINT (28.9776818 41.0087438)
3124384723,41.0086704,28.9773135,1,,,,POINT (28.9773135 41.0086704)
3131823024,41.0020103,28.9751623,3,,,,POINT (28.9751623 41.0020103)
3131823028,41.0021333,28.9751798,4,,,,POINT (28.9751798 41.0021333)
3131825235,41.0023535,28.9703483,3,,,,POINT (28.9703483 41.0023535)
3131825241,41.0022023,28.9751004,3,,,,POINT (28.9751004 41.0022023)
3132001507,41.0099528,28.9501197,3,,,,POINT (28.9501197 41.0099528)
3132001511,41.0097998,28.9500421,3,,,,POINT (28.9500421 41.0097998)
3143613871,41.0213061,28.9443979,4,,,,POINT (28.9443979 41.0213061)
3168633213,41.0233239,28.9553333,3,,,,POINT (28.9553333 41.0233239)
3174853974,41.008158,28.9743772,3,,,,POINT (28.9743772 41.008158)
3178888402,40.9951008,28.9307516,3,,,,POINT (28.9307516 40.9951008)
3178888407,40.9992242,28.9334568,3,,,,POINT (28.9334568 40.9992242)
3178888413,40.9952016,28.9308946,3,elevator,,,POINT (28.9308946 40.9952016)
3179959794,41.0097955,28.9764414,4,,,,POINT (28.9764414 41.0097955)
3180525658,41.0069925,28.9768671,3,,,,POINT (28.9768671 41.0069925)
3180545178,41.0035212,28.9788133,3,,,,POINT (28.9788133 41.0035212)
3180545179,41.0039633,28.9789522,3,,,,POINT (28.9789522 41.0039633)
3181221416,41.0083933,28.9709622,3,,,,POINT (28.9709622 41.0083933)
3181221418,41.007017,28.9707521,3,,,,POINT (28.9707521 41.007017)
3181221419,41.0084086,28.9707352,3,,,,POINT (28.9707352 41.0084086)
3181221421,41.0085345,28.9707498,3,,,,POINT (28.9707498 41.0085345)
3181221423,41.0101504,28.9703121,1,,,,POINT (28.9703121 41.0101504)
3181221424,41.0100745,28.9702499,3,,,,POINT (28.9702499 41.0100745)
3184421675,41.0215462,28.9613284,3,,,,POINT (28.9613284 41.0215462)
3184421678,41.0213243,28.9617422,4,,,,POINT (28.9617422 41.0213243)
3184421680,41.0207901,28.9627589,3,,,,POINT (28.9627589 41.0207901)
3184433330,41.0218583,28.9615967,3,,,,POINT (28.9615967 41.0218583)
3184433338,41.0211127,28.9615392,3,,,,POINT (28.9615392 41.0211127)
3184433345,41.0205639,28.9626829,3,,,,POINT (28.9626829 41.0205639)
3184433350,41.0210661,28.9622476,4,,,,POINT (28.9622476 41.0210661)
3184433358,41.020856,28.9620686,4,,,,POINT (28.9620686 41.020856)
3184459084,41.0206713,28.9624491,3,,,,POINT (28.9624491 41.0206713)
3184760678,41.0176122,28.9685197,1,,,,POINT (28.9685197 41.0176122)
3184760680,41.0174511,28.9686197,3,,,,POINT (28.9686197 41.0174511)
3184760684,41.0165215,28.9703273,3,,,,POINT (28.9703273 41.0165215)
3184760685,41.0164174,28.9705232,4,,,,POINT (28.9705232 41.0164174)
3185233413,41.0207046,28.9631411,3,,,,POINT (28.9631411 41.0207046)
3185233415,41.0202522,28.9627819,3,,,,POINT (28.9627819 41.0202522)
3185233419,41.0201531,28.9630746,4,,,,POINT (28.9630746 41.0201531)
3185233421,41.0198282,28.9629154,3,,,,POINT (28.9629154 41.0198282)
3186367004,41.0086633,28.9790198,3,,,,POINT (28.9790198 41.0086633)
3186367006,41.008897,28.9793294,3,,,,POINT (28.9793294 41.008897)
3186367011,41.0079392,28.9784528,4,,,,POINT (28.9784528 41.0079392)
3186377288,41.008777,28.9822483,1,,,,POINT (28.9822483 41.008777)
3186628305,41.0049269,28.9719212,1,,,,POINT (28.9719212 41.0049269)
3186628310,41.00492,28.9721146,1,,,,POINT (28.9721146 41.00492)
3188213811,41.0177117,28.9741403,3,,,,POINT (28.9741403 41.0177117)
3188213822,41.0182578,28.9713699,3,,,,POINT (28.9713699 41.0182578)
3188246810,41.0163539,28.9625516,3,,,,POINT (28.9625516 41.0163539)
3189153199,41.0099594,28.966377,3,,,,POINT (28.966377 41.0099594)
3189183323,41.0168337,28.9716773,3,,,,POINT (28.9716773 41.0168337)
3195726577,41.0101446,28.9691968,3,,,,POINT (28.9691968 41.0101446)
3218776826,41.0094467,28.9408667,4,,,,POINT (28.9408667 41.0094467)
3235202099,41.0149023,28.9540714,3,,,,POINT (28.9540714 41.0149023)
3235202104,41.0150289,28.9544986,3,,,,POINT (28.9544986 41.0150289)
3235202106,41.0152677,28.9549146,3,,,,POINT (28.9549146 41.0152677)
3235202107,41.0157454,28.9551817,3,,,,POINT (28.9551817 41.0157454)
3235202108,41.0158977,28.9554099,3,,,,POINT (28.9554099 41.0158977)
3235202112,41.01638,28.955847,4,,,,POINT (28.955847 41.01638)
3235207284,41.0155478,28.9564789,3,,,,POINT (28.9564789 41.0155478)
3235207285,41.0169081,28.9538996,3,,,,POINT (28.9538996 41.0169081)
3243465420,41.0061156,28.9785569,3,,,,POINT (28.9785569 41.0061156)
3245289763,41.0109704,28.9485626,3,,,,POINT (28.9485626 41.0109704)
3245289764,41.0111032,28.9483636,3,,,,POINT (28.9483636 41.0111032)
3245289766,41.0112679,28.9489174,3,,,,POINT (28.9489174 41.0112679)
3254384595,41.0134208,28.975806,1,,,,POINT (28.975806 41.0134208)
3270661432,41.0091706,28.9551486,3,,,,POINT (28.9551486 41.0091706)
3270661434,41.0077101,28.9535471,3,,,,POINT (28.9535471 41.0077101)
3270661438,41.0090356,28.9609229,3,,,,POINT (28.9609229 41.0090356)
3270661439,41.0085068,28.960394,3,,,,POINT (28.960394 41.0085068)
3270661440,41.008268,28.9608566,1,,,,POINT (28.9608566 41.008268)
3273273526,41.0048271,28.9597568,3,,,,POINT (28.9597568 41.0048271)
3273273527,41.0041179,28.9600773,1,,,,POINT (28.9600773 41.0041179)
3273273529,41.0045141,28.9602039,3,,,,POINT (28.9602039 41.0045141)
3273273530,41.0050474,28.9538348,4,,,,POINT (28.9538348 41.0050474)
3273273533,41.0068745,28.956463,3,,,,POINT (28.956463 41.0068745)
3273273535,41.0046297,28.9599018,1,,,,POINT (28.9599018 41.0046297)
3273273536,41.0052476,28.9558106,3,,,,POINT (28.9558106 41.0052476)
3273273538,41.0042574,28.9607937,3,,,,POINT (28.9607937 41.0042574)
3273273544,41.0070117,28.9565552,3,,,,POINT (28.9565552 41.0070117)
3273273553,41.0060048,28.9538187,3,,,,POINT (28.9538187 41.0060048)
3273273558,41.0057893,28.9540991,3,,,,POINT (28.9540991 41.0057893)
3273273559,41.0067082,28.9562783,3,,,,POINT (28.9562783 41.0067082)
3273276363,41.0061948,28.9566299,3,,,,POINT (28.9566299 41.0061948)
3273276364,41.0059817,28.9565168,3,,,,POINT (28.9565168 41.0059817)
3273276370,41.0050265,28.9594125,3,,,,POINT (28.9594125 41.0050265)
3273917392,41.0036501,28.9687907,1,,,,POINT (28.9687907 41.0036501)
3273917394,41.005523,28.9627309,3,,,,POINT (28.9627309 41.005523)
3273930166,41.0039752,28.9716443,3,,,,POINT (28.9716443 41.0039752)
3273957572,41.0055731,28.9708131,1,,,,POINT (28.9708131 41.0055731)
3273957573,41.0056561,28.970486,3,,,,POINT (28.970486 41.0056561)
3274151297,41.0060445,28.9626568,1,,,,POINT (28.9626568 41.0060445)
3274151299,41.0061974,28.9624932,1,,,,POINT (28.9624932 41.0061974)
3274151301,41.0063189,28.9620965,3,,,,POINT (28.9620965 41.0063189)
3274151302,41.0056197,28.9624752,3,,,,POINT (28.9624752 41.0056197)
3274151303,41.0052917,28.965098,3,,,,POINT (28.965098 41.0052917)
3274151304,41.005478,28.9651848,1,,,,POINT (28.9651848 41.005478)
3274171294,41.0065481,28.9638369,3,,,,POINT (28.9638369 41.0065481)
3274753070,41.0092818,28.975098,3,,,,POINT (28.975098 41.0092818)
3274753073,41.0094134,28.9754121,1,,,,POINT (28.9754121 41.0094134)
3274903072,41.0083458,28.9759147,1,,,,POINT (28.9759147 41.0083458)
3278000381,41.0077967,28.9651148,3,,,,POINT (28.9651148 41.0077967)
3278000382,41.0074839,28.9650074,3,,,,POINT (28.9650074 41.0074839)
3278000383,41.0078541,28.9646534,3,,,,POINT (28.9646534 41.0078541)
3278000385,41.0132018,28.9625493,3,,,,POINT (28.9625493 41.0132018)
3278000386,41.0125766,28.9620608,3,,,,POINT (28.9620608 41.0125766)
3279339609,41.0028894,28.9774435,3,,,,POINT (28.9774435 41.0028894)
3279345564,41.0140092,28.9728996,3,,,,POINT (28.9728996 41.0140092)
3279422229,41.0054577,28.9783635,3,,,,POINT (28.9783635 41.0054577)
3281285902,41.0042572,28.9733585,1,,,,POINT (28.9733585 41.0042572)
3281285907,41.004659,28.9734817,3,,,,POINT (28.9734817 41.004659)
3282349641,41.0081865,28.9739116,3,,,,POINT (28.9739116 41.0081865)
3282349642,41.0082141,28.9734545,4,,,,POINT (28.9734545 41.0082141)
3282349643,41.0082759,28.9727724,3,,,,POINT (28.9727724 41.0082759)
3282357296,41.0080566,28.9782433,1,,,tram_level_crossing,POINT (28.9782433 41.0080566)
3289795061,41.0162861,28.9550937,1,,,,POINT (28.9550937 41.0162861)
3289795063,41.0168353,28.9538309,3,,,,POINT (28.9538309 41.0168353)
3289795064,41.0171047,28.9533233,4,,,,POINT (28.9533233 41.0171047)
3305442195,41.0112006,28.9683468,4,,,,POINT (28.9683468 41.0112006)
3361016677,41.0229626,28.960316,3,,,,POINT (28.960316 41.0229626)
3361027528,41.0251937,28.9574254,3,,,,POINT (28.9574254 41.0251937)
3361034277,41.0232531,28.9555326,3,,,,POINT (28.9555326 41.0232531)
3361048527,41.0184309,28.9552696,3,,,,POINT (28.9552696 41.0184309)
3361048528,41.0181669,28.95488,3,,,,POINT (28.95488 41.0181669)
3361048529,41.0181709,28.9556385,3,,,,POINT (28.9556385 41.0181709)
3361058618,41.0181787,28.9544086,3,,,,POINT (28.9544086 41.0181787)
3361072462,41.0180042,28.955417,3,,,,POINT (28.955417 41.0180042)
3361072464,41.0177633,28.9557545,4,,,,POINT (28.9557545 41.0177633)
3361090517,41.0211823,28.9548157,4,,,,POINT (28.9548157 41.0211823)
3361097239,41.0252566,28.9573125,3,,,,POINT (28.9573125 41.0252566)
3361125318,41.0217175,28.9599089,3,,,,POINT (28.9599089 41.0217175)
3361132678,41.0225723,28.9582851,3,,,,POINT (28.9582851 41.0225723)
3361132680,41.0229665,28.9584218,3,,,,POINT (28.9584218 41.0229665)
3361139555,41.0219271,28.9591041,3,,,,POINT (28.9591041 41.0219271)
3361139556,41.0218854,28.9587523,4,,,,POINT (28.9587523 41.0218854)
3361139559,41.0221624,28.9585755,3,,,,POINT (28.9585755 41.0221624)
3361155436,41.0222616,28.9593172,1,,,,POINT (28.9593172 41.0222616)
3361171500,41.0228501,28.958875,3,,,,POINT (28.958875 41.0228501)
3361172125,41.0224524,28.958383,3,,,,POINT (28.958383 41.0224524)
3361172126,41.0227956,28.9588742,3,,,,POINT (28.9588742 41.0227956)
3361180449,41.0226582,28.9572545,1,,,,POINT (28.9572545 41.0226582)
3361184703,41.0224268,28.9572103,3,,,,POINT (28.9572103 41.0224268)
3361184704,41.02247,28.9569099,3,,,,POINT (28.9569099 41.02247)
3361188702,41.0215046,28.9572994,3,,,,POINT (28.9572994 41.0215046)
3361188963,41.0226533,28.9560958,3,,,,POINT (28.9560958 41.0226533)
3361188964,41.0230053,28.956187,3,,,,POINT (28.956187 41.0230053)
3361196351,41.0218558,28.9588583,3,,,,POINT (28.9588583 41.0218558)
3361196352,41.0213927,28.9586052,3,,,,POINT (28.9586052 41.0213927)
3361196436,41.0217908,28.9585436,3,,,,POINT (28.9585436 41.0217908)
3361237385,41.019793,28.9563387,4,,,,POINT (28.9563387 41.019793)
3361256351,41.0191828,28.9560265,1,,,,POINT (28.9560265 41.0191828)
3362974184,41.0031926,28.9277851,1,,,,POINT (28.9277851 41.0031926)
3363000930,41.0018519,28.9264465,3,,,,POINT (28.9264465 41.0018519)
3363004585,41.0032296,28.9232969,4,,,,POINT (28.9232969 41.0032296)
3363029913,40.9997928,28.9273651,3,,,,POINT (28.9273651 40.9997928)
3363094746,41.0034893,28.9350274,3,,,,POINT (28.9350274 41.0034893)
3363103877,41.0052654,28.9298612,1,,,,POINT (28.9298612 41.0052654)
3363192924,41.001966,28.9229733,1,,,,POINT (28.9229733 41.001966)
3363192925,41.0019144,28.9232738,3,,,,POINT (28.9232738 41.0019144)
3363195237,41.0011016,28.9226192,1,,,,POINT (28.9226192 41.0011016)
3363227489,41.010255,28.9307326,3,,,,POINT (28.9307326 41.010255)
3363227490,41.0098442,28.9307226,3,,,,POINT (28.9307226 41.0098442)
3363236312,41.0098361,28.9303787,3,,,,POINT (28.9303787 41.0098361)
3363237632,41.0097093,28.930724,3,,,,POINT (28.930724 41.0097093)
3363363336,41.0012623,28.9330914,3,,,,POINT (28.9330914 41.0012623)
3363388365,40.9990489,28.9286461,1,,,,POINT (28.9286461 40.9990489)
3363388367,40.9994775,28.9287632,3,,,,POINT (28.9287632 40.9994775)
3363397487,41.004433,28.9315717,3,,,,POINT (28.9315717 41.004433)
3363400944,41.0057327,28.9317817,3,,,,POINT (28.9317817 41.0057327)
3363400945,41.005196,28.9311921,4,,,,POINT (28.9311921 41.005196)
3363402106,41.0057616,28.9312271,3,,,,POINT (28.9312271 41.0057616)
3363412435,41.0059339,28.9336864,1,,,,POINT (28.9336864 41.0059339)
3363415900,41.0054676,28.93328,3,,,,POINT (28.93328 41.0054676)
3363415903,41.0054746,28.9336424,3,,,,POINT (28.9336424 41.0054746)
3363427984,41.0058868,28.9348124,1,,,,POINT (28.9348124 41.0058868)
3363427985,41.004845,28.9348946,3,,,,POINT (28.9348946 41.004845)
3363433223,41.0067711,28.9355548,3,,,,POINT (28.9355548 41.0067711)
3364723489,41.021612,28.9601029,4,,,,POINT (28.9601029 41.021612)
3364728451,41.0219979,28.9583817,3,,,,POINT (28.9583817 41.0219979)
3364734885,41.021312,28.9586399,1,,,,POINT (28.9586399 41.021312)
3364746609,41.0190076,28.9558922,3,,,,POINT (28.9558922 41.0190076)
3364754491,41.023287,28.956305,3,,,,POINT (28.956305 41.023287)
3364759669,41.0219006,28.9568458,3,,,,POINT (28.9568458 41.0219006)
3364759670,41.0216026,28.956769,1,,,,POINT (28.956769 41.0216026)
3364762053,41.0211697,28.9568854,3,,,,POINT (28.9568854 41.0211697)
3364762054,41.0213389,28.9563157,1,,,,POINT (28.9563157 41.0213389)
3364762055,41.0212094,28.956211,1,,,,POINT (28.956211 41.0212094)
3364762056,41.0208846,28.956439,3,,,,POINT (28.956439 41.0208846)
3364770062,41.0223892,28.9567797,1,,,,POINT (28.9567797 41.0223892)
3364779924,41.022702,28.9569226,1,,,,POINT (28.9569226 41.022702)
3364780100,41.022286,28.9565807,3,,,,POINT (28.9565807 41.022286)
3364780101,41.0224533,28.9566146,1,,,,POINT (28.9566146 41.0224533)
3364781256,41.0233413,28.9563362,3,,,,POINT (28.9563362 41.0233413)
3364781257,41.0230954,28.9568922,1,,,,POINT (28.9568922 41.0230954)
3364807812,41.0279822,28.9559025,1,,,,POINT (28.9559025 41.0279822)
3364809565,41.0218074,28.9557545,3,,,,POINT (28.9557545 41.0218074)
3364821953,41.0219597,28.9537967,4,,,,POINT (28.9537967 41.0219597)
3364826649,41.0218228,28.9548978,3,,,,POINT (28.9548978 41.0218228)
3364838389,41.0214491,28.95442,3,,,,POINT (28.95442 41.0214491)
3364849386,41.0181105,28.9543451,4,,,,POINT (28.9543451 41.0181105)
3364860514,41.0172303,28.952667,4,,,,POINT (28.952667 41.0172303)
3364860519,41.0210712,28.9511064,4,,,,POINT (28.9511064 41.0210712)
3364860520,41.0191439,28.9530587,3,,,,POINT (28.9530587 41.0191439)
3364860684,41.0157841,28.9536635,3,,,,POINT (28.9536635 41.0157841)
3364860686,41.0163786,28.9525961,4,,,,POINT (28.9525961 41.0163786)
3364864055,41.0173871,28.9527959,3,,,,POINT (28.9527959 41.0173871)
3364897331,41.0179522,28.9526566,4,,,,POINT (28.9526566 41.0179522)
3365517676,41.018794,28.9502183,3,,,,POINT (28.9502183 41.018794)
3365518075,41.0181604,28.9491294,4,crossing,,,POINT (28.9491294 41.0181604)
3365623692,41.0271004,28.9542133,1,,,,POINT (28.9542133 41.0271004)
3365624493,41.027318,28.9543828,3,,,,POINT (28.9543828 41.027318)
3367564020,41.0284813,28.9475194,1,,,,POINT (28.9475194 41.0284813)
3367588374,41.0308313,28.9478686,3,,,,POINT (28.9478686 41.0308313)
3367656699,41.0287883,28.9460852,3,,,,POINT (28.9460852 41.0287883)
3367673711,41.0301072,28.9441587,3,,,,POINT (28.9441587 41.0301072)
3367673712,41.0295526,28.9443747,3,,,,POINT (28.9443747 41.0295526)
3367673713,41.0298846,28.9440318,3,,,,POINT (28.9440318 41.0298846)
3367677793,41.0302953,28.9437267,3,,,,POINT (28.9437267 41.0302953)
3367677794,41.0301582,28.9436142,3,,,,POINT (28.9436142 41.0301582)
3367683174,41.0301072,28.9433273,3,,,,POINT (28.9433273 41.0301072)
3367683175,41.029967,28.9435968,1,,,,POINT (28.9435968 41.029967)
3367699444,41.0324841,28.9433044,1,,,,POINT (28.9433044 41.0324841)
3367729060,41.0383061,28.9437862,3,,,,POINT (28.9437862 41.0383061)
3367752372,41.0382222,28.9425802,3,,,,POINT (28.9425802 41.0382222)
3367752651,41.0381809,28.9419649,3,,,,POINT (28.9419649 41.0381809)
3367759295,41.0373269,28.9405436,3,,,,POINT (28.9405436 41.0373269)
3367763572,41.037683,28.9411253,3,,,,POINT (28.9411253 41.037683)
3367768986,41.0364286,28.9404706,3,,,,POINT (28.9404706 41.0364286)
3367808794,41.0360256,28.9419263,3,,,,POINT (28.9419263 41.0360256)
3367811950,41.0351605,28.9419374,3,,,,POINT (28.9419374 41.0351605)
3367811951,41.0350407,28.9420148,3,,,,POINT (28.9420148 41.0350407)
3367811952,41.0348621,28.9420981,3,,,,POINT (28.9420981 41.0348621)
3367821559,41.0350433,28.941617,3,,,,POINT (28.941617 41.0350433)
3367822917,41.0353908,28.9417847,3,,,,POINT (28.9417847 41.0353908)
3367890167,41.0305409,28.9409952,3,,,,POINT (28.9409952 41.0305409)
3367940409,41.0279336,28.9453882,3,,,,POINT (28.9453882 41.0279336)
3369589468,41.027432,28.934535,3,,,,POINT (28.934535 41.027432)
3369594141,41.0275353,28.9360153,3,,,,POINT (28.9360153 41.0275353)
3369594144,41.0272866,28.933815,3,,,,POINT (28.933815 41.0272866)
3369594145,41.0281669,28.9344816,4,,,,POINT (28.9344816 41.0281669)
3369594146,41.0278982,28.9350381,4,,,,POINT (28.9350381 41.0278982)
3369594147,41.0282499,28.9354415,3,,,,POINT (28.9354415 41.0282499)
3369594149,41.0274998,28.9356603,3,,,,POINT (28.9356603 41.0274998)
3369594151,41.0276294,28.9342117,3,,,,POINT (28.9342117 41.0276294)
3369594152,41.0285517,28.9349415,3,,,,POINT (28.9349415 41.0285517)
3369594153,41.0289151,28.9355197,3,,,,POINT (28.9355197 41.0289151)
3369594154,41.027808,28.9339203,3,,,,POINT (28.9339203 41.027808)
3369596442,41.0269538,28.9325847,3,,,,POINT (28.9325847 41.0269538)
3369598256,41.0286544,28.9356544,3,,,,POINT (28.9356544 41.0286544)
3369618068,41.0265394,28.9389311,1,,,,POINT (28.9389311 41.0265394)
3369706063,41.0213628,28.9378797,1,,,,POINT (28.9378797 41.0213628)
3369832832,41.0120755,28.9519955,3,,,,POINT (28.9519955 41.0120755)
3369854511,41.0123593,28.9515422,3,,,,POINT (28.9515422 41.0123593)
3370503416,41.0179653,28.9686469,3,,,,POINT (28.9686469 41.0179653)
3370525361,41.0144839,28.9745297,3,,,,POINT (28.9745297 41.0144839)
3370541412,41.0158014,28.9753812,3,,,,POINT (28.9753812 41.0158014)
3370550735,41.0122824,28.9680751,3,,,,POINT (28.9680751 41.0122824)
3370554233,41.0125942,28.9682205,1,,,,POINT (28.9682205 41.0125942)
3370642642,41.0196444,28.963608,3,,,,POINT (28.963608 41.0196444)
3370642643,41.0198616,28.9637965,1,,,,POINT (28.9637965 41.0198616)
3370689579,41.0127035,28.9745418,3,,,,POINT (28.9745418 41.0127035)
3370712783,41.0036848,28.9807937,3,,,,POINT (28.9807937 41.0036848)
3370722255,41.0046698,28.9679935,3,,,,POINT (28.9679935 41.0046698)
3370722256,41.0044361,28.967937,1,,,,POINT (28.967937 41.0044361)
3371642275,41.0192219,28.9294561,3,,,,POINT (28.9294561 41.0192219)
3371642276,41.0195945,28.929538,3,,,,POINT (28.929538 41.0195945)
3371645275,41.0202833,28.9309012,3,,,,POINT (28.9309012 41.0202833)
3371725930,41.0087986,28.9489277,3,,,,POINT (28.9489277 41.0087986)
3371744636,41.0071935,28.9372111,3,,,,POINT (28.9372111 41.0071935)
3371746129,41.0085717,28.9374992,3,,,,POINT (28.9374992 41.0085717)
3371750105,41.0079708,28.93869,1,,,,POINT (28.93869 41.0079708)
3371750106,41.0080666,28.9391602,3,,,,POINT (28.9391602 41.0080666)
3371751294,41.0086686,28.9379216,1,,,,POINT (28.9379216 41.0086686)
3371761303,41.0061746,28.9368714,3,,,,POINT (28.9368714 41.0061746)
3371761305,41.006951,28.9373548,3,,,,POINT (28.9373548 41.006951)
3371772712,41.0074999,28.9395815,1,,,,POINT (28.9395815 41.0074999)
3371795570,41.0065818,28.9389481,3,,,,POINT (28.9389481 41.0065818)
3371795571,41.0067623,28.9388329,1,,,,POINT (28.9388329 41.0067623)
3371796589,41.0069691,28.9392424,1,,,,POINT (28.9392424 41.0069691)
3371808225,41.0063325,28.9428887,3,,,,POINT (28.9428887 41.0063325)
3371808226,41.0060962,28.9430284,3,,,,POINT (28.9430284 41.0060962)
3371812283,41.0075758,28.9439036,1,,,,POINT (28.9439036 41.0075758)
3371812284,41.007357,28.9438355,1,,,,POINT (28.9438355 41.007357)
3371812285,41.0073893,28.9439953,3,,,,POINT (28.9439953 41.0073893)
3371816554,41.0064485,28.9434023,3,,,,POINT (28.9434023 41.0064485)
3371830163,41.0074083,28.9440851,3,,,,POINT (28.9440851 41.0074083)
3371830165,41.007484,28.9448328,3,,,,POINT (28.9448328 41.007484)
3371904622,41.0078687,28.9466586,1,,,,POINT (28.9466586 41.0078687)
3371937805,41.0100478,28.9320957,3,,,,POINT (28.9320957 41.0100478)
3374366888,41.0140971,28.9550051,4,crossing,,,POINT (28.9550051 41.0140971)
3374366890,41.0143796,28.954524,4,crossing,,,POINT (28.954524 41.0143796)
3379728855,41.0159132,28.9589957,3,,,,POINT (28.9589957 41.0159132)
3379744871,41.0182254,28.959759,3,,,,POINT (28.959759 41.0182254)
3379747274,41.0184071,28.9589289,3,,,,POINT (28.9589289 41.0184071)
3379760644,41.0167915,28.9693861,3,,,,POINT (28.9693861 41.0167915)
3379760651,41.0159224,28.9701069,3,,,,POINT (28.9701069 41.0159224)
3379769993,41.0139859,28.9706374,3,,,,POINT (28.9706374 41.0139859)
3379770225,41.0132248,28.9704188,3,,,,POINT (28.9704188 41.0132248)
3379770858,41.0126239,28.9705493,3,,,,POINT (28.9705493 41.0126239)
3379770859,41.0120865,28.9708448,3,,,,POINT (28.9708448 41.0120865)
3379772325,41.0116392,28.9712049,3,,,,POINT (28.9712049 41.0116392)
3379772327,41.0121321,28.9712145,3,,,,POINT (28.9712145 41.0121321)
3379773270,41.011607,28.9721784,3,,,,POINT (28.9721784 41.011607)
3379773271,41.0114406,28.9715454,1,,,,POINT (28.9715454 41.0114406)
3379783178,41.0190272,28.9557133,3,,,,POINT (28.9557133 41.0190272)
3379788594,41.018641,28.9559033,3,,,,POINT (28.9559033 41.018641)
3379788595,41.0185725,28.9561272,3,,,,POINT (28.9561272 41.0185725)
3379788598,41.0183863,28.9559325,3,,,,POINT (28.9559325 41.0183863)
3383013965,41.0141421,28.9496215,1,,,,POINT (28.9496215 41.0141421)
3383040832,41.0086171,28.9410475,3,,,,POINT (28.9410475 41.0086171)
3384727276,41.0157723,28.9657322,3,,,,POINT (28.9657322 41.0157723)
3384754603,41.0069727,28.947071,1,,,,POINT (28.947071 41.0069727)
3384754609,41.0073185,28.9472796,3,,,,POINT (28.9472796 41.0073185)
3384754610,41.0072883,28.9470482,1,,,,POINT (28.9470482 41.0072883)
3390981095,41.0060742,28.9817189,3,,,,POINT (28.9817189 41.0060742)
3390981096,41.0062126,28.9821403,3,,,,POINT (28.9821403 41.0062126)
3390989181,41.0030539,28.9792506,3,,,,POINT (28.9792506 41.0030539)
3390992014,41.0026073,28.9786158,1,,,,POINT (28.9786158 41.0026073)
3397653314,41.0323466,28.939399,1,,,,POINT (28.939399 41.0323466)
3397658391,41.0322483,28.9413106,1,,,,POINT (28.9413106 41.0322483)
3397674257,41.0364335,28.9403851,3,,,,POINT (28.9403851 41.0364335)
3397681066,41.0373967,28.9393228,1,,,,POINT (28.9393228 41.0373967)
3397681067,41.0373354,28.9398325,3,,,,POINT (28.9398325 41.0373354)
3397689487,41.0189174,28.9543766,3,,,,POINT (28.9543766 41.0189174)
3398136338,40.9921036,28.922978,1,,,,POINT (28.922978 40.9921036)
3398152338,40.9965389,28.9230872,3,,,,POINT (28.9230872 40.9965389)
3398152339,40.9970389,28.9226622,1,,,,POINT (28.9226622 40.9970389)
3398169305,41.0001694,28.9270404,3,,,,POINT (28.9270404 41.0001694)
3398179437,41.0029638,28.9274536,4,,,,POINT (28.9274536 41.0029638)
3398179438,41.0029741,28.9278925,1,,,,POINT (28.9278925 41.0029741)
3398187970,41.0038518,28.9248194,3,,,,POINT (28.9248194 41.0038518)
3398189527,41.0042736,28.9262188,1,,,,POINT (28.9262188 41.0042736)
3398194312,41.0080263,28.9263529,1,,,,POINT (28.9263529 41.0080263)
3398201324,41.008852,28.9285182,3,,,,POINT (28.9285182 41.008852)
3398201325,41.0090336,28.928246,3,,,,POINT (28.928246 41.0090336)
3398220622,41.0167142,28.9243939,4,,,,POINT (28.9243939 41.0167142)
3398249901,41.0205251,28.9299656,3,,,,POINT (28.9299656 41.0205251)
3398249902,41.0199931,28.9298586,1,,,,POINT (28.9298586 41.0199931)
3398293421,41.016726,28.9506625,3,,,,POINT (28.9506625 41.016726)
3398304657,41.0188459,28.9564704,3,,,,POINT (28.9564704 41.0188459)
3398309398,41.0180732,28.9569037,1,,,,POINT (28.9569037 41.0180732)
3398706235,41.0142581,28.9786412,1,,,,POINT (28.9786412 41.0142581)
3398706236,41.0139781,28.9785091,3,,,,POINT (28.9785091 41.0139781)
3398766396,41.0067523,28.9386019,1,,,,POINT (28.9386019 41.0067523)
3398771296,41.0059302,28.9372235,1,,,,POINT (28.9372235 41.0059302)
3398779055,41.0014575,28.9337221,3,,,,POINT (28.9337221 41.0014575)
3400118167,40.9929574,28.9226363,1,,,,POINT (28.9226363 40.9929574)
3400277521,41.0071295,28.9469267,1,,,,POINT (28.9469267 41.0071295)
3402247668,41.0144259,28.9746011,3,,,,POINT (28.9746011 41.0144259)
3402247670,41.0145031,28.975362,3,,,,POINT (28.975362 41.0145031)
3409194207,41.0270529,28.9351958,3,,,,POINT (28.9351958 41.0270529)
3409194228,41.0268802,28.933932,3,,,,POINT (28.933932 41.0268802)
3409233504,41.0006338,28.9289733,1,,,,POINT (28.9289733 41.0006338)
3409256359,41.0046332,28.9301993,1,,,,POINT (28.9301993 41.0046332)
3416594467,41.0287685,28.9488858,3,,,,POINT (28.9488858 41.0287685)
3424583834,41.0070248,28.97862,3,,,,POINT (28.97862 41.0070248)
3424583835,41.0071788,28.9771613,3,,,,POINT (28.9771613 41.0071788)
3424636610,41.004909,28.9767732,1,,,,POINT (28.9767732 41.004909)
3424636617,41.0056894,28.9772084,3,,,,POINT (28.9772084 41.0056894)
3424636620,41.0058134,28.9769909,3,,,,POINT (28.9769909 41.0058134)
3424636621,41.0057539,28.9769191,4,,,,POINT (28.9769191 41.0057539)
3424654987,41.005516,28.9753681,4,,,,POINT (28.9753681 41.005516)
3424654988,41.0057903,28.975651,3,,,,POINT (28.975651 41.0057903)
3424654989,41.0058754,28.9755003,3,,,,POINT (28.9755003 41.0058754)
3424654991,41.0063054,28.9753951,3,,,,POINT (28.9753951 41.0063054)
3424697015,41.0047682,28.9719423,1,,,,POINT (28.9719423 41.0047682)
3424786604,41.0092978,28.9812802,3,,,,POINT (28.9812802 41.0092978)
3424786613,41.0096603,28.9817022,3,,,,POINT (28.9817022 41.0096603)
3424786628,41.0100137,28.9812275,1,,,,POINT (28.9812275 41.0100137)
3424857252,41.0081933,28.9790465,3,,,,POINT (28.9790465 41.0081933)
3424857255,41.0083343,28.9791682,3,,,,POINT (28.9791682 41.0083343)
3424857257,41.0084433,28.9789503,3,,,,POINT (28.9789503 41.0084433)
3424857277,41.0088171,28.9794869,1,,,,POINT (28.9794869 41.0088171)
3424881155,41.0110796,28.9804139,3,,,,POINT (28.9804139 41.0110796)
3424881157,41.0113217,28.98062,3,,,,POINT (28.98062 41.0113217)
3424881158,41.0113664,28.9805375,1,,,,POINT (28.9805375 41.0113664)
3424881160,41.0121674,28.9816882,1,,,,POINT (28.9816882 41.0121674)
3425180081,41.0099507,28.9817152,3,,,,POINT (28.9817152 41.0099507)
3425180085,41.0101693,28.9814701,4,,,,POINT (28.9814701 41.0101693)
3425180086,41.0102253,28.9814005,1,,,,POINT (28.9814005 41.0102253)
3425182499,41.0106292,28.9815175,3,,,,POINT (28.9815175 41.0106292)
3425182539,41.0117243,28.9824281,3,,,,POINT (28.9824281 41.0117243)
3425182561,41.0126786,28.9844633,3,,,,POINT (28.9844633 41.0126786)
3425182564,41.0127497,28.9842808,3,,,,POINT (28.9842808 41.0127497)
3425182574,41.0130011,28.9828108,1,,,,POINT (28.9828108 41.0130011)
3425287451,41.0137908,28.9852013,3,,,,POINT (28.9852013 41.0137908)
3425287455,41.013895,28.9849727,1,,,,POINT (28.9849727 41.013895)
3425339529,41.0098792,28.9779292,1,,,,POINT (28.9779292 41.0098792)
3444688264,41.0189907,28.9664708,4,crossing,,,POINT (28.9664708 41.0189907)
3452097033,41.0179546,28.9721809,3,,,,POINT (28.9721809 41.0179546)
3452097034,41.018099,28.9720293,3,,,,POINT (28.9720293 41.018099)
3456976802,41.0028572,28.9785971,3,,,,POINT (28.9785971 41.0028572)
3457432227,41.0180604,28.9728658,3,,,,POINT (28.9728658 41.0180604)
3457445330,41.0180431,28.9734722,3,,,,POINT (28.9734722 41.0180431)
3457445333,41.0180727,28.9730261,3,,,,POINT (28.9730261 41.0180727)
3457463746,41.0164171,28.9760151,4,,,,POINT (28.9760151 41.0164171)
3457463761,41.0167981,28.9758455,3,,,,POINT (28.9758455 41.0167981)
3457463792,41.0179964,28.974141,1,,,,POINT (28.974141 41.0179964)
3457689628,41.0144252,28.9753497,3,,,,POINT (28.9753497 41.0144252)
3457689638,41.0147273,28.976334,3,,,,POINT (28.976334 41.0147273)
3457689647,41.0148741,28.9755796,4,,,,POINT (28.9755796 41.0148741)
3457689675,41.0159125,28.9761877,4,,,,POINT (28.9761877 41.0159125)
3457706696,41.0160891,28.9766089,3,,,,POINT (28.9766089 41.0160891)
3457706698,41.0161673,28.9766908,3,,,,POINT (28.9766908 41.0161673)
3457706701,41.0161197,28.9765246,5,crossing,,,POINT (28.9765246 41.0161197)
3457706705,41.0161565,28.9763721,4,crossing,,,POINT (28.9763721 41.0161565)
3457706706,41.0162882,28.9766827,4,crossing,,,POINT (28.9766827 41.0162882)
3457706707,41.0161724,28.9763164,3,,,,POINT (28.9763164 41.0161724)
3457706714,41.0163155,28.9765748,4,,,,POINT (28.9765748 41.0163155)
3457706718,41.0164731,28.9767802,3,,,,POINT (28.9767802 41.0164731)
3457985562,41.0118314,28.97709,1,,,,POINT (28.97709 41.0118314)
3461431100,41.0181095,28.9720954,3,,,,POINT (28.9720954 41.0181095)
3461431102,41.0182671,28.9715356,3,,,,POINT (28.9715356 41.0182671)
3461548568,41.017529,28.97098,4,,,,POINT (28.97098 41.017529)
3461609144,41.0106356,28.9697768,3,,,,POINT (28.9697768 41.0106356)
3461675857,41.0111088,28.9697034,3,,,,POINT (28.9697034 41.0111088)
3541432979,41.0164143,28.9519085,4,,,,POINT (28.9519085 41.0164143)
3541432980,41.0165639,28.9520435,4,,,,POINT (28.9520435 41.0165639)
3541432981,41.0167341,28.9522109,4,,,,POINT (28.9522109 41.0167341)
3541432982,41.0169518,28.952396,4,,,,POINT (28.952396 41.0169518)
3752952967,41.009394,28.9646266,3,,,,POINT (28.9646266 41.009394)
3752952970,41.0094814,28.9635167,3,,,,POINT (28.9635167 41.0094814)
3802207357,41.0096063,28.966419,4,,,,POINT (28.966419 41.0096063)
3817864006,41.0146951,28.9770214,3,,,,POINT (28.9770214 41.0146951)
3817864008,41.0148152,28.9763328,4,,,,POINT (28.9763328 41.0148152)
3847980020,41.0153534,28.9542885,4,,,,POINT (28.9542885 41.0153534)
3847980021,41.0153323,28.9539329,1,,,,POINT (28.9539329 41.0153323)
3847980022,41.0159702,28.9538898,3,,,,POINT (28.9538898 41.0159702)
3847980023,41.0156855,28.953557,3,,,,POINT (28.953557 41.0156855)
3847980025,41.0160124,28.9546131,3,,,,POINT (28.9546131 41.0160124)
3847980026,41.0161503,28.9540939,3,,,,POINT (28.9540939 41.0161503)
3847980027,41.015906,28.9545069,4,,,,POINT (28.9545069 41.015906)
3847980029,41.0157257,28.9543267,3,,,,POINT (28.9543267 41.0157257)
3847980030,41.0156051,28.9545397,4,,,,POINT (28.9545397 41.0156051)
3847980032,41.0162461,28.9548466,3,,,,POINT (28.9548466 41.0162461)
3847980034,41.0158537,28.9540992,3,,,,POINT (28.9540992 41.0158537)
3847980035,41.0155249,28.9538567,1,,,,POINT (28.9538567 41.0155249)
3847980037,41.015195,28.9537966,3,,,,POINT (28.9537966 41.015195)
3847980038,41.0155549,28.9538007,4,,,,POINT (28.9538007 41.0155549)
3847980039,41.0152908,28.9538917,4,,,,POINT (28.9538917 41.0152908)
3847980041,41.0153846,28.9542338,1,,,,POINT (28.9542338 41.0153846)
3879147067,41.0016611,28.9463001,3,,,,POINT (28.9463001 41.0016611)
3879147075,41.0022581,28.9501066,3,,,,POINT (28.9501066 41.0022581)
3892520998,41.012312,28.9597428,1,,,,POINT (28.9597428 41.012312)
3898630906,41.0107986,28.9684469,4,,,,POINT (28.9684469 41.0107986)
3898630911,41.0105164,28.9685228,4,,,,POINT (28.9685228 41.0105164)
3898631852,41.0106113,28.9682318,4,,,,POINT (28.9682318 41.0106113)
3899476271,41.0116149,28.9674944,4,,,,POINT (28.9674944 41.0116149)
3899476273,41.0116559,28.9676451,1,,,,POINT (28.9676451 41.0116559)
3899476275,41.0106197,28.9670904,3,,,,POINT (28.9670904 41.0106197)
3899476276,41.0105066,28.9669759,3,,,,POINT (28.9669759 41.0105066)
3904035830,41.010653,28.9684807,4,,,,POINT (28.9684807 41.010653)
3966711075,41.0173283,28.9750008,3,,,,POINT (28.9750008 41.0173283)
4026892490,41.0060799,28.9764724,3,,,,POINT (28.9764724 41.0060799)
4034200735,41.002873,28.9387678,3,,,,POINT (28.9387678 41.002873)
4034200766,41.0032457,28.9386615,3,,,,POINT (28.9386615 41.0032457)
4034200774,41.0033197,28.937812,1,,,,POINT (28.937812 41.0033197)
4034200775,41.0033584,28.9380025,3,,,,POINT (28.9380025 41.0033584)
4034200780,41.0033909,28.9394863,3,,,,POINT (28.9394863 41.0033909)
4078371620,41.0084143,28.980847,1,,,,POINT (28.980847 41.0084143)
4078371621,41.0082975,28.9810042,3,,,,POINT (28.9810042 41.0082975)
4096852590,41.0023696,28.9388403,3,,,,POINT (28.9388403 41.0023696)
4096852596,40.9914138,28.9230259,3,,,,POINT (28.9230259 40.9914138)
4099642152,41.0065477,28.9782359,3,,,,POINT (28.9782359 41.0065477)
4099642153,41.0061072,28.9772984,3,,,,POINT (28.9772984 41.0061072)
4099648908,41.0090957,28.9815977,3,,,,POINT (28.9815977 41.0090957)
4150674369,41.0125359,28.9600775,3,,,,POINT (28.9600775 41.0125359)
4150674370,41.0134995,28.9601503,3,,,,POINT (28.9601503 41.0134995)
4150674371,41.0127392,28.9595964,4,,,,POINT (28.9595964 41.0127392)
4150674373,41.0121429,28.9597032,4,crossing,,,POINT (28.9597032 41.0121429)
4150674374,41.0123023,28.9597596,4,crossing,,,POINT (28.9597596 41.0123023)
4166042463,40.9921684,28.9235449,3,,,,POINT (28.9235449 40.9921684)
4214834613,41.0029206,28.9803352,1,,,,POINT (28.9803352 41.0029206)
4286600975,41.0104272,28.9499464,3,,,,POINT (28.9499464 41.0104272)
4286601013,41.0091488,28.9527547,3,,,,POINT (28.9527547 41.0091488)
4286601018,41.0094126,28.9530534,3,,,,POINT (28.9530534 41.0094126)
4286601036,41.0089821,28.9535986,3,,,,POINT (28.9535986 41.0089821)
4286601047,41.0078268,28.9535424,3,,,,POINT (28.9535424 41.0078268)
4286601054,41.0092949,28.9535827,3,,,,POINT (28.9535827 41.0092949)
4286601056,41.0092313,28.9535862,3,,,,POINT (28.9535862 41.0092313)
4286601058,41.0095134,28.9534395,4,crossing,,,POINT (28.9534395 41.0095134)
4286601068,41.0090246,28.9515932,3,,,,POINT (28.9515932 41.0090246)
4290202205,41.0129903,28.9564317,4,,,,POINT (28.9564317 41.0129903)
4311935845,41.0261355,28.9403065,4,,,,POINT (28.9403065 41.0261355)
4314642178,41.004585,28.9254304,1,,,,POINT (28.9254304 41.004585)
4315049303,41.0237169,28.9468071,3,,,,POINT (28.9468071 41.0237169)
4363666177,41.0189427,28.9680742,4,,,,POINT (28.9680742 41.0189427)
4363666750,41.0182924,28.9687746,3,,,,POINT (28.9687746 41.0182924)
4380363853,40.9983964,28.9532574,3,,,,POINT (28.9532574 40.9983964)
4381044521,40.9976249,28.940758,3,,,,POINT (28.940758 40.9976249)
4490191398,41.0053301,28.9532784,3,,,,POINT (28.9532784 41.0053301)
4490191400,41.0056957,28.9532782,3,,,,POINT (28.9532782 41.0056957)
4490191401,41.0055367,28.9525135,4,,,,POINT (28.9525135 41.0055367)
4490191402,41.00653,28.953217,4,,,,POINT (28.953217 41.00653)
4490191407,41.0056811,28.9524522,3,,,,POINT (28.9524522 41.0056811)
4504516470,41.0025012,28.9293855,3,,,,POINT (28.9293855 41.0025012)
4516155305,41.0173778,28.9636864,3,,,,POINT (28.9636864 41.0173778)
4540346428,41.0057197,28.9321996,3,,,,POINT (28.9321996 41.0057197)
4548145311,41.0019087,28.9720433,4,crossing,,,POINT (28.9720433 41.0019087)
4548145312,41.0019853,28.9727823,3,,,,POINT (28.9727823 41.0019853)
4548145321,41.001952,28.9720225,3,,,,POINT (28.9720225 41.001952)
4561247708,41.002479,28.9692957,1,,,,POINT (28.9692957 41.002479)
4561247738,41.0029576,28.962617,3,,,,POINT (28.962617 41.0029576)
4566601233,41.029745,28.9490861,3,,,,POINT (28.9490861 41.029745)
4601372290,41.0049009,28.9230421,3,,,,POINT (28.9230421 41.0049009)
4601372312,41.0106131,28.9345555,3,,,,POINT (28.9345555 41.0106131)
4601372316,41.0103833,28.9345842,3,,,,POINT (28.9345842 41.0103833)
4601372323,41.010416,28.9346738,3,,,,POINT (28.9346738 41.010416)
4601372324,41.0104199,28.9344532,3,,,,POINT (28.9344532 41.0104199)
4601372326,41.0104853,28.9344139,3,,,,POINT (28.9344139 41.0104853)
4601372330,41.0104795,28.9338943,1,,,,POINT (28.9338943 41.0104795)
4601372331,41.0097502,28.9334479,3,,,,POINT (28.9334479 41.0097502)
4601372332,41.0099879,28.9345718,3,,,,POINT (28.9345718 41.0099879)
4601372333,41.0097523,28.9356443,3,,,,POINT (28.9356443 41.0097523)
4601372334,41.0105042,28.9347165,3,,,,POINT (28.9347165 41.0105042)
4601372335,41.0105036,28.9356573,4,,,,POINT (28.9356573 41.0105036)
4601372336,41.0105756,28.9346761,3,,,,POINT (28.9346761 41.0105756)
4601372337,41.0110835,28.9352975,3,,,,POINT (28.9352975 41.0110835)
4601372338,41.0110965,28.9345598,3,,,,POINT (28.9345598 41.0110965)
4601372339,41.0105749,28.9344542,3,,,,POINT (28.9344542 41.0105749)
4601372340,41.0111102,28.9337847,3,,,,POINT (28.9337847 41.0111102)
4618151745,41.0110268,28.947673,3,,,,POINT (28.947673 41.0110268)
4618151746,41.0116951,28.9483765,3,,,,POINT (28.9483765 41.0116951)
4618151747,41.0120379,28.948761,3,,,,POINT (28.948761 41.0120379)
4618180098,41.0100114,28.935179,4,,,,POINT (28.935179 41.0100114)
4618180099,41.0099796,28.9337711,4,,,,POINT (28.9337711 41.0099796)
4618219818,41.0322234,28.9497622,3,,,,POINT (28.9497622 41.0322234)
4618219825,41.0317751,28.9491182,3,,,,POINT (28.9491182 41.0317751)
4620754303,41.0097269,28.9638637,3,,,,POINT (28.9638637 41.0097269)
4620754312,41.0133979,28.9875795,4,crossing,,,POINT (28.9875795 41.0133979)
4620754313,41.013413,28.9876625,4,crossing,,,POINT (28.9876625 41.013413)
4620763723,41.0027549,28.9655666,1,,,,POINT (28.9655666 41.0027549)
4620828419,41.0137094,28.9362285,3,crossing,,,POINT (28.9362285 41.0137094)
4620828420,41.0138873,28.9363836,3,crossing,,,POINT (28.9363836 41.0138873)
4620828421,41.0168654,28.9427848,3,,,,POINT (28.9427848 41.0168654)
4620828422,41.0169143,28.9427182,3,,,,POINT (28.9427182 41.0169143)
4621154598,41.0085601,28.9372821,3,,,,POINT (28.9372821 41.0085601)
4621154601,41.0145432,28.9350532,3,,,,POINT (28.9350532 41.0145432)
4637321209,41.0020637,28.9434928,1,,,,POINT (28.9434928 41.0020637)
4721908521,41.0011325,28.9423878,3,,,,POINT (28.9423878 41.0011325)
4721908534,41.0014253,28.9433194,3,,,,POINT (28.9433194 41.0014253)
4721908556,41.0008959,28.9453368,3,,,,POINT (28.9453368 41.0008959)
4776703738,41.0043612,28.9647031,3,,,,POINT (28.9647031 41.0043612)
4776781979,41.0088585,28.9670126,3,,,,POINT (28.9670126 41.0088585)
4776781980,41.0088596,28.9670066,3,,,,POINT (28.9670066 41.0088596)
4776781981,41.0089005,28.9670665,3,,,,POINT (28.9670665 41.0089005)
4776781983,41.008997,28.9671281,3,,,,POINT (28.9671281 41.008997)
4776816542,41.0053707,28.9745069,3,,,,POINT (28.9745069 41.0053707)
4776966613,41.0100411,28.9740554,3,,,,POINT (28.9740554 41.0100411)
4779452136,41.0180504,28.9684399,3,,,,POINT (28.9684399 41.0180504)
4779452149,41.0181262,28.9682473,3,,,,POINT (28.9682473 41.0181262)
4779518629,41.0140477,28.975114,3,,,,POINT (28.975114 41.0140477)
4780659225,41.0131769,28.9729194,3,,,,POINT (28.9729194 41.0131769)
4780659227,41.0128554,28.9725736,1,,,,POINT (28.9725736 41.0128554)
4780684917,41.0115639,28.9751265,3,,,,POINT (28.9751265 41.0115639)
4780684919,41.0119742,28.9754543,3,,,,POINT (28.9754543 41.0119742)
4780731824,41.0068842,28.9710675,3,,,,POINT (28.9710675 41.0068842)
4780731828,41.0070021,28.9710438,3,,,,POINT (28.9710438 41.0070021)
4780749715,41.0071326,28.9721407,5,,,,POINT (28.9721407 41.0071326)
4780749716,41.0081524,28.9744469,3,,,,POINT (28.9744469 41.0081524)
4780788655,41.0096186,28.977156,3,,,,POINT (28.977156 41.0096186)
4780788656,41.0094767,28.9773351,1,,,,POINT (28.9773351 41.0094767)
4780811976,41.0118224,28.9783284,1,traffic_signals,,,POINT (28.9783284 41.0118224)
4780851342,41.0137329,28.9781786,1,,,,POINT (28.9781786 41.0137329)
4780883166,41.0095237,28.9600543,3,,,,POINT (28.9600543 41.0095237)
4780953433,41.0126004,28.9548409,3,,,,POINT (28.9548409 41.0126004)
4882248024,41.0205368,28.9641474,4,,,,POINT (28.9641474 41.0205368)
4884590237,41.0204114,28.9486571,3,,,,POINT (28.9486571 41.0204114)
4924583952,41.0276496,28.9383412,3,crossing,,,POINT (28.9383412 41.0276496)
4924583953,41.0275952,28.9382513,3,crossing,,,POINT (28.9382513 41.0275952)
4924587513,41.0247665,28.9412194,3,crossing,,,POINT (28.9412194 41.0247665)
4924587514,41.0248463,28.9413331,3,crossing,,,POINT (28.9413331 41.0248463)
4950732729,41.0044552,28.9532346,3,,,,POINT (28.9532346 41.0044552)
4950732732,41.0041414,28.9532996,3,,,,POINT (28.9532996 41.0041414)
4958466406,41.0048861,28.9664993,1,,,,POINT (28.9664993 41.0048861)
4958466407,41.0049675,28.9660416,3,,,,POINT (28.9660416 41.0049675)
4958466408,41.004874,28.9660639,1,,,,POINT (28.9660639 41.004874)
4958466409,41.0048807,28.9660088,3,,,,POINT (28.9660088 41.0048807)
4958689981,41.0050467,28.96607,3,,,,POINT (28.96607 41.0050467)
4958695279,41.0048635,28.9660023,3,,,,POINT (28.9660023 41.0048635)
4958695283,41.0047447,28.9660737,1,,,,POINT (28.9660737 41.0047447)
4992639650,41.001724,28.9507904,3,,,,POINT (28.9507904 41.001724)
5011983663,41.0108453,28.9612335,4,,,,POINT (28.9612335 41.0108453)
5075063642,41.0255434,28.9396565,3,,,,POINT (28.9396565 41.0255434)
5083508578,41.0076425,28.9409779,1,,,,POINT (28.9409779 41.0076425)
5083508580,41.0068295,28.9394111,3,,,,POINT (28.9394111 41.0068295)
5083862550,41.0040031,28.9621109,3,,,,POINT (28.9621109 41.0040031)
5083862551,41.0041381,28.9638984,3,,,,POINT (28.9638984 41.0041381)
5083862554,41.0070272,28.9649398,3,,,,POINT (28.9649398 41.0070272)
5084073363,41.0259547,28.9455923,3,,,,POINT (28.9455923 41.0259547)
5084586654,41.0251134,28.9388949,1,,,,POINT (28.9388949 41.0251134)
5085549437,41.0202926,28.9572804,3,,,,POINT (28.9572804 41.0202926)
5085550547,41.0203379,28.9536169,3,,,,POINT (28.9536169 41.0203379)
5085550585,41.0187513,28.9566389,3,,,,POINT (28.9566389 41.0187513)
5085665847,41.0102629,28.9677799,4,,,,POINT (28.9677799 41.0102629)
5085665873,41.0121697,28.967716,1,,,,POINT (28.967716 41.0121697)
5085665893,41.0108519,28.9680003,4,,,,POINT (28.9680003 41.0108519)
5110916127,41.0183472,28.973161,1,,,,POINT (28.973161 41.0183472)
5119030113,41.0248736,28.9583717,3,,,,POINT (28.9583717 41.0248736)
5127674720,41.0232834,28.9445628,3,,,,POINT (28.9445628 41.0232834)
5127675822,41.0236535,28.944525,1,,,,POINT (28.944525 41.0236535)
5129172836,41.0071763,28.972239,3,,,,POINT (28.972239 41.0071763)
5129172847,41.0063332,28.9707901,3,,,,POINT (28.9707901 41.0063332)
5138746381,41.0069377,28.9373093,3,,,,POINT (28.9373093 41.0069377)
5148229594,41.0229775,28.9367228,3,,,,POINT (28.9367228 41.0229775)
5149445639,41.0126009,28.9533982,3,,,,POINT (28.9533982 41.0126009)
5151427590,41.0095586,28.9790752,1,,,,POINT (28.9790752 41.0095586)
5158368950,41.0028619,28.9786257,3,,,,POINT (28.9786257 41.0028619)
5158368952,41.0029221,28.9776474,3,,,,POINT (28.9776474 41.0029221)
5165372137,41.0074446,28.9654138,3,,,,POINT (28.9654138 41.0074446)
5171356143,41.0141438,28.9358709,4,,,,POINT (28.9358709 41.0141438)
5185784925,41.0121385,28.9231582,3,,,,POINT (28.9231582 41.0121385)
5255365959,41.0247862,28.9569854,1,,,,POINT (28.9569854 41.0247862)
5387282071,41.0083583,28.9367659,3,,,,POINT (28.9367659 41.0083583)
5414833075,41.0014201,28.9480618,3,,,,POINT (28.9480618 41.0014201)
5414833107,41.0020007,28.9416163,3,,,,POINT (28.9416163 41.0020007)
5414833112,41.0025451,28.9414593,3,,,,POINT (28.9414593 41.0025451)
5414833114,41.0022033,28.9414638,4,,,,POINT (28.9414638 41.0022033)
5414833225,41.000179,28.9433645,3,,,,POINT (28.9433645 41.000179)
5414833227,41.0001799,28.943575,4,,,,POINT (28.943575 41.0001799)
5414833229,41.0002788,28.9436426,3,,,,POINT (28.9436426 41.0002788)
5414833260,41.0003039,28.9435558,3,,,,POINT (28.9435558 41.0003039)
5414833261,41.000261,28.9434788,3,,,,POINT (28.9434788 41.000261)
5414833265,41.0004273,28.9425491,3,,,,POINT (28.9425491 41.0004273)
5414833267,41.0007426,28.9429014,4,crossing,,,POINT (28.9429014 41.0007426)
5414833279,41.0001419,28.9436825,3,,,,POINT (28.9436825 41.0001419)
5414833293,41.0037684,28.9560606,3,,,,POINT (28.9560606 41.0037684)
5415019398,41.0031009,28.9556032,3,,,,POINT (28.9556032 41.0031009)
5416745350,41.0102745,28.9503549,3,,,,POINT (28.9503549 41.0102745)
5417781228,41.0063837,28.9514698,3,,,,POINT (28.9514698 41.0063837)
5417813647,41.0063099,28.9511526,3,,,,POINT (28.9511526 41.0063099)
5417813654,41.0093205,28.9502773,3,,,,POINT (28.9502773 41.0093205)
5426423499,40.9882356,28.920068,3,,,,POINT (28.920068 40.9882356)
5428382926,40.9880348,28.9210198,1,,,,POINT (28.9210198 40.9880348)
5428382930,40.9887235,28.9232667,1,,,,POINT (28.9232667 40.9887235)
5428382934,40.9903699,28.9253755,1,,,,POINT (28.9253755 40.9903699)
5428382940,40.9918921,28.9273318,1,,,,POINT (28.9273318 40.9918921)
5428382944,40.9882376,28.9220191,1,,,,POINT (28.9220191 40.9882376)
5428382946,40.9884047,28.9237662,4,,,,POINT (28.9237662 40.9884047)
5428382948,40.9890053,28.9248177,4,,,,POINT (28.9248177 40.9890053)
5428382949,40.9881003,28.9242582,1,,,,POINT (28.9242582 40.9881003)
5428382950,40.9884527,28.9250655,3,,,,POINT (28.9250655 40.9884527)
5428382951,40.9890333,28.9255741,3,,,,POINT (28.9255741 40.9890333)
5428382952,40.9891573,28.9253862,4,,,,POINT (28.9253862 40.9891573)
5428382954,40.9901578,28.9257909,4,,,,POINT (28.9257909 40.9901578)
5428382957,40.9898936,28.9263082,3,,,,POINT (28.9263082 40.9898936)
5428382958,40.9911367,28.9265067,3,,,,POINT (28.9265067 40.9911367)
5428382959,40.9909944,28.9272558,3,,,,POINT (28.9272558 40.9909944)
5428382961,40.9913643,28.9268088,3,elevator,,,POINT (28.9268088 40.9913643)
5428382964,40.9917448,28.9275522,3,,,,POINT (28.9275522 40.9917448)
5428382972,40.9915204,28.926236,4,,,,POINT (28.926236 40.9915204)
5428382978,40.9888347,28.922678,3,,,,POINT (28.922678 40.9888347)
5428382979,40.9886302,28.922143,3,,,,POINT (28.922143 40.9886302)
5428382986,40.9917954,28.9265958,3,,,,POINT (28.9265958 40.9917954)
5428382989,40.9916738,28.9263832,3,elevator,,,POINT (28.9263832 40.9916738)
5428382992,40.9885614,28.9229094,1,,,,POINT (28.9229094 40.9885614)
5428382999,40.9911178,28.9257027,3,,,,POINT (28.9257027 40.9911178)
5428383000,40.9914729,28.9260213,3,,,,POINT (28.9260213 40.9914729)
5428383001,40.9915019,28.9259735,3,,,,POINT (28.9259735 40.9915019)
5428385421,40.9887426,28.9222283,3,,,,POINT (28.9222283 40.9887426)
5428385427,40.9889178,28.9206346,3,,,,POINT (28.9206346 40.9889178)
5519344112,41.0315454,28.9398977,3,,,,POINT (28.9398977 41.0315454)
5519344117,41.0307339,28.9390426,1,,,,POINT (28.9390426 41.0307339)
5519344119,41.0309522,28.9390408,3,,,,POINT (28.9390408 41.0309522)
5519344120,41.0309372,28.9390355,1,,,,POINT (28.9390355 41.0309372)
5599622731,41.0162046,28.9649045,3,,,,POINT (28.9649045 41.0162046)
5599622732,41.0163261,28.9643653,3,,,,POINT (28.9643653 41.0163261)
5599622733,41.0171081,28.9638843,1,,,,POINT (28.9638843 41.0171081)
5599622737,41.0151399,28.9645614,3,,,,POINT (28.9645614 41.0151399)
5663541617,41.0181739,28.9718542,1,,,,POINT (28.9718542 41.0181739)
5672633532,41.0195127,28.9688726,1,,,,POINT (28.9688726 41.0195127)
5672864364,41.0171316,28.976271,1,,,,POINT (28.976271 41.0171316)
5780066459,40.9987204,28.9402907,3,,,,POINT (28.9402907 40.9987204)
5780066461,41.0009572,28.9494894,3,,,,POINT (28.9494894 41.0009572)
5780066462,41.0010948,28.9494324,3,,,,POINT (28.9494324 41.0010948)
5780066464,40.9997433,28.9438629,3,,,,POINT (28.9438629 40.9997433)
5780066465,40.9995967,28.9439227,3,,,,POINT (28.9439227 40.9995967)
5780066466,40.9993336,28.9428322,3,,,,POINT (28.9428322 40.9993336)
5780066468,40.9988501,28.9402354,3,,,,POINT (28.9402354 40.9988501)
5780066471,40.9980754,28.9472965,4,,,,POINT (28.9472965 40.9980754)
5780066473,40.9988209,28.950384,3,,,,POINT (28.950384 40.9988209)
5780066479,41.0001847,28.9463864,4,,,,POINT (28.9463864 41.0001847)
5780066480,40.9964541,28.9453092,3,,,,POINT (28.9453092 40.9964541)
5780066481,40.9967261,28.9464271,3,,,,POINT (28.9464271 40.9967261)
5780066483,40.9967733,28.9466216,3,,,,POINT (28.9466216 40.9967733)
5780066493,40.9975149,28.9495945,4,,,,POINT (28.9495945 40.9975149)
5780066498,40.9985345,28.9491726,5,,,,POINT (28.9491726 40.9985345)
5780066499,40.998141,28.9445674,1,,,,POINT (28.9445674 40.998141)
5780066500,40.9974758,28.9448726,4,,,,POINT (28.9448726 40.9974758)
5780066502,41.0000096,28.9449819,4,,,,POINT (28.9449819 41.0000096)
5780066503,40.9998691,28.9450405,3,,,,POINT (28.9450405 40.9998691)
5780066505,41.0003382,28.9463181,4,,,,POINT (28.9463181 41.0003382)
5780066508,41.0008997,28.9486301,4,,,,POINT (28.9486301 41.0008997)
5803650935,41.0065543,28.9346124,1,,,,POINT (28.9346124 41.0065543)
5998702152,40.9983915,28.9606999,1,,,,POINT (28.9606999 40.9983915)
6023087484,41.0029522,28.9704086,3,,,,POINT (28.9704086 41.0029522)
6023087589,41.0032538,28.9701457,4,,,,POINT (28.9701457 41.0032538)
6023087604,41.0032963,28.9704864,3,,,,POINT (28.9704864 41.0032963)
6023087605,41.0030534,28.9703335,4,,,,POINT (28.9703335 41.0030534)
6023087606,41.0029684,28.9701028,3,,,,POINT (28.9701028 41.0029684)
6023087609,41.0030356,28.9697049,3,,,,POINT (28.9697049 41.0030356)
6023087611,41.0032478,28.9705185,4,,,,POINT (28.9705185 41.0032478)
6023087613,41.0032336,28.970363,4,,,,POINT (28.970363 41.0032336)
6023087614,41.0029947,28.9699472,3,,,,POINT (28.9699472 41.0029947)
6023087618,41.003155,28.969946,3,,,,POINT (28.969946 41.003155)
6023087619,41.0030467,28.970037,4,,,,POINT (28.970037 41.0030467)
6023087621,41.0032032,28.9703898,4,,,,POINT (28.9703898 41.0032032)
6023087623,41.0030777,28.9701028,4,,,,POINT (28.9701028 41.0030777)
6023087624,41.0030534,28.9705159,3,,,,POINT (28.9705159 41.0030534)
6023087629,41.003232,28.9701015,3,,,,POINT (28.9701015 41.003232)
6023090986,41.0031014,28.9702979,3,,,,POINT (28.9702979 41.0031014)
6023090989,41.0030971,28.9694166,3,,,,POINT (28.9694166 41.0030971)
6023090993,41.0032211,28.9701796,3,,,,POINT (28.9701796 41.0032211)
6023090997,41.0031014,28.9701664,3,,,,POINT (28.9701664 41.0031014)
6023090999,41.0031898,28.9703218,4,,,,POINT (28.9703218 41.0031898)
6023187104,41.0031504,28.9716834,3,,,,POINT (28.9716834 41.0031504)
6140845680,41.0139084,28.9636159,3,,,,POINT (28.9636159 41.0139084)
6140845684,41.0139346,28.9637359,3,,,,POINT (28.9637359 41.0139346)
6140845888,41.0139653,28.963661,3,,,,POINT (28.963661 41.0139653)
6140845889,41.0141777,28.9636183,3,,,,POINT (28.9636183 41.0141777)
6140845890,41.0139562,28.9639769,3,,,,POINT (28.9639769 41.0139562)
6140845891,41.0138839,28.9634035,3,,,,POINT (28.9634035 41.0138839)
6140845893,41.0138743,28.963694,3,,,,POINT (28.963694 41.0138743)
6140845902,41.0135471,28.9637507,3,,,,POINT (28.9637507 41.0135471)
6140845904,41.0135778,28.9640469,3,,,,POINT (28.9640469 41.0135778)
6140850649,41.0128962,28.9640734,3,,,,POINT (28.9640734 41.0128962)
6140854094,41.014246,28.963253,3,,,,POINT (28.963253 41.014246)
6140854185,41.0150505,28.964052,3,,,,POINT (28.964052 41.0150505)
6140854187,41.0145233,28.9639111,3,,,,POINT (28.9639111 41.0145233)
6140854188,41.014319,28.9639374,3,,,,POINT (28.9639374 41.014319)
6140861563,41.0144842,28.9635874,4,,,,POINT (28.9635874 41.0144842)
6140861564,41.014285,28.9636186,3,,,,POINT (28.9636186 41.014285)
6140861584,41.014829,28.963539,3,,,,POINT (28.963539 41.014829)
6140861586,41.0146246,28.9635567,3,,,,POINT (28.9635567 41.0146246)
6140861603,41.0149364,28.9635252,3,,,,POINT (28.9635252 41.0149364)
6190974367,41.0255995,28.9504406,3,,,,POINT (28.9504406 41.0255995)
6190974368,41.0263657,28.9497449,3,,,,POINT (28.9497449 41.0263657)
6190974370,41.0265207,28.9500765,3,,,,POINT (28.9500765 41.0265207)
6190974371,41.0257602,28.9502947,3,,,,POINT (28.9502947 41.0257602)
6190974372,41.0258473,28.949769,3,,,,POINT (28.949769 41.0258473)
6190974373,41.0257289,28.9503232,4,,,,POINT (28.9503232 41.0257289)
6190974374,41.0253446,28.9495559,3,,,,POINT (28.9495559 41.0253446)
6190974375,41.0257808,28.9496233,3,,,,POINT (28.9496233 41.0257808)
6190974378,41.0259778,28.9496642,3,,,,POINT (28.9496642 41.0259778)
6190974387,41.0259116,28.9495189,3,,,,POINT (28.9495189 41.0259116)
6190974412,41.0256909,28.9492572,4,,,,POINT (28.9492572 41.0256909)
6190974413,41.0258237,28.9495363,3,,,,POINT (28.9495363 41.0258237)
6190974419,41.0259518,28.9492347,3,,,,POINT (28.9492347 41.0259518)
6190974423,41.0261454,28.9493993,3,,,,POINT (28.9493993 41.0261454)
6190974427,41.0261948,28.9496877,4,,,,POINT (28.9496877 41.0261948)
6190974432,41.0260677,28.9500155,4,,,,POINT (28.9500155 41.0260677)
6190974433,41.0259263,28.9497583,3,,,,POINT (28.9497583 41.0259263)
6190974434,41.0263477,28.9497076,3,,,,POINT (28.9497076 41.0263477)
6190974435,41.0261854,28.9493707,3,,,,POINT (28.9493707 41.0261854)
6190974436,41.0257487,28.9493786,3,,,,POINT (28.9493786 41.0257487)
6190974440,41.0256383,28.9496013,4,,,,POINT (28.9496013 41.0256383)
6190974442,41.025637,28.9497169,3,,,,POINT (28.9497169 41.025637)
6190974443,41.0257394,28.9499217,3,,,,POINT (28.9499217 41.0257394)
6190974445,41.0258141,28.9499696,4,,,,POINT (28.9499696 41.0258141)
6190974449,41.0260059,28.949903,3,,,,POINT (28.949903 41.0260059)
6190974451,41.025535,28.9499362,3,,,,POINT (28.9499362 41.025535)
6190974452,41.0254012,28.9500572,3,,,,POINT (28.9500572 41.0254012)
6190974453,41.0254053,28.9499604,1,,,,POINT (28.9499604 41.0254053)
6190974454,41.0254393,28.9500228,4,,,,POINT (28.9500228 41.0254393)
6190974455,41.0256399,28.9504039,4,,,,POINT (28.9504039 41.0256399)
6190974456,41.0258013,28.9507159,1,,,,POINT (28.9507159 41.0258013)
6459453717,41.0139274,28.9574693,4,,,,POINT (28.9574693 41.0139274)
6459453719,41.0141546,28.9571762,3,,,,POINT (28.9571762 41.0141546)
6505991194,41.0154458,28.954817,3,,,,POINT (28.954817 41.0154458)
6505991195,41.0151897,28.9545645,4,,,,POINT (28.9545645 41.0151897)
6506009439,41.0169703,28.9504708,3,,,,POINT (28.9504708 41.0169703)
6529513518,41.015604,28.9492607,4,,,,POINT (28.9492607 41.015604)
6529513519,41.0159363,28.9493336,4,,,,POINT (28.9493336 41.0159363)
6584900950,41.0167569,28.9382201,3,,,,POINT (28.9382201 41.0167569)
6644006923,41.0248789,28.9341434,4,,,,POINT (28.9341434 41.0248789)
6657161271,41.015591,28.9270972,3,,,,POINT (28.9270972 41.015591)
6660483444,41.0280712,28.9488532,3,,,,POINT (28.9488532 41.0280712)
6660483446,41.0291678,28.9511401,3,,,,POINT (28.9511401 41.0291678)
6660485664,41.0289546,28.9516106,3,,,,POINT (28.9516106 41.0289546)
6695836073,41.0230499,28.9300996,1,,,,POINT (28.9300996 41.0230499)
6695836075,41.0232443,28.9304812,3,,,,POINT (28.9304812 41.0232443)
6756023305,41.031799,28.9461414,4,,,,POINT (28.9461414 41.031799)
6759058504,41.0022608,28.9376304,3,,,,POINT (28.9376304 41.0022608)
6770468724,41.0327684,28.9486911,3,,,,POINT (28.9486911 41.0327684)
6770468727,41.0331356,28.9483698,3,,,,POINT (28.9483698 41.0331356)
6770468731,41.0338629,28.9479324,3,,,,POINT (28.9479324 41.0338629)
6770468739,41.0337389,28.9471333,3,,,,POINT (28.9471333 41.0337389)
6770468745,41.0336693,28.9478911,3,,,,POINT (28.9478911 41.0336693)
6772394615,41.0100329,28.9470976,3,,,,POINT (28.9470976 41.0100329)
6772394616,41.0100478,28.9470386,1,,,,POINT (28.9470386 41.0100478)
6772394619,41.0099423,28.9470061,1,,,,POINT (28.9470061 41.0099423)
6772394620,41.0099275,28.9470533,3,,,,POINT (28.9470533 41.0099275)
6772394622,41.0098787,28.9470328,3,crossing,,,POINT (28.9470328 41.0098787)
6779479319,41.0372075,28.9456552,4,,,tram_level_crossing,POINT (28.9456552 41.0372075)
6779632165,41.002139,28.9755225,3,,,,POINT (28.9755225 41.002139)
6779632168,41.0020273,28.9735056,4,crossing,,,POINT (28.9735056 41.0020273)
6787834092,41.017756,28.9673992,3,,,,POINT (28.9673992 41.017756)
6859766855,41.0058239,28.9799434,3,,,,POINT (28.9799434 41.0058239)
6875262837,41.0082634,28.9307829,3,,,,POINT (28.9307829 41.0082634)
6875262842,41.0080919,28.9305605,3,,,,POINT (28.9305605 41.0080919)
6875262843,41.0080838,28.9307816,3,,,,POINT (28.9307816 41.0080838)
6875262844,41.0082224,28.9305636,3,,,,POINT (28.9305636 41.0082224)
6875789325,41.0255724,28.9332015,3,,,,POINT (28.9332015 41.0255724)
6899538128,41.0037838,28.9709413,3,,,,POINT (28.9709413 41.0037838)
6903351874,41.014688,28.9774699,3,,,,POINT (28.9774699 41.014688)
6913927697,41.0312277,28.9397639,3,,,,POINT (28.9397639 41.0312277)
6913927701,41.0310581,28.9396632,3,,,,POINT (28.9396632 41.0310581)
6913927705,41.0308858,28.939557,3,,,,POINT (28.939557 41.0308858)
6913927706,41.0309363,28.9393746,1,,,,POINT (28.9393746 41.0309363)
6913927707,41.0310318,28.9399773,3,,,,POINT (28.9399773 41.0310318)
6913927713,41.0308392,28.9396079,3,,,,POINT (28.9396079 41.0308392)
6913927715,41.0307259,28.939388,1,,,,POINT (28.939388 41.0307259)
6913927716,41.0307057,28.9398091,1,,,,POINT (28.9398091 41.0307057)
6913927718,41.0310135,28.9396367,3,,,,POINT (28.9396367 41.0310135)
6913927720,41.0312094,28.939753,3,,,,POINT (28.939753 41.0312094)
6913927721,41.0313127,28.9400643,1,,,,POINT (28.9400643 41.0313127)
6913927728,41.0308777,28.939844,3,,,,POINT (28.939844 41.0308777)
6913927735,41.0311217,28.9397009,3,,,,POINT (28.9397009 41.0311217)
6913927736,41.0309424,28.9395945,3,,,,POINT (28.9395945 41.0309424)
6913927740,41.0310947,28.9397838,4,,,,POINT (28.9397838 41.0310947)
6974667608,41.0177894,28.9739567,3,,,,POINT (28.9739567 41.0177894)
6990259873,41.0160659,28.9709043,3,,,,POINT (28.9709043 41.0160659)
6990259874,41.0161734,28.9710135,4,,,,POINT (28.9710135 41.0161734)
6990259875,41.0167473,28.9717808,3,,,,POINT (28.9717808 41.0167473)
6990473847,41.0193069,28.947952,3,,,,POINT (28.947952 41.0193069)
6990473850,41.0207947,28.9493036,3,,,,POINT (28.9493036 41.0207947)
6990473851,41.0207175,28.9493801,1,,,,POINT (28.9493801 41.0207175)
6990473852,41.0208832,28.9507581,3,,,,POINT (28.9507581 41.0208832)
6990473853,41.0209004,28.9507412,3,,,,POINT (28.9507412 41.0209004)
6990473855,41.0206555,28.9503085,1,,,,POINT (28.9503085 41.0206555)
6990473856,41.0201183,28.9515226,3,,,,POINT (28.9515226 41.0201183)
6990550008,41.0177618,28.9523252,4,,,,POINT (28.9523252 41.0177618)
7104331583,41.0109225,28.964884,4,,,,POINT (28.964884 41.0109225)
7161873724,41.0136245,28.9694656,3,,,,POINT (28.9694656 41.0136245)
7203285031,40.9963594,28.9453499,3,,,,POINT (28.9453499 40.9963594)
7203285032,40.9964125,28.9447689,3,,,,POINT (28.9447689 40.9964125)
7203285033,40.9965281,28.9452768,3,,,,POINT (28.9452768 40.9965281)
7203285034,40.9977777,28.9460762,3,,,,POINT (28.9460762 40.9977777)
7203285035,40.9968231,28.946493,3,,,,POINT (28.946493 40.9968231)
7203285052,40.9963332,28.9466993,3,,,,POINT (28.9466993 40.9963332)
7203285053,40.9966763,28.9465557,3,,,,POINT (28.9465557 40.9966763)
7203285054,40.997051,28.9477232,4,,,,POINT (28.9477232 40.997051)
7203285055,40.9964271,28.9479887,3,,,,POINT (28.9479887 40.9964271)
7203285056,40.9972278,28.948463,4,,,,POINT (28.948463 40.9972278)
7203285057,40.9965504,28.9487674,3,,,,POINT (28.9487674 40.9965504)
7203285058,40.9985488,28.948612,3,,,,POINT (28.948612 40.9985488)
7203285059,40.9984065,28.9486712,3,,,,POINT (28.9486712 40.9984065)
7203285060,41.0002291,28.9448904,3,,,,POINT (28.9448904 41.0002291)
7203285061,41.0005424,28.9477649,4,,,,POINT (28.9477649 41.0005424)
7203285064,41.0007653,28.9486972,4,,,,POINT (28.9486972 41.0007653)
7203285067,40.9986482,28.9496013,3,,,,POINT (28.9496013 40.9986482)
7203285068,41.0008862,28.9476137,3,,,,POINT (28.9476137 41.0008862)
7203285069,41.0005511,28.9462233,4,,,,POINT (28.9462233 41.0005511)
7203285072,40.996819,28.9499045,3,,,,POINT (28.9499045 40.996819)
7203285073,40.9985242,28.9505183,4,,,,POINT (28.9505183 40.9985242)
7203285074,40.9978069,28.9508276,4,,,,POINT (28.9508276 40.9978069)
7203285075,40.9972238,28.9510817,3,,,,POINT (28.9510817 40.9972238)
7203285076,40.9990416,28.9520329,1,,,,POINT (28.9520329 40.9990416)
7203285077,40.9984729,28.952266,4,,,,POINT (28.952266 40.9984729)
7203285078,40.9981827,28.9523984,4,,,,POINT (28.9523984 40.9981827)
7203285079,40.9979039,28.9525225,3,,,,POINT (28.9525225 40.9979039)
7203309985,41.0006715,28.9477023,4,,,,POINT (28.9477023 41.0006715)
7203309986,40.9985003,28.9393624,1,,,,POINT (28.9393624 40.9985003)
7203309987,40.9968113,28.9428264,3,,,,POINT (28.9428264 40.9968113)
7229096723,41.0083109,28.9723605,4,,,,POINT (28.9723605 41.0083109)
7229102799,41.0103514,28.9451576,3,crossing,,,POINT (28.9451576 41.0103514)
7244872125,41.0197298,28.9518916,4,,,,POINT (28.9518916 41.0197298)
7244872126,41.0201513,28.9514896,3,,,,POINT (28.9514896 41.0201513)
7244872127,41.0199029,28.9510613,1,,,,POINT (28.9510613 41.0199029)
7354408153,41.0155351,28.9760178,4,crossing,,,POINT (28.9760178 41.0155351)
7363117193,41.0038126,28.93858,1,,,,POINT (28.93858 41.0038126)
7363133119,41.0034413,28.9379687,3,,,,POINT (28.9379687 41.0034413)
7363133128,41.0030518,28.9368763,1,,,,POINT (28.9368763 41.0030518)
7363187461,41.0044765,28.9363317,1,,,,POINT (28.9363317 41.0044765)
7363188297,41.0043629,28.9362799,3,,,,POINT (28.9362799 41.0043629)
7363391040,41.0041261,28.939199,3,,,,POINT (28.939199 41.0041261)
7363391077,41.004336,28.9399097,3,,,,POINT (28.9399097 41.004336)
7363391078,41.0041281,28.9400446,3,,,,POINT (28.9400446 41.0041281)
7363391081,41.0044746,28.9404153,3,,,,POINT (28.9404153 41.0044746)
7363391082,41.0040655,28.939807,1,,,,POINT (28.939807 41.0040655)
7479952225,41.0306569,28.9359107,3,,,,POINT (28.9359107 41.0306569)
7511103756,41.0023775,28.9648116,3,,,,POINT (28.9648116 41.0023775)
7511103770,41.0012219,28.9751439,3,,,,POINT (28.9751439 41.0012219)
7511103772,41.0011308,28.9777859,1,,,,POINT (28.9777859 41.0011308)
7511103773,41.0012044,28.975758,3,,,,POINT (28.975758 41.0012044)
7511103777,41.0015231,28.97648,4,mini_roundabout,,,POINT (28.97648 41.0015231)
7511103779,41.001669,28.9768591,3,,,,POINT (28.9768591 41.001669)
7511103780,41.0018445,28.9769974,3,,,,POINT (28.9769974 41.0018445)
7511103782,41.001822,28.9773263,1,,,,POINT (28.9773263 41.001822)
7511103784,41.0018048,28.9757849,3,,,,POINT (28.9757849 41.0018048)
7511154285,41.0014218,28.9760059,3,,,,POINT (28.9760059 41.0014218)
7511154286,41.0015048,28.975421,3,,,,POINT (28.975421 41.0015048)
7511154294,41.0011796,28.9764575,3,,,,POINT (28.9764575 41.0011796)
7511154295,41.0014545,28.9760608,3,,,,POINT (28.9760608 41.0014545)
7511154302,41.001825,28.9764997,4,,,,POINT (28.9764997 41.001825)
7511154358,41.0174136,28.9861295,3,,,,POINT (28.9861295 41.0174136)
7511154381,41.0166006,28.9846796,4,crossing,,,POINT (28.9846796 41.0166006)
7562871070,41.0227878,28.9624066,4,crossing,,,POINT (28.9624066 41.0227878)
7603105164,40.9986584,28.9329744,3,elevator,,,POINT (28.9329744 40.9986584)
7603105165,40.9985392,28.9329779,3,,,,POINT (28.9329779 40.9985392)
7603120095,40.9975119,28.9334213,3,,,,POINT (28.9334213 40.9975119)
7603120096,40.997544,28.9332488,1,,,,POINT (28.9332488 40.997544)
7603120099,40.9972193,28.933293,3,,,,POINT (28.933293 40.9972193)
7603120101,40.9972534,28.933121,1,,,,POINT (28.933121 40.9972534)
7603120102,40.996921,28.9331769,3,,,,POINT (28.9331769 40.996921)
7603120104,40.996966,28.9330054,1,,,,POINT (28.9330054 40.996966)
7603120106,40.9966574,28.9328806,1,,,,POINT (28.9328806 40.9966574)
7603120107,40.9963596,28.932941,3,,,,POINT (28.932941 40.9963596)
7603120109,40.9964175,28.9327646,1,,,,POINT (28.9327646 40.9964175)
7603120118,40.9950843,28.9307676,3,,,,POINT (28.9307676 40.9950843)
7603120119,40.9952936,28.9310251,3,,,,POINT (28.9310251 40.9952936)
7603120129,40.9948871,28.9312749,3,,,,POINT (28.9312749 40.9948871)
7603120130,40.9949708,28.9313902,3,,,,POINT (28.9313902 40.9949708)
7603120133,40.9954013,28.9318196,1,,,,POINT (28.9318196 40.9954013)
7603120134,40.9948293,28.9313375,1,,,,POINT (28.9313375 40.9948293)
7635347596,41.0204692,28.9642721,3,,,subway_entrance,POINT (28.9642721 41.0204692)
7703025819,41.0147839,28.9770508,3,,,,POINT (28.9770508 41.0147839)
7703025825,41.0137603,28.9779667,1,elevator,,,POINT (28.9779667 41.0137603)
7703025827,41.0136432,28.9779742,3,,,subway_entrance,POINT (28.9779742 41.0136432)
7703025837,41.0136027,28.9782009,3,,,,POINT (28.9782009 41.0136027)
7703025838,41.0136176,28.9779353,3,,,,POINT (28.9779353 41.0136176)
7703025843,41.0134921,28.9760207,1,elevator,,,POINT (28.9760207 41.0134921)
7711110249,41.0171482,28.9730911,4,,,,POINT (28.9730911 41.0171482)
7711133787,41.0081803,28.9750654,3,,,,POINT (28.9750654 41.0081803)
7711133828,41.0120253,28.9393256,4,,,,POINT (28.9393256 41.0120253)
7784110580,41.0056541,28.9510278,3,,,,POINT (28.9510278 41.0056541)
7784110582,41.00577,28.9517918,3,,,,POINT (28.9517918 41.00577)
7784110583,41.0056062,28.9518526,3,,,,POINT (28.9518526 41.0056062)
7784110584,41.0055628,28.9518688,3,,,,POINT (28.9518688 41.0055628)
7784124286,41.0054524,28.9511028,3,,,,POINT (28.9511028 41.0054524)
7784124288,41.0056193,28.9510407,3,,,,POINT (28.9510407 41.0056193)
7784124289,41.005529,28.9510743,3,,,,POINT (28.9510743 41.005529)
7784124290,41.0056794,28.9518254,3,,,,POINT (28.9518254 41.0056794)
7784124291,41.0057307,28.9513965,3,,,,POINT (28.9513965 41.0057307)
7784124292,41.0054824,28.9514893,4,,,,POINT (28.9514893 41.0054824)
7784124293,41.0056031,28.9514442,4,,,,POINT (28.9514442 41.0056031)
7784124294,41.0056726,28.9514182,4,elevator,,,POINT (28.9514182 41.0056726)
7784124295,41.0055461,28.9514655,4,elevator,,,POINT (28.9514655 41.0055461)
7784124296,41.0057017,28.9514573,3,,,,POINT (28.9514573 41.0057017)
7784124298,41.0057854,28.9517033,3,,,,POINT (28.9517033 41.0057854)
7784124300,41.0059415,28.9507065,1,,,,POINT (28.9507065 41.0059415)
7784124302,41.0059357,28.9503029,1,,,,POINT (28.9503029 41.0059357)
7784124305,41.0054602,28.9503445,1,,,,POINT (28.9503445 41.0054602)
7784124307,41.0054997,28.9507481,1,,,,POINT (28.9507481 41.0054997)
7784124310,41.0056784,28.9521203,1,,,,POINT (28.9521203 41.0056784)
7784124311,41.0058043,28.9520699,1,,,,POINT (28.9520699 41.0058043)
7784124312,41.005543,28.950778,1,,,,POINT (28.950778 41.005543)
7784124314,41.0054162,28.9508288,1,,,,POINT (28.9508288 41.0054162)
7784124316,41.0057136,28.9503223,3,,,,POINT (28.9503223 41.0057136)
7784124318,41.0057682,28.9509862,3,,,,POINT (28.9509862 41.0057682)
7784124319,41.0057302,28.9507264,4,,,,POINT (28.9507264 41.0057302)
7784124320,41.0057812,28.950357,1,elevator,,,POINT (28.950357 41.0057812)
7784124321,41.0057152,28.9503618,3,,,,POINT (28.9503618 41.0057152)
7784124322,41.0057283,28.9506807,3,,,,POINT (28.9506807 41.0057283)
7784124323,41.0056638,28.9506867,1,elevator,,,POINT (28.9506867 41.0056638)
7784124377,41.0049964,28.9516784,3,,,,POINT (28.9516784 41.0049964)
7784124381,41.005299,28.951558,4,,,,POINT (28.951558 41.005299)
7784124383,41.0053987,28.9519276,4,,,,POINT (28.9519276 41.0053987)
7784124385,41.0053081,28.9521837,3,,,,POINT (28.9521837 41.0053081)
7784124386,41.0053629,28.9524545,1,,,,POINT (28.9524545 41.0053629)
7784124387,41.0052278,28.9517732,3,,,,POINT (28.9517732 41.0052278)
7784124388,41.0052825,28.952044,1,,,,POINT (28.952044 41.0052825)
7784124389,41.0050173,28.950765,1,,,,POINT (28.950765 41.0050173)
7784124390,41.0050721,28.9510358,3,,,,POINT (28.9510358 41.0050721)
7784124391,41.0050977,28.9511755,1,,,,POINT (28.9511755 41.0050977)
7784124394,41.0052226,28.9515885,4,,,,POINT (28.9515885 41.0052226)
7784124397,41.0051517,28.9516168,4,,,,POINT (28.9516168 41.0051517)
7784124400,41.0052088,28.9515219,3,,,,POINT (28.9515219 41.0052088)
7784124404,41.0052411,28.9516769,3,,,,POINT (28.9516769 41.0052411)
7784124405,41.0051708,28.9517042,3,,,,POINT (28.9517042 41.0051708)
7784124409,41.0053011,28.9519643,3,,,,POINT (28.9519643 41.0053011)
7784231165,41.0127822,28.9597629,1,,,,POINT (28.9597629 41.0127822)
7784231167,41.0123134,28.959754,1,,,,POINT (28.959754 41.0123134)
7784231170,41.0122092,28.9597067,1,,,,POINT (28.9597067 41.0122092)
7784231172,41.0117754,28.9596995,1,,,,POINT (28.9596995 41.0117754)
7784231175,41.0120397,28.9597859,1,elevator,,,POINT (28.9597859 41.0120397)
7784240485,41.0115432,28.9593583,3,elevator,,,POINT (28.9593583 41.0115432)
7784240486,41.011588,28.9593602,3,elevator,,,POINT (28.9593602 41.011588)
7784240487,41.0116165,28.9593615,4,elevator,,,POINT (28.9593615 41.0116165)
7784240488,41.0116676,28.9593638,3,elevator,,,POINT (28.9593638 41.0116676)
7784240489,41.0116881,28.9593647,3,elevator,,,POINT (28.9593647 41.0116881)
7784240491,41.0115369,28.9593914,3,,,,POINT (28.9593914 41.0115369)
7784240495,41.0116751,28.9593936,4,,,,POINT (28.9593936 41.0116751)
7784240496,41.0115991,28.9593931,4,,,,POINT (28.9593931 41.0115991)
7784240500,41.0116352,28.9593168,3,,,,POINT (28.9593168 41.0116352)
7784240519,41.0119976,28.9597779,3,,,,POINT (28.9597779 41.0119976)
7784240529,41.012548,28.959663,3,,,,POINT (28.959663 41.012548)
7784240531,41.0124863,28.9597922,1,elevator,,,POINT (28.9597922 41.0124863)
7784240549,41.0125208,28.9594901,3,,,,POINT (28.9594901 41.0125208)
7784240552,41.0125802,28.9595695,3,,,,POINT (28.9595695 41.0125802)
7784240553,41.0126191,28.9595013,3,,,,POINT (28.9595013 41.0126191)
7784349197,41.0205519,28.9644793,4,,,,POINT (28.9644793 41.0205519)
7784349199,41.0204629,28.9646439,4,,,,POINT (28.9646439 41.0204629)
7784349202,41.0204049,28.9641818,3,,,,POINT (28.9641818 41.0204049)
7784349203,41.0202362,28.9645314,3,,,,POINT (28.9645314 41.0202362)
7784349204,41.0205053,28.9645654,3,elevator,,,POINT (28.9645654 41.0205053)
7784349205,41.0205325,28.9645937,3,,,,POINT (28.9645937 41.0205325)
7784349211,41.0205083,28.9643748,3,,,,POINT (28.9643748 41.0205083)
7784349212,41.0203706,28.9645847,4,,,,POINT (28.9645847 41.0203706)
7784349213,41.0204996,28.9643881,4,,,,POINT (28.9643881 41.0204996)
7784349214,41.0203636,28.9645991,3,,,,POINT (28.9645991 41.0203636)
7784349216,41.0202568,28.9645993,3,,,,POINT (28.9645993 41.0202568)
7810611470,41.0123757,28.9475673,1,,,,POINT (28.9475673 41.0123757)
7810611473,41.0123534,28.9475418,1,,,,POINT (28.9475418 41.0123534)
7810611475,41.0124905,28.9473787,3,,,,POINT (28.9473787 41.0124905)
7810651260,41.0178086,28.9387805,3,,,,POINT (28.9387805 41.0178086)
7810651261,41.0176562,28.9386378,3,,,,POINT (28.9386378 41.0176562)
7810651263,41.0177105,28.9387017,3,,,,POINT (28.9387017 41.0177105)
7810651264,41.0178525,28.9391988,1,,,,POINT (28.9391988 41.0178525)
7810651266,41.0177007,28.9389948,1,,,,POINT (28.9389948 41.0177007)
7810651270,41.0179121,28.9389026,3,,,,POINT (28.9389026 41.0179121)
7810651271,41.0178819,28.9389442,3,,,,POINT (28.9389442 41.0178819)
7810651273,41.0178191,28.9391569,1,elevator,,,POINT (28.9391569 41.0178191)
7810651274,41.0179243,28.9389944,3,,,,POINT (28.9389944 41.0179243)
7810651275,41.0178352,28.938889,3,,,,POINT (28.938889 41.0178352)
7810651276,41.0177348,28.9390376,1,elevator,,,POINT (28.9390376 41.0177348)
7810669794,41.0182438,28.9389441,4,,,,POINT (28.9389441 41.0182438)
7810707018,41.0243742,28.9298841,3,,,,POINT (28.9298841 41.0243742)
7810707022,41.0242812,28.9298973,3,,,,POINT (28.9298973 41.0242812)
7810707023,41.0243278,28.9299525,3,,,,POINT (28.9299525 41.0243278)
7810707024,41.0243702,28.9300027,3,,,,POINT (28.9300027 41.0243702)
7810707027,41.0242627,28.9301665,1,elevator,,,POINT (28.9301665 41.0242627)
7810707029,41.0240374,28.9294613,3,elevator,,,POINT (28.9294613 41.0240374)
7810707030,41.0242973,28.93021,1,,,,POINT (28.93021 41.0242973)
7810707031,41.0241373,28.9300125,1,,,,POINT (28.9300125 41.0241373)
7810707038,41.0241276,28.929199,3,,,,POINT (28.929199 41.0241276)
7810707040,41.0239102,28.9296197,3,,,,POINT (28.9296197 41.0239102)
7810707041,41.0240025,28.9294096,3,,,,POINT (28.9294096 41.0240025)
7837498105,41.0094616,28.9654263,5,,,,POINT (28.9654263 41.0094616)
7837498110,41.0090119,28.9671287,4,,,,POINT (28.9671287 41.0090119)
8021803393,41.0181737,28.9275724,4,crossing,,,POINT (28.9275724 41.0181737)
8021803395,41.018269,28.9275689,3,crossing,,,POINT (28.9275689 41.018269)
8025543155,41.0119808,28.978847,3,,,,POINT (28.978847 41.0119808)
8025543156,41.0124018,28.9789631,4,,,,POINT (28.9789631 41.0124018)
8025543157,41.0122913,28.9794004,3,,,,POINT (28.9794004 41.0122913)
8025543158,41.0120481,28.9784383,3,,,,POINT (28.9784383 41.0120481)
8071754794,41.0093031,28.928445,3,,,,POINT (28.928445 41.0093031)
8071755855,41.0121062,28.930874,1,,,,POINT (28.930874 41.0121062)
8123323573,41.0066849,28.9764183,1,,,,POINT (28.9764183 41.0066849)
8127024649,41.0359014,28.9433536,1,,,,POINT (28.9433536 41.0359014)
8186776145,41.0174932,28.9737753,1,,,,POINT (28.9737753 41.0174932)
8186776146,41.0174627,28.9739612,3,,,,POINT (28.9739612 41.0174627)
8186776147,41.0173689,28.9737484,1,,,,POINT (28.9737484 41.0173689)
8186776148,41.0173508,28.9739272,3,,,,POINT (28.9739272 41.0173508)
8186776152,41.0175564,28.9731662,4,,,,POINT (28.9731662 41.0175564)
8186776153,41.0175416,28.9733372,1,,,,POINT (28.9733372 41.0175416)
8186776154,41.0173991,28.9731437,4,,,,POINT (28.9731437 41.0173991)
8186776155,41.0174125,28.9729765,1,,,,POINT (28.9729765 41.0174125)
8186776156,41.017572,28.9729867,1,,,,POINT (28.9729867 41.017572)
8186776157,41.0173841,28.9733322,1,,,,POINT (28.9733322 41.0173841)
8225582112,41.0391004,28.9449768,4,,,,POINT (28.9449768 41.0391004)
8238726485,41.0214211,28.9267214,3,,,,POINT (28.9267214 41.0214211)
8321180974,41.0023121,28.9369468,4,,,,POINT (28.9369468 41.0023121)
8398245716,41.0001966,28.9437369,3,,,,POINT (28.9437369 41.0001966)
8398252624,41.0004566,28.9454049,3,,,,POINT (28.9454049 41.0004566)
8408793393,41.0026476,28.9547133,1,,,,POINT (28.9547133 41.0026476)
8408793399,41.0028759,28.9546258,3,,,,POINT (28.9546258 41.0028759)
8408793407,41.0036213,28.9540895,3,,,,POINT (28.9540895 41.0036213)
8408793410,41.0034237,28.9535255,4,,,,POINT (28.9535255 41.0034237)
8408812524,41.0026899,28.9641751,3,,,,POINT (28.9641751 41.0026899)
8408812525,41.0025688,28.964164,3,,,,POINT (28.964164 41.0025688)
8408812528,41.0031192,28.9641694,3,,,,POINT (28.9641694 41.0031192)
8408812532,41.0023533,28.9643109,3,,,,POINT (28.9643109 41.0023533)
8408817998,41.0026311,28.9524824,3,,,,POINT (28.9524824 41.0026311)
8408817999,41.0028333,28.9529034,3,,,,POINT (28.9529034 41.0028333)
8408818004,41.0029752,28.9528443,3,,,,POINT (28.9528443 41.0029752)
8408827524,41.0050524,28.9533956,3,,,,POINT (28.9533956 41.0050524)
8408827531,41.0038815,28.9543993,3,,,,POINT (28.9543993 41.0038815)
8408827533,41.0040276,28.9542999,3,,,,POINT (28.9542999 41.0040276)
8431186608,41.005564,28.9588114,3,,,,POINT (28.9588114 41.005564)
8431186612,41.0117768,28.9517195,3,,,,POINT (28.9517195 41.0117768)
8441397203,41.0029806,28.9763922,3,,,,POINT (28.9763922 41.0029806)
8441397216,41.0099661,28.9674129,1,,,,POINT (28.9674129 41.0099661)
8490013627,41.0105039,28.935209,4,,,,POINT (28.935209 41.0105039)
8490013628,41.0110469,28.9338638,4,,,,POINT (28.9338638 41.0110469)
8490013629,41.011044,28.9345593,4,,,,POINT (28.9345593 41.011044)
8490013630,41.0110024,28.9351983,4,,,,POINT (28.9351983 41.0110024)
8514450047,41.0080205,28.9376518,3,,,,POINT (28.9376518 41.0080205)
8518356721,41.0136077,28.9648038,3,,,,POINT (28.9648038 41.0136077)
8533166420,41.0003882,28.9424625,5,,,,POINT (28.9424625 41.0003882)
8533166426,41.0005956,28.940956,1,,,,POINT (28.940956 41.0005956)
8533166427,40.999488,28.9405307,3,,,,POINT (28.9405307 40.999488)
8533166428,40.9999436,28.9424156,3,,,,POINT (28.9424156 40.9999436)
8533166429,40.9996582,28.9404525,3,,,,POINT (28.9404525 40.9996582)
8533166430,41.0001317,28.9424091,3,,,,POINT (28.9424091 41.0001317)
8533166431,40.9997841,28.9403946,3,,,,POINT (28.9403946 40.9997841)
8533166432,41.0002416,28.9424038,3,,,,POINT (28.9424038 41.0002416)
8533166433,40.9998953,28.9403435,3,,,,POINT (28.9403435 40.9998953)
8533166435,40.9999839,28.9403027,3,,,,POINT (28.9403027 40.9999839)
8533166436,41.0005433,28.9425097,3,,,,POINT (28.9425097 41.0005433)
8533166437,41.0001116,28.940244,3,,,,POINT (28.940244 41.0001116)
8533166438,41.0004431,28.9415742,1,,,,POINT (28.9415742 41.0004431)
8533166439,41.0002293,28.9401899,3,,,,POINT (28.9401899 41.0002293)
8533166440,41.0005112,28.9413512,1,,,,POINT (28.9413512 41.0005112)
8569809542,41.0148351,28.9698078,3,,,,POINT (28.9698078 41.0148351)
8569809545,41.0153386,28.9701126,1,,,,POINT (28.9701126 41.0153386)
8602030539,41.0149592,28.9756419,3,,,,POINT (28.9756419 41.0149592)
8602030540,41.0149508,28.9756683,4,crossing,,,POINT (28.9756683 41.0149508)
8602030543,41.0149311,28.9757301,3,,,,POINT (28.9757301 41.0149311)
8602030544,41.0149495,28.9757411,1,,,,POINT (28.9757411 41.0149495)
8602030545,41.0155439,28.9759842,3,,,,POINT (28.9759842 41.0155439)
8602030547,41.0155309,28.9763696,3,,,,POINT (28.9763696 41.0155309)
8602030550,41.0155053,28.9761975,4,crossing,,,POINT (28.9761975 41.0155053)
8602030551,41.015515,28.9760944,3,,,,POINT (28.9760944 41.015515)
8602030552,41.0154967,28.9760849,1,,,,POINT (28.9760849 41.0154967)
8602030557,41.0148851,28.9758567,4,,,,POINT (28.9758567 41.0148851)
8602030559,41.0149003,28.9758267,4,crossing,,,POINT (28.9758267 41.0149003)
8602032994,41.0118737,28.9783428,1,,,,POINT (28.9783428 41.0118737)
8602032995,41.0118489,28.9783361,3,,,,POINT (28.9783361 41.0118489)
8602032998,41.0118571,28.978303,5,crossing,,,POINT (28.978303 41.0118571)
8602033002,41.0124071,28.9784901,3,,,,POINT (28.9784901 41.0124071)
8602033003,41.0123914,28.9784912,1,,,,POINT (28.9784912 41.0123914)
8602048856,41.008152,28.9754803,3,,,,POINT (28.9754803 41.008152)
8602048866,41.0081605,28.9752134,1,,,,POINT (28.9752134 41.0081605)
8602048869,41.0081082,28.9752095,1,,,,POINT (28.9752095 41.0081082)
8602048874,41.0080968,28.9758696,1,,,,POINT (28.9758696 41.0080968)
8602048878,41.0080472,28.9758674,1,,,,POINT (28.9758674 41.0080472)
8602048879,41.0080446,28.9758868,3,,,,POINT (28.9758868 41.0080446)
8602048880,41.0080946,28.9758939,3,,,,POINT (28.9758939 41.0080946)
8602048881,41.0081113,28.9758967,3,,,,POINT (28.9758967 41.0081113)
8602048882,41.0081773,28.9751859,3,,,,POINT (28.9751859 41.0081773)
8602063912,41.0089103,28.9669991,1,,,,POINT (28.9669991 41.0089103)
8602063913,41.0089712,28.9670264,1,,,,POINT (28.9670264 41.0089712)
8602063914,41.0089525,28.9671106,3,,,,POINT (28.9671106 41.0089525)
8602063915,41.0090442,28.9670361,1,,,,POINT (28.9670361 41.0090442)
8602063916,41.009163,28.9663683,1,,,,POINT (28.9663683 41.009163)
8602077953,41.0085117,28.9707471,3,,,,POINT (28.9707471 41.0085117)
8602077954,41.0085083,28.970778,1,,,,POINT (28.970778 41.0085083)
8602077955,41.0084274,28.9707667,1,,,,POINT (28.9707667 41.0084274)
8602077956,41.0084283,28.9707375,3,,,,POINT (28.9707375 41.0084283)
8602077957,41.0083738,28.9714875,1,,,,POINT (28.9714875 41.0083738)
8602077958,41.008366,28.9715847,5,crossing,,,POINT (28.9715847 41.008366)
8602077959,41.008464,28.9714681,1,,,,POINT (28.9714681 41.008464)
8602097517,41.0091701,28.9663322,3,,,,POINT (28.9663322 41.0091701)
8602097518,41.0089908,28.9662865,3,,,,POINT (28.9662865 41.0089908)
8602097519,41.0090862,28.9663415,1,,,,POINT (28.9663415 41.0090862)
8602097520,41.0090914,28.9663121,3,,,,POINT (28.9663121 41.0090914)
8602097521,41.0090243,28.9663307,1,,,,POINT (28.9663307 41.0090243)
8602097522,41.009029,28.9662962,3,,,,POINT (28.9662962 41.009029)
8602130219,41.0097736,28.9536302,3,,,,POINT (28.9536302 41.0097736)
8602130223,41.0089637,28.9536515,3,,,,POINT (28.9536515 41.0089637)
8602130224,41.0097059,28.9535297,3,crossing,,,POINT (28.9535297 41.0097059)
8602130227,41.0092498,28.9536496,4,crossing,,,POINT (28.9536496 41.0092498)
8602130228,41.0096429,28.9535325,3,,,,POINT (28.9535325 41.0096429)
8602130229,41.0096442,28.9536082,1,,,,POINT (28.9536082 41.0096442)
8602130230,41.0095312,28.9536416,1,,,,POINT (28.9536416 41.0095312)
8602130231,41.0095449,28.9535352,3,,,,POINT (28.9535352 41.0095449)
8602137059,41.0094126,28.950042,3,,,,POINT (28.950042 41.0094126)
8602138601,41.0108953,28.9434849,1,,,,POINT (28.9434849 41.0108953)
8602138602,41.0108884,28.943505,3,,,,POINT (28.943505 41.0108884)
8609065262,41.0169678,28.9231797,1,,,,POINT (28.9231797 41.0169678)
8609065270,41.0170768,28.9232439,1,,,,POINT (28.9232439 41.0170768)
8609065271,41.0168894,28.9239482,3,,,,POINT (28.9239482 41.0168894)
8609065272,41.0170529,28.9233337,4,,,,POINT (28.9233337 41.0170529)
8609065277,41.0177076,28.9239145,3,,,,POINT (28.9239145 41.0177076)
8609065282,41.0169272,28.9238063,3,,,,POINT (28.9238063 41.0169272)
8609065283,41.0176151,28.9238669,1,,,,POINT (28.9238669 41.0176151)
8609065288,41.0175641,28.9237198,1,,,,POINT (28.9237198 41.0175641)
8609065289,41.0174541,28.9237901,1,,,,POINT (28.9237901 41.0174541)
8609065302,41.0175055,28.9239311,1,,,,POINT (28.9239311 41.0175055)
8609065303,41.0174708,28.9240598,3,,,,POINT (28.9240598 41.0174708)
8609065304,41.0175962,28.9235952,3,,,,POINT (28.9235952 41.0175962)
8609065305,41.0174239,28.9235123,3,,,,POINT (28.9235123 41.0174239)
8609065306,41.0172962,28.9239783,3,,,,POINT (28.9239783 41.0172962)
8609065307,41.0173608,28.9237425,3,,,,POINT (28.9237425 41.0173608)
8613343973,41.0192713,28.9489432,3,,,,POINT (28.9489432 41.0192713)
8613343979,41.0192448,28.9491384,3,,,,POINT (28.9491384 41.0192448)
8613343985,41.0193984,28.9489786,3,,,,POINT (28.9489786 41.0193984)
8613343990,41.0194825,28.9488863,3,,,,POINT (28.9488863 41.0194825)
8613343992,41.019152,28.9492306,4,,,,POINT (28.9492306 41.019152)
8613343995,41.0193662,28.9491695,3,,,,POINT (28.9491695 41.0193662)
8613343996,41.0192115,28.9488198,3,,,,POINT (28.9488198 41.0192115)
8613343997,41.0193638,28.9486671,3,,,,POINT (28.9486671 41.0193638)
8613343998,41.0190314,28.9490004,3,,,,POINT (28.9490004 41.0190314)
8613343999,41.019585,28.9484454,3,,,,POINT (28.9484454 41.019585)
8613344000,41.0184339,28.9495994,3,,,,POINT (28.9495994 41.0184339)
8613344001,41.018828,28.9492044,4,,,,POINT (28.9492044 41.018828)
8613399322,41.0187876,28.9495928,3,,,,POINT (28.9495928 41.0187876)
8613399325,41.0186714,28.9497069,3,,,,POINT (28.9497069 41.0186714)
8613399336,41.0187731,28.9497278,3,,,,POINT (28.9497278 41.0187731)
8613399342,41.01856,28.9498162,3,,,,POINT (28.9498162 41.01856)
8613399343,41.0186869,28.9495756,3,,,,POINT (28.9495756 41.0186869)
8613399344,41.0186072,28.9494255,3,,,,POINT (28.9494255 41.0186072)
8613399364,41.020969,28.9496278,3,,,,POINT (28.9496278 41.020969)
8613399365,41.0207983,28.9498067,3,,,,POINT (28.9498067 41.0207983)
8613399367,41.0206695,28.949929,3,,,,POINT (28.949929 41.0206695)
8613399372,41.0206871,28.9497814,3,,,,POINT (28.9497814 41.0206871)
8613399384,41.020612,28.9496459,1,,,,POINT (28.9496459 41.020612)
8613399385,41.0201922,28.9504274,3,,,,POINT (28.9504274 41.0201922)
8613399388,41.0201777,28.9500765,1,,,,POINT (28.9500765 41.0201777)
8613399389,41.0204502,28.9505398,3,,,,POINT (28.9505398 41.0204502)
8613399390,41.0203089,28.9503072,4,,,,POINT (28.9503072 41.0203089)
8613399391,41.0200847,28.9505435,3,,,,POINT (28.9505435 41.0200847)
8613399392,41.0196011,28.9510108,3,,,,POINT (28.9510108 41.0196011)
8613399395,41.0193746,28.9512446,3,,,,POINT (28.9512446 41.0193746)
8613399396,41.0194645,28.9511422,3,,,,POINT (28.9511422 41.0194645)
8613399401,41.0194992,28.9509824,3,,,,POINT (28.9509824 41.0194992)
8613399409,41.0195855,28.9511748,3,,,,POINT (28.9511748 41.0195855)
8613399415,41.0194231,28.9508286,1,,,,POINT (28.9508286 41.0194231)
8613399416,41.0196652,28.9513272,3,,,,POINT (28.9513272 41.0196652)
8613399417,41.019509,28.9514847,3,,,,POINT (28.9514847 41.019509)
8613399418,41.0211084,28.9498741,3,,,,POINT (28.9498741 41.0211084)
8613399419,41.0206635,28.9503233,4,,,,POINT (28.9503233 41.0206635)
8613399420,41.019913,28.9510787,4,,,,POINT (28.9510787 41.019913)
8623029392,41.0151225,28.9337271,1,,,,POINT (28.9337271 41.0151225)
8623029393,41.0151165,28.9337386,3,,,,POINT (28.9337386 41.0151165)
8623029394,41.0150161,28.933654,3,,,,POINT (28.933654 41.0150161)
8623029395,41.0150272,28.9336336,1,,,,POINT (28.9336336 41.0150272)
8623029396,41.01542,28.9331138,1,,,,POINT (28.9331138 41.01542)
8623029397,41.0153247,28.9330203,1,,,,POINT (28.9330203 41.0153247)
8623029398,41.0155175,28.9330569,3,crossing,,,POINT (28.9330569 41.0155175)
8623029399,41.0153223,28.9328896,3,crossing,,,POINT (28.9328896 41.0153223)
8623029400,41.0153726,28.9329299,3,,,,POINT (28.9329299 41.0153726)
8623029403,41.0154686,28.9330155,3,,,,POINT (28.9330155 41.0154686)
8623037792,41.0181985,28.9273581,1,,,,POINT (28.9273581 41.0181985)
8623037795,41.0181207,28.9275309,3,,,,POINT (28.9275309 41.0181207)
8623037798,41.0181215,28.927299,1,,,,POINT (28.927299 41.0181215)
8623037801,41.0180413,28.9274641,3,,,,POINT (28.9274641 41.0180413)
8647419710,41.024813,28.9493398,3,,,,POINT (28.9493398 41.024813)
8647443742,41.025431,28.9505031,3,,,,POINT (28.9505031 41.025431)
8647481290,41.0253002,28.9502584,3,,,,POINT (28.9502584 41.0253002)
8647481292,41.0260545,28.9516896,3,,,,POINT (28.9516896 41.0260545)
8647507230,41.0229714,28.9511261,3,,,,POINT (28.9511261 41.0229714)
8647507323,41.0265468,28.9522384,3,,,,POINT (28.9522384 41.0265468)
8647507324,41.026604,28.9523329,3,,,,POINT (28.9523329 41.026604)
8647519029,41.0136917,28.9557091,3,,,,POINT (28.9557091 41.0136917)
8647519030,41.0135425,28.9559697,4,crossing,,,POINT (28.9559697 41.0135425)
8647533647,41.0149692,28.9542955,3,,,,POINT (28.9542955 41.0149692)
8647533649,41.0146066,28.954795,4,crossing,,,POINT (28.954795 41.0146066)
8647533653,41.0139942,28.956011,3,,,,POINT (28.956011 41.0139942)
8647540244,41.021987,28.9537321,4,,,,POINT (28.9537321 41.021987)
8647540254,41.0164499,28.9544784,3,,,,POINT (28.9544784 41.0164499)
8647597695,41.0146523,28.9546772,4,crossing,,,POINT (28.9546772 41.0146523)
8647597705,41.0148766,28.9561035,4,,,,POINT (28.9561035 41.0148766)
8699195525,41.0031798,28.9739109,3,,,,POINT (28.9739109 41.0031798)
8699195529,41.0022626,28.9737367,3,,,,POINT (28.9737367 41.0022626)
8699195532,41.0022545,28.9752664,3,,,,POINT (28.9752664 41.0022545)
8699195533,41.0022013,28.9736332,3,,,,POINT (28.9736332 41.0022013)
8699195534,41.0022421,28.9737,4,crossing,,,POINT (28.9737 41.0022421)
8699195538,41.0020522,28.9752944,4,crossing,,,POINT (28.9752944 41.0020522)
8699195540,41.001978,28.9735113,4,,,,POINT (28.9735113 41.001978)
8699195541,41.0019391,28.972724,4,crossing,,,POINT (28.972724 41.0019391)
8699195549,41.0020378,28.9693479,3,,,,POINT (28.9693479 41.0020378)
8699195550,41.0019743,28.9693138,3,,,,POINT (28.9693138 41.0019743)
8699195556,41.0011452,28.977393,3,,,,POINT (28.977393 41.0011452)
8699238717,40.9985138,28.9540534,3,,,,POINT (28.9540534 40.9985138)
8699238721,41.0019941,28.9388585,3,,,,POINT (28.9388585 41.0019941)
8699238723,41.0019681,28.9392199,1,elevator,,,POINT (28.9392199 41.0019681)
8699238724,41.002406,28.9391022,3,,,,POINT (28.9391022 41.002406)
8702471395,40.9948619,28.9313016,4,crossing,,,POINT (28.9313016 40.9948619)
8702502533,41.0151291,28.964561,3,,,,POINT (28.964561 41.0151291)
8702502534,41.0151174,28.964781,1,,,,POINT (28.964781 41.0151174)
8702502535,41.015111,28.9648574,1,,,,POINT (28.9648574 41.015111)
8702502539,41.0155941,28.965238,3,,,,POINT (28.965238 41.0155941)
8702502540,41.0153936,28.9649477,3,,,,POINT (28.9649477 41.0153936)
8702502542,41.0153497,28.964875,3,,,,POINT (28.964875 41.0153497)
8702517527,41.0119138,28.9485351,4,,,,POINT (28.9485351 41.0119138)
8702517531,41.0137895,28.9455545,3,crossing,,,POINT (28.9455545 41.0137895)
8729332140,41.0225025,28.9616869,3,,,,POINT (28.9616869 41.0225025)
8729332144,41.0223336,28.9615907,3,,,,POINT (28.9615907 41.0223336)
8729332145,41.0222193,28.9619058,4,crossing,,,POINT (28.9619058 41.0222193)
8758745396,41.040363,28.9442348,4,,,,POINT (28.9442348 41.040363)
8758745399,41.0398217,28.944258,3,,,,POINT (28.944258 41.0398217)
8760386652,41.0402499,28.9446542,3,,,,POINT (28.9446542 41.0402499)
8760386655,41.0404384,28.9448654,3,,,,POINT (28.9448654 41.0404384)
8760386658,41.0399784,28.9446545,4,,,,POINT (28.9446545 41.0399784)
8760386661,41.0397947,28.9448803,3,,,,POINT (28.9448803 41.0397947)
8760386664,41.0397945,28.945265,3,,,,POINT (28.945265 41.0397945)
8760386665,41.0400567,28.944879,3,,,,POINT (28.944879 41.0400567)
8760386669,41.0402415,28.9449753,3,,,,POINT (28.9449753 41.0402415)
8760386674,41.0399707,28.9451574,3,,,,POINT (28.9451574 41.0399707)
8760386677,41.0393943,28.9455068,3,,,,POINT (28.9455068 41.0393943)
8760386678,41.0391733,28.945648,1,,,,POINT (28.945648 41.0391733)
8760386679,41.0392711,28.9452846,3,,,,POINT (28.9452846 41.0392711)
8760386683,41.0396051,28.9444544,4,,,,POINT (28.9444544 41.0396051)
8760386696,41.0371985,28.9462219,3,,,,POINT (28.9462219 41.0371985)
8760386709,41.0369918,28.9464638,3,,,,POINT (28.9464638 41.0369918)
8760386715,41.0367903,28.9467092,3,,,,POINT (28.9467092 41.0367903)
8777869986,40.9982536,28.9480363,3,,,,POINT (28.9480363 40.9982536)
8782021576,41.0265878,28.9582292,3,,,,POINT (28.9582292 41.0265878)
8916085599,41.0192775,28.925313,4,crossing,,,POINT (28.925313 41.0192775)
8978073974,41.0153781,28.9330573,1,,,,POINT (28.9330573 41.0153781)
8978073975,41.0154198,28.9329711,3,,,,POINT (28.9329711 41.0154198)
8978073978,41.0150806,28.9336706,1,,,,POINT (28.9336706 41.0150806)
8978073981,41.0150679,28.933697,3,,,,POINT (28.933697 41.0150679)
8978074014,41.0158402,28.9398038,3,,,,POINT (28.9398038 41.0158402)
8978074016,41.0157858,28.9399538,3,,,,POINT (28.9399538 41.0157858)
8980225321,41.0125472,28.959677,3,,,,POINT (28.959677 41.0125472)
9023659780,41.0055084,28.9362579,3,,,,POINT (28.9362579 41.0055084)
9023919976,41.0195937,28.9474811,4,crossing,,,POINT (28.9474811 41.0195937)
9038886716,41.0116478,28.9408009,1,,,,POINT (28.9408009 41.0116478)
9038926420,41.0115773,28.9409591,3,,,,POINT (28.9409591 41.0115773)
9038926422,41.011473,28.9408968,3,crossing,,,POINT (28.9408968 41.011473)
9038926423,41.0120899,28.9400897,3,crossing,,,POINT (28.9400897 41.0120899)
9038926426,41.0117884,28.9398601,3,crossing,,,POINT (28.9398601 41.0117884)
9038926427,41.0120005,28.9399979,3,crossing,,,POINT (28.9399979 41.0120005)
9038926428,41.0119511,28.9400988,1,,,,POINT (28.9400988 41.0119511)
9040148772,41.0096436,28.9594665,1,,,,POINT (28.9594665 41.0096436)
9040148774,41.009564,28.959462,1,,,,POINT (28.959462 41.009564)
9040148777,41.0084393,28.9705929,3,,,,POINT (28.9705929 41.0084393)
9040148784,41.0123909,28.9784388,3,,,,POINT (28.9784388 41.0123909)
9040148786,41.0147478,28.9757879,4,crossing,,,POINT (28.9757879 41.0147478)
9122781281,41.0060538,28.9508308,3,,,,POINT (28.9508308 41.0060538)
9122781283,41.005659,28.9517551,3,,,,POINT (28.9517551 41.005659)
9122781284,41.0058707,28.9532772,4,,,,POINT (28.9532772 41.0058707)
9123139427,41.017175,28.971436,3,,,,POINT (28.971436 41.017175)
9123139429,41.0173176,28.9716244,3,,,,POINT (28.9716244 41.0173176)
9123139433,41.0103495,28.9696269,4,,,,POINT (28.9696269 41.0103495)
9170636520,41.0017357,28.9441313,3,,,,POINT (28.9441313 41.0017357)
9170643994,41.0005611,28.9436815,3,,,,POINT (28.9436815 41.0005611)
9170643995,41.0005393,28.9437552,3,,,,POINT (28.9437552 41.0005393)
9188247766,41.0100944,28.9471234,3,crossing,,,POINT (28.9471234 41.0100944)
9231261311,41.0003508,28.9434409,3,,,,POINT (28.9434409 41.0003508)
9231297920,41.0018957,28.9432245,3,,,,POINT (28.9432245 41.0018957)
9336619514,41.0244734,28.9597452,3,,,,POINT (28.9597452 41.0244734)
9336636620,41.0241421,28.9601536,4,crossing,,,POINT (28.9601536 41.0241421)
9336636636,41.0245925,28.9600682,4,,,,POINT (28.9600682 41.0245925)
9336636662,41.0226166,28.9610359,4,crossing,,,POINT (28.9610359 41.0226166)
9336636669,41.0220847,28.9615605,4,crossing,,,POINT (28.9615605 41.0220847)
9336636683,41.0216998,28.9621054,3,,,,POINT (28.9621054 41.0216998)
9336636705,41.0282759,28.9555175,3,crossing,,,POINT (28.9555175 41.0282759)
9336636706,41.0282053,28.9555135,3,crossing,,,POINT (28.9555135 41.0282053)
9336729819,41.028567,28.9540296,3,,,,POINT (28.9540296 41.028567)
9336729824,41.0308898,28.9509781,3,crossing,,,POINT (28.9509781 41.0308898)
9336729842,41.0322473,28.9485654,3,,,,POINT (28.9485654 41.0322473)
9336729867,41.0347249,28.9473439,3,,,tram_level_crossing,POINT (28.9473439 41.0347249)
9336729872,41.0347872,28.9469765,3,,,,POINT (28.9469765 41.0347872)
9336729875,41.0347511,28.9476184,3,,,,POINT (28.9476184 41.0347511)
9336729879,41.0344328,28.9478142,3,,,,POINT (28.9478142 41.0344328)
9336729910,41.0337546,28.9487363,3,,,,POINT (28.9487363 41.0337546)
9336729916,41.0343128,28.9483735,3,,,,POINT (28.9483735 41.0343128)
9336729918,41.0335351,28.948968,3,,,,POINT (28.948968 41.0335351)
9368237172,41.0023681,28.9499321,1,,,,POINT (28.9499321 41.0023681)
9368237173,41.0029482,28.9502029,3,,,,POINT (28.9502029 41.0029482)
9368237182,41.0025639,28.947559,3,,,,POINT (28.947559 41.0025639)
9368237185,41.0025114,28.9472968,3,,,,POINT (28.9472968 41.0025114)
9368237191,41.0023681,28.9475811,3,,,,POINT (28.9475811 41.0023681)
9368237202,41.0040116,28.9464902,1,,,,POINT (28.9464902 41.0040116)
9368237205,41.0021673,28.9506837,3,,,,POINT (28.9506837 41.0021673)
9383461391,41.002075,28.9740757,3,,,,POINT (28.9740757 41.002075)
9426941364,41.0145832,28.9521278,3,,,,POINT (28.9521278 41.0145832)
9426941372,41.0141494,28.9521634,3,,,,POINT (28.9521634 41.0141494)
9454522792,41.0136867,28.9722614,3,,,,POINT (28.9722614 41.0136867)
9481680744,41.0037238,28.9534207,3,,,,POINT (28.9534207 41.0037238)
9481680750,41.0019942,28.9567002,1,,,,POINT (28.9567002 41.0019942)
9481680751,41.0019837,28.95672,3,,,,POINT (28.95672 41.0019837)
9481680752,41.0021032,28.9568141,1,,,,POINT (28.9568141 41.0021032)
9481680753,41.0020929,28.9568359,3,,,,POINT (28.9568359 41.0020929)
9492854445,41.0130988,28.9304728,3,,,,POINT (28.9304728 41.0130988)
9510989780,41.0140646,28.9798322,1,,,,POINT (28.9798322 41.0140646)
9510989781,41.0140451,28.9799011,4,,,,POINT (28.9799011 41.0140451)
9510989782,41.0136025,28.9810088,3,,,,POINT (28.9810088 41.0136025)
9521931482,41.0351779,28.9490964,3,,,,POINT (28.9490964 41.0351779)
9582311590,41.0396387,28.9448262,3,,,,POINT (28.9448262 41.0396387)
9585453855,41.0115173,28.9533817,3,,,,POINT (28.9533817 41.0115173)
9585453861,41.0149045,28.9543185,4,crossing,,,POINT (28.9543185 41.0149045)
9585453862,41.0152234,28.9530495,3,crossing,,,POINT (28.9530495 41.0152234)
9585453863,41.0149236,28.9528171,3,,,,POINT (28.9528171 41.0149236)
9585453867,41.0151553,28.9531386,4,crossing,,,POINT (28.9531386 41.0151553)
9585453868,41.015257,28.9534467,3,,,,POINT (28.9534467 41.015257)
9585453872,41.0156317,28.9534989,3,,,,POINT (28.9534989 41.0156317)
9585453879,41.014661,28.9548028,3,,,,POINT (28.9548028 41.014661)
9585453884,41.0143484,28.9545243,3,,,,POINT (28.9545243 41.0143484)
9585453885,41.0142741,28.9547289,3,,,,POINT (28.9547289 41.0142741)
9585453887,41.0140964,28.9542118,3,,,,POINT (28.9542118 41.0140964)
9585453889,41.0146131,28.9540155,3,,,,POINT (28.9540155 41.0146131)
9585453893,41.0149139,28.9542979,3,,,,POINT (28.9542979 41.0149139)
9585453899,41.0150421,28.9540993,3,,,,POINT (28.9540993 41.0150421)
9585453900,41.0154018,28.9534153,4,crossing,,,POINT (28.9534153 41.0154018)
9585453901,41.0154547,28.9532755,3,crossing,,,POINT (28.9532755 41.0154547)
9585453903,41.0147489,28.9538643,3,,,,POINT (28.9538643 41.0147489)
9585453905,41.0144928,28.9523855,3,,,,POINT (28.9523855 41.0144928)
9585453906,41.0149571,28.9550793,3,,,,POINT (28.9550793 41.0149571)
9654484530,41.0129542,28.9578604,3,crossing,,,POINT (28.9578604 41.0129542)
9654484531,41.0128667,28.957784,3,crossing,,,POINT (28.957784 41.0128667)
9655474517,41.0120491,28.9480673,3,,,,POINT (28.9480673 41.0120491)
9685132926,41.0125257,28.967491,3,,,,POINT (28.967491 41.0125257)
9685132929,41.0126253,28.9678978,3,,,,POINT (28.9678978 41.0126253)
9697608678,41.0210411,28.9277515,3,,,,POINT (28.9277515 41.0210411)
9716965040,41.0036715,28.9791629,3,,,,POINT (28.9791629 41.0036715)
9716965041,41.0031482,28.9641716,3,,,,POINT (28.9641716 41.0031482)
9716965042,41.0031495,28.9636677,3,,,,POINT (28.9636677 41.0031495)
9731716717,40.9925342,28.9233291,1,,,,POINT (28.9233291 40.9925342)
9731716719,40.9932096,28.9230938,4,,,,POINT (28.9230938 40.9932096)
9731716720,40.9933857,28.9237965,3,,,,POINT (28.9237965 40.9933857)
9731716723,40.9935471,28.9236875,1,,,,POINT (28.9236875 40.9935471)
9731716724,40.9938761,28.9233148,1,,,,POINT (28.9233148 40.9938761)
9731716725,40.9937375,28.9232893,3,,,,POINT (28.9232893 40.9937375)
9731716726,40.9937294,28.92322,3,,,,POINT (28.92322 40.9937294)
9731716727,40.9932542,28.9230811,3,,,,POINT (28.9230811 40.9932542)
9731716730,40.9925841,28.923312,4,,,,POINT (28.923312 40.9925841)
9731716732,40.9928567,28.9237076,1,,,,POINT (28.9237076 40.9928567)
9731716733,40.9928967,28.9232455,4,,,,POINT (28.9232455 40.9928967)
9731716734,40.9926579,28.9236897,4,,,,POINT (28.9236897 40.9926579)
9731716735,40.9926229,28.9237621,1,,,,POINT (28.9237621 40.9926229)
9731716737,40.9930515,28.9237649,1,,,,POINT (28.9237649 40.9930515)
9734606844,41.0312416,28.9481272,3,,,,POINT (28.9481272 41.0312416)
9739736343,41.002629,28.9641688,4,,,,POINT (28.9641688 41.002629)
9739736345,41.0026305,28.9636214,3,,,,POINT (28.9636214 41.0026305)
9739736360,41.0021843,28.9683633,3,,,,POINT (28.9683633 41.0021843)
9739736361,41.0021271,28.9683619,3,,,,POINT (28.9683619 41.0021271)
9739736362,41.0025872,28.9650457,3,,,,POINT (28.9650457 41.0025872)
9739736363,41.0023659,28.9650142,3,,,,POINT (28.9650142 41.0023659)
9739736364,41.0026171,28.9644669,3,,,,POINT (28.9644669 41.0026171)
9739736365,41.0025598,28.9644624,3,,,,POINT (28.9644624 41.0025598)
9739736370,41.00254,28.9646159,3,,,,POINT (28.9646159 41.00254)
9739736373,41.0023614,28.9644282,3,,,,POINT (28.9644282 41.0023614)
9741817082,41.0395176,28.9432956,3,crossing,,,POINT (28.9432956 41.0395176)
9741817088,41.0391406,28.9441829,3,,,,POINT (28.9441829 41.0391406)
9741817092,41.0393722,28.9443933,3,,,,POINT (28.9443933 41.0393722)
9741817094,41.0393006,28.9443292,3,,,,POINT (28.9443292 41.0393006)
9741817096,41.0342618,28.9477575,1,,,,POINT (28.9477575 41.0342618)
9741817099,41.0343324,28.9476811,3,,,,POINT (28.9476811 41.0343324)
9741817100,41.0342432,28.9475215,3,,,,POINT (28.9475215 41.0342432)
9741817101,41.0344042,28.9477595,3,,,,POINT (28.9477595 41.0344042)
9741817102,41.0343174,28.9478522,1,,,,POINT (28.9478522 41.0343174)
9741817103,41.0337905,28.9483696,1,,,,POINT (28.9483696 41.0337905)
9741817105,41.0336329,28.9481601,3,,,,POINT (28.9481601 41.0336329)
9741817108,41.0337389,28.9482793,1,,,,POINT (28.9482793 41.0337389)
9741817109,41.0337163,28.9483021,3,,,,POINT (28.9483021 41.0337163)
9741817111,41.0284695,28.9549239,3,,,,POINT (28.9549239 41.0284695)
9741817116,41.0285696,28.9549217,1,,,,POINT (28.9549217 41.0285696)
9741820094,41.0244754,28.9600197,1,,,,POINT (28.9600197 41.0244754)
9741820095,41.0245431,28.9599661,3,,,,POINT (28.9599661 41.0245431)
9741820098,41.0240616,28.9608857,3,,,,POINT (28.9608857 41.0240616)
9741820099,41.0239464,28.9606619,4,,,,POINT (28.9606619 41.0239464)
9741820103,41.0239584,28.9606504,1,,,,POINT (28.9606504 41.0239584)
9741820104,41.0239348,28.9604927,1,,,,POINT (28.9604927 41.0239348)
9741820107,41.0238833,28.9605357,3,,,,POINT (28.9605357 41.0238833)
9741824818,41.0284754,28.9548938,1,,,,POINT (28.9548938 41.0284754)
9741824819,41.028939,28.9540271,3,,,,POINT (28.9540271 41.028939)
9741824821,41.0286759,28.9541036,1,,,,POINT (28.9541036 41.0286759)
9741824824,41.0287876,28.953969,4,,,,POINT (28.953969 41.0287876)
9741824826,41.0286831,28.9540706,3,,,,POINT (28.9540706 41.0286831)
9741840924,41.0290751,28.9534803,3,,,,POINT (28.9534803 41.0290751)
9741840926,41.0372159,28.9454729,3,,,,POINT (28.9454729 41.0372159)
9750157231,40.988782,28.9223357,3,elevator,,,POINT (28.9223357 40.988782)
9750157238,40.9886855,28.9221616,3,,,,POINT (28.9221616 40.9886855)
9750157239,40.9888492,28.9225575,3,,,,POINT (28.9225575 40.9888492)
9750157241,40.9884936,28.9227635,3,,,,POINT (28.9227635 40.9884936)
9750157244,40.9984879,28.932738,3,,,,POINT (28.932738 40.9984879)
9750157264,40.9983263,28.9326174,3,,,,POINT (28.9326174 40.9983263)
9750157271,40.997364,28.9325433,3,,,,POINT (28.9325433 40.997364)
9750157272,40.9974036,28.9323966,3,,,,POINT (28.9323966 40.9974036)
9750157273,40.9980348,28.9326309,3,,,,POINT (28.9326309 40.9980348)
9750157274,40.9980327,28.9328217,3,,,,POINT (28.9328217 40.9980327)
9759266643,41.0141172,28.93671,3,,,,POINT (28.93671 41.0141172)
9759266646,41.0145428,28.9370141,3,,,,POINT (28.9370141 41.0145428)
9759266650,41.0149914,28.9366902,3,,,,POINT (28.9366902 41.0149914)
9759266651,41.0152182,28.9360951,3,,,,POINT (28.9360951 41.0152182)
9759266653,41.0154619,28.9362678,1,,,,POINT (28.9362678 41.0154619)
9759266654,41.0152468,28.93688,1,,,,POINT (28.93688 41.0152468)
9759280285,41.0144194,28.9360934,1,,,,POINT (28.9360934 41.0144194)
9759280287,41.014378,28.9360623,4,,,,POINT (28.9360623 41.014378)
9759334941,41.0151982,28.9368439,3,,,,POINT (28.9368439 41.0151982)
9759334942,41.0152275,28.9367819,1,,,,POINT (28.9367819 41.0152275)
9759363117,41.0148182,28.9359739,3,,,,POINT (28.9359739 41.0148182)
9759363119,41.0148776,28.9360782,3,,,,POINT (28.9360782 41.0148776)
9759363125,41.014638,28.9360972,1,,,,POINT (28.9360972 41.014638)
9759374947,41.0147472,28.9355623,1,,,,POINT (28.9355623 41.0147472)
9759399364,41.014594,28.936573,3,,,,POINT (28.936573 41.014594)
9759399366,41.0146784,28.9366264,3,,,,POINT (28.9366264 41.0146784)
9759399369,41.0145092,28.9364505,3,,,,POINT (28.9364505 41.0145092)
9759399370,41.0144992,28.9364431,1,,,,POINT (28.9364431 41.0144992)
9759399377,41.0145815,28.9363336,1,,,,POINT (28.9363336 41.0145815)
9759435823,41.0146703,28.935511,1,,,,POINT (28.935511 41.0146703)
9759474665,41.0141549,28.9366162,3,,,,POINT (28.9366162 41.0141549)
9760073416,41.0135143,28.9529087,3,,,,POINT (28.9529087 41.0135143)
9760089518,41.0135217,28.9529454,4,crossing,,,POINT (28.9529454 41.0135217)
9760089519,41.013536,28.9530353,3,crossing,,,POINT (28.9530353 41.013536)
9760089520,41.0138907,28.952898,1,,,,POINT (28.952898 41.0138907)
9760089521,41.0137756,28.9527902,3,,,,POINT (28.9527902 41.0137756)
9760089522,41.0138069,28.9528195,4,crossing,,,POINT (28.9528195 41.0138069)
9760089523,41.0138683,28.9528769,4,crossing,,,POINT (28.9528769 41.0138683)
9760089524,41.0168654,28.9507414,3,,,,POINT (28.9507414 41.0168654)
9760089527,41.0180923,28.9490124,3,crossing,,,POINT (28.9490124 41.0180923)
9760089529,41.0205189,28.9468362,3,,,,POINT (28.9468362 41.0205189)
9760089530,41.0204202,28.9466582,3,crossing,,,POINT (28.9466582 41.0204202)
9760089531,41.0204902,28.9467895,4,crossing,,,POINT (28.9467895 41.0204902)
9760089534,41.0225656,28.9443926,3,crossing,,,POINT (28.9443926 41.0225656)
9760089535,41.0226406,28.9444852,3,crossing,,,POINT (28.9444852 41.0226406)
9760089536,41.0233801,28.9431185,1,,,,POINT (28.9431185 41.0233801)
9760089537,41.0235288,28.9433251,1,,,,POINT (28.9433251 41.0235288)
9760089538,41.0234186,28.9431721,4,crossing,,,POINT (28.9431721 41.0234186)
9760089539,41.0234934,28.9432759,4,crossing,,,POINT (28.9432759 41.0234934)
9763759042,41.0187448,28.9678323,3,,,,POINT (28.9678323 41.0187448)
9763759043,41.0186394,28.9683846,3,,,,POINT (28.9683846 41.0186394)
9763759049,41.0180811,28.9708882,3,,,,POINT (28.9708882 41.0180811)
9774730707,41.0163643,28.9382902,3,,,,POINT (28.9382902 41.0163643)
9793516683,41.0073335,28.9541108,3,,,,POINT (28.9541108 41.0073335)
9793516684,41.0071832,28.9538119,3,,,,POINT (28.9538119 41.0071832)
9793516685,41.0072476,28.9536886,3,crossing,,,POINT (28.9536886 41.0072476)
9793516686,41.0073496,28.953572,3,,,,POINT (28.953572 41.0073496)
9797204119,41.0317902,28.9376341,3,,,,POINT (28.9376341 41.0317902)
9797231521,41.0299544,28.9506979,4,,,,POINT (28.9506979 41.0299544)
9809606562,41.0145193,28.9635797,4,,,,POINT (28.9635797 41.0145193)
9809606571,41.011719,28.9502536,3,,,,POINT (28.9502536 41.011719)
9809606573,41.0114502,28.9498526,3,,,,POINT (28.9498526 41.0114502)
9861029294,41.021122,28.9629982,1,,,,POINT (28.9629982 41.021122)
9861029299,41.0203965,28.9639756,4,,,,POINT (28.9639756 41.0203965)
9861029319,41.0200926,28.9643532,3,,,,POINT (28.9643532 41.0200926)
9950855808,41.0182073,28.9277047,4,crossing,,,POINT (28.9277047 41.0182073)
9950855809,41.0181134,28.9279792,3,crossing,,,POINT (28.9279792 41.0181134)
9950855810,41.0182383,28.9276201,3,,,,POINT (28.9276201 41.0182383)
9950855811,41.016488,28.9310304,3,crossing,,,POINT (28.9310304 41.016488)
9950855814,41.0157225,28.9328597,4,crossing,,,POINT (28.9328597 41.0157225)
9950855815,41.0156349,28.9330294,4,crossing,,,POINT (28.9330294 41.0156349)
9950866019,41.0124885,28.9384333,3,crossing,,,POINT (28.9384333 41.0124885)
9950866022,41.0127766,28.9386858,3,crossing,,,POINT (28.9386858 41.0127766)
9977580277,41.0142864,28.9583061,1,,,,POINT (28.9583061 41.0142864)
9977580280,41.0139542,28.9585688,3,,,,POINT (28.9585688 41.0139542)
9981973444,41.018805,28.9626535,3,,,,POINT (28.9626535 41.018805)
9981973445,41.0190486,28.9630113,3,,,,POINT (28.9630113 41.0190486)
9981973447,41.0185835,28.9629836,3,,,,POINT (28.9629836 41.0185835)
10061793524,41.0351926,28.9483012,1,,,,POINT (28.9483012 41.0351926)
10061793526,41.0349318,28.9485135,3,,,,POINT (28.9485135 41.0349318)
10061793527,41.0353141,28.948253,1,,,,POINT (28.948253 41.0353141)
10061793531,41.034918,28.9482054,3,,,,POINT (28.9482054 41.034918)
10061793532,41.0349401,28.9487437,3,,,,POINT (28.9487437 41.0349401)
10061793536,41.0355131,28.9483756,3,,,,POINT (28.9483756 41.0355131)
10061793538,41.0352122,28.94861,3,,,,POINT (28.94861 41.0352122)
10061793539,41.0354532,28.9490054,3,,,,POINT (28.9490054 41.0354532)
10061793542,41.0361958,28.9477001,3,,,,POINT (28.9477001 41.0361958)
10061793559,41.0382236,28.9462279,1,,,,POINT (28.9462279 41.0382236)
10066765424,41.0049649,28.9782841,3,,,,POINT (28.9782841 41.0049649)
10066765425,41.0050103,28.9782049,3,,,,POINT (28.9782049 41.0050103)
10068617931,41.0092778,28.9516143,6,,,,POINT (28.9516143 41.0092778)
10068617936,41.0082605,28.9492841,3,,,,POINT (28.9492841 41.0082605)
10068617968,41.011949,28.9533846,3,crossing,,,POINT (28.9533846 41.011949)
10068617973,41.0112181,28.9531624,3,,,,POINT (28.9531624 41.0112181)
10069899604,41.0082375,28.9508338,3,,,,POINT (28.9508338 41.0082375)
10069899615,41.0085077,28.9501603,3,,,,POINT (28.9501603 41.0085077)
10069944422,41.0085113,28.9502797,3,,,,POINT (28.9502797 41.0085113)
10069944425,41.0086099,28.9502761,1,,,,POINT (28.9502761 41.0086099)
10069944428,41.0020652,28.9459077,1,,,,POINT (28.9459077 41.0020652)
10069944439,41.0034962,28.9472352,1,,,,POINT (28.9472352 41.0034962)
10069944440,41.0030852,28.9493692,3,,,,POINT (28.9493692 41.0030852)
10069944444,41.0032552,28.9493692,3,,,,POINT (28.9493692 41.0032552)
10069944445,41.003015,28.9503487,4,,,,POINT (28.9503487 41.003015)
10069944452,41.0023555,28.938692,4,,,,POINT (28.938692 41.0023555)
10069944453,41.0023124,28.9386661,4,,,,POINT (28.9386661 41.0023124)
10069944494,41.0035773,28.9502001,3,,,,POINT (28.9502001 41.0035773)
10069944507,41.0031768,28.9495317,1,,,,POINT (28.9495317 41.0031768)
10073446335,41.0151069,28.9634281,3,,,,POINT (28.9634281 41.0151069)
10073446353,41.0157793,28.9655655,5,,,,POINT (28.9655655 41.0157793)
10073446364,41.0130141,28.9665098,3,,,,POINT (28.9665098 41.0130141)
10073446395,41.0159392,28.9669522,3,,,,POINT (28.9669522 41.0159392)
10073446401,41.0159271,28.9671717,3,,,,POINT (28.9671717 41.0159271)
10073446403,41.014778,28.9667217,3,,,,POINT (28.9667217 41.014778)
10073446404,41.014786,28.9673024,1,,,,POINT (28.9673024 41.014786)
10073446405,41.013531,28.9611893,3,,,,POINT (28.9611893 41.013531)
10073446412,41.0122578,28.9606458,1,,,,POINT (28.9606458 41.0122578)
10073446430,41.015738,28.9631299,3,,,,POINT (28.9631299 41.015738)
10073446433,41.0153272,28.9636417,3,,,,POINT (28.9636417 41.0153272)
10073446434,41.0155888,28.9639999,3,,,,POINT (28.9639999 41.0155888)
10073446437,41.0171537,28.9633748,3,,,,POINT (28.9633748 41.0171537)
10073446455,41.012089,28.9594381,3,crossing,,,POINT (28.9594381 41.012089)
10073446456,41.0120904,28.9591028,3,,,,POINT (28.9591028 41.0120904)
10073446479,41.0097922,28.9531771,4,crossing,,,POINT (28.9531771 41.0097922)
10073446480,41.0097707,28.9535258,3,,,,POINT (28.9535258 41.0097707)
10073446488,41.0096545,28.9529013,4,,,,POINT (28.9529013 41.0096545)
10073978940,41.0133566,28.9569521,3,,,,POINT (28.9569521 41.0133566)
10073978947,41.0132507,28.9568824,3,,,,POINT (28.9568824 41.0132507)
10073978948,41.0132818,28.9567585,3,crossing,,,POINT (28.9567585 41.0132818)
10073978949,41.0134209,28.9568136,3,crossing,,,POINT (28.9568136 41.0134209)
10073978955,41.013933,28.9559504,3,,,,POINT (28.9559504 41.013933)
10073978959,41.0115382,28.9554962,3,,,,POINT (28.9554962 41.0115382)
10073978967,41.0104779,28.9570589,3,,,,POINT (28.9570589 41.0104779)
10073978970,41.0096526,28.9573438,4,,,,POINT (28.9573438 41.0096526)
10073978973,41.0095088,28.9573571,4,,,,POINT (28.9573571 41.0095088)
10073978983,41.0116422,28.9544591,3,,,,POINT (28.9544591 41.0116422)
10074005020,41.0131254,28.9555522,3,,,,POINT (28.9555522 41.0131254)
10080670967,41.012128,28.9570958,3,,,,POINT (28.9570958 41.012128)
10080670968,41.0121488,28.9571143,3,,,,POINT (28.9571143 41.0121488)
10080670974,41.011824,28.9583047,3,,,,POINT (28.9583047 41.011824)
10080770619,41.0156038,28.9555858,3,,,,POINT (28.9555858 41.0156038)
10080770652,41.016623,28.956091,3,,,,POINT (28.956091 41.016623)
10080770706,41.0164865,28.954442,3,,,,POINT (28.954442 41.0164865)
10080770707,41.016784,28.9547367,3,,,,POINT (28.9547367 41.016784)
10080770713,41.0167378,28.955205,3,,,,POINT (28.955205 41.0167378)
10080802258,41.0095267,28.9553762,4,,,,POINT (28.9553762 41.0095267)
10080802262,41.0096632,28.9554529,4,,,,POINT (28.9554529 41.0096632)
10080802264,41.0096603,28.9556249,3,crossing,,,POINT (28.9556249 41.0096603)
10080802265,41.0095256,28.9556182,3,crossing,,,POINT (28.9556182 41.0095256)
10080802277,41.0096764,28.9583522,3,,,,POINT (28.9583522 41.0096764)
10080802280,41.0095387,28.9583192,3,,,,POINT (28.9583192 41.0095387)
10080802282,41.0095411,28.9584575,3,crossing,,,POINT (28.9584575 41.0095411)
10080802283,41.0096779,28.958451,3,crossing,,,POINT (28.958451 41.0096779)
10080802288,41.0095315,28.959345,4,,,,POINT (28.959345 41.0095315)
10080802290,41.009695,28.9593634,4,,,,POINT (28.9593634 41.009695)
10080802295,41.0095305,28.9594283,3,crossing,,,POINT (28.9594283 41.0095305)
10080802300,41.0152586,28.9531832,4,crossing,,,POINT (28.9531832 41.0152586)
10080802301,41.0153494,28.9532668,4,crossing,,,POINT (28.9532668 41.0153494)
10080802302,41.0151855,28.9531038,3,,,,POINT (28.9531038 41.0151855)
10080802304,41.0154299,28.9533412,3,,,,POINT (28.9533412 41.0154299)
10082517638,41.0058491,28.9538221,3,,,,POINT (28.9538221 41.0058491)
10082517687,41.0024872,28.9528338,3,,,,POINT (28.9528338 41.0024872)
10082517706,41.0031343,28.9576864,3,,,,POINT (28.9576864 41.0031343)
10082522231,41.0065954,28.9536577,3,,,,POINT (28.9536577 41.0065954)
10082522234,41.0071707,28.9539886,4,,,,POINT (28.9539886 41.0071707)
10082522245,41.0070866,28.9533849,3,,,,POINT (28.9533849 41.0070866)
10082522250,41.0071335,28.9533848,3,traffic_signals,,,POINT (28.9533848 41.0071335)
10082522254,41.0072179,28.9533845,3,crossing,,,POINT (28.9533845 41.0072179)
10082522255,41.0072198,28.9535802,4,crossing,,,POINT (28.9535802 41.0072198)
10082522258,41.0071816,28.9536677,3,crossing,,,POINT (28.9536677 41.0071816)
10082522264,41.0072206,28.9536651,3,,,,POINT (28.9536651 41.0072206)
10082522300,41.0115145,28.9566361,3,,,,POINT (28.9566361 41.0115145)
10090682094,41.0156387,28.9416909,3,crossing,,,POINT (28.9416909 41.0156387)
10090682096,41.0163248,28.9417059,4,crossing,,,POINT (28.9417059 41.0163248)
10090682101,41.0161172,28.9412487,4,crossing,,,POINT (28.9412487 41.0161172)
10090682102,41.0163125,28.9414703,4,crossing,,,POINT (28.9414703 41.0163125)
10090682110,41.0161806,28.9419488,4,crossing,,,POINT (28.9419488 41.0161806)
10090682114,41.0159621,28.9423354,1,,,,POINT (28.9423354 41.0159621)
10090683822,41.0157482,28.9415216,4,crossing,,,POINT (28.9415216 41.0157482)
10090683834,41.0121495,28.9480339,4,crossing,,,POINT (28.9480339 41.0121495)
10090683841,41.0118786,28.9480894,4,crossing,,,POINT (28.9480894 41.0118786)
10090683852,41.0120921,28.9479982,3,,,,POINT (28.9479982 41.0120921)
10090683855,41.0120514,28.947842,3,crossing,,,POINT (28.947842 41.0120514)
10090683859,41.0120644,28.947584,3,,,,POINT (28.947584 41.0120644)
10090683863,41.0119328,28.9480019,4,crossing,,,POINT (28.9480019 41.0119328)
10090683864,41.0119636,28.9479249,4,crossing,,,POINT (28.9479249 41.0119636)
10090683867,41.0121269,28.9480947,4,crossing,,,POINT (28.9480947 41.0121269)
10090683872,41.0114589,28.9480293,3,,,,POINT (28.9480293 41.0114589)
10090683873,41.0115643,28.9478672,4,,,,POINT (28.9478672 41.0115643)
10090683876,41.0118534,28.947444,3,,,,POINT (28.947444 41.0118534)
10090683898,41.0113952,28.9481287,4,,,,POINT (28.9481287 41.0113952)
10091713585,41.0164038,28.9415785,3,,,,POINT (28.9415785 41.0164038)
10091713589,41.0153853,28.9408323,4,crossing,,,POINT (28.9408323 41.0153853)
10091713591,41.0154327,28.9408692,4,crossing,,,POINT (28.9408692 41.0154327)
10091713593,41.0154942,28.9408964,3,crossing,,,POINT (28.9408964 41.0154942)
10091713594,41.0153183,28.9407294,3,crossing,,,POINT (28.9407294 41.0153183)
10091713604,41.0198905,28.9358074,4,,,,POINT (28.9358074 41.0198905)
10091713611,41.019794,28.9357766,3,crossing,,,POINT (28.9357766 41.019794)
10091713612,41.0198451,28.9358707,4,crossing,,,POINT (28.9358707 41.0198451)
10091713613,41.0201108,28.9359395,3,crossing,,,POINT (28.9359395 41.0201108)
10091713614,41.0202017,28.9358095,3,,,,POINT (28.9358095 41.0202017)
10091718819,41.0197664,28.935831,3,,,,POINT (28.935831 41.0197664)
10091718828,41.0217193,28.9336013,3,,,,POINT (28.9336013 41.0217193)
10091718829,41.0213642,28.9336763,4,,,,POINT (28.9336763 41.0213642)
10091718836,41.0212512,28.9338397,3,,,,POINT (28.9338397 41.0212512)
10091718844,41.0216109,28.9337711,3,crossing,,,POINT (28.9337711 41.0216109)
10091718845,41.0214418,28.933563,3,crossing,,,POINT (28.933563 41.0214418)
10091718875,41.0091585,28.9656441,3,,,,POINT (28.9656441 41.0091585)
10091718876,41.0073935,28.9653924,3,,,,POINT (28.9653924 41.0073935)
10091718882,41.0076095,28.9645337,3,,,,POINT (28.9645337 41.0076095)
10091718887,41.0141338,28.9667176,4,,,,POINT (28.9667176 41.0141338)
10093528153,41.0106069,28.9450816,3,,,,POINT (28.9450816 41.0106069)
10093528155,41.0102057,28.9465776,3,,,,POINT (28.9465776 41.0102057)
10093528179,41.0123536,28.9384779,3,crossing,,,POINT (28.9384779 41.0123536)
10093528182,41.0126409,28.9391829,3,crossing,,,POINT (28.9391829 41.0126409)
10093528187,41.01171,28.9409141,3,,,,POINT (28.9409141 41.01171)
10093528188,41.01087,28.9445386,4,,,,POINT (28.9445386 41.01087)
10093528191,41.0114613,28.9417537,3,,,,POINT (28.9417537 41.0114613)
10093528206,41.0122798,28.9385663,3,crossing,,,POINT (28.9385663 41.0122798)
10093559832,41.0125651,28.9393639,3,crossing,,,POINT (28.9393639 41.0125651)
10096318323,41.0142106,28.9401908,3,crossing,,,POINT (28.9401908 41.0142106)
10096318324,41.0142341,28.9401115,3,crossing,,,POINT (28.9401115 41.0142341)
10096318327,41.0138335,28.9364928,3,,,,POINT (28.9364928 41.0138335)
10096318336,41.0149348,28.9336863,3,,,,POINT (28.9336863 41.0149348)
10096318337,41.015554,28.9329701,4,,,,POINT (28.9329701 41.015554)
10096318342,41.0155135,28.9325008,3,,,,POINT (28.9325008 41.0155135)
10096318351,41.0156682,28.9330573,3,,,,POINT (28.9330573 41.0156682)
10096318352,41.015287,28.9339943,1,,,,POINT (28.9339943 41.015287)
10096318353,41.0151587,28.9337746,3,,,,POINT (28.9337746 41.0151587)
10096318354,41.0149691,28.9336142,3,,,,POINT (28.9336142 41.0149691)
10096318361,41.016227,28.9310314,3,,,,POINT (28.9310314 41.016227)
10096318364,41.0163766,28.9312656,3,,,,POINT (28.9312656 41.0163766)
10096318367,41.0164498,28.9305742,3,,,,POINT (28.9305742 41.0164498)
10096318372,41.0164718,28.9305283,3,,,,POINT (28.9305283 41.0164718)
10096318377,41.0181214,28.9276875,4,,,,POINT (28.9276875 41.0181214)
10096318380,41.0177383,28.9284571,3,,,,POINT (28.9284571 41.0177383)
10096318389,41.0183073,28.928143,1,,,,POINT (28.928143 41.0183073)
10096318394,41.0182974,28.927615,3,,,,POINT (28.927615 41.0182974)
10119894376,41.0175614,28.9629363,3,,,,POINT (28.9629363 41.0175614)
10119894400,41.0094517,28.9627806,3,,,,POINT (28.9627806 41.0094517)
10119894401,41.0094659,28.9626846,3,crossing,,,POINT (28.9626846 41.0094659)
10119894402,41.0095994,28.962717,3,crossing,,,POINT (28.962717 41.0095994)
10127735762,41.010815,28.9433862,3,,,,POINT (28.9433862 41.010815)
10127735766,41.0094506,28.9420008,3,,,,POINT (28.9420008 41.0094506)
10127735775,41.0099943,28.9380567,3,,,,POINT (28.9380567 41.0099943)
10127735807,41.0089036,28.9407441,3,,,,POINT (28.9407441 41.0089036)
10127764420,41.0073607,28.9371235,1,,,,POINT (28.9371235 41.0073607)
10127764422,41.006204,28.9371491,3,,,,POINT (28.9371491 41.006204)
10127764441,41.0064015,28.9400634,3,crossing,,,POINT (28.9400634 41.0064015)
10127764442,41.0064728,28.9400356,3,crossing,,,POINT (28.9400356 41.0064728)
10127887930,41.0064881,28.9525435,3,,,,POINT (28.9525435 41.0064881)
10127887947,41.0076176,28.94727,3,,,,POINT (28.94727 41.0076176)
10127887976,41.0077655,28.9423595,3,,,,POINT (28.9423595 41.0077655)
10127888013,41.0087135,28.9444556,3,,,,POINT (28.9444556 41.0087135)
10127888014,41.0084093,28.9442788,1,,,,POINT (28.9442788 41.0084093)
10127888016,41.0081769,28.9447483,1,,,,POINT (28.9447483 41.0081769)
10127897717,41.0079545,28.9448365,3,,,,POINT (28.9448365 41.0079545)
10127897727,41.0094021,28.9457153,3,,,,POINT (28.9457153 41.0094021)
10127897732,41.010261,28.945514,3,,,,POINT (28.945514 41.010261)
10127897742,41.0099135,28.9469038,3,,,,POINT (28.9469038 41.0099135)
10127897748,41.0094387,28.9474187,1,,,,POINT (28.9474187 41.0094387)
10127897749,41.0093342,28.947035,3,,,,POINT (28.947035 41.0093342)
10127897773,41.0062467,28.9503162,3,,,,POINT (28.9503162 41.0062467)
10127897774,41.006094,28.9503415,3,,,,POINT (28.9503415 41.006094)
10127897775,41.0052051,28.9503895,3,,,,POINT (28.9503895 41.0052051)
10127897777,41.0051203,28.9502035,3,,,,POINT (28.9502035 41.0051203)
10127897789,41.0052533,28.9505742,3,,,,POINT (28.9505742 41.0052533)
10127897794,41.0061297,28.9504793,3,,,,POINT (28.9504793 41.0061297)
10127897795,41.0064252,28.9503323,3,,,,POINT (28.9503323 41.0064252)
10127897796,41.006247,28.9502998,3,,,,POINT (28.9502998 41.006247)
10127897802,41.0062475,28.9503569,3,,,,POINT (28.9503569 41.0062475)
10127897803,41.0064876,28.9503513,3,,,,POINT (28.9503513 41.0064876)
10127897829,41.0063445,28.9513009,3,,,,POINT (28.9513009 41.0063445)
10127897834,41.0065149,28.9507792,1,,,,POINT (28.9507792 41.0065149)
10127897849,41.006262,28.9507044,3,,,,POINT (28.9507044 41.006262)
10132331808,41.0172714,28.973908,4,crossing,,,POINT (28.973908 41.0172714)
10132350320,41.0161915,28.9766619,4,crossing,,,POINT (28.9766619 41.0161915)
10132350325,41.0161957,28.9770256,3,,,,POINT (28.9770256 41.0161957)
10132350328,41.0163816,28.9767331,4,crossing,,,POINT (28.9767331 41.0163816)
10132350350,41.0175069,28.973981,4,crossing,,,POINT (28.973981 41.0175069)
10132350363,41.0173747,28.9728292,3,,,,POINT (28.9728292 41.0173747)
10132350376,41.0168271,28.9731163,3,,,,POINT (28.9731163 41.0168271)
10132350377,41.0171415,28.9731628,3,,,,POINT (28.9731628 41.0171415)
10132350406,41.0157648,28.9607982,3,,,,POINT (28.9607982 41.0157648)
10132350407,41.0157067,28.9607905,3,,,,POINT (28.9607905 41.0157067)
10132350408,41.0158505,28.9601307,3,,,,POINT (28.9601307 41.0158505)
10132350420,41.0157132,28.9611693,3,,,,POINT (28.9611693 41.0157132)
10132350422,41.0157727,28.9609104,3,,,,POINT (28.9609104 41.0157727)
10132350424,41.0159838,28.9609044,3,,,,POINT (28.9609044 41.0159838)
10132350432,41.0159509,28.9611104,1,,,,POINT (28.9611104 41.0159509)
10132350433,41.0158441,28.9604213,1,,,,POINT (28.9604213 41.0158441)
10132350438,41.0161828,28.960747,1,,,,POINT (28.960747 41.0161828)
10132350439,41.0160224,28.9606114,3,,,,POINT (28.9606114 41.0160224)
10132350442,41.015985,28.9607838,3,,,,POINT (28.9607838 41.015985)
10132350463,41.0142172,28.9603587,3,,,,POINT (28.9603587 41.0142172)
10132350464,41.014327,28.9600856,3,,,,POINT (28.9600856 41.014327)
10132350481,41.0154538,28.9592929,3,,,,POINT (28.9592929 41.0154538)
10132350482,41.015887,28.9596291,3,,,,POINT (28.9596291 41.015887)
10176882473,41.0116381,28.9659666,3,,,,POINT (28.9659666 41.0116381)
10178607731,41.0088637,28.9549996,3,,,,POINT (28.9549996 41.0088637)
10178607734,41.0088591,28.9547948,3,,,,POINT (28.9547948 41.0088591)
10178607741,41.0089514,28.9550422,3,,,,POINT (28.9550422 41.0089514)
10178607779,41.0082115,28.9593216,3,,,,POINT (28.9593216 41.0082115)
10178682980,41.018397,28.9672029,4,crossing,,,POINT (28.9672029 41.018397)
10178682981,41.0183609,28.9673074,4,crossing,,,POINT (28.9673074 41.0183609)
10178682993,41.011194,28.9611443,3,,,,POINT (28.9611443 41.011194)
10178682995,41.011003,28.9611329,3,crossing,,,POINT (28.9611329 41.011003)
10178692121,41.0176591,28.9666026,3,,,,POINT (28.9666026 41.0176591)
10178692123,41.0173198,28.9662134,3,,,,POINT (28.9662134 41.0173198)
10180133993,41.0135667,28.9667307,3,,,,POINT (28.9667307 41.0135667)
10180133994,41.0135497,28.9669065,3,,,,POINT (28.9669065 41.0135497)
10180133997,41.0135175,28.9667309,3,,,,POINT (28.9667309 41.0135175)
10180133999,41.0135941,28.9671936,1,,,,POINT (28.9671936 41.0135941)
10183517562,41.0065445,28.9543437,4,,,,POINT (28.9543437 41.0065445)
10183517573,41.0067102,28.953979,3,,,,POINT (28.953979 41.0067102)
10183517575,41.0067988,28.9537644,3,,,,POINT (28.9537644 41.0067988)
10183517586,41.0054594,28.9560568,3,,,,POINT (28.9560568 41.0054594)
10184521890,41.005605,28.9547207,3,,,,POINT (28.9547207 41.005605)
10184521904,41.0050267,28.9537916,3,,,,POINT (28.9537916 41.0050267)
10184521911,41.0049346,28.9557202,3,,,,POINT (28.9557202 41.0049346)
10184549117,41.0069434,28.9579627,3,,,,POINT (28.9579627 41.0069434)
10184549127,41.0043397,28.9536538,3,,,,POINT (28.9536538 41.0043397)
10188017813,41.0082453,28.9648557,3,,,,POINT (28.9648557 41.0082453)
10188017814,41.0086365,28.9659699,3,,,,POINT (28.9659699 41.0086365)
10188024021,41.0085012,28.9649494,4,,,,POINT (28.9649494 41.0085012)
10188024036,41.0092155,28.9615388,3,,,,POINT (28.9615388 41.0092155)
10188024052,41.0087358,28.9593373,3,,,,POINT (28.9593373 41.0087358)
10188024053,41.0084582,28.961529,3,,,,POINT (28.961529 41.0084582)
10188024067,41.0078226,28.9594402,3,,,,POINT (28.9594402 41.0078226)
10196506156,41.0057745,28.9617915,3,,,,POINT (28.9617915 41.0057745)
10196506157,41.0052124,28.9614776,3,,,,POINT (28.9614776 41.0052124)
10196506159,41.0055661,28.9587795,3,,,,POINT (28.9587795 41.0055661)
10196506162,41.0050201,28.9643748,3,,,,POINT (28.9643748 41.0050201)
10200383245,41.0021954,28.9508757,3,,,,POINT (28.9508757 41.0021954)
10200383253,41.0018083,28.9492721,3,,,,POINT (28.9492721 41.0018083)
10202082794,41.0029049,28.9553138,3,,,,POINT (28.9553138 41.0029049)
10202082811,41.0021048,28.9527268,3,,,,POINT (28.9527268 41.0021048)
10202092373,41.0030873,28.9562946,4,crossing,,,POINT (28.9562946 41.0030873)
10202092378,41.0031207,28.9562899,4,crossing,,,POINT (28.9562899 41.0031207)
10202092384,41.0031245,28.9575563,3,,,,POINT (28.9575563 41.0031245)
10202092385,41.0030431,28.956208,3,,,,POINT (28.956208 41.0030431)
10202092399,41.0149721,28.9660471,3,,,,POINT (28.9660471 41.0149721)
10202092406,41.000249,28.943388,3,,,,POINT (28.943388 41.000249)
10202092416,41.0020336,28.9386759,3,,,,POINT (28.9386759 41.0020336)
10226426304,41.002021,28.9743435,3,,,,POINT (28.9743435 41.002021)
10226426305,41.0041199,28.982752,3,,,,POINT (28.982752 41.0041199)
10226426306,41.0041797,28.9826449,4,crossing,,,POINT (28.9826449 41.0041797)
10226426307,41.0042182,28.9825667,3,crossing,,,POINT (28.9825667 41.0042182)
10226426308,41.0116482,28.9790832,3,,,,POINT (28.9790832 41.0116482)
10226426309,41.0116597,28.979361,3,,,,POINT (28.979361 41.0116597)
10226426310,41.0100914,28.9699908,3,,,,POINT (28.9699908 41.0100914)
10226426312,41.0108538,28.9709475,3,,,,POINT (28.9709475 41.0108538)
10226426313,41.0149666,28.9652167,3,,,,POINT (28.9652167 41.0149666)
10226426314,41.0150868,28.9652235,3,,,,POINT (28.9652235 41.0150868)
10226426315,41.0162462,28.9649642,3,,,,POINT (28.9649642 41.0162462)
10226426316,41.0168249,28.9642728,3,,,,POINT (28.9642728 41.0168249)
10233535831,41.0033875,28.9214953,3,,,,POINT (28.9214953 41.0033875)
10236225065,41.016663,28.9560242,3,,,,POINT (28.9560242 41.016663)
10236225066,41.0164243,28.9557567,4,,,,POINT (28.9557567 41.0164243)
10253938200,41.0110397,28.961179,3,crossing,,,POINT (28.961179 41.0110397)
10254030721,41.0222198,28.9607083,4,crossing,,,POINT (28.9607083 41.0222198)
10263288024,41.0052301,28.9537443,1,,,,POINT (28.9537443 41.0052301)
10263288027,41.0070831,28.9532753,4,,,,POINT (28.9532753 41.0070831)
10263288028,41.007677,28.9532609,4,,,,POINT (28.9532609 41.007677)
10263288029,41.0082602,28.9532613,3,,,,POINT (28.9532613 41.0082602)
10263288030,41.0098312,28.9530732,4,,,,POINT (28.9530732 41.0098312)
10263288034,41.0112341,28.953113,4,,,,POINT (28.953113 41.0112341)
10263288039,41.0137177,28.9528682,4,,,,POINT (28.9528682 41.0137177)
10263288042,41.0138675,28.9516188,3,,,,POINT (28.9516188 41.0138675)
10263288050,41.0153395,28.9501787,3,,,,POINT (28.9501787 41.0153395)
10263288051,41.0154146,28.9501897,3,,,,POINT (28.9501897 41.0154146)
10263288053,41.0159363,28.9507176,4,,,,POINT (28.9507176 41.0159363)
10263288054,41.0164385,28.9511134,4,,,,POINT (28.9511134 41.0164385)
10263288055,41.0165384,28.951197,4,,,,POINT (28.951197 41.0165384)
10263288058,41.0169896,28.950504,4,,,,POINT (28.950504 41.0169896)
10263288060,41.0174084,28.9499809,4,,,,POINT (28.9499809 41.0174084)
10263288062,41.0181902,28.9491807,4,,,,POINT (28.9491807 41.0181902)
10263288063,41.0185906,28.9488018,4,,,,POINT (28.9488018 41.0185906)
10263288064,41.019356,28.9480392,4,,,,POINT (28.9480392 41.019356)
10263288065,41.0197744,28.9476084,4,,,,POINT (28.9476084 41.0197744)
10263288066,41.0202602,28.9471127,4,,,,POINT (28.9471127 41.0202602)
10263288067,41.0208041,28.9465836,3,,,,POINT (28.9465836 41.0208041)
10263288068,41.0225034,28.94871,3,,,,POINT (28.94871 41.0225034)
10263288069,41.0231504,28.9486382,4,,,,POINT (28.9486382 41.0231504)
10263288070,41.0243336,28.9485017,3,,,,POINT (28.9485017 41.0243336)
10263288071,41.0243785,28.9485765,3,,,,POINT (28.9485765 41.0243785)
10263288072,41.0255242,28.9484325,3,,,,POINT (28.9484325 41.0255242)
10289654427,41.0267285,28.9507996,3,,,,POINT (28.9507996 41.0267285)
10289654429,41.0270221,28.9512256,3,,,,POINT (28.9512256 41.0270221)
10289654430,41.0270497,28.9516775,3,,,,POINT (28.9516775 41.0270497)
10289654433,41.0273778,28.9516127,1,,,,POINT (28.9516127 41.0273778)
10289654434,41.0270081,28.9512053,3,,,,POINT (28.9512053 41.0270081)
10289654437,41.0268937,28.9510393,3,,,,POINT (28.9510393 41.0268937)
10289654438,41.0269396,28.9505914,3,,,,POINT (28.9505914 41.0269396)
10289654442,41.0272723,28.9517003,3,,,,POINT (28.9517003 41.0272723)
10557350837,41.0126153,28.9754689,3,,,,POINT (28.9754689 41.0126153)
10557350838,41.0126358,28.9754966,1,,,,POINT (28.9754966 41.0126358)
10557350839,41.0127603,28.9757728,1,,,,POINT (28.9757728 41.0127603)
10557350840,41.012374,28.9754496,3,,,,POINT (28.9754496 41.012374)
10557350843,41.0122427,28.9756002,3,,,,POINT (28.9756002 41.0122427)
10557350844,41.0125379,28.9758074,3,,,,POINT (28.9758074 41.0125379)
10557350845,41.0125001,28.9758614,1,,,,POINT (28.9758614 41.0125001)
10557350846,41.0120447,28.9758239,3,,,,POINT (28.9758239 41.0120447)
10557350847,41.0120997,28.9759095,1,,,,POINT (28.9759095 41.0120997)
10586461631,41.0290686,28.9367885,3,,,,POINT (28.9367885 41.0290686)
10592098887,41.0161522,28.9799871,4,crossing,,,POINT (28.9799871 41.0161522)
10592098891,41.0134257,28.9877515,3,,,,POINT (28.9877515 41.0134257)
10592122808,41.0038996,28.9582258,4,,,,POINT (28.9582258 41.0038996)
10592122809,41.0037462,28.9582822,3,,,,POINT (28.9582822 41.0037462)
10592122822,41.002393,28.9503875,1,,,,POINT (28.9503875 41.002393)
10592122830,41.0022547,28.9500222,4,,,,POINT (28.9500222 41.0022547)
10592122833,41.0029483,28.9500971,4,,,,POINT (28.9500971 41.0029483)
10592122845,41.0060006,28.9501366,3,,,,POINT (28.9501366 41.0060006)
10592122850,41.005142,28.9502662,4,,,,POINT (28.9502662 41.005142)
10599156385,41.0178594,28.9655398,3,,,,POINT (28.9655398 41.0178594)
10603505285,41.0071141,28.9423129,3,,,,POINT (28.9423129 41.0071141)
10603505287,41.0072393,28.9428686,1,,,,POINT (28.9428686 41.0072393)
10603538302,41.00719,28.9427636,3,,,,POINT (28.9427636 41.00719)
10603538303,41.0069463,28.9428833,1,,,,POINT (28.9428833 41.0069463)
10603552102,41.0062047,28.9439837,1,,,,POINT (28.9439837 41.0062047)
10603552103,41.0060841,28.9441971,3,,,,POINT (28.9441971 41.0060841)
10603565172,41.0070285,28.9423744,3,,,,POINT (28.9423744 41.0070285)
10603565174,41.0068451,28.9428833,1,,,,POINT (28.9428833 41.0068451)
10603583723,41.0055388,28.9438964,1,,,,POINT (28.9438964 41.0055388)
10603583724,41.0057063,28.9437474,3,,,,POINT (28.9437474 41.0057063)
10603585750,41.0061098,28.9431344,3,,,,POINT (28.9431344 41.0061098)
10603585752,41.0058066,28.9431737,1,,,,POINT (28.9431737 41.0058066)
10603586353,41.0082303,28.9474195,3,,,,POINT (28.9474195 41.0082303)
10603586354,41.0082447,28.947714,1,,,,POINT (28.947714 41.0082447)
10603591807,41.0080022,28.9471039,1,,,,POINT (28.9471039 41.0080022)
10603591808,41.0079792,28.9473998,3,,,,POINT (28.9473998 41.0079792)
10603593545,41.0062506,28.9456916,1,,,,POINT (28.9456916 41.0062506)
10603593547,41.0059859,28.945746,3,,,,POINT (28.945746 41.0059859)
10603608171,41.0069709,28.9450698,3,,,,POINT (28.9450698 41.0069709)
10603608172,41.0068143,28.9452608,1,,,,POINT (28.9452608 41.0068143)
10603633214,41.007935,28.9473971,3,,,,POINT (28.9473971 41.007935)
10603633215,41.007915,28.9476576,1,,,,POINT (28.9476576 41.007915)
10609327515,41.0066533,28.9443947,1,,,,POINT (28.9443947 41.0066533)
10609327516,41.0065453,28.9445747,3,,,,POINT (28.9445747 41.0065453)
10609341808,41.0040642,28.9502018,3,,,,POINT (28.9502018 41.0040642)
10609341816,41.0042139,28.9504203,3,,,,POINT (28.9504203 41.0042139)
10609341817,41.0042281,28.9509407,1,,,,POINT (28.9509407 41.0042281)
10609341818,41.0040683,28.9504259,3,,,,POINT (28.9504259 41.0040683)
10609408198,41.0189372,28.9527224,3,,,,POINT (28.9527224 41.0189372)
10609409184,41.0110837,28.9757059,3,,,,POINT (28.9757059 41.0110837)
10609409185,41.0106197,28.9752059,3,,,,POINT (28.9752059 41.0106197)
10609420505,41.0101641,28.9769162,3,,,,POINT (28.9769162 41.0101641)
10609420506,41.0104886,28.976588,1,,,,POINT (28.976588 41.0104886)
10609421040,41.008488,28.9766115,1,,,,POINT (28.9766115 41.008488)
10609585345,41.0256698,28.9453907,1,,,,POINT (28.9453907 41.0256698)
10610044168,41.0249528,28.9446768,1,,,,POINT (28.9446768 41.0249528)
10610044169,41.0244637,28.9445625,3,,,,POINT (28.9445625 41.0244637)
10610412859,41.0254927,28.9437745,3,,,,POINT (28.9437745 41.0254927)
10610497382,41.03161,28.9420043,3,,,,POINT (28.9420043 41.03161)
10610497384,41.0312368,28.9425802,1,,,,POINT (28.9425802 41.0312368)
10610563936,41.0315779,28.9387556,1,,,,POINT (28.9387556 41.0315779)
10610563937,41.0313861,28.9386462,3,,,,POINT (28.9386462 41.0313861)
10610569635,41.0372094,28.9395359,1,,,,POINT (28.9395359 41.0372094)
10610569636,41.0371994,28.9398327,3,,,,POINT (28.9398327 41.0371994)
10610579914,41.0382757,28.9414885,3,,,,POINT (28.9414885 41.0382757)
10610579915,41.0380526,28.941414,1,,,,POINT (28.941414 41.0380526)
10610589953,41.0310515,28.9406879,3,,,,POINT (28.9406879 41.0310515)
10610589956,41.0307776,28.9408904,1,,,,POINT (28.9408904 41.0307776)
10610592055,41.0350933,28.9421781,1,,,,POINT (28.9421781 41.0350933)
10613252746,41.0341282,28.9461713,3,,,,POINT (28.9461713 41.0341282)
10613252747,41.034133,28.9464144,3,,,,POINT (28.9464144 41.034133)
10613295841,41.0266852,28.9524672,3,,,,POINT (28.9524672 41.0266852)
10613295842,41.026797,28.9523331,1,,,,POINT (28.9523331 41.026797)
10613311924,41.0286774,28.9499602,1,,,,POINT (28.9499602 41.0286774)
10613317262,41.0293976,28.9457654,1,,,,POINT (28.9457654 41.0293976)
10613317680,41.0104721,28.9633949,3,,,,POINT (28.9633949 41.0104721)
10613334760,41.0278498,28.9478701,1,,,,POINT (28.9478701 41.0278498)
10613334762,41.0277128,28.947282,3,,,,POINT (28.947282 41.0277128)
10613347977,41.0108542,28.9662828,1,,,,POINT (28.9662828 41.0108542)
10613390735,41.0096328,28.9664298,3,,,,POINT (28.9664298 41.0096328)
10613390737,41.0096897,28.9668215,3,,,,POINT (28.9668215 41.0096897)
10613395586,41.0108862,28.9663563,3,,,,POINT (28.9663563 41.0108862)
10613395587,41.0107264,28.966384,1,,,,POINT (28.966384 41.0107264)
10613545369,41.0041754,28.9800205,1,,,,POINT (28.9800205 41.0041754)
10613545370,41.0040301,28.9802234,3,,,,POINT (28.9802234 41.0040301)
10613633087,41.0040392,28.9814346,1,,,,POINT (28.9814346 41.0040392)
10613656845,41.0042312,28.9811053,3,,,,POINT (28.9811053 41.0042312)
10613656848,41.0037706,28.9811039,1,,,,POINT (28.9811039 41.0037706)
10613727258,41.0046349,28.9340972,3,,,,POINT (28.9340972 41.0046349)
10613737422,41.0054997,28.9339372,3,,,,POINT (28.9339372 41.0054997)
10613834524,41.0233929,28.9606181,3,,,,POINT (28.9606181 41.0233929)
10613836510,41.0232298,28.9577026,3,,,,POINT (28.9577026 41.0232298)
10613836512,41.0232341,28.9581234,3,,,,POINT (28.9581234 41.0232341)
10613841435,41.0221881,28.9579707,3,,,,POINT (28.9579707 41.0221881)
10613841436,41.0220547,28.9578487,1,,,,POINT (28.9578487 41.0220547)
10613841437,41.0221761,28.9579597,4,crossing,,,POINT (28.9579597 41.0221761)
10613841575,41.0206385,28.9580424,3,,,,POINT (28.9580424 41.0206385)
10613841576,41.0204543,28.9583355,1,,,,POINT (28.9583355 41.0204543)
10613842023,41.0230461,28.9552751,3,,,,POINT (28.9552751 41.0230461)
10613842024,41.022953,28.9555648,3,,,,POINT (28.9555648 41.022953)
10613842025,41.0228842,28.9556238,1,,,,POINT (28.9556238 41.0228842)
10613855801,41.0228693,28.9575404,3,,,,POINT (28.9575404 41.0228693)
10613855803,41.0229344,28.9572758,1,,,,POINT (28.9572758 41.0229344)
10613858326,41.0225605,28.9550418,1,,,,POINT (28.9550418 41.0225605)
10613868628,41.0230217,28.9583601,3,,,,POINT (28.9583601 41.0230217)
10613868633,41.0236994,28.9589576,1,,,,POINT (28.9589576 41.0236994)
10613900092,41.0244846,28.9580564,1,,,,POINT (28.9580564 41.0244846)
10613900093,41.0243736,28.9582708,3,,,,POINT (28.9582708 41.0243736)
10613926305,41.0247389,28.9579692,3,,,,POINT (28.9579692 41.0247389)
10613926306,41.024572,28.9578059,1,,,,POINT (28.9578059 41.024572)
10617232712,41.0188987,28.9643693,1,,,,POINT (28.9643693 41.0188987)
10617232713,41.0187071,28.9641569,3,,,,POINT (28.9641569 41.0187071)
10617237815,41.0185911,28.9658128,3,,,,POINT (28.9658128 41.0185911)
10617237816,41.0183244,28.965646,1,,,,POINT (28.965646 41.0183244)
10617253120,41.0305231,28.9395872,1,,,,POINT (28.9395872 41.0305231)
10617253121,41.0303267,28.9395356,3,,,,POINT (28.9395356 41.0303267)
10617288761,41.0281704,28.9432664,3,,,,POINT (28.9432664 41.0281704)
10617293570,41.0058974,28.9685091,1,,,,POINT (28.9685091 41.0058974)
10617332666,41.0145137,28.9745254,3,,,,POINT (28.9745254 41.0145137)
10617332669,41.0147957,28.9749713,1,,,,POINT (28.9749713 41.0147957)
10617341086,41.0169393,28.9732206,3,,,,POINT (28.9732206 41.0169393)
10617341087,41.0166009,28.973486,1,,,,POINT (28.973486 41.0166009)
10617342042,41.0156191,28.9754382,3,,,,POINT (28.9754382 41.0156191)
10617342043,41.0154282,28.9759548,3,,,,POINT (28.9759548 41.0154282)
10617342044,41.0154395,28.9759245,4,,,,POINT (28.9759245 41.0154395)
10617347201,41.0149629,28.974835,1,,,,POINT (28.974835 41.0149629)
10617354301,41.0154265,28.9752614,3,,,,POINT (28.9752614 41.0154265)
10617354303,41.0151989,28.975783,3,,,,POINT (28.975783 41.0151989)
10617370156,41.0147763,28.9735243,1,,,,POINT (28.9735243 41.0147763)
10617370157,41.0144083,28.9732379,3,,,,POINT (28.9732379 41.0144083)
10617524225,41.0155527,28.9717383,3,,,,POINT (28.9717383 41.0155527)
10617524226,41.01547,28.9719443,1,,,,POINT (28.9719443 41.01547)
10617543055,41.0157895,28.9729534,3,,,,POINT (28.9729534 41.0157895)
10617560380,41.0195187,28.9612212,3,,,,POINT (28.9612212 41.0195187)
10617564298,41.0191373,28.9618913,3,,,,POINT (28.9618913 41.0191373)
10617769995,41.0138974,28.9601202,3,,,,POINT (28.9601202 41.0138974)
10617769996,41.0137717,28.959999,1,,,,POINT (28.959999 41.0137717)
10617771287,41.0136731,28.9604812,3,,,,POINT (28.9604812 41.0136731)
10617771288,41.0134214,28.9603097,3,,,,POINT (28.9603097 41.0134214)
10617778102,41.0141271,28.9597946,3,,,,POINT (28.9597946 41.0141271)
10617778103,41.0139334,28.9595763,1,,,,POINT (28.9595763 41.0139334)
10628132830,41.026305,28.9327814,3,,,,POINT (28.9327814 41.026305)
10628132831,41.0263752,28.9331844,1,,,,POINT (28.9331844 41.0263752)
10628132832,41.0261478,28.9326218,1,,,,POINT (28.9326218 41.0261478)
10628344927,40.9970647,28.9315243,3,,,,POINT (28.9315243 40.9970647)
10628344928,40.9964781,28.9312168,1,,,,POINT (28.9312168 40.9964781)
10628357375,41.0030066,28.9758614,3,,,,POINT (28.9758614 41.0030066)
10628357376,41.0028504,28.9758528,1,,,,POINT (28.9758528 41.0028504)
10628381743,41.0033335,28.9713355,1,,,,POINT (28.9713355 41.0033335)
10628381744,41.0033068,28.9714863,3,,,,POINT (28.9714863 41.0033068)
10628382672,41.0052039,28.9710023,1,,,,POINT (28.9710023 41.0052039)
10628385994,41.0149979,28.9691033,3,,,,POINT (28.9691033 41.0149979)
10628385995,41.0148133,28.9690587,1,,,,POINT (28.9690587 41.0148133)
10628386403,41.0139992,28.9677318,1,,,,POINT (28.9677318 41.0139992)
10628397816,41.0051689,28.9715889,1,,,,POINT (28.9715889 41.0051689)
10628397817,41.0050512,28.9715341,3,,,,POINT (28.9715341 41.0050512)
10628407461,41.0139994,28.9691721,1,,,,POINT (28.9691721 41.0139994)
10628407464,41.0136533,28.9695079,3,,,,POINT (28.9695079 41.0136533)
10628412527,41.0134181,28.9676834,1,,,,POINT (28.9676834 41.0134181)
10628412529,41.0135782,28.9674678,3,,,,POINT (28.9674678 41.0135782)
10628418758,41.0124854,28.9672583,1,,,,POINT (28.9672583 41.0124854)
10628418759,41.012469,28.9674899,3,,,,POINT (28.9674899 41.012469)
10628471542,41.017619,28.9262542,3,,,,POINT (28.9262542 41.017619)
10628471543,41.0171225,28.9257457,3,,,,POINT (28.9257457 41.0171225)
10628471544,41.0170527,28.9255071,1,,,,POINT (28.9255071 41.0170527)
10628477099,41.0143097,28.9235478,3,,,,POINT (28.9235478 41.0143097)
10628478887,41.0165627,28.9243544,1,,,,POINT (28.9243544 41.0165627)
10628490834,41.0093887,28.9257043,3,,,,POINT (28.9257043 41.0093887)
10628490836,41.0084998,28.9255214,1,,,,POINT (28.9255214 41.0084998)
10629345972,41.008212,28.9676442,1,,,,POINT (28.9676442 41.008212)
10629345973,41.0082463,28.9673928,3,,,,POINT (28.9673928 41.0082463)
10629353909,41.0073691,28.9676384,3,,,,POINT (28.9676384 41.0073691)
10629353910,41.0071765,28.9675512,1,,,,POINT (28.9675512 41.0071765)
10629524116,41.0076445,28.9586969,1,,,,POINT (28.9586969 41.0076445)
10629524117,41.0074319,28.9586339,3,,,,POINT (28.9586339 41.0074319)
10636132246,41.0109936,28.9708545,3,,,,POINT (28.9708545 41.0109936)
10636132247,41.010889,28.9704882,1,,,,POINT (28.9704882 41.010889)
10653326872,41.0073837,28.9610444,3,,,,POINT (28.9610444 41.0073837)
10653453569,41.0060682,28.9608144,3,,,,POINT (28.9608144 41.0060682)
10653458668,41.017996,28.9691441,3,,,,POINT (28.9691441 41.017996)
10653458670,41.0179012,28.9686047,3,,,,POINT (28.9686047 41.0179012)
10653469143,41.006453,28.9608928,3,,,,POINT (28.9608928 41.006453)
10653469145,41.0065848,28.9613584,1,,,,POINT (28.9613584 41.0065848)
10653472645,41.0056764,28.9602316,1,,,,POINT (28.9602316 41.0056764)
10653486326,41.0062772,28.9615247,1,,,,POINT (28.9615247 41.0062772)
10653486330,41.0058737,28.9614451,3,,,,POINT (28.9614451 41.0058737)
10653486795,41.0176076,28.9692972,3,,,,POINT (28.9692972 41.0176076)
10653487968,41.0062405,28.96029,3,,,,POINT (28.96029 41.0062405)
10653487969,41.0059557,28.9599594,1,,,,POINT (28.9599594 41.0059557)
10653487970,41.0061329,28.9606111,3,,,,POINT (28.9606111 41.0061329)
10653487971,41.0058329,28.9604213,1,,,,POINT (28.9604213 41.0058329)
10653492708,41.0082561,28.9620066,3,,,,POINT (28.9620066 41.0082561)
10653492709,41.0078685,28.9617921,1,,,,POINT (28.9617921 41.0078685)
10653496551,41.0052152,28.9599997,3,,,,POINT (28.9599997 41.0052152)
10653496552,41.005063,28.9602184,1,,,,POINT (28.9602184 41.005063)
10653502855,41.0069581,28.9614748,1,,,,POINT (28.9614748 41.0069581)
10653502857,41.0067164,28.9617002,3,,,,POINT (28.9617002 41.0067164)
10653527239,41.0070997,28.9647811,1,,,,POINT (28.9647811 41.0070997)
10653545900,41.0182541,28.9666226,3,,,,POINT (28.9666226 41.0182541)
10653574157,41.0105534,28.932325,3,,,,POINT (28.932325 41.0105534)
10653574158,41.0100481,28.9323235,3,,,,POINT (28.9323235 41.0100481)
10653584646,41.0110871,28.9330291,1,,,,POINT (28.9330291 41.0110871)
10653584647,41.0104717,28.9330357,3,,,,POINT (28.9330357 41.0104717)
10653594825,41.0083216,28.9278355,3,,,,POINT (28.9278355 41.0083216)
10653594829,41.0080332,28.9249097,1,,,,POINT (28.9249097 41.0080332)
10653851936,41.0050783,28.9309401,3,,,,POINT (28.9309401 41.0050783)
10653851937,41.0049274,28.9307786,1,,,,POINT (28.9307786 41.0049274)
10653878341,41.005686,28.9306488,1,,,,POINT (28.9306488 41.005686)
10653878342,41.0055619,28.9304244,3,,,,POINT (28.9304244 41.0055619)
10653884878,41.0136402,28.9711301,3,,,,POINT (28.9711301 41.0136402)
10653884879,41.0134637,28.9709976,1,,,,POINT (28.9709976 41.0134637)
10653886149,41.0050163,28.9318661,1,,,,POINT (28.9318661 41.0050163)
10653923936,41.0035991,28.9801359,3,,,,POINT (28.9801359 41.0035991)
10653923937,41.0035014,28.9802584,1,,,,POINT (28.9802584 41.0035014)
10653957853,41.0169178,28.9672543,3,,,,POINT (28.9672543 41.0169178)
10653957854,41.016501,28.9670945,1,,,,POINT (28.9670945 41.016501)
10654007945,41.0025638,28.9276639,3,,,,POINT (28.9276639 41.0025638)
10654007946,41.0024736,28.9273372,1,,,,POINT (28.9273372 41.0024736)
10654026269,41.0031164,28.9248964,1,,,,POINT (28.9248964 41.0031164)
10654026271,41.0026612,28.9248149,3,,,,POINT (28.9248149 41.0026612)
10654033205,41.0015149,28.922739,1,,,,POINT (28.922739 41.0015149)
10654033206,41.0012886,28.9226988,1,,,,POINT (28.9226988 41.0012886)
10654033208,41.0014591,28.9227301,3,,,,POINT (28.9227301 41.0014591)
10654033209,41.0013936,28.9230123,3,,,,POINT (28.9230123 41.0013936)
10654048807,41.0120053,28.9695283,3,,,,POINT (28.9695283 41.0120053)
10654048808,41.0119152,28.9691761,1,,,,POINT (28.9691761 41.0119152)
10656628588,41.0119322,28.9687489,1,,,,POINT (28.9687489 41.0119322)
10656657539,41.0128368,28.9677761,3,,,,POINT (28.9677761 41.0128368)
10656657540,41.0127945,28.967486,3,,,,POINT (28.967486 41.0127945)
10656666409,41.0125493,28.9688022,3,,,,POINT (28.9688022 41.0125493)
10656666411,41.0123531,28.9690711,1,,,,POINT (28.9690711 41.0123531)
10656668787,41.0117754,28.9692206,1,,,,POINT (28.9692206 41.0117754)
10656668788,41.0118402,28.9695957,3,,,,POINT (28.9695957 41.0118402)
10656679896,41.0116776,28.9690148,1,,,,POINT (28.9690148 41.0116776)
10656679897,41.0115785,28.9686494,3,,,,POINT (28.9686494 41.0115785)
10656725146,41.0173892,28.9303601,3,,,,POINT (28.9303601 41.0173892)
10656725147,41.0169672,28.9300467,3,,,,POINT (28.9300467 41.0169672)
10656736161,41.0206519,28.9611507,1,,,,POINT (28.9611507 41.0206519)
10656736162,41.0204969,28.9610487,3,,,,POINT (28.9610487 41.0204969)
10656764063,41.0274556,28.9545792,1,,,,POINT (28.9545792 41.0274556)
10656764064,41.0272321,28.9544668,3,,,,POINT (28.9544668 41.0272321)
10656765419,41.0272093,28.9545239,3,,,,POINT (28.9545239 41.0272093)
10656765420,41.0270279,28.9543555,1,,,,POINT (28.9543555 41.0270279)
10656766067,41.0274316,28.9548403,1,,,,POINT (28.9548403 41.0274316)
10656766068,41.0273227,28.9550394,3,,,,POINT (28.9550394 41.0273227)
10656787306,41.0241305,28.9558303,3,,,,POINT (28.9558303 41.0241305)
10657001280,40.999499,28.9253623,3,,,,POINT (28.9253623 40.999499)
10657001281,40.9993492,28.924986,1,,,,POINT (28.924986 40.9993492)
10657014502,40.9968176,28.925633,1,,,,POINT (28.925633 40.9968176)
10657014504,40.9966069,28.9258983,3,,,,POINT (28.9258983 40.9966069)
10657014563,40.9943901,28.9238176,3,,,,POINT (28.9238176 40.9943901)
10657014565,40.9941582,28.9241783,1,,,,POINT (28.9241783 40.9941582)
10657041639,40.9950075,28.9292909,3,,,,POINT (28.9292909 40.9950075)
10657041640,40.995139,28.929123,1,,,,POINT (28.929123 40.995139)
10660070278,41.0173835,28.9535988,4,,,,POINT (28.9535988 41.0173835)
10660070279,41.0168778,28.9544785,1,,,,POINT (28.9544785 41.0168778)
10660306756,41.0223147,28.9507765,3,,,,POINT (28.9507765 41.0223147)
10660334254,41.0176899,28.9530912,3,,,,POINT (28.9530912 41.0176899)
10660814371,41.0157974,28.9517312,4,,,,POINT (28.9517312 41.0157974)
10660814372,41.015518,28.9523226,1,,,,POINT (28.9523226 41.015518)
10660814373,41.0159903,28.9510775,1,,,,POINT (28.9510775 41.0159903)
10660829148,41.0135241,28.9475061,1,,,,POINT (28.9475061 41.0135241)
10660842423,41.0142123,28.9482289,1,,,,POINT (28.9482289 41.0142123)
10660848644,41.0145971,28.9485263,1,,,,POINT (28.9485263 41.0145971)
10660848645,41.0144413,28.9484745,3,,,,POINT (28.9484745 41.0144413)
10660877742,41.0126695,28.9494023,3,,,,POINT (28.9494023 41.0126695)
10660877744,41.0123144,28.94933,3,,,,POINT (28.94933 41.0123144)
10660884615,41.0114606,28.9526058,3,,,,POINT (28.9526058 41.0114606)
10660884616,41.0110915,28.9523488,1,,,,POINT (28.9523488 41.0110915)
10660889639,41.0113231,28.9508409,3,,,,POINT (28.9508409 41.0113231)
10660889640,41.0113133,28.951346,4,,,,POINT (28.951346 41.0113133)
10660889641,41.0113097,28.9517586,3,,,,POINT (28.9517586 41.0113097)
10685343932,41.0169092,28.9563915,3,crossing,,,POINT (28.9563915 41.0169092)
10685343933,41.0168387,28.9565139,3,crossing,,,POINT (28.9565139 41.0168387)
10685343934,41.014633,28.9547271,3,,,,POINT (28.9547271 41.014633)
10685343935,41.0144129,28.9544646,3,,,,POINT (28.9544646 41.0144129)
10685343936,41.0144788,28.9545432,4,crossing,,,POINT (28.9545432 41.0144788)
10685343937,41.014572,28.9546543,4,crossing,,,POINT (28.9546543 41.014572)
10685343938,41.0120193,28.9531188,3,,,,POINT (28.9531188 41.0120193)
10694271483,41.0214294,28.9433711,6,,,,POINT (28.9433711 41.0214294)
10694357409,41.0216493,28.9437458,4,traffic_signals,,,POINT (28.9437458 41.0216493)
10694357415,41.0197753,28.9472961,4,crossing,,,POINT (28.9472961 41.0197753)
10694357416,41.0198458,28.9474127,4,crossing,,,POINT (28.9474127 41.0198458)
10694357417,41.0198917,28.9474887,3,,,,POINT (28.9474887 41.0198917)
10694357418,41.0197053,28.9476795,3,,,,POINT (28.9476795 41.0197053)
10694357419,41.0196587,28.9475966,4,crossing,,,POINT (28.9475966 41.0196587)
10694357421,41.0196422,28.9473866,4,crossing,,,POINT (28.9473866 41.0196422)
10694357425,41.0189545,28.950062,3,,,,POINT (28.950062 41.0189545)
10694357426,41.0193755,28.9496465,3,,,,POINT (28.9496465 41.0193755)
10694357427,41.0195317,28.9494924,3,,,,POINT (28.9494924 41.0195317)
10694357428,41.0197207,28.9493058,3,,,,POINT (28.9493058 41.0197207)
10694357429,41.0199406,28.9490888,3,,,,POINT (28.9490888 41.0199406)
10694357430,41.0191942,28.9498254,3,,,,POINT (28.9498254 41.0191942)
10694357431,41.0189575,28.949424,4,,,,POINT (28.949424 41.0189575)
10694357435,41.0186573,28.9487317,3,,,,POINT (28.9487317 41.0186573)
10694357436,41.0185468,28.9485425,4,crossing,,,POINT (28.9485425 41.0185468)
10694357439,41.0185349,28.9488546,3,,,,POINT (28.9488546 41.0185349)
10694357440,41.0186182,28.9486648,4,crossing,,,POINT (28.9486648 41.0186182)
10694357441,41.0184577,28.9485764,4,crossing,,,POINT (28.9485764 41.0184577)
10694357442,41.0184252,28.9486669,4,crossing,,,POINT (28.9486669 41.0184252)
10694357443,41.0184982,28.9487918,4,crossing,,,POINT (28.9487918 41.0184982)
10696829931,41.0109641,28.9784771,1,,,,POINT (28.9784771 41.0109641)
10698058065,41.0154749,28.9761487,1,,,,POINT (28.9761487 41.0154749)
10698058066,41.0154942,28.9761615,3,,,,POINT (28.9761615 41.0154942)
10698058067,41.0149252,28.9758038,1,,,,POINT (28.9758038 41.0149252)
10698058068,41.014911,28.9757934,3,,,,POINT (28.9757934 41.014911)
10729308245,41.0032038,28.971441,3,,,,POINT (28.971441 41.0032038)
10735111742,41.0060652,28.9216575,3,,,,POINT (28.9216575 41.0060652)
10738808550,41.0055002,28.9749397,3,,,,POINT (28.9749397 41.0055002)
10738808552,41.0053068,28.9747481,3,,,,POINT (28.9747481 41.0053068)
10738808563,41.0056189,28.9750648,3,,,,POINT (28.9750648 41.0056189)
10738808587,41.0053384,28.974961,3,,,,POINT (28.974961 41.0053384)
10738808591,41.005481,28.974701,3,,,,POINT (28.974701 41.005481)
10739987115,41.0164258,28.9594155,3,,,,POINT (28.9594155 41.0164258)
10744605461,41.0029983,28.96956,1,,,,POINT (28.96956 41.0029983)
10744605462,41.0031213,28.9693146,3,,,,POINT (28.9693146 41.0031213)
10793031109,41.0009624,28.9333255,3,,,,POINT (28.9333255 41.0009624)
10793058131,41.0006143,28.9338837,1,,,,POINT (28.9338837 41.0006143)
10801116844,40.9931687,28.9238357,3,,,,POINT (28.9238357 40.9931687)
10822581544,41.0296655,28.9360875,3,,,,POINT (28.9360875 41.0296655)
10908560564,41.0200456,28.965327,3,,,,POINT (28.965327 41.0200456)
10929801377,41.0192807,28.9582833,3,,,,POINT (28.9582833 41.0192807)
10929801379,41.0191232,28.9580745,3,,,,POINT (28.9580745 41.0191232)
10929801382,41.018984,28.9583757,3,,,,POINT (28.9583757 41.018984)
10929801386,41.0189117,28.9580245,3,,,,POINT (28.9580245 41.0189117)
10929801388,41.0188238,28.9581137,3,,,,POINT (28.9581137 41.0188238)
10940389074,41.0020188,28.949154,4,,,,POINT (28.949154 41.0020188)
10941537412,41.014082,28.9510136,3,,,,POINT (28.9510136 41.014082)
10973844889,41.0187593,28.9665703,3,,,,POINT (28.9665703 41.0187593)
10973844896,41.0198979,28.9645809,4,crossing,,,POINT (28.9645809 41.0198979)
11002147792,41.0095043,28.9312285,3,,,,POINT (28.9312285 41.0095043)
11005560829,41.0138482,28.9812274,3,,,,POINT (28.9812274 41.0138482)
11005560838,41.0145649,28.9835966,3,,,,POINT (28.9835966 41.0145649)
11005568074,41.0135787,28.9795472,3,,,,POINT (28.9795472 41.0135787)
11005568075,41.0136657,28.9792227,3,,,,POINT (28.9792227 41.0136657)
11005946259,41.006149,28.97566,4,,,,POINT (28.97566 41.006149)
11005946265,41.0051927,28.9746339,4,,,,POINT (28.9746339 41.0051927)
11005946269,41.0073171,28.9771856,4,,,,POINT (28.9771856 41.0073171)
11005946291,41.0075826,28.9791173,3,,,,POINT (28.9791173 41.0075826)
11005946292,41.0076156,28.9786207,4,,,,POINT (28.9786207 41.0076156)
11005946293,41.0096144,28.9796092,1,,,,POINT (28.9796092 41.0096144)
11005962202,41.002901,28.9810765,3,,,,POINT (28.9810765 41.002901)
11005974936,41.008455,28.9780208,3,,,,POINT (28.9780208 41.008455)
11005974937,41.0085347,28.9778327,3,,,,POINT (28.9778327 41.0085347)
11005974938,41.0084198,28.9779708,4,,,,POINT (28.9779708 41.0084198)
11005974939,41.0082315,28.9781877,3,,,,POINT (28.9781877 41.0082315)
11005974944,41.007896,28.9775011,3,,,,POINT (28.9775011 41.007896)
11005974947,41.0068544,28.977865,4,,,,POINT (28.977865 41.0068544)
11005974948,41.0067964,28.9778099,3,,,,POINT (28.9778099 41.0067964)
11005974949,41.0067824,28.9784437,3,,,,POINT (28.9784437 41.0067824)
11005974950,41.0065635,28.9782087,3,,,,POINT (28.9782087 41.0065635)
11005974952,41.0074358,28.9789864,4,,,,POINT (28.9789864 41.0074358)
11005974958,41.0056827,28.9768362,1,,,,POINT (28.9768362 41.0056827)
11006008346,41.0081787,28.9751281,3,,,,POINT (28.9751281 41.0081787)
11006008347,41.008112,28.9751179,4,,,,POINT (28.9751179 41.008112)
11006008353,41.0073143,28.9773525,3,,,,POINT (28.9773525 41.0073143)
11010266598,41.0080323,28.9764067,4,,,,POINT (28.9764067 41.0080323)
11010266599,41.0142957,28.9796433,3,,,,POINT (28.9796433 41.0142957)
11010266600,41.0141634,28.9799919,3,,,,POINT (28.9799919 41.0141634)
11010266601,41.0123419,28.9792003,3,,,,POINT (28.9792003 41.0123419)
11010266603,41.0127018,28.9797067,4,,,,POINT (28.9797067 41.0127018)
11010307805,41.0123655,28.979986,3,,,,POINT (28.979986 41.0123655)
11010307806,41.0162796,28.9852528,1,,,,POINT (28.9852528 41.0162796)
11010307808,41.0164442,28.9848037,3,,,,POINT (28.9848037 41.0164442)
11010307823,41.0020928,28.9766898,3,,,,POINT (28.9766898 41.0020928)
11010921758,41.0119975,28.959744,3,,,,POINT (28.959744 41.0119975)
11030805287,41.0214509,28.937599,1,,,,POINT (28.937599 41.0214509)
11030812166,41.0216663,28.9372758,3,,,,POINT (28.9372758 41.0216663)
11030812167,41.0216008,28.9372359,1,,,,POINT (28.9372359 41.0216008)
11030825981,41.0216064,28.9374679,3,,,,POINT (28.9374679 41.0216064)
11030828957,41.0215078,28.9377971,4,,,,POINT (28.9377971 41.0215078)
11030829748,41.0208648,28.9397473,3,,,,POINT (28.9397473 41.0208648)
11030829750,41.0205904,28.9398838,3,,,,POINT (28.9398838 41.0205904)
11030830457,41.0199929,28.936491,3,,,,POINT (28.936491 41.0199929)
11030830459,41.0200644,28.9374169,3,,,,POINT (28.9374169 41.0200644)
11030834556,41.0192758,28.9397638,3,,,,POINT (28.9397638 41.0192758)
11030834557,41.0195823,28.9390147,1,,,,POINT (28.9390147 41.0195823)
11030850211,41.0194915,28.9392366,3,,,,POINT (28.9392366 41.0194915)
11030858305,41.0212561,28.9398368,3,,,,POINT (28.9398368 41.0212561)
11030858306,41.0211281,28.9400637,1,,,,POINT (28.9400637 41.0211281)
11030870391,41.0210266,28.9405042,3,,,,POINT (28.9405042 41.0210266)
11030901485,41.0228523,28.9379954,1,,,,POINT (28.9379954 41.0228523)
11030952201,41.023239,28.9388169,1,,,,POINT (28.9388169 41.023239)
11036195104,41.0191045,28.9321604,3,,,,POINT (28.9321604 41.0191045)
11036237705,41.0191431,28.9319881,1,,,,POINT (28.9319881 41.0191431)
11036241529,41.0194573,28.9321353,3,,,,POINT (28.9321353 41.0194573)
11036241722,41.0195437,28.9315578,3,,,,POINT (28.9315578 41.0195437)
11044688240,41.0181939,28.9391506,3,crossing,,,POINT (28.9391506 41.0181939)
11046221935,41.0019783,28.93873,3,,,,POINT (28.93873 41.0019783)
11046221946,40.9984767,28.9533944,3,,,,POINT (28.9533944 40.9984767)
11046221990,41.0025895,28.9521438,3,,,,POINT (28.9521438 41.0025895)
11046221991,41.0039558,28.9532951,3,,,,POINT (28.9532951 41.0039558)
11046221994,41.0038921,28.9530715,4,,,,POINT (28.9530715 41.0038921)
11046221995,41.0039357,28.953222,3,,,,POINT (28.953222 41.0039357)
11046221996,41.004072,28.953141,3,,,,POINT (28.953141 41.004072)
11046221997,41.0040242,28.9529982,3,,,,POINT (28.9529982 41.0040242)
11046222000,41.0038725,28.9529712,3,,,,POINT (28.9529712 41.0038725)
11046222003,41.0037057,28.9531606,4,,,,POINT (28.9531606 41.0037057)
11046283805,41.0036083,28.9532472,3,,,,POINT (28.9532472 41.0036083)
11046283809,41.0037389,28.9532729,4,,,,POINT (28.9532729 41.0037389)
11046283812,41.0032294,28.9533843,4,,,,POINT (28.9533843 41.0032294)
11046283817,41.0031759,28.9534884,3,,,,POINT (28.9534884 41.0031759)
11057495440,41.0019671,28.9391275,3,,,,POINT (28.9391275 41.0019671)
11117641629,41.0144365,28.9851045,3,,,,POINT (28.9851045 41.0144365)
11117641630,41.014615,28.98564,3,,,,POINT (28.98564 41.014615)
11117661764,41.01583,28.9546344,3,,,,POINT (28.9546344 41.01583)
11117661766,41.0161409,28.9547415,3,,,,POINT (28.9547415 41.0161409)
11117661767,41.0160658,28.9548604,3,,,,POINT (28.9548604 41.0160658)
11117686114,41.0120915,28.9803122,3,,,,POINT (28.9803122 41.0120915)
11117686115,41.0121071,28.9802886,3,,,,POINT (28.9802886 41.0121071)
11141912151,41.0194551,28.9656018,3,,,,POINT (28.9656018 41.0194551)
11141912152,41.0197422,28.9656717,3,,,,POINT (28.9656717 41.0197422)
11141912154,41.0194999,28.965535,3,,,,POINT (28.965535 41.0194999)
11141912155,41.0198094,28.9656003,3,,,,POINT (28.9656003 41.0198094)
11141912156,41.0195467,28.9654514,3,,,,POINT (28.9654514 41.0195467)
11141912157,41.0198903,28.9655196,3,,,,POINT (28.9655196 41.0198903)
11141912158,41.0195952,28.965374,3,,,,POINT (28.965374 41.0195952)
11141912159,41.0199726,28.9654179,3,,,,POINT (28.9654179 41.0199726)
11141912160,41.0196683,28.9652612,3,,,,POINT (28.9652612 41.0196683)
11141912163,41.0190624,28.9664726,3,,,,POINT (28.9664726 41.0190624)
11153703243,41.0229921,28.9622207,4,crossing,,,POINT (28.9622207 41.0229921)
11153703249,41.018373,28.9694662,4,,,,POINT (28.9694662 41.018373)
11153703256,41.018366,28.9695105,1,,,,POINT (28.9695105 41.018366)
11153703258,41.0182999,28.9694859,1,,,,POINT (28.9694859 41.0182999)
11153703259,41.0183094,28.9694428,3,,,,POINT (28.9694428 41.0183094)
11153703260,41.018223,28.9704699,1,,,,POINT (28.9704699 41.018223)
11153703261,41.0182084,28.9705731,3,,,,POINT (28.9705731 41.0182084)
11153703262,41.0181469,28.9704482,1,,,,POINT (28.9704482 41.0181469)
11157702242,41.0211807,28.9630989,1,,,,POINT (28.9630989 41.0211807)
11165697750,41.0140759,28.975111,3,,,,POINT (28.975111 41.0140759)
11165697751,41.0138257,28.9749341,3,,,,POINT (28.9749341 41.0138257)
11165697752,41.0138333,28.9749535,3,,,,POINT (28.9749535 41.0138333)
11165697753,41.0135378,28.9754152,4,,,,POINT (28.9754152 41.0135378)
11165697754,41.0133185,28.9757783,3,,,,POINT (28.9757783 41.0133185)
11165697755,41.0130779,28.9761656,4,crossing,,,POINT (28.9761656 41.0130779)
11165697756,41.0128313,28.9766028,4,,,,POINT (28.9766028 41.0128313)
11165697757,41.0124806,28.9772254,4,,,,POINT (28.9772254 41.0124806)
11165697758,41.0122294,28.9776719,4,,,,POINT (28.9776719 41.0122294)
11165697759,41.0118719,28.9783078,3,,,,POINT (28.9783078 41.0118719)
11165697762,41.0110998,28.9780397,4,,,,POINT (28.9780397 41.0110998)
11165697764,41.0110006,28.978014,4,crossing,,,POINT (28.978014 41.0110006)
11165697767,41.0105281,28.978592,4,,,,POINT (28.978592 41.0105281)
11167178141,41.0181878,28.9718631,3,,,,POINT (28.9718631 41.0181878)
11167178158,41.018679,28.9703378,3,,,,POINT (28.9703378 41.018679)
11167178160,41.0182001,28.971607,3,,,,POINT (28.971607 41.0182001)
11167178165,41.0180557,28.9714204,3,,,,POINT (28.9714204 41.0180557)
11167178166,41.0180395,28.9711677,3,,,,POINT (28.9711677 41.0180395)
11167200385,41.0179418,28.9720669,3,,,,POINT (28.9720669 41.0179418)
11167200389,41.0179889,28.9724342,3,,,,POINT (28.9724342 41.0179889)
11167206456,41.0181304,28.970558,3,,,,POINT (28.970558 41.0181304)
11167206460,41.0183985,28.9707622,3,,,,POINT (28.9707622 41.0183985)
11167206462,41.0182999,28.9709798,3,,,,POINT (28.9709798 41.0182999)
11167206463,41.0182673,28.9710957,3,,,,POINT (28.9710957 41.0182673)
11167206464,41.0182499,28.9712104,3,,,,POINT (28.9712104 41.0182499)
11167206465,41.0182561,28.9713359,3,,,,POINT (28.9713359 41.0182561)
11167588242,41.0392152,28.9440219,3,,,,POINT (28.9440219 41.0392152)
11167588256,41.0247104,28.960313,3,,,,POINT (28.960313 41.0247104)
11169273522,41.0207461,28.9644701,1,,,,POINT (28.9644701 41.0207461)
11169273524,41.0205925,28.9640884,3,,,,POINT (28.9640884 41.0205925)
11169273525,41.020573,28.9640483,3,,,,POINT (28.9640483 41.020573)
11169273528,41.018583,28.9672115,3,,,,POINT (28.9672115 41.018583)
11169273529,41.0191817,28.9674079,1,,,,POINT (28.9674079 41.0191817)
11169305749,41.0186568,28.9684821,1,,,,POINT (28.9684821 41.0186568)
11169305755,41.0193928,28.9684786,3,,,,POINT (28.9684786 41.0193928)
11185899580,41.0031808,28.9598389,4,,,,POINT (28.9598389 41.0031808)
11185899583,41.002228,28.9609306,1,,,,POINT (28.9609306 41.002228)
11186561362,41.0017725,28.9522645,3,,,,POINT (28.9522645 41.0017725)
11186561369,41.0028418,28.9550486,1,,,,POINT (28.9550486 41.0028418)
11187222412,41.0030908,28.9598912,3,,,,POINT (28.9598912 41.0030908)
11197263578,41.0283572,28.9375749,3,crossing,,,POINT (28.9375749 41.0283572)
11197263579,41.0282957,28.9374673,4,crossing,,,POINT (28.9374673 41.0282957)
11197263584,41.0296411,28.9370516,3,crossing,,,POINT (28.9370516 41.0296411)
11254781784,40.9929982,28.9228435,3,,,,POINT (28.9228435 40.9929982)
11279359852,41.0096951,28.9594335,3,crossing,,,POINT (28.9594335 41.0096951)
11279359867,41.0093235,28.9655739,4,,,,POINT (28.9655739 41.0093235)
11279388769,41.009564,28.9594298,3,,,,POINT (28.9594298 41.009564)
11279388770,41.0096435,28.9594319,3,,,,POINT (28.9594319 41.0096435)
11279388781,41.0093491,28.9526673,3,,,,POINT (28.9526673 41.0093491)
11279388788,41.0090934,28.9532011,3,,,,POINT (28.9532011 41.0090934)
11279388792,41.008878,28.9535987,3,crossing,,,POINT (28.9535987 41.008878)
11282324667,41.0095244,28.9551881,3,,,,POINT (28.9551881 41.0095244)
11331464187,41.0096579,28.9562018,3,,,,POINT (28.9562018 41.0096579)
11331476122,41.030912,28.9525165,1,,,,POINT (28.9525165 41.030912)
11331476124,41.0308883,28.9523336,3,,,,POINT (28.9523336 41.0308883)
11331476138,41.0307848,28.9525746,1,,,,POINT (28.9525746 41.0307848)
11331476140,41.0307894,28.9519274,3,,,,POINT (28.9519274 41.0307894)
11365714710,41.0006403,28.946187,3,,,,POINT (28.946187 41.0006403)
11365714711,40.9995114,28.9435692,3,,,,POINT (28.9435692 40.9995114)
11365714713,40.9999079,28.9431733,3,,,,POINT (28.9431733 40.9999079)
11365714714,40.9994587,28.9433508,4,,,,POINT (28.9433508 40.9994587)
11365714716,41.0001994,28.9432419,3,,,,POINT (28.9432419 41.0001994)
11365714717,40.9994128,28.9433691,1,,,,POINT (28.9433691 40.9994128)
11365714718,41.0016672,28.9464407,4,,,,POINT (28.9464407 41.0016672)
11365714727,41.0030552,28.9500909,4,,,,POINT (28.9500909 41.0030552)
11365714728,41.003099,28.9501291,4,,,,POINT (28.9501291 41.003099)
11365714730,41.0035893,28.9501475,4,,,,POINT (28.9501475 41.0035893)
11365714731,41.0039085,28.9501521,3,,,,POINT (28.9501521 41.0039085)
11365714734,41.0040655,28.950273,4,,,,POINT (28.950273 41.0040655)
11365714735,41.005036,28.9502585,4,,,,POINT (28.9502585 41.005036)
11365714736,41.0062462,28.9502466,3,,,,POINT (28.9502466 41.0062462)
11365714743,41.0103794,28.9650585,3,,,,POINT (28.9650585 41.0103794)
11365714756,41.0100901,28.9645908,3,,,,POINT (28.9645908 41.0100901)
11365714759,41.0103654,28.9651845,3,,,,POINT (28.9651845 41.0103654)
11365714760,41.0103334,28.9652201,1,,,,POINT (28.9652201 41.0103334)
11365714761,41.0104605,28.9652034,3,,,,POINT (28.9652034 41.0104605)
11365741269,41.010807,28.9634513,4,,,,POINT (28.9634513 41.010807)
11365741270,41.0108704,28.9642465,3,,,,POINT (28.9642465 41.0108704)
11365741272,41.0104172,28.9640051,4,,,,POINT (28.9640051 41.0104172)
11491657105,41.0232311,28.9612841,3,crossing,,,POINT (28.9612841 41.0232311)
11491657138,41.0225606,28.9619814,4,crossing,,,POINT (28.9619814 41.0225606)
11491657145,41.0217414,28.9620415,4,crossing,,,POINT (28.9620415 41.0217414)
11491671329,41.0241734,28.9602064,3,,,,POINT (28.9602064 41.0241734)
11491671343,41.0390111,28.9448206,1,,,,POINT (28.9448206 41.0390111)
11491671358,41.0393185,28.9443006,1,,,,POINT (28.9443006 41.0393185)
11491671364,41.0393867,28.9443697,1,,,,POINT (28.9443697 41.0393867)
11491671374,41.0371138,28.9455253,3,crossing,,,POINT (28.9455253 41.0371138)
11491671379,41.037162,28.9455006,4,,,,POINT (28.9455006 41.037162)
11491671382,41.0372707,28.945298,3,,,,POINT (28.945298 41.0372707)
11491671392,41.0378358,28.9455381,3,,,,POINT (28.9455381 41.0378358)
11491671405,41.0328276,28.947875,3,crossing,,,POINT (28.947875 41.0328276)
11491671407,41.0327428,28.9479911,3,,,,POINT (28.9479911 41.0327428)
11491671418,41.0200796,28.9645358,3,,,,POINT (28.9645358 41.0200796)
11511878725,41.0220638,28.9622199,4,crossing,,,POINT (28.9622199 41.0220638)
11511878761,41.0229529,28.9609626,3,crossing,,,POINT (28.9609626 41.0229529)
11511878783,41.0183487,28.9687978,4,crossing,,,POINT (28.9687978 41.0183487)
11532842214,41.0099818,28.9482238,3,,,,POINT (28.9482238 41.0099818)
11684158077,41.0024468,28.938646,1,,,,POINT (28.938646 41.0024468)
11684158089,41.0044678,28.9506826,1,,,,POINT (28.9506826 41.0044678)
11684158092,41.0047454,28.9533652,1,,,,POINT (28.9533652 41.0047454)
11684158139,41.005136,28.9824444,1,,,,POINT (28.9824444 41.005136)
11684158173,41.0161318,28.9857567,3,,,,POINT (28.9857567 41.0161318)
11684158181,41.015874,28.9852805,3,,,,POINT (28.9852805 41.015874)
11778225748,41.0129988,28.9556968,3,,,,POINT (28.9556968 41.0129988)
11778225749,41.0128843,28.9555739,1,,,,POINT (28.9555739 41.0128843)
11778225750,41.0130672,28.9556176,3,,,,POINT (28.9556176 41.0130672)
11778225751,41.0128955,28.9554493,1,,,,POINT (28.9554493 41.0128955)
11778225752,41.0130505,28.9558271,1,,,,POINT (28.9558271 41.0130505)
11812453120,41.0168082,28.9762018,3,,,,POINT (28.9762018 41.0168082)
11812453121,41.0167522,28.9762943,3,,,,POINT (28.9762943 41.0167522)
11812453161,41.0185009,28.9672148,3,,,,POINT (28.9672148 41.0185009)
11812527169,41.0176534,28.9694037,3,,,,POINT (28.9694037 41.0176534)
11812527179,41.0179172,28.9699587,3,,,,POINT (28.9699587 41.0179172)
11812527183,41.0177598,28.9702957,3,,,,POINT (28.9702957 41.0177598)
11812527186,41.0178097,28.9704374,4,,,,POINT (28.9704374 41.0178097)
11812527191,41.017657,28.9711274,3,,,,POINT (28.9711274 41.017657)
11812527205,41.0177882,28.9697317,4,,,,POINT (28.9697317 41.0177882)
11812527208,41.0172512,28.9712836,4,,,,POINT (28.9712836 41.0172512)
11812527212,41.0169519,28.9715414,3,,,,POINT (28.9715414 41.0169519)
11812527219,41.0168466,28.9715205,3,,,,POINT (28.9715205 41.0168466)
11812527220,41.0169152,28.9715831,3,,,,POINT (28.9715831 41.0169152)
11812527225,41.0164199,28.9712037,3,,,,POINT (28.9712037 41.0164199)
11812527227,41.0163443,28.9713276,3,,,,POINT (28.9713276 41.0163443)
11812527231,41.0166359,28.9719119,3,,,,POINT (28.9719119 41.0166359)
11812527233,41.0165664,28.971375,3,,,,POINT (28.971375 41.0165664)
11812527234,41.0167027,28.9713845,3,,,,POINT (28.9713845 41.0167027)
11812527240,41.0169797,28.9725958,3,,,,POINT (28.9725958 41.0169797)
11812527246,41.0171539,28.9730303,3,,,,POINT (28.9730303 41.0171539)
11812527247,41.0171763,28.9727909,4,,,,POINT (28.9727909 41.0171763)
11812527248,41.0171122,28.9730832,4,,,,POINT (28.9730832 41.0171122)
11812527251,41.0171468,28.9718208,3,,,,POINT (28.9718208 41.0171468)
11812527264,41.0170637,28.9719316,3,,,,POINT (28.9719316 41.0170637)
11812527272,41.0170371,28.9719666,4,,,,POINT (28.9719666 41.0170371)
11812527273,41.0170252,28.9719822,1,,,,POINT (28.9719822 41.0170252)
11812527274,41.017031,28.9725037,3,,,,POINT (28.9725037 41.017031)
11812527275,41.0170041,28.9724652,1,,,,POINT (28.9724652 41.0170041)
11812527277,41.0172395,28.9722545,3,,,,POINT (28.9722545 41.0172395)
11812527285,41.0174736,28.9715114,3,,,,POINT (28.9715114 41.0174736)
11812527286,41.0174013,28.9709421,4,,,,POINT (28.9709421 41.0174013)
11812527287,41.0168769,28.9705325,3,,,,POINT (28.9705325 41.0168769)
11812527289,41.0175603,28.9707712,3,,,,POINT (28.9707712 41.0175603)
11812527291,41.0174443,28.9706778,4,,,,POINT (28.9706778 41.0174443)
11812527294,41.0169895,28.9703486,3,,,,POINT (28.9703486 41.0169895)
11812527303,41.0153945,28.964876,3,,,,POINT (28.964876 41.0153945)
11812527304,41.0154141,28.964853,1,,,,POINT (28.964853 41.0154141)
11812527325,41.0185239,28.9667637,4,,,,POINT (28.9667637 41.0185239)
11812527326,41.018175,28.9682846,3,,,,POINT (28.9682846 41.018175)
11812527328,41.0180897,28.9687286,4,,,,POINT (28.9687286 41.0180897)
11812527332,41.0180043,28.9695446,3,,,,POINT (28.9695446 41.0180043)
11812527339,41.0182418,28.9678537,3,,,,POINT (28.9678537 41.0182418)
11812527340,41.0182011,28.9680695,3,,,,POINT (28.9680695 41.0182011)
11812527358,41.0199223,28.9646042,3,,,,POINT (28.9646042 41.0199223)
11812527395,41.0210416,28.9639855,3,,,,POINT (28.9639855 41.0210416)
11812527427,41.0227408,28.9631,1,,,,POINT (28.9631 41.0227408)
11812527465,41.0238564,28.9604818,3,,,,POINT (28.9604818 41.0238564)
11812565357,41.0098985,28.98201,3,,,,POINT (28.98201 41.0098985)
11812565358,41.0098364,28.9821737,1,,,,POINT (28.9821737 41.0098364)
11828695665,41.0068773,28.9441892,1,,,,POINT (28.9441892 41.0068773)
11828724970,41.0068464,28.9441175,3,,,,POINT (28.9441175 41.0068464)
11828724971,41.0069364,28.9441179,1,,,,POINT (28.9441179 41.0069364)
11842449014,41.0163131,28.9855258,4,,,,POINT (28.9855258 41.0163131)
11842449015,41.0162804,28.9855948,4,,,,POINT (28.9855948 41.0162804)
11842449048,41.0166421,28.9856963,4,,,,POINT (28.9856963 41.0166421)
11842449051,41.0161109,28.987016,3,,,,POINT (28.987016 41.0161109)
11865972687,41.0186167,28.9704835,3,,,,POINT (28.9704835 41.0186167)
11865972691,41.0182202,28.9705857,3,,,,POINT (28.9705857 41.0182202)
11865972708,41.021361,28.9629997,3,,,,POINT (28.9629997 41.021361)
11865972709,41.0204348,28.9635498,3,,,,POINT (28.9635498 41.0204348)
11883722505,41.0162447,28.9823611,3,,,,POINT (28.9823611 41.0162447)
11883722506,41.0163765,28.9822979,3,,,,POINT (28.9822979 41.0163765)
11883722512,41.0164997,28.9822149,3,,,,POINT (28.9822149 41.0164997)
11883722530,41.0165305,28.9815741,3,,,,POINT (28.9815741 41.0165305)
11883722531,41.0166804,28.9818645,1,,,,POINT (28.9818645 41.0166804)
11883722533,41.0164373,28.9818907,1,,,,POINT (28.9818907 41.0164373)
11883722534,41.0165306,28.982127,3,,,,POINT (28.982127 41.0165306)
11883722550,41.0164904,28.9821607,3,,,,POINT (28.9821607 41.0164904)
11883722553,41.016575,28.9818531,4,,,,POINT (28.9818531 41.016575)
11883734708,41.0167369,28.9763217,3,,,,POINT (28.9763217 41.0167369)
11883734709,41.0169036,28.9764323,3,,,,POINT (28.9764323 41.0169036)
11883734719,41.0167319,28.9767507,3,,,,POINT (28.9767507 41.0167319)
11885165079,41.0307671,28.950818,3,,,,POINT (28.950818 41.0307671)
11885165097,41.0298697,28.951763,4,traffic_signals,,,POINT (28.951763 41.0298697)
11885165139,41.0320745,28.949912,3,,,,POINT (28.949912 41.0320745)
11885165140,41.0299063,28.9518431,4,crossing,,,POINT (28.9518431 41.0299063)
11885165171,41.0278475,28.9566159,3,,,,POINT (28.9566159 41.0278475)
11885165228,41.0245291,28.9601183,1,,,,POINT (28.9601183 41.0245291)
11888714138,41.0176566,28.9740914,4,crossing,,,POINT (28.9740914 41.0176566)
11889111246,41.0196885,28.964458,3,crossing,,,POINT (28.964458 41.0196885)
11889111247,41.0197373,28.9645102,4,crossing,,,POINT (28.9645102 41.0197373)
11889111255,41.0198828,28.9646655,3,,,,POINT (28.9646655 41.0198828)
11889122672,41.0211584,28.9627747,3,,,,POINT (28.9627747 41.0211584)
11889122673,41.0206306,28.9635082,1,,,,POINT (28.9635082 41.0206306)
11889122674,41.0206982,28.9636016,1,,,,POINT (28.9636016 41.0206982)
11889122675,41.020653,28.9637008,3,,,,POINT (28.9637008 41.020653)
11889122676,41.0205686,28.9635717,3,,,,POINT (28.9635717 41.0205686)
11889122677,41.0204962,28.9636496,3,,,,POINT (28.9636496 41.0204962)
11889122678,41.0212264,28.9628897,3,,,,POINT (28.9628897 41.0212264)
11889122679,41.0212861,28.9629912,3,,,,POINT (28.9629912 41.0212861)
11889122680,41.0206328,28.9636727,3,,,,POINT (28.9636727 41.0206328)
11889122683,41.021628,28.9634065,3,,,,POINT (28.9634065 41.021628)
11889122714,41.0219798,28.9633614,3,,,,POINT (28.9633614 41.0219798)
11889589295,41.0027112,28.9387723,3,,,,POINT (28.9387723 41.0027112)
11889589297,41.0027796,28.9392835,4,crossing,,,POINT (28.9392835 41.0027796)
11889589300,41.0027388,28.9392949,4,crossing,,,POINT (28.9392949 41.0027388)
11889589303,41.0021829,28.9371615,3,,,,POINT (28.9371615 41.0021829)
11889589310,41.0022554,28.9369853,3,,,,POINT (28.9369853 41.0022554)
11889589325,41.0024778,28.9383191,3,,,,POINT (28.9383191 41.0024778)
11889637705,41.0029737,28.9542515,3,,,,POINT (28.9542515 41.0029737)
11889671291,41.0022012,28.9752616,4,crossing,,,POINT (28.9752616 41.0022012)
11889671292,41.0021333,28.9752655,4,crossing,,,POINT (28.9752655 41.0021333)
11889671307,41.00429,28.9826422,4,,,,POINT (28.9826422 41.00429)
11889671308,41.004322,28.9827968,4,,,,POINT (28.9827968 41.004322)
11889671345,41.0161711,28.9823294,3,crossing,,,POINT (28.9823294 41.0161711)
11889671347,41.0162356,28.9823025,3,crossing,,,POINT (28.9823025 41.0162356)
11889671363,41.0163921,28.9762573,3,,,,POINT (28.9762573 41.0163921)
11889950886,41.0038492,28.9822133,4,,,,POINT (28.9822133 41.0038492)
11907183447,41.0042914,28.9555087,3,,,,POINT (28.9555087 41.0042914)
11907183464,41.0041741,28.9555993,3,,,,POINT (28.9555993 41.0041741)
11907183465,41.0040836,28.9556752,3,,,,POINT (28.9556752 41.0040836)
11907183466,41.0043404,28.9548513,3,,,,POINT (28.9548513 41.0043404)
11907183468,41.0043631,28.9554388,3,,,,POINT (28.9554388 41.0043631)
11907183475,41.0040691,28.955998,3,,,,POINT (28.955998 41.0040691)
11907183477,41.0041892,28.9541693,3,,,,POINT (28.9541693 41.0041892)
11907183481,41.0042727,28.9545404,3,,,,POINT (28.9545404 41.0042727)
11907183482,41.0041174,28.9548208,3,,,,POINT (28.9548208 41.0041174)
11907183484,41.0040541,28.9550047,3,,,,POINT (28.9550047 41.0040541)
11969135499,41.0029497,28.9776354,3,,,,POINT (28.9776354 41.0029497)
11969135503,41.0029269,28.9775239,3,,,,POINT (28.9775239 41.0029269)
11975924514,41.0193945,28.9661615,3,,,,POINT (28.9661615 41.0193945)
11975924519,41.0184617,28.96887,4,crossing,,,POINT (28.96887 41.0184617)
11975924524,41.0187562,28.9672754,4,crossing,,,POINT (28.9672754 41.0187562)
11975924532,41.0198592,28.9646408,4,,,,POINT (28.9646408 41.0198592)
12022588411,41.0230852,28.9610393,3,,,,POINT (28.9610393 41.0230852)
12022588412,41.0230323,28.9625353,3,,,,POINT (28.9625353 41.0230323)
12022588413,41.0215867,28.962407,3,,,,POINT (28.962407 41.0215867)
12022588414,41.021351,28.960023,3,,,,POINT (28.960023 41.021351)
12022588443,41.0285607,28.9549573,3,,,,POINT (28.9549573 41.0285607)
12022588444,41.0285724,28.9549615,3,,,,POINT (28.9549615 41.0285724)
12022588446,41.0287553,28.9541261,1,,,,POINT (28.9541261 41.0287553)
12022589563,41.0363781,28.9468321,3,,,,POINT (28.9468321 41.0363781)
12022589564,41.0364803,28.9471802,3,,,,POINT (28.9471802 41.0364803)
12022589581,41.0366249,28.9463687,3,,,,POINT (28.9463687 41.0366249)
12022589617,41.0367011,28.9465636,3,,,,POINT (28.9465636 41.0367011)
12022589631,41.0364335,28.9468252,3,,,,POINT (28.9468252 41.0364335)
12022589634,41.0364951,28.9464333,3,,,,POINT (28.9464333 41.0364951)
12022589635,41.0365621,28.9467456,3,,,,POINT (28.9467456 41.0365621)
12043338121,41.0334573,28.9433351,3,,,,POINT (28.9433351 41.0334573)
12092654169,40.9914603,28.9270391,1,,,,POINT (28.9270391 40.9914603)
12127513965,41.0187062,28.9330894,3,,,,POINT (28.9330894 41.0187062)
12132554206,41.0186377,28.9672341,4,,,,POINT (28.9672341 41.0186377)
12132554214,41.0198139,28.9644825,4,crossing,,,POINT (28.9644825 41.0198139)
12132554215,41.0197719,28.9645482,4,,,,POINT (28.9645482 41.0197719)
12132554216,41.0188501,28.966486,4,crossing,,,POINT (28.966486 41.0188501)
12132554217,41.0214104,28.963075,4,,,,POINT (28.963075 41.0214104)
12132554219,41.0216528,28.9626854,3,,,,POINT (28.9626854 41.0216528)
12132554220,41.0220173,28.9632219,3,,,,POINT (28.9632219 41.0220173)
12132554222,41.0212128,28.9628666,3,,,,POINT (28.9628666 41.0212128)
12132554239,41.0222061,28.9623321,3,,,,POINT (28.9623321 41.0222061)
12132554240,41.022774,28.962454,3,,,,POINT (28.962454 41.022774)
12132554246,41.023022,28.9622374,3,,,,POINT (28.9622374 41.023022)
12132554247,41.0230348,28.9623528,3,,,,POINT (28.9623528 41.0230348)
12132554267,41.0229037,28.9613206,3,,,,POINT (28.9613206 41.0229037)
12132554275,41.0228532,28.9618475,3,,,,POINT (28.9618475 41.0228532)
12132554278,41.0225089,28.9619801,3,,,,POINT (28.9619801 41.0225089)
12132554283,41.0222474,28.9607172,3,,,,POINT (28.9607172 41.0222474)
12132554296,41.0220585,28.960344,1,,,,POINT (28.960344 41.0220585)
12132564903,41.021669,28.9620759,3,,,,POINT (28.9620759 41.021669)
12132564904,41.0220556,28.9622597,3,,,,POINT (28.9622597 41.0220556)
12132564905,41.0222578,28.9619232,3,,,,POINT (28.9619232 41.0222578)
12132564907,41.0225934,28.9610138,3,,,,POINT (28.9610138 41.0225934)
12143279137,41.0193169,28.9676219,3,,,,POINT (28.9676219 41.0193169)
12143279138,41.0187468,28.9673734,3,,,,POINT (28.9673734 41.0187468)
12143279139,41.0188463,28.9679563,3,,,,POINT (28.9679563 41.0188463)
12143279140,41.0188871,28.9678117,1,,,,POINT (28.9678117 41.0188871)
12143279149,41.0153385,28.9865563,1,,,,POINT (28.9865563 41.0153385)
12143279168,41.0168372,28.9852078,4,,,,POINT (28.9852078 41.0168372)
12143279171,41.0171076,28.9848805,1,,,,POINT (28.9848805 41.0171076)
12143279182,41.0171967,28.9860077,4,,,,POINT (28.9860077 41.0171967)
12143279190,41.0172965,28.986465,3,,,,POINT (28.986465 41.0172965)
12143279191,41.0170706,28.9843309,3,,,,POINT (28.9843309 41.0170706)
12143279195,41.0173513,28.98545,1,,,,POINT (28.98545 41.0173513)
12143279196,41.0150212,28.9872933,3,,,,POINT (28.9872933 41.0150212)
12143279198,41.0150554,28.9872055,3,,,,POINT (28.9872055 41.0150554)
12143279207,41.0158528,28.986507,3,,,,POINT (28.986507 41.0158528)
12143279216,41.0164443,28.9855982,5,,,,POINT (28.9855982 41.0164443)
12143279245,41.0162996,28.9823329,4,crossing,,,POINT (28.9823329 41.0162996)
12143279251,41.01339,28.9875281,1,,,,POINT (28.9875281 41.01339)
12143279253,41.0016871,28.9774151,3,,,,POINT (28.9774151 41.0016871)
12143279257,41.0020252,28.9777985,3,,,,POINT (28.9777985 41.0020252)
12143279260,41.0019584,28.9776883,3,,,,POINT (28.9776883 41.0019584)
12143279261,41.0016224,28.9706231,3,,,,POINT (28.9706231 41.0016224)
12143279264,41.0017032,28.9711627,3,,,,POINT (28.9711627 41.0017032)
12143279265,41.0017962,28.970976,3,,,,POINT (28.970976 41.0017962)
12143279272,41.0015688,28.971817,4,,,,POINT (28.971817 41.0015688)
12143279282,41.0011743,28.9725926,3,,,,POINT (28.9725926 41.0011743)
12143279283,41.0013362,28.9718232,3,,,,POINT (28.9718232 41.0013362)
12143279284,41.0018883,28.9718085,3,,,,POINT (28.9718085 41.0018883)
12143279286,41.0015263,28.9709797,3,,,,POINT (28.9709797 41.0015263)
12143279289,41.0016063,28.9714857,3,,,,POINT (28.9714857 41.0016063)
12143279291,41.0030166,28.9606303,3,,,,POINT (28.9606303 41.0030166)
12143279292,41.0029211,28.9607435,4,,,,POINT (28.9607435 41.0029211)
12143279297,41.0027036,28.960941,3,,,,POINT (28.960941 41.0027036)
12143279304,41.0029035,28.9612135,3,,,,POINT (28.9612135 41.0029035)
12143279305,41.0025825,28.9613097,1,,,,POINT (28.9613097 41.0025825)
12151595101,41.0032788,28.963682,3,elevator,,,POINT (28.963682 41.0032788)
12151595102,41.0031105,28.9636644,3,,,,POINT (28.9636644 41.0031105)
12151595103,41.0031987,28.964554,1,,,,POINT (28.964554 41.0031987)
12160380865,41.018546,28.9701101,3,,,,POINT (28.9701101 41.018546)
12160380866,41.0186338,28.970189,3,,,,POINT (28.970189 41.0186338)
12160380867,41.0184488,28.9702797,3,,,,POINT (28.9702797 41.0184488)
12160380870,41.0184598,28.9694842,1,,,,POINT (28.9694842 41.0184598)
12160380872,41.0182798,28.970472,3,,,,POINT (28.970472 41.0182798)
12160380873,41.0182723,28.9705643,3,,,,POINT (28.9705643 41.0182723)
12160380897,41.018646,28.9693983,1,,,,POINT (28.9693983 41.018646)
12160380898,41.0187712,28.9699674,4,,,,POINT (28.9699674 41.0187712)
12160421903,41.0193461,28.9693276,3,,,,POINT (28.9693276 41.0193461)
12160421904,41.0186893,28.9695917,3,,,,POINT (28.9695917 41.0186893)
12160462770,41.018312,28.9276405,3,,,,POINT (28.9276405 41.018312)
12160462771,41.0193384,28.9253665,3,,,,POINT (28.9253665 41.0193384)
12163709768,40.9883805,28.9226122,4,,,,POINT (28.9226122 40.9883805)
12163709769,40.9887553,28.9223538,4,,,,POINT (28.9223538 40.9887553)
12163709773,40.9937061,28.9296676,3,,,,POINT (28.9296676 40.9937061)
12163709774,40.9938319,28.929535,1,,,,POINT (28.929535 40.9938319)
12163709775,40.9940237,28.9298366,1,,,,POINT (28.9298366 40.9940237)
12163709776,40.9938895,28.9299821,3,,,,POINT (28.9299821 40.9938895)
12163709777,41.0012731,28.936733,1,,,,POINT (28.936733 41.0012731)
12163709790,40.9996135,28.934512,3,,,,POINT (28.934512 40.9996135)
12163762624,40.9923652,28.928203,3,,,,POINT (28.928203 40.9923652)
12163762625,40.9924638,28.928023,1,,,,POINT (28.928023 40.9924638)
12163762626,40.9930157,28.9287173,4,,,,POINT (28.9287173 40.9930157)
12163762627,40.9949163,28.9312371,4,,,,POINT (28.9312371 40.9949163)
12163762628,40.9948836,28.93127,3,,,,POINT (28.93127 40.9948836)
12163762629,40.9925751,28.9279505,3,,,,POINT (28.9279505 40.9925751)
12163762660,40.9987662,28.9335307,3,,,,POINT (28.9335307 40.9987662)
12163762689,40.998881,28.9337506,1,,,,POINT (28.9337506 40.998881)
12163762690,40.9985339,28.9335691,4,,,,POINT (28.9335691 40.9985339)
12163762718,40.9982604,28.9334646,1,,,,POINT (28.9334646 40.9982604)
12163762719,40.9986486,28.9330203,4,,,,POINT (28.9330203 40.9986486)
12163762721,40.9987969,28.9330787,3,,,,POINT (28.9330787 40.9987969)
12163762728,40.9983974,28.9334881,3,,,,POINT (28.9334881 40.9983974)
12163762729,40.9986915,28.9336126,3,,,,POINT (28.9336126 40.9986915)
12163762731,40.9985266,28.9335415,3,,,,POINT (28.9335415 40.9985266)
12163762753,40.9941987,28.9301698,1,,,,POINT (28.9301698 40.9941987)
12163762754,40.9940743,28.9302994,3,,,,POINT (28.9302994 40.9940743)
12163762766,40.9916556,28.9270087,1,,,,POINT (28.9270087 40.9916556)
12163762821,40.9884138,28.9225577,3,,,,POINT (28.9225577 40.9884138)
12163762822,40.9883385,28.92235,3,,,,POINT (28.92235 40.9883385)
12163762823,40.9883062,28.9222443,1,,,,POINT (28.9222443 40.9883062)
12163816403,40.9914799,28.9269242,3,,,,POINT (28.9269242 40.9914799)
12163816404,40.9948703,28.9313952,1,,,,POINT (28.9313952 40.9948703)
12163816407,40.9949383,28.9318194,3,,,,POINT (28.9318194 40.9949383)
12163816408,40.9980297,28.9333763,1,,,,POINT (28.9333763 40.9980297)
12163816409,40.9979631,28.9336188,3,,,,POINT (28.9336188 40.9979631)
12163816410,40.9997173,28.9343363,1,,,,POINT (28.9343363 40.9997173)
12163816411,41.0001357,28.9348843,1,,,,POINT (28.9348843 41.0001357)
12163816412,41.0000506,28.9349905,3,,,,POINT (28.9349905 41.0000506)
12183402506,41.0061279,28.9752268,3,,,,POINT (28.9752268 41.0061279)
12183402507,41.0062476,28.9749901,1,,,,POINT (28.9749901 41.0062476)
12211666576,41.0114985,28.9231806,3,,,,POINT (28.9231806 41.0114985)
12240972070,41.007504,28.9293196,1,,,,POINT (28.9293196 41.007504)
12243521522,41.004994,28.9217889,3,,,,POINT (28.9217889 41.004994)
12243521524,41.0048103,28.9225068,3,,,,POINT (28.9225068 41.0048103)
12243521563,41.0002005,28.921079,1,,,,POINT (28.921079 41.0002005)
12243521564,40.9998587,28.9208488,3,,,,POINT (28.9208488 40.9998587)
12243521572,40.9996142,28.9216788,1,,,,POINT (28.9216788 40.9996142)
12252537891,41.008495,28.9454225,3,,,,POINT (28.9454225 41.008495)
12252537894,41.008601,28.945903,1,,,,POINT (28.945903 41.008601)
12253587212,41.0002232,28.9435557,4,,,,POINT (28.9435557 41.0002232)
12253587213,41.0002138,28.9436173,4,,,,POINT (28.9436173 41.0002138)
12319575222,41.0032364,28.9820913,1,,,,POINT (28.9820913 41.0032364)
12319575223,41.0033015,28.9819915,3,,,,POINT (28.9819915 41.0033015)
12353697179,41.0170482,28.9640822,3,,,,POINT (28.9640822 41.0170482)
12353722995,41.0157921,28.9654301,3,,,,POINT (28.9654301 41.0157921)
12353722998,41.0156339,28.9651907,3,,,,POINT (28.9651907 41.0156339)
12353723000,41.0158933,28.9653139,3,,,,POINT (28.9653139 41.0158933)
12353731633,41.0166087,28.9640282,3,,,,POINT (28.9640282 41.0166087)
12353731639,41.0163684,28.9636705,4,,,,POINT (28.9636705 41.0163684)
12353731640,41.0163365,28.9637089,1,,,,POINT (28.9637089 41.0163365)
12356492148,41.0315587,28.9493904,3,,,,POINT (28.9493904 41.0315587)
12356492149,41.0316509,28.9495259,3,,,,POINT (28.9495259 41.0316509)
12356492162,41.0316946,28.949592,1,,,,POINT (28.949592 41.0316946)
12356492164,41.0316367,28.9503177,3,,,,POINT (28.9503177 41.0316367)
12356494857,41.0310213,28.939434,1,,,,POINT (28.939434 41.0310213)
12356494876,41.0306902,28.9392087,1,,,,POINT (28.9392087 41.0306902)
12356494877,41.030873,28.9392649,3,,,,POINT (28.9392649 41.030873)
12356494884,41.0310953,28.9387529,3,,,,POINT (28.9387529 41.0310953)
12356494888,41.0310679,28.9388932,3,,,,POINT (28.9388932 41.0310679)
12356494889,41.0310957,28.9389028,1,,,,POINT (28.9389028 41.0310957)
12356494890,41.0312553,28.9388042,3,,,,POINT (28.9388042 41.0312553)
12356494891,41.0312466,28.9388516,1,,,,POINT (28.9388516 41.0312466)
12356494892,41.031372,28.938921,1,,,,POINT (28.938921 41.031372)
12356494893,41.0313875,28.9389261,3,,,,POINT (28.9389261 41.0313875)
12356497394,41.0348751,28.9405979,3,,,,POINT (28.9405979 41.0348751)
12356540402,41.033314,28.9402084,3,,,,POINT (28.9402084 41.033314)
12356540412,41.0335432,28.9406398,3,,,,POINT (28.9406398 41.0335432)
12356558197,41.0338517,28.9407959,3,,,,POINT (28.9407959 41.0338517)
12356558200,41.033871,28.9404341,3,,,,POINT (28.9404341 41.033871)
12356559301,41.0337516,28.9404232,1,,,,POINT (28.9404232 41.0337516)
12356559304,41.0340389,28.9403563,3,,,,POINT (28.9403563 41.0340389)
12356559305,41.0340287,28.9404533,3,,,,POINT (28.9404533 41.0340287)
12356559317,41.0339195,28.940806,3,,,,POINT (28.940806 41.0339195)
12356559321,41.0338599,28.9406553,3,,,,POINT (28.9406553 41.0338599)
12356607908,41.03116,28.9362273,3,,,,POINT (28.9362273 41.03116)
12356607909,41.0308211,28.9366269,4,,,,POINT (28.9366269 41.0308211)
12358918911,41.0330928,28.9397981,3,,,,POINT (28.9397981 41.0330928)
12367446042,41.0076004,28.9733586,3,,,,POINT (28.9733586 41.0076004)
12367446045,41.0076021,28.9742493,4,crossing,,,POINT (28.9742493 41.0076021)
12367446046,41.0080563,28.974723,3,,,,POINT (28.974723 41.0080563)
12367467120,41.0196063,28.9574114,3,,,,POINT (28.9574114 41.0196063)
12367467123,41.0195492,28.9580506,1,,,,POINT (28.9580506 41.0195492)
12374460921,41.0132199,28.9790464,3,,,,POINT (28.9790464 41.0132199)
12374460922,41.0132245,28.9790027,1,,,,POINT (28.9790027 41.0132245)
12382153509,41.0152379,28.9852576,3,,,,POINT (28.9852576 41.0152379)
12382156826,41.0160997,28.9861473,3,,,,POINT (28.9861473 41.0160997)
12382156832,41.016353,28.9864344,4,,,,POINT (28.9864344 41.016353)
12382156838,41.0165,28.9860644,4,,,,POINT (28.9860644 41.0165)
12382156843,41.0162556,28.9859151,3,,,,POINT (28.9859151 41.0162556)
12382156880,41.0174626,28.9859844,1,,,,POINT (28.9859844 41.0174626)
12568149410,41.0149031,28.9271696,3,,,,POINT (28.9271696 41.0149031)
12568902262,41.0157725,28.9327627,1,,,,POINT (28.9327627 41.0157725)
12568902263,41.0155995,28.933098,1,,,,POINT (28.933098 41.0155995)
12639441979,41.0055408,28.9814237,3,,,,POINT (28.9814237 41.0055408)
12639442000,41.005204,28.9822449,3,,,,POINT (28.9822449 41.005204)
12639490701,41.0050502,28.9823696,3,,,,POINT (28.9823696 41.0050502)
12639490714,41.0051207,28.9823124,3,,,,POINT (28.9823124 41.0051207)
12639490715,41.0051849,28.9824234,3,,,,POINT (28.9824234 41.0051849)
12639490721,41.0052059,28.9824626,1,,,,POINT (28.9824626 41.0052059)
12639586730,41.0281274,28.9531013,1,,,,POINT (28.9531013 41.0281274)
12639586733,41.0282348,28.9524016,1,,,,POINT (28.9524016 41.0282348)
12660716131,40.9992935,28.9326981,3,,,,POINT (28.9326981 40.9992935)
12660716133,41.0026086,28.939571,3,elevator,,,POINT (28.939571 41.0026086)
12660716143,41.0027391,28.9397133,3,,,,POINT (28.9397133 41.0027391)
12660716145,41.0026964,28.9394897,3,,,,POINT (28.9394897 41.0026964)
12660716146,41.0027469,28.9397619,1,,,,POINT (28.9397619 41.0027469)
12660716150,40.9994968,28.9327187,3,,,,POINT (28.9327187 40.9994968)
12660716151,40.9995172,28.9327419,1,,,,POINT (28.9327419 40.9995172)
12660716165,41.0033019,28.9636846,3,,,,POINT (28.9636846 41.0033019)
12660716166,41.0033219,28.9633523,1,,,,POINT (28.9633523 41.0033219)
12660716168,41.0033175,28.9634459,3,,,subway_entrance,POINT (28.9634459 41.0033175)
12660716173,41.0048446,28.9514179,3,,,,POINT (28.9514179 41.0048446)
12660716174,41.0046705,28.9514879,3,elevator,,,POINT (28.9514879 41.0046705)
12660716175,41.0046971,28.951642,3,,,subway_entrance,POINT (28.951642 41.0046971)
12660716178,41.0051039,28.9522558,3,,,,POINT (28.9522558 41.0051039)
12660716180,41.0047474,28.9520635,1,,,,POINT (28.9520635 41.0047474)
12660716181,41.0046546,28.9514942,3,,,,POINT (28.9514942 41.0046546)
12660716190,41.0047987,28.9533282,3,,,,POINT (28.9533282 41.0047987)
12660716197,41.0047978,28.953031,1,,,,POINT (28.953031 41.0047978)
12660718803,41.0011019,28.9346731,3,,,,POINT (28.9346731 41.0011019)
12660718805,41.0009868,28.934758,1,,,,POINT (28.934758 41.0009868)
12660718810,41.0149429,28.9781874,1,,,,POINT (28.9781874 41.0149429)
12660718812,41.0149238,28.9769671,3,,,,POINT (28.9769671 41.0149238)
12660718813,41.01479,28.9769588,3,,,,POINT (28.9769588 41.01479)
12692825073,41.0142777,28.9567503,3,,,,POINT (28.9567503 41.0142777)
12723108262,41.0147079,28.9224251,3,,,,POINT (28.9224251 41.0147079)
12723108264,41.014043,28.9222557,4,,,,POINT (28.9222557 41.014043)
12723108266,41.016941,28.9232847,4,,,,POINT (28.9232847 41.016941)
12723108267,41.0146595,28.9229297,3,,,,POINT (28.9229297 41.0146595)
12723108268,41.0161989,28.9228296,3,,,,POINT (28.9228296 41.0161989)
12723108269,41.0172484,28.9234278,3,,,,POINT (28.9234278 41.0172484)
12723108270,41.0172069,28.9235898,1,,,,POINT (28.9235898 41.0172069)
12723108271,41.0171618,28.9237613,1,,,,POINT (28.9237613 41.0171618)
12723108272,41.017122,28.9238971,3,,,,POINT (28.9238971 41.017122)
12723108273,41.0119325,28.922717,1,,,,POINT (28.922717 41.0119325)
12723108274,41.0118629,28.9226763,3,,,,POINT (28.9226763 41.0118629)
12723108276,41.0113555,28.9230155,3,,,,POINT (28.9230155 41.0113555)
12723108278,41.0118232,28.9231596,3,,,,POINT (28.9231596 41.0118232)
12723108280,41.0109688,28.9229948,4,,,,POINT (28.9229948 41.0109688)
12723108282,41.0108917,28.9231883,3,,,,POINT (28.9231883 41.0108917)
12723108284,41.0108126,28.9228521,1,,,,POINT (28.9228521 41.0108126)
12723108290,41.0112339,28.9232338,3,,,,POINT (28.9232338 41.0112339)
12723108291,41.0112397,28.9230083,4,,,,POINT (28.9230083 41.0112397)
12723110304,41.0110527,28.9228538,3,,,,POINT (28.9228538 41.0110527)
12723110314,41.0111197,28.9232273,3,,,,POINT (28.9232273 41.0111197)
12723110315,41.011146,28.9230036,4,,,,POINT (28.9230036 41.011146)
12723110317,41.0112173,28.9228193,4,,,,POINT (28.9228193 41.0112173)
12723110318,41.0111692,28.9228494,3,,,,POINT (28.9228494 41.0111692)
12723110319,41.0110063,28.9228142,3,,,,POINT (28.9228142 41.0110063)
12723110320,41.0110118,28.9232088,3,,,,POINT (28.9232088 41.0110118)
12723110321,41.0110308,28.9229979,4,,,,POINT (28.9229979 41.0110308)
12723110322,41.0112744,28.9227556,1,,,,POINT (28.9227556 41.0112744)
12723110332,41.0115838,28.9228575,1,,,,POINT (28.9228575 41.0115838)
12723110333,41.0115511,28.9228084,3,,,,POINT (28.9228084 41.0115511)
12723110355,41.0071055,28.9235752,3,,,,POINT (28.9235752 41.0071055)
12723110356,41.0071369,28.9225864,3,,,,POINT (28.9225864 41.0071369)
12723110365,41.00728,28.9223053,3,,,,POINT (28.9223053 41.00728)
12723110366,41.00749,28.9224739,3,,,,POINT (28.9224739 41.00749)
12723110368,41.0075865,28.9227735,3,,,,POINT (28.9227735 41.0075865)
12723110369,41.0067634,28.922431,4,,,,POINT (28.922431 41.0067634)
12723110371,41.0070347,28.9222658,3,,,,POINT (28.9222658 41.0070347)
12723110372,41.0069811,28.9225216,3,,,,POINT (28.9225216 41.0069811)
12723110373,41.0072072,28.9226157,3,,,,POINT (28.9226157 41.0072072)
12723110375,41.007374,28.9229647,3,,,,POINT (28.9229647 41.007374)
12723110376,41.0067503,28.9226879,3,,,,POINT (28.9226879 41.0067503)
12723110377,41.007617,28.923084,3,,,,POINT (28.923084 41.007617)
12723110378,41.0071284,28.9228557,4,,,,POINT (28.9228557 41.0071284)
12723110387,41.0076922,28.9229766,4,,,,POINT (28.9229766 41.0076922)
12723110397,41.0075488,28.9227578,3,,,,POINT (28.9227578 41.0075488)
12723110402,41.0076645,28.9232773,3,,,,POINT (28.9232773 41.0076645)
12723110403,41.007621,28.9234402,3,,,,POINT (28.9234402 41.007621)
12723110405,41.0076522,28.9233273,4,,,,POINT (28.9233273 41.0076522)
12723110406,41.0072958,28.9232669,1,,,,POINT (28.9232669 41.0072958)
12723110407,41.0072889,28.9235808,3,,,,POINT (28.9235808 41.0072889)
12723110408,41.0072922,28.9234313,3,,,,POINT (28.9234313 41.0072922)
12723110409,41.0085439,28.9231532,1,,,,POINT (28.9231532 41.0085439)
12723110414,41.0081205,28.9228394,1,,,,POINT (28.9228394 41.0081205)
12723110416,41.0075084,28.9225121,3,,,,POINT (28.9225121 41.0075084)
12723110468,41.0076969,28.9230332,3,,,,POINT (28.9230332 41.0076969)
12723110469,41.0074342,28.9227101,4,,,,POINT (28.9227101 41.0074342)
12723110481,41.005902,28.9222523,3,,,,POINT (28.9222523 41.005902)
12723110482,41.0059452,28.9222555,3,,,,POINT (28.9222555 41.0059452)
12723110483,41.0057337,28.9224267,3,,,,POINT (28.9224267 41.0057337)
12723110484,41.0057701,28.9219406,3,,,,POINT (28.9219406 41.0057701)
12723110485,41.0057483,28.9221622,4,,,,POINT (28.9221622 41.0057483)
12723110486,41.0061295,28.9219907,3,,,,POINT (28.9219907 41.0061295)
12723110489,41.0066414,28.9240197,3,,,,POINT (28.9240197 41.0066414)
12723110490,41.0067334,28.9244969,3,,,,POINT (28.9244969 41.0067334)
12800136821,41.0113296,28.9635298,3,,,,POINT (28.9635298 41.0113296)
12800136822,41.0114964,28.9636367,4,,,,POINT (28.9636367 41.0114964)
12800136823,41.0116667,28.9636415,3,,,,POINT (28.9636415 41.0116667)
12800136825,41.0121167,28.9634847,3,,,,POINT (28.9634847 41.0121167)
12800136828,41.0122852,28.9635441,3,,,,POINT (28.9635441 41.0122852)
12800136830,41.0122995,28.9638315,3,,,,POINT (28.9638315 41.0122995)
12800136832,41.011332,28.9640024,3,,,,POINT (28.9640024 41.011332)
12800136835,41.012466,28.9630153,3,,,,POINT (28.9630153 41.012466)
12800136836,41.0125947,28.9629576,3,,,,POINT (28.9629576 41.0125947)
12800136840,41.0120902,28.9634967,4,,,,POINT (28.9634967 41.0120902)
12800136841,41.0120711,28.9632339,3,,,,POINT (28.9632339 41.0120711)
12800136843,41.0121363,28.962926,4,,,,POINT (28.962926 41.0121363)
12800136844,41.0121051,28.9627336,3,,,,POINT (28.9627336 41.0121051)
12800136845,41.0121946,28.9627136,3,,,,POINT (28.9627136 41.0121946)
12800136846,41.0122437,28.9629908,1,,,,POINT (28.9629908 41.0122437)
12800136847,41.0122966,28.9626917,1,,,,POINT (28.9626917 41.0122966)
12800136848,41.0120086,28.9627661,1,,,,POINT (28.9627661 41.0120086)
12800136849,41.0123013,28.9627765,1,,,,POINT (28.9627765 41.0123013)
12800136850,41.0122107,28.9628046,4,,,,POINT (28.9628046 41.0122107)
12800136851,41.0121206,28.9628292,4,,,,POINT (28.9628292 41.0121206)
12800136852,41.0123465,28.9628623,1,,,,POINT (28.9628623 41.0123465)
12800136853,41.0122275,28.9628992,4,,,,POINT (28.9628992 41.0122275)
12800136854,41.0120687,28.9629461,1,,,,POINT (28.9629461 41.0120687)
12800136855,41.0120344,28.9628509,1,,,,POINT (28.9628509 41.0120344)
12800136859,41.0117966,28.9632752,3,,,,POINT (28.9632752 41.0117966)
12800136860,41.0118323,28.9636039,4,,,,POINT (28.9636039 41.0118323)
12800136862,41.0118229,28.9638624,3,,,,POINT (28.9638624 41.0118229)
12800136863,41.0117688,28.9639317,3,,,,POINT (28.9639317 41.0117688)
12800136866,41.0114328,28.963987,4,,,,POINT (28.963987 41.0114328)
12800136867,41.0115517,28.9633222,3,,,,POINT (28.9633222 41.0115517)
12800136871,41.0125165,28.9629927,3,,,,POINT (28.9629927 41.0125165)
12800136872,41.0113556,28.9642109,3,,,,POINT (28.9642109 41.0113556)
12800136876,41.0126675,28.9646563,3,,,,POINT (28.9646563 41.0126675)
12800136886,41.0115411,28.9643083,4,,,,POINT (28.9643083 41.0115411)
12800136888,41.0113896,28.9642048,3,,,,POINT (28.9642048 41.0113896)
12800136890,41.0124376,28.9651065,3,,,,POINT (28.9651065 41.0124376)
12800136894,41.0126264,28.9641711,3,,,,POINT (28.9641711 41.0126264)
12800136895,41.0119963,28.9642827,3,,,,POINT (28.9642827 41.0119963)
12800136897,41.0125553,28.9647122,3,,,,POINT (28.9647122 41.0125553)
12800136900,41.0126198,28.9648649,3,,,,POINT (28.9648649 41.0126198)
12800157301,41.012253,28.964238,3,,,,POINT (28.964238 41.012253)
12800157302,41.0121961,28.9644315,4,,,,POINT (28.9644315 41.0121961)
12800157303,41.0121121,28.9648012,4,,,,POINT (28.9648012 41.0121121)
12800157306,41.0120404,28.9651908,3,,,,POINT (28.9651908 41.0120404)
12800157307,41.0120372,28.963881,3,,,,POINT (28.963881 41.0120372)
12800157308,41.012052,28.9640856,4,,,,POINT (28.9640856 41.012052)
12800157309,41.0120716,28.9642696,3,,,,POINT (28.9642696 41.0120716)
12800157310,41.0120465,28.9640094,4,crossing,,,POINT (28.9640094 41.0120465)
12800932873,40.9993586,28.9301382,3,,,,POINT (28.9301382 40.9993586)
12823777799,41.0048763,28.9697463,3,,,,POINT (28.9697463 41.0048763)
12823819293,41.0118508,28.9667482,3,,,,POINT (28.9667482 41.0118508)
12823819295,41.0109927,28.9665777,3,,,,POINT (28.9665777 41.0109927)
12824121456,41.0159776,28.9617522,3,,,,POINT (28.9617522 41.0159776)
12824125104,41.0145798,28.957212,3,,,,POINT (28.957212 41.0145798)
12824125105,41.0142164,28.9577391,6,,,,POINT (28.9577391 41.0142164)
12824125145,41.0153129,28.9625849,4,crossing,,,POINT (28.9625849 41.0153129)
12825913091,41.0211789,28.9430126,3,,,,POINT (28.9430126 41.0211789)
12825913092,41.0201913,28.9413071,4,,,,POINT (28.9413071 41.0201913)
12825913093,41.0205756,28.9419708,4,,,,POINT (28.9419708 41.0205756)
12825913094,41.0209127,28.9425529,4,,,,POINT (28.9425529 41.0209127)
12825913097,41.0226546,28.9357025,3,,,,POINT (28.9357025 41.0226546)
12825967602,41.0221012,28.9346003,3,,,,POINT (28.9346003 41.0221012)
12825967604,41.0238319,28.9357467,3,,,,POINT (28.9357467 41.0238319)
12826038925,41.0378834,28.9411599,3,,,,POINT (28.9411599 41.0378834)
12840929398,41.0202055,28.9574724,3,,,,POINT (28.9574724 41.0202055)
12840929399,41.0199804,28.9572822,3,,,,POINT (28.9572822 41.0199804)
12918770650,41.0165433,28.9641063,3,,,,POINT (28.9641063 41.0165433)
12918770651,41.0165049,28.964152,3,,,,POINT (28.964152 41.0165049)
12919744742,41.0055194,28.9758328,3,,,,POINT (28.9758328 41.0055194)
12919744744,41.0058513,28.9761701,3,,,,POINT (28.9761701 41.0058513)
12921830427,41.0123696,28.9832248,1,,,,POINT (28.9832248 41.0123696)
12921830428,41.0123769,28.9831196,1,,,,POINT (28.9831196 41.0123769)
12921830429,41.0123453,28.9831913,3,,,,POINT (28.9831913 41.0123453)
12921830434,41.012227,28.983476,3,,,,POINT (28.983476 41.012227)
12923491741,41.0130831,28.9848993,3,,,,POINT (28.9848993 41.0130831)
12926233148,41.0131636,28.9843951,3,,,,POINT (28.9843951 41.0131636)
12926233149,41.0129826,28.9848297,3,,,,POINT (28.9848297 41.0129826)
12926272923,41.0130798,28.9845965,3,,,,POINT (28.9845965 41.0130798)
12926272924,41.0130679,28.9845878,1,,,,POINT (28.9845878 41.0130679)
12958903754,41.0102421,28.9663097,3,,,,POINT (28.9663097 41.0102421)
12959516504,41.0194401,28.9676758,3,,,,POINT (28.9676758 41.0194401)
12981283469,41.0180654,28.972931,3,,,,POINT (28.972931 41.0180654)
12981283476,41.0248775,28.9601555,3,,,,POINT (28.9601555 41.0248775)
12985691379,41.0023785,28.9391766,3,,,,POINT (28.9391766 41.0023785)
12993187535,41.0127987,28.9227756,1,,,,POINT (28.9227756 41.0127987)
12993187538,41.011391,28.9229864,3,,,,POINT (28.9229864 41.011391)
12993187563,40.991376,28.9232346,3,,,,POINT (28.9232346 40.991376)
12993187567,40.9936406,28.9276215,1,,,,POINT (28.9276215 40.9936406)
12993187585,40.998961,28.9330552,3,,,,POINT (28.9330552 40.998961)
12993248633,41.0241719,28.930056,1,elevator,,,POINT (28.930056 41.0241719)
12993248647,41.0246761,28.9298845,4,crossing,,,POINT (28.9298845 41.0246761)
12993248650,41.0286691,28.9341781,3,,,,POINT (28.9341781 41.0286691)
12993248652,41.0309495,28.9360867,3,,,,POINT (28.9360867 41.0309495)
13004337831,40.9955559,28.9300844,3,,,,POINT (28.9300844 40.9955559)
13004337846,40.9993944,28.932627,3,,,,POINT (28.932627 40.9993944)
13004337849,40.999489,28.932507,3,,,,POINT (28.932507 40.999489)
13004337850,40.9993187,28.9327231,3,,,,POINT (28.9327231 40.9993187)
13004337855,41.0027152,28.9395426,4,,,,POINT (28.9395426 41.0027152)
13004337859,41.0037666,28.9604984,3,,,,POINT (28.9604984 41.0037666)
13004337860,41.0036019,28.9604425,3,,,,POINT (28.9604425 41.0036019)
13004337861,41.0037314,28.9604924,3,,,,POINT (28.9604924 41.0037314)
13004337862,41.0035048,28.9604053,3,,,,POINT (28.9604053 41.0035048)
13004337867,41.003334,28.9652547,3,,,,POINT (28.9652547 41.003334)
13004337870,41.0031047,28.9653845,3,,,,POINT (28.9653845 41.0031047)
13004337880,41.0031509,28.965274,3,,,,POINT (28.965274 41.0031509)
13004337881,41.0031121,28.9644275,3,,,,POINT (28.9644275 41.0031121)
13004337889,41.0030949,28.9641676,3,,,,POINT (28.9641676 41.0030949)
13004337890,41.002565,28.9643937,3,,,,POINT (28.9643937 41.002565)
13004337891,41.0161205,28.9856631,1,,,,POINT (28.9856631 41.0161205)
13004337893,41.0161882,28.985549,3,,,,POINT (28.985549 41.0161882)
13004347003,41.0030885,28.9644769,3,,,,POINT (28.9644769 41.0030885)
13064870221,41.0290435,28.9346301,3,,,,POINT (28.9346301 41.0290435)
13064870227,41.0301428,28.935591,3,,,,POINT (28.935591 41.0301428)
13064870228,41.0305277,28.9362629,1,,,,POINT (28.9362629 41.0305277)
13064870230,41.0309886,28.9366644,1,,,,POINT (28.9366644 41.0309886)
13064870231,41.0307212,28.9367385,1,,,,POINT (28.9367385 41.0307212)
13064870241,41.0313945,28.9368503,1,,,,POINT (28.9368503 41.0313945)
13064870243,41.0301403,28.9372249,3,,,,POINT (28.9372249 41.0301403)
13064870246,41.0304725,28.9366384,3,,,,POINT (28.9366384 41.0304725)
13073192964,41.003172,28.9780583,1,,,,POINT (28.9780583 41.003172)
13073192965,41.0029661,28.9776279,1,,,,POINT (28.9776279 41.0029661)
13073192966,41.0029256,28.9774296,1,,,,POINT (28.9774296 41.0029256)
13073192967,41.0020082,28.9744051,4,,,,POINT (28.9744051 41.0020082)
13073192971,41.0018834,28.9742701,3,,,,POINT (28.9742701 41.0018834)
13073192972,41.0016052,28.9742888,3,,,,POINT (28.9742888 41.0016052)
13073192973,41.0018706,28.9735245,1,,,,POINT (28.9735245 41.0018706)
13073192974,41.0019295,28.9765065,3,,,,POINT (28.9765065 41.0019295)
13073192976,41.0020019,28.9751175,3,,,,POINT (28.9751175 41.0020019)
13073192977,41.0019567,28.9756891,3,,,,POINT (28.9756891 41.0019567)
13073192981,41.0019611,28.9752398,3,,,,POINT (28.9752398 41.0019611)
13073192986,41.0019359,28.9751578,3,,,,POINT (28.9751578 41.0019359)
13073192998,41.0035907,28.9823195,1,,,,POINT (28.9823195 41.0035907)
13073192999,41.0035976,28.9823081,3,,,,POINT (28.9823081 41.0035976)
13073199001,41.0050618,28.9809342,1,,,,POINT (28.9809342 41.0050618)
13073199005,41.0053253,28.9814983,3,,,,POINT (28.9814983 41.0053253)
13073199010,41.0043469,28.9825431,3,,,,POINT (28.9825431 41.0043469)
13073199011,41.0048808,28.9823666,3,,,,POINT (28.9823666 41.0048808)
13073199015,41.0048009,28.9830435,3,,,,POINT (28.9830435 41.0048009)
13073199020,41.0049252,28.9820871,1,,,,POINT (28.9820871 41.0049252)
13073199025,41.0057537,28.9838086,3,,,,POINT (28.9838086 41.0057537)
13073199026,41.005691,28.9840168,3,,,,POINT (28.9840168 41.005691)
13073199032,41.005852,28.9848565,3,,,,POINT (28.9848565 41.005852)
13078250681,41.0153625,28.986608,3,,,,POINT (28.986608 41.0153625)
13109125001,41.0051124,28.98376,3,,,,POINT (28.98376 41.0051124)
13109125006,41.004629,28.9831595,3,,,,POINT (28.9831595 41.004629)
13109125012,41.0044163,28.9779547,4,,,,POINT (28.9779547 41.0044163)
13109125017,41.004949,28.974894,3,,,,POINT (28.974894 41.004949)
13109125019,41.0044076,28.974783,1,,,,POINT (28.974783 41.0044076)
13109125020,41.0038887,28.9740407,1,,,,POINT (28.9740407 41.0038887)
13109125025,41.003932,28.9735133,1,,,,POINT (28.9735133 41.003932)
13109125037,41.0062971,28.9853102,1,,,,POINT (28.9853102 41.0062971)
13109125038,41.0059336,28.9842163,1,,,,POINT (28.9842163 41.0059336)
13109125040,41.0060865,28.9850132,3,,,,POINT (28.9850132 41.0060865)
13109125042,41.0148365,28.9870979,3,,,,POINT (28.9870979 41.0148365)
13123448700,41.0049407,28.9513793,3,,,,POINT (28.9513793 41.0049407)
13123455001,41.0047939,28.9514383,3,,,,POINT (28.9514383 41.0047939)
13123455006,41.0048554,28.9514628,3,,,,POINT (28.9514628 41.0048554)
13123455007,41.0051912,28.9526551,3,,,,POINT (28.9526551 41.0051912)
13123455012,41.00493,28.9533325,3,,,,POINT (28.9533325 41.00493)
13123455013,41.004604,28.9534171,3,,,,POINT (28.9534171 41.004604)
13123455027,41.0041568,28.947234,1,,,,POINT (28.947234 41.0041568)
13123455028,41.0047751,28.9502055,3,,,,POINT (28.9502055 41.0047751)
13123455029,41.0047603,28.9501343,3,,,,POINT (28.9501343 41.0047603)
13123455042,41.0095002,28.9535546,3,,,,POINT (28.9535546 41.0095002)
13123455055,41.0106245,28.9623759,3,,,,POINT (28.9623759 41.0106245)
13140577092,41.0006546,28.9430567,3,,,,POINT (28.9430567 41.0006546)
13140621608,41.0007974,28.9428058,4,crossing,,,POINT (28.9428058 41.0007974)
13140623449,41.0029078,28.9774365,3,,,,POINT (28.9774365 41.0029078)
13140845631,41.0128997,28.9236639,3,,,,POINT (28.9236639 41.0128997)
13147749246,41.0066067,28.9731808,3,,,,POINT (28.9731808 41.0066067)
13168223885,41.012719,28.9472387,3,,,,POINT (28.9472387 41.012719)
13168223886,41.0126367,28.9471382,3,,,,POINT (28.9471382 41.0126367)
13179731005,41.0036964,28.9466747,1,,,,POINT (28.9466747 41.0036964)
13179731007,41.003444,28.9467216,3,,,,POINT (28.9467216 41.003444)
13179738777,40.9990163,28.9403228,1,,,,POINT (28.9403228 40.9990163)
13179738778,40.9989836,28.9401804,3,,,,POINT (28.9401804 40.9989836)
13184051014,40.998322,28.92619,3,,,,POINT (28.92619 40.998322)
13184051019,40.9984929,28.9253307,3,,,,POINT (28.9253307 40.9984929)
13184051020,40.9985463,28.9253894,1,,,,POINT (28.9253894 40.9985463)
13184051026,40.9992243,28.9247061,3,,,,POINT (28.9247061 40.9992243)
13184051027,40.9987582,28.9249917,3,,,,POINT (28.9249917 40.9987582)
13184051028,40.9988083,28.9252331,1,,,,POINT (28.9252331 40.9988083)
13184051029,40.9984652,28.9246658,1,,,,POINT (28.9246658 40.9984652)
13184051030,40.9986237,28.9250767,3,,,,POINT (28.9250767 40.9986237)
13184051031,40.9994136,28.9241613,3,,,,POINT (28.9241613 40.9994136)
13184051032,40.9994235,28.9246179,3,,,,POINT (28.9246179 40.9994235)
13184051033,40.9992081,28.9252117,1,,,,POINT (28.9252117 40.9992081)
13184051041,40.9993063,28.9248362,3,,,,POINT (28.9248362 40.9993063)
13253198679,41.0056593,28.9818978,1,,,,POINT (28.9818978 41.0056593)
13253198681,41.0061584,28.9818177,1,,,,POINT (28.9818177 41.0061584)
13253198686,41.0055059,28.9813525,1,,,,POINT (28.9813525 41.0055059)
13253198687,41.0047719,28.9815875,1,,,,POINT (28.9815875 41.0047719)
13253198690,41.0047562,28.9786792,1,,,,POINT (28.9786792 41.0047562)
13253198691,41.0045658,28.9791875,3,,,,POINT (28.9791875 41.0045658)
13253198692,41.0135136,28.9270761,3,,,,POINT (28.9270761 41.0135136)
13253198694,41.0143502,28.9279634,1,,,,POINT (28.9279634 41.0143502)
13253207006,41.0035149,28.9682796,3,,,,POINT (28.9682796 41.0035149)
13253207007,41.0036925,28.9680152,1,,,,POINT (28.9680152 41.0036925)
13281920953,41.0051509,28.9696884,3,,,,POINT (28.9696884 41.0051509)
13281920956,41.0046022,28.9547327,1,,,,POINT (28.9547327 41.0046022)
13281920957,41.004834,28.9513764,3,,,,POINT (28.9513764 41.004834)
13281920963,41.0098545,28.9648495,3,,,,POINT (28.9648495 41.0098545)
13281920964,41.0101241,28.9627392,3,,,,POINT (28.9627392 41.0101241)
13281920967,41.0104097,28.9627065,1,,,,POINT (28.9627065 41.0104097)
13289763374,41.0315709,28.9494083,3,,,,POINT (28.9494083 41.0315709)
13289763375,41.0314681,28.9495228,3,,,,POINT (28.9495228 41.0314681)
13289763376,41.0308764,28.9501299,3,,,,POINT (28.9501299 41.0308764)
13289763377,41.0314075,28.9495849,3,,,,POINT (28.9495849 41.0314075)
13289763378,41.0313942,28.9495645,4,crossing,,,POINT (28.9495645 41.0313942)
13289763383,41.0313469,28.9492465,3,,,,POINT (28.9492465 41.0313469)
13326061643,41.0014579,28.956168,1,,,,POINT (28.956168 41.0014579)
13329732999,41.0015974,28.9741162,3,,,,POINT (28.9741162 41.0015974)
13329733000,41.0018804,28.9740987,3,,,,POINT (28.9740987 41.0018804)
13329786705,41.0018848,28.9744083,3,,,,POINT (28.9744083 41.0018848)
13357412972,41.0064224,28.979859,1,,,,POINT (28.979859 41.0064224)
13357412973,41.0063883,28.9798213,3,,,,POINT (28.9798213 41.0063883)
13357412993,41.0044067,28.9821318,3,,,,POINT (28.9821318 41.0044067)
13357412994,41.0044342,28.9820644,1,,,,POINT (28.9820644 41.0044342)
13357412998,41.0059928,28.9852355,3,,,,POINT (28.9852355 41.0059928)
13357454619,41.0168857,28.9834596,1,,,,POINT (28.9834596 41.0168857)
13357454622,41.0046291,28.9810306,1,,,,POINT (28.9810306 41.0046291)
13357454628,41.003715,28.9820959,3,,,,POINT (28.9820959 41.003715)
13357454631,41.0029155,28.9810541,3,,,,POINT (28.9810541 41.0029155)
13357454661,41.0141836,28.9855985,3,,,,POINT (28.9855985 41.0141836)
13357454671,41.0118862,28.9824953,3,,,,POINT (28.9824953 41.0118862)
13360138024,41.0079884,28.9782733,3,,,,POINT (28.9782733 41.0079884)
13361681575,41.0019861,28.9556981,1,,,,POINT (28.9556981 41.0019861)
13382485570,41.0259071,28.9401376,3,crossing,,,POINT (28.9401376 41.0259071)
13382485573,41.0257637,28.9400541,3,crossing,,,POINT (28.9400541 41.0257637)
13382485574,41.0263054,28.9397664,3,crossing,,,POINT (28.9397664 41.0263054)
13382485575,41.0262433,28.9396408,3,crossing,,,POINT (28.9396408 41.0262433)
13382485577,41.0247049,28.9404546,3,,,,POINT (28.9404546 41.0247049)
13382485586,41.0252281,28.9416553,1,,,,POINT (28.9416553 41.0252281)
13382485594,41.0233269,28.938717,1,,,,POINT (28.938717 41.0233269)
13382492009,41.017684,28.9398899,3,,,,POINT (28.9398899 41.017684)
13382492010,41.0180002,28.9402921,1,,,,POINT (28.9402921 41.0180002)
13382492011,41.0186679,28.9375775,3,,,,POINT (28.9375775 41.0186679)
13382492014,41.0184147,28.9379452,3,,,,POINT (28.9379452 41.0184147)
13382492017,41.0182626,28.9360335,1,,,,POINT (28.9360335 41.0182626)
13382492020,41.0192221,28.9361776,1,,,,POINT (28.9361776 41.0192221)
13382492023,41.0172626,28.9392071,3,,,,POINT (28.9392071 41.0172626)
13382492025,41.0169774,28.936341,3,,,,POINT (28.936341 41.0169774)
13382492028,41.0233745,28.9302999,3,,,,POINT (28.9302999 41.0233745)
13382492031,41.0212878,28.9262217,3,,,,POINT (28.9262217 41.0212878)
13382492033,41.0207999,28.925697,3,,,,POINT (28.925697 41.0207999)
13382492035,41.0210683,28.9262632,1,,,,POINT (28.9262632 41.0210683)
13382492036,41.0200505,28.9252017,1,,,,POINT (28.9252017 41.0200505)
13382492045,41.0212465,28.9272035,3,,,,POINT (28.9272035 41.0212465)
13382492051,41.0206503,28.9259302,1,,,,POINT (28.9259302 41.0206503)
13384266549,41.015754,28.9614589,3,,,,POINT (28.9614589 41.015754)
13384266553,41.0159035,28.961845,3,,,,POINT (28.961845 41.0159035)
13397300691,41.0063638,28.9780896,3,,,,POINT (28.9780896 41.0063638)
13397300700,41.0065489,28.977774,3,,,,POINT (28.977774 41.0065489)
13431433957,41.0101529,28.9644784,3,,,,POINT (28.9644784 41.0101529)
13431433958,41.0126878,28.9638852,3,,,,POINT (28.9638852 41.0126878)
13431433959,41.0129042,28.9639851,3,,,,POINT (28.9639851 41.0129042)
13431433964,41.0129035,28.9637644,3,,,,POINT (28.9637644 41.0129035)
13431433974,41.010157,28.9625939,1,,,,POINT (28.9625939 41.010157)
13431433980,41.0094301,28.9655395,3,,,,POINT (28.9655395 41.0094301)
13431433991,41.0093309,28.966252,3,,,,POINT (28.966252 41.0093309)
13431433995,41.0092447,28.9673488,4,,,,POINT (28.9673488 41.0092447)
13431433996,41.0089144,28.9674905,3,,,,POINT (28.9674905 41.0089144)
13431433998,41.0088043,28.9684077,4,,,,POINT (28.9684077 41.0088043)
13431435303,41.0086561,28.9694267,4,,,,POINT (28.9694267 41.0086561)
13431435311,41.0083909,28.9723709,4,,,,POINT (28.9723709 41.0083909)
13431435312,41.0082349,28.9743879,4,,,,POINT (28.9743879 41.0082349)
13431435314,41.008309,28.9734101,4,,,,POINT (28.9734101 41.008309)
13431435318,41.0082709,28.9739224,4,,,,POINT (28.9739224 41.0082709)
13431435320,41.0080363,28.9758859,4,,,,POINT (28.9758859 41.0080363)
13431435329,41.0076187,28.9764856,3,,,,POINT (28.9764856 41.0076187)
13431435330,41.0071461,28.9759787,4,,,,POINT (28.9759787 41.0071461)
13431435331,41.0073338,28.97618,4,,,,POINT (28.97618 41.0073338)
13431435332,41.0074229,28.9762755,4,,,,POINT (28.9762755 41.0074229)
13431435333,41.008136,28.974721,3,,,,POINT (28.974721 41.008136)
13431435342,41.0091793,28.9662832,4,,,,POINT (28.9662832 41.0091793)
13433927166,41.0096201,28.9785921,3,,,,POINT (28.9785921 41.0096201)
13433927169,41.0106652,28.9789139,3,,,,POINT (28.9789139 41.0106652)
13433927174,41.0104624,28.9788206,5,,,,POINT (28.9788206 41.0104624)
13433927175,41.0106789,28.9790743,3,,,,POINT (28.9790743 41.0106789)
13433927188,41.0082815,28.9782211,5,,,,POINT (28.9782211 41.0082815)
13433927197,41.0012824,28.978543,1,,,,POINT (28.978543 41.0012824)
13433927200,41.001186,28.9773947,3,,,,POINT (28.9773947 41.001186)
13433929601,41.0029418,28.9599193,3,,,,POINT (28.9599193 41.0029418)
13433929605,41.0031174,28.9601555,3,,,,POINT (28.9601555 41.0031174)
13433929609,41.0034249,28.9657844,3,,,,POINT (28.9657844 41.0034249)
13433929613,41.0034126,28.9656803,3,,,,POINT (28.9656803 41.0034126)
13433942457,41.008217,28.9784694,3,,,,POINT (28.9784694 41.008217)
13433942458,41.0080124,28.9783249,3,,,,POINT (28.9783249 41.0080124)
13433942461,41.0082324,28.9784074,4,crossing,,,POINT (28.9784074 41.0082324)
13433942465,41.0084712,28.9785178,3,,,,POINT (28.9785178 41.0084712)
13433942467,41.0089917,28.9786549,3,,,,POINT (28.9786549 41.0089917)
13433942469,41.008502,28.9786051,4,,,,POINT (28.9786051 41.008502)
13433942478,41.0118395,28.9783741,3,,,,POINT (28.9783741 41.0118395)
13433942484,41.0126608,28.9781916,3,,,,POINT (28.9781916 41.0126608)
13433942485,41.0129647,28.9777915,4,,,,POINT (28.9777915 41.0129647)
13433942492,41.010519,28.9788236,3,,,,POINT (28.9788236 41.010519)
13433942498,41.0110568,28.9781079,1,,,,POINT (28.9781079 41.0110568)
13433994405,41.0154428,28.976287,3,,,,POINT (28.976287 41.0154428)
13433994411,41.0157479,28.9763176,3,,,,POINT (28.9763176 41.0157479)
13433994418,41.0150404,28.975912,3,,,,POINT (28.975912 41.0150404)
13433994425,41.0149714,28.9763306,4,,,,POINT (28.9763306 41.0149714)
13433994426,41.0149704,28.9761928,3,,,,POINT (28.9761928 41.0149704)
13433994429,41.0147078,28.975622,4,,,,POINT (28.975622 41.0147078)
13433994434,41.0141628,28.976653,4,crossing,,,POINT (28.976653 41.0141628)
13433994435,41.0134804,28.977296,4,,,,POINT (28.977296 41.0134804)
13433994439,41.014803,28.9755566,4,crossing,,,POINT (28.9755566 41.014803)
13471530898,41.0066029,28.9219004,1,,,,POINT (28.9219004 41.0066029)
13477910346,41.0045817,28.9502067,3,,,,POINT (28.9502067 41.0045817)
13477910356,41.0048114,28.9502053,3,,,,POINT (28.9502053 41.0048114)
13477910357,41.0048948,28.9506563,1,,,,POINT (28.9506563 41.0048948)
13477910358,41.0048218,28.9502617,4,,,,POINT (28.9502617 41.0048218)
13477910359,41.0045941,28.9502651,4,,,,POINT (28.9502651 41.0045941)
13477910361,41.0047879,28.9502622,3,,,,POINT (28.9502622 41.0047879)
13477910363,41.0047694,28.9510812,3,,,,POINT (28.9510812 41.0047694)
13477910364,41.0048704,28.9506826,1,,,,POINT (28.9506826 41.0048704)
13477910365,41.0048766,28.9507139,1,,,,POINT (28.9507139 41.0048766)
13477910369,41.0051041,28.9431909,3,,,,POINT (28.9431909 41.0051041)
13477910372,41.0044248,28.9383833,1,,,,POINT (28.9383833 41.0044248)
13477910374,41.0058646,28.9381663,3,,,,POINT (28.9381663 41.0058646)
13477910376,41.0045609,28.9561397,1,,,,POINT (28.9561397 41.0045609)
13477910377,41.0042435,28.9571568,1,,,,POINT (28.9571568 41.0042435)
13477910382,41.0107599,28.948709,3,,,,POINT (28.948709 41.0107599)
13477910383,41.0110368,28.9482691,3,,,,POINT (28.9482691 41.0110368)
13477910386,41.010935,28.9493687,3,,,,POINT (28.9493687 41.010935)
13477910392,41.0111365,28.9483645,3,,,,POINT (28.9483645 41.0111365)
13477910399,41.010389,28.950514,3,,,,POINT (28.950514 41.010389)
13478051066,41.0113833,28.9492955,3,,,,POINT (28.9492955 41.0113833)
13478051067,41.0116138,28.9495369,3,,,,POINT (28.9495369 41.0116138)
13478051068,41.0112918,28.9498777,3,,,,POINT (28.9498777 41.0112918)
13478051069,41.0112099,28.9494534,4,,,,POINT (28.9494534 41.0112099)
13478051070,41.0107745,28.950002,3,,,,POINT (28.950002 41.0107745)
13478051076,41.01114,28.9490911,3,,,,POINT (28.9490911 41.01114)
13478051078,41.0101385,28.9507857,3,,,,POINT (28.9507857 41.0101385)
13478051082,41.0091281,28.9511689,1,,,,POINT (28.9511689 41.0091281)
13478051086,41.0091628,28.9506991,1,,,,POINT (28.9506991 41.0091628)
13478051096,41.0094392,28.955132,3,,,,POINT (28.955132 41.0094392)
13478051098,41.0093406,28.953641,4,,,,POINT (28.953641 41.0093406)
13478061301,41.0094142,28.9540121,3,,,,POINT (28.9540121 41.0094142)
13482433571,41.0043545,28.9757509,1,,,,POINT (28.9757509 41.0043545)
13482433573,41.0045327,28.976401,3,,,,POINT (28.976401 41.0045327)
13482433597,41.0052981,28.9777405,3,,,,POINT (28.9777405 41.0052981)
13482454503,41.0052895,28.9777313,1,,,,POINT (28.9777313 41.0052895)
13482454506,41.0054013,28.9778477,3,,,,POINT (28.9778477 41.0054013)
13482454507,41.0054815,28.9780819,3,,,,POINT (28.9780819 41.0054815)
13482454508,41.0053453,28.977947,3,,,,POINT (28.977947 41.0053453)
13482454509,41.0045037,28.9778495,3,,,,POINT (28.9778495 41.0045037)
13482454512,41.0048351,28.978035,1,,,,POINT (28.978035 41.0048351)
13482454519,41.0054337,28.9783434,3,,,,POINT (28.9783434 41.0054337)
13482454520,41.0055467,28.9781464,3,,,,POINT (28.9781464 41.0055467)
13530156092,41.0019744,28.973441,3,,,,POINT (28.973441 41.0019744)
13530156094,41.0018967,28.9735215,3,,,,POINT (28.9735215 41.0018967)
13530207203,41.0016047,28.9729444,1,,,,POINT (28.9729444 41.0016047)
13530207204,41.0019415,28.9728411,3,,,,POINT (28.9728411 41.0019415)
13530207205,41.0019026,28.9728238,3,,,,POINT (28.9728238 41.0019026)
13530207208,41.0019452,28.9735158,4,,,,POINT (28.9735158 41.0019452)
13530207209,41.0019413,28.9734454,4,,,,POINT (28.9734454 41.0019413)
13530207215,41.0019325,28.9717965,3,,,,POINT (28.9717965 41.0019325)
13530207218,41.0030203,28.9652188,3,,,,POINT (28.9652188 41.0030203)
13530207224,41.003765,28.960511,3,,,,POINT (28.960511 41.003765)
13530207230,41.0035665,28.9604299,3,,,,POINT (28.9604299 41.0035665)
13530207232,41.0027132,28.9629764,3,,,,POINT (28.9629764 41.0027132)
13530207233,41.0023424,28.9629896,1,,,,POINT (28.9629896 41.0023424)
13530207234,41.0026475,28.9629787,4,,,,POINT (28.9629787 41.0026475)
13530207242,41.0020399,28.9585314,4,crossing,,,POINT (28.9585314 41.0020399)
13530207243,41.0022621,28.9575471,4,crossing,,,POINT (28.9575471 41.0022621)
13530207244,41.0030471,28.9563003,3,,,,POINT (28.9563003 41.0030471)
13530207245,41.0027251,28.9552691,1,,,,POINT (28.9552691 41.0027251)
13530207249,41.0025861,28.9564612,3,,,,POINT (28.9564612 41.0025861)
13530207251,41.0023104,28.9572737,3,,,,POINT (28.9572737 41.0023104)
13530207252,41.0021747,28.9571226,1,,,,POINT (28.9571226 41.0021747)
13530207253,41.0023618,28.9575855,1,,,,POINT (28.9575855 41.0023618)
13530207254,41.0021821,28.9575162,1,,,,POINT (28.9575162 41.0021821)
13530207255,41.0021454,28.9585704,1,,,,POINT (28.9585704 41.0021454)
13530207256,41.0020076,28.9585195,1,,,,POINT (28.9585195 41.0020076)
13530207264,41.0031413,28.9595861,3,,,,POINT (28.9595861 41.0031413)
13530207271,41.0031545,28.9596705,4,,,,POINT (28.9596705 41.0031545)
13530207272,41.0031062,28.9598823,4,,,,POINT (28.9598823 41.0031062)
13530207273,41.0030701,28.9600501,4,,,,POINT (28.9600501 41.0030701)
13530207274,41.0028738,28.960964,4,,,,POINT (28.960964 41.0028738)
13530207278,41.0032796,28.9563831,3,,,,POINT (28.9563831 41.0032796)
13530207279,41.0021331,28.9531563,3,,,,POINT (28.9531563 41.0021331)
13530207280,41.0021506,28.9531437,4,crossing,,,POINT (28.9531437 41.0021506)
13530207281,41.0022034,28.9531056,3,,,,POINT (28.9531056 41.0022034)
13530207282,41.002778,28.9545431,3,,,,POINT (28.9545431 41.002778)
13530207283,41.0028382,28.9544786,1,,,,POINT (28.9544786 41.0028382)
13530207288,41.0029214,28.9550181,1,,,,POINT (28.9550181 41.0029214)
13530207304,41.002357,28.9370929,3,,,,POINT (28.9370929 41.002357)
13530207307,41.0028403,28.938602,3,,,,POINT (28.938602 41.0028403)
13530207308,41.0027084,28.9386131,3,,,,POINT (28.9386131 41.0027084)
13530207310,41.0095756,28.9450099,1,,,,POINT (28.9450099 41.0095756)
13530207311,41.010656,28.9448946,3,,,,POINT (28.9448946 41.010656)
13530207314,41.0108188,28.9442314,3,,,,POINT (28.9442314 41.0108188)
13530207323,41.0090863,28.9523176,3,,,,POINT (28.9523176 41.0090863)
13530207324,41.0098171,28.9523605,3,,,,POINT (28.9523605 41.0098171)
13530207325,41.0091077,28.9517832,3,,,,POINT (28.9517832 41.0091077)
13530207333,41.0099129,28.9515894,3,,,,POINT (28.9515894 41.0099129)
13530207336,41.0090006,28.9529175,3,,,,POINT (28.9529175 41.0090006)
13530207337,41.0091154,28.9516008,3,,,,POINT (28.9516008 41.0091154)
13530207338,41.0090212,28.9517807,3,,,,POINT (28.9517807 41.0090212)
13530207339,41.0091713,28.952311,3,,,,POINT (28.952311 41.0091713)
13530207340,41.0090116,28.952309,3,,,,POINT (28.952309 41.0090116)
13530207349,41.0097056,28.953636,3,,,,POINT (28.953636 41.0097056)
13530207352,41.0030823,28.9750438,3,,,,POINT (28.9750438 41.0030823)
13530207353,41.0028437,28.9750582,3,,,,POINT (28.9750582 41.0028437)
13530207362,41.0028255,28.9544922,4,,,,POINT (28.9544922 41.0028255)
13530207367,41.0093097,28.9552291,3,,,,POINT (28.9552291 41.0093097)
13565832327,41.006457,28.923175,3,,,,POINT (28.923175 41.006457)
13565832328,41.0062969,28.923241,1,,,,POINT (28.923241 41.0062969)
13565832331,41.0049166,28.9221854,3,,,,POINT (28.9221854 41.0049166)
13565832332,41.0046235,28.9221365,1,,,,POINT (28.9221365 41.0046235)
13565832333,41.0039941,28.9216051,3,,,,POINT (28.9216051 41.0039941)
13565832336,41.0038389,28.921577,3,,,,POINT (28.921577 41.0038389)
13565832346,41.0034198,28.9239623,3,,,,POINT (28.9239623 41.0034198)
13565832349,41.0035988,28.9246903,3,,,,POINT (28.9246903 41.0035988)
13565832355,41.00045,28.9222845,3,,,,POINT (28.9222845 41.00045)
13565832360,40.9942682,28.922149,3,,,,POINT (28.922149 40.9942682)
13565832363,40.9939317,28.9219948,3,,,,POINT (28.9219948 40.9939317)
13583574237,41.0022024,28.9769059,3,,,,POINT (28.9769059 41.0022024)
13583574238,41.0023603,28.976943,1,,,,POINT (28.976943 41.0023603)
13583574239,41.0022032,28.9732428,3,,,,POINT (28.9732428 41.0022032)
13583574240,41.0023751,28.9732216,3,,,,POINT (28.9732216 41.0023751)
13583574244,41.0021119,28.9713912,3,,,,POINT (28.9713912 41.0021119)
13583574246,41.0022739,28.9708684,3,,,,POINT (28.9708684 41.0022739)
13583574247,41.0022523,28.9706853,3,,,,POINT (28.9706853 41.0022523)
13583574253,41.0027037,28.9718824,1,,,,POINT (28.9718824 41.0027037)
13583574258,41.0030141,28.9713445,3,,,,POINT (28.9713445 41.0030141)
13583574259,41.0029352,28.9715636,3,,,,POINT (28.9715636 41.0029352)
13583574269,41.0027927,28.9705772,1,,,,POINT (28.9705772 41.0027927)
13596806812,41.0068711,28.9306779,3,,,,POINT (28.9306779 41.0068711)
13596806813,41.0072162,28.9306261,3,,,,POINT (28.9306261 41.0072162)
13596806814,41.0071551,28.9300964,3,,,,POINT (28.9300964 41.0071551)
13596806815,41.0068339,28.9301405,3,,,,POINT (28.9301405 41.0068339)
13596829793,41.0055283,28.9514721,4,,,,POINT (28.9514721 41.0055283)
13596829794,41.0056939,28.9514119,4,,,,POINT (28.9514119 41.0056939)
13596832977,41.0062652,28.9507595,3,,,,POINT (28.9507595 41.0062652)
13596871517,41.0056914,28.9312228,3,,,,POINT (28.9312228 41.0056914)
13596871518,41.0052259,28.9307749,3,,,,POINT (28.9307749 41.0052259)
13596871519,41.0052951,28.9308415,3,,,,POINT (28.9308415 41.0052951)
13596871520,41.0051386,28.9311128,3,,,,POINT (28.9311128 41.0051386)
13596871521,41.0055822,28.9311177,3,,,,POINT (28.9311177 41.0055822)
13596871522,41.0049697,28.93112,3,,,,POINT (28.93112 41.0049697)
13598392799,41.0105558,28.9786282,1,,,,POINT (28.9786282 41.0105558)
13602762017,41.0198754,28.9638297,1,,,,POINT (28.9638297 41.0198754)
13602762019,41.0198549,28.9642162,3,,,,POINT (28.9642162 41.0198549)
13602762020,41.0176658,28.9708651,3,,,,POINT (28.9708651 41.0176658)
13602762022,41.017295,28.9698655,3,,,,POINT (28.9698655 41.017295)
13602762023,41.0175979,28.9701459,4,,,,POINT (28.9701459 41.0175979)
13602762031,41.0160562,28.977306,1,,,,POINT (28.977306 41.0160562)
13602762042,41.0154954,28.9744658,3,,,,POINT (28.9744658 41.0154954)
13602762043,41.0162579,28.9748527,3,,,,POINT (28.9748527 41.0162579)
13602762060,41.0179445,28.9698376,3,,,,POINT (28.9698376 41.0179445)
13602762073,41.022046,28.9629182,1,,,,POINT (28.9629182 41.022046)
13602762089,41.0266726,28.9505697,3,,,,POINT (28.9505697 41.0266726)
13602762092,41.0285602,28.9537617,3,,,,POINT (28.9537617 41.0285602)
13602762097,41.0300891,28.9514034,3,,,,POINT (28.9514034 41.0300891)
13602762100,41.0300266,28.9517379,4,,,,POINT (28.9517379 41.0300266)
13619226812,40.9985599,28.9329328,3,,,,POINT (28.9329328 40.9985599)
13619226813,40.999173,28.9328291,3,,,,POINT (28.9328291 40.999173)
13619226818,40.9992315,28.9332985,4,,,,POINT (28.9332985 40.9992315)
13619226830,40.99709,28.9319257,3,,,,POINT (28.9319257 40.99709)
13619226831,40.9970077,28.9322022,4,,,,POINT (28.9322022 40.9970077)
13619226832,40.9969567,28.932388,3,,,,POINT (28.932388 40.9969567)
13619228551,40.9930913,28.9285718,3,,,,POINT (28.9285718 40.9930913)
13619228552,40.9929067,28.928927,3,,,,POINT (28.928927 40.9929067)
13619228566,40.9927016,28.9300079,1,,,,POINT (28.9300079 40.9927016)
13619228569,40.9932171,28.9292,1,,,,POINT (28.9292 40.9932171)
13619228577,40.9953957,28.9311402,3,,,,POINT (28.9311402 40.9953957)
13619228578,40.9961289,28.931919,3,,,,POINT (28.931919 40.9961289)
13619228579,40.9961722,28.9317935,3,,,,POINT (28.9317935 40.9961722)
13619228582,40.9985012,28.9319054,1,,,,POINT (28.9319054 40.9985012)
13619228586,41.002611,28.9398117,3,,,,POINT (28.9398117 41.002611)
13619228587,41.0026606,28.9397992,1,,,,POINT (28.9397992 41.0026606)
13619228589,41.0026244,28.9395452,1,,,,POINT (28.9395452 41.0026244)
13619228590,41.0026437,28.9398034,3,,,,POINT (28.9398034 41.0026437)
13619228591,41.00277,28.9409559,3,,,,POINT (28.9409559 41.00277)
13635188801,41.0036357,28.9768125,1,,,,POINT (28.9768125 41.0036357)
13635188804,41.0040525,28.9772413,3,,,,POINT (28.9772413 41.0040525)
13635188808,41.0024184,28.9730721,1,,,,POINT (28.9730721 41.0024184)
13635188823,41.0046718,28.9533594,3,,,,POINT (28.9533594 41.0046718)
13635188824,41.0046724,28.953417,3,,,,POINT (28.953417 41.0046724)
13635188832,41.0050278,28.9516659,3,,,,POINT (28.9516659 41.0050278)
13635188841,41.0059057,28.9533628,3,,,,POINT (28.9533628 41.0059057)
13635188842,41.0050259,28.9537435,3,,,,POINT (28.9537435 41.0050259)
13635188844,41.0050264,28.9536483,3,,,,POINT (28.9536483 41.0050264)
13635188853,41.0053718,28.953924,3,,,,POINT (28.953924 41.0053718)
